timestamp_utc,doc_id,name,supply,holders,source
2025-11-30T22:05:07.982Z,134,Chobo Silver Ring,10774,1237,backfill
2025-11-30T22:05:07.982Z,135,Crusader Silver Ring,10858,1257,backfill
2025-11-30T22:05:07.982Z,136,Overseer Silver Ring,10522,1255,backfill
2025-11-30T22:05:07.982Z,137,Athena Silver Ring,10522,1206,backfill
2025-11-30T22:05:07.982Z,138,Archon Silver Ring,11487,1273,backfill
2025-11-30T22:05:07.982Z,139,Foxglove Silver Ring,10574,1239,backfill
2025-11-30T22:05:07.982Z,140,Summoner Silver Ring,10524,1251,backfill
2025-11-30T22:05:07.982Z,243,Golden Archon Ring,1033,110,backfill
2025-11-30T22:05:07.982Z,244,Golden Athena Ring,1047,110,backfill
2025-11-30T22:05:07.982Z,245,Golden Chobo Ring,1046,109,backfill
2025-11-30T22:05:07.982Z,246,Golden Crusader Ring,991,119,backfill
2025-11-30T22:05:07.982Z,247,Golden Foxglove Ring,1003,117,backfill
2025-11-30T22:05:07.982Z,248,Golden Overseer Ring,1060,109,backfill
2025-11-30T22:05:07.982Z,249,Golden Summoner Ring,1021,119,backfill
2025-12-01T22:05:20.254Z,134,Chobo Silver Ring,10913,1259,backfill
2025-12-01T22:05:20.254Z,135,Crusader Silver Ring,11003,1267,backfill
2025-12-01T22:05:20.254Z,136,Overseer Silver Ring,10652,1275,backfill
2025-12-01T22:05:20.254Z,137,Athena Silver Ring,10636,1222,backfill
2025-12-01T22:05:20.254Z,138,Archon Silver Ring,11626,1287,backfill
2025-12-01T22:05:20.254Z,139,Foxglove Silver Ring,10674,1252,backfill
2025-12-01T22:05:20.254Z,140,Summoner Silver Ring,10616,1262,backfill
2025-12-01T22:05:20.254Z,243,Golden Archon Ring,1044,111,backfill
2025-12-01T22:05:20.254Z,244,Golden Athena Ring,1057,110,backfill
2025-12-01T22:05:20.254Z,245,Golden Chobo Ring,1052,109,backfill
2025-12-01T22:05:20.254Z,246,Golden Crusader Ring,1002,118,backfill
2025-12-01T22:05:20.254Z,247,Golden Foxglove Ring,1010,117,backfill
2025-12-01T22:05:20.254Z,248,Golden Overseer Ring,1070,109,backfill
2025-12-01T22:05:20.254Z,249,Golden Summoner Ring,1037,119,backfill
2025-12-02T22:05:10.312Z,134,Chobo Silver Ring,11005,1276,backfill
2025-12-02T22:05:10.312Z,135,Crusader Silver Ring,11089,1279,backfill
2025-12-02T22:05:10.312Z,136,Overseer Silver Ring,10748,1287,backfill
2025-12-02T22:05:10.312Z,137,Athena Silver Ring,10696,1229,backfill
2025-12-02T22:05:10.312Z,138,Archon Silver Ring,11748,1297,backfill
2025-12-02T22:05:10.312Z,139,Foxglove Silver Ring,10809,1269,backfill
2025-12-02T22:05:10.312Z,140,Summoner Silver Ring,10756,1279,backfill
2025-12-02T22:05:10.312Z,243,Golden Archon Ring,1045,111,backfill
2025-12-02T22:05:10.312Z,244,Golden Athena Ring,1064,110,backfill
2025-12-02T22:05:10.312Z,245,Golden Chobo Ring,1053,109,backfill
2025-12-02T22:05:10.312Z,246,Golden Crusader Ring,1002,118,backfill
2025-12-02T22:05:10.312Z,247,Golden Foxglove Ring,1026,118,backfill
2025-12-02T22:05:10.312Z,248,Golden Overseer Ring,1074,111,backfill
2025-12-02T22:05:10.312Z,249,Golden Summoner Ring,1041,119,backfill
2025-12-03T22:05:22.140Z,134,Chobo Silver Ring,11129,1289,backfill
2025-12-03T22:05:22.140Z,135,Crusader Silver Ring,11238,1293,backfill
2025-12-03T22:05:22.140Z,136,Overseer Silver Ring,10835,1299,backfill
2025-12-03T22:05:22.140Z,137,Athena Silver Ring,10762,1247,backfill
2025-12-03T22:05:22.140Z,138,Archon Silver Ring,11899,1315,backfill
2025-12-03T22:05:22.140Z,139,Foxglove Silver Ring,10967,1295,backfill
2025-12-03T22:05:22.140Z,140,Summoner Silver Ring,10862,1299,backfill
2025-12-03T22:05:22.140Z,243,Golden Archon Ring,1050,111,backfill
2025-12-03T22:05:22.140Z,244,Golden Athena Ring,1084,110,backfill
2025-12-03T22:05:22.140Z,245,Golden Chobo Ring,1056,109,backfill
2025-12-03T22:05:22.140Z,246,Golden Crusader Ring,1004,117,backfill
2025-12-03T22:05:22.140Z,247,Golden Foxglove Ring,1036,120,backfill
2025-12-03T22:05:22.140Z,248,Golden Overseer Ring,1091,114,backfill
2025-12-03T22:05:22.140Z,249,Golden Summoner Ring,1057,121,backfill
2025-12-04T22:05:17.108Z,134,Chobo Silver Ring,11216,1294,backfill
2025-12-04T22:05:17.108Z,135,Crusader Silver Ring,11372,1303,backfill
2025-12-04T22:05:17.108Z,136,Overseer Silver Ring,10937,1314,backfill
2025-12-04T22:05:17.108Z,137,Athena Silver Ring,10903,1265,backfill
2025-12-04T22:05:17.108Z,138,Archon Silver Ring,12025,1326,backfill
2025-12-04T22:05:17.108Z,139,Foxglove Silver Ring,11121,1297,backfill
2025-12-04T22:05:17.108Z,140,Summoner Silver Ring,10959,1304,backfill
2025-12-04T22:05:17.108Z,243,Golden Archon Ring,1064,114,backfill
2025-12-04T22:05:17.108Z,244,Golden Athena Ring,1099,112,backfill
2025-12-04T22:05:17.108Z,245,Golden Chobo Ring,1074,111,backfill
2025-12-04T22:05:17.108Z,246,Golden Crusader Ring,1027,118,backfill
2025-12-04T22:05:17.108Z,247,Golden Foxglove Ring,1039,119,backfill
2025-12-04T22:05:17.108Z,248,Golden Overseer Ring,1104,115,backfill
2025-12-04T22:05:17.108Z,249,Golden Summoner Ring,1078,120,backfill
2025-12-05T22:05:20.895Z,134,Chobo Silver Ring,11356,1310,backfill
2025-12-05T22:05:20.895Z,135,Crusader Silver Ring,11469,1316,backfill
2025-12-05T22:05:20.895Z,136,Overseer Silver Ring,11036,1324,backfill
2025-12-05T22:05:20.895Z,137,Athena Silver Ring,11001,1277,backfill
2025-12-05T22:05:20.895Z,138,Archon Silver Ring,12126,1336,backfill
2025-12-05T22:05:20.895Z,139,Foxglove Silver Ring,11255,1316,backfill
2025-12-05T22:05:20.895Z,140,Summoner Silver Ring,11105,1332,backfill
2025-12-05T22:05:20.895Z,243,Golden Archon Ring,1067,115,backfill
2025-12-05T22:05:20.895Z,244,Golden Athena Ring,1102,112,backfill
2025-12-05T22:05:20.895Z,245,Golden Chobo Ring,1077,111,backfill
2025-12-05T22:05:20.895Z,246,Golden Crusader Ring,1039,119,backfill
2025-12-05T22:05:20.895Z,247,Golden Foxglove Ring,1040,121,backfill
2025-12-05T22:05:20.895Z,248,Golden Overseer Ring,1111,114,backfill
2025-12-05T22:05:20.895Z,249,Golden Summoner Ring,1086,121,backfill
2025-12-06T22:05:23.359Z,134,Chobo Silver Ring,11424,1310,backfill
2025-12-06T22:05:23.359Z,135,Crusader Silver Ring,11539,1326,backfill
2025-12-06T22:05:23.359Z,136,Overseer Silver Ring,11183,1336,backfill
2025-12-06T22:05:23.359Z,137,Athena Silver Ring,11102,1286,backfill
2025-12-06T22:05:23.359Z,138,Archon Silver Ring,12185,1352,backfill
2025-12-06T22:05:23.359Z,139,Foxglove Silver Ring,11344,1327,backfill
2025-12-06T22:05:23.359Z,140,Summoner Silver Ring,11129,1327,backfill
2025-12-06T22:05:23.359Z,243,Golden Archon Ring,1082,116,backfill
2025-12-06T22:05:23.359Z,244,Golden Athena Ring,1107,112,backfill
2025-12-06T22:05:23.359Z,245,Golden Chobo Ring,1106,114,backfill
2025-12-06T22:05:23.359Z,246,Golden Crusader Ring,1041,119,backfill
2025-12-06T22:05:23.359Z,247,Golden Foxglove Ring,1064,121,backfill
2025-12-06T22:05:23.359Z,248,Golden Overseer Ring,1129,113,backfill
2025-12-06T22:05:23.359Z,249,Golden Summoner Ring,1100,121,backfill
2025-12-07T22:05:29.647Z,134,Chobo Silver Ring,11501,1317,backfill
2025-12-07T22:05:29.647Z,135,Crusader Silver Ring,11610,1329,backfill
2025-12-07T22:05:29.647Z,136,Overseer Silver Ring,11244,1339,backfill
2025-12-07T22:05:29.647Z,137,Athena Silver Ring,11222,1296,backfill
2025-12-07T22:05:29.647Z,138,Archon Silver Ring,12254,1359,backfill
2025-12-07T22:05:29.647Z,139,Foxglove Silver Ring,11404,1325,backfill
2025-12-07T22:05:29.647Z,140,Summoner Silver Ring,11167,1322,backfill
2025-12-07T22:05:29.647Z,243,Golden Archon Ring,1094,115,backfill
2025-12-07T22:05:29.647Z,244,Golden Athena Ring,1121,111,backfill
2025-12-07T22:05:29.647Z,245,Golden Chobo Ring,1119,113,backfill
2025-12-07T22:05:29.647Z,246,Golden Crusader Ring,1048,119,backfill
2025-12-07T22:05:29.647Z,247,Golden Foxglove Ring,1075,122,backfill
2025-12-07T22:05:29.647Z,248,Golden Overseer Ring,1144,114,backfill
2025-12-07T22:05:29.647Z,249,Golden Summoner Ring,1117,123,backfill
2025-12-08T22:05:23.662Z,134,Chobo Silver Ring,11586,1325,backfill
2025-12-08T22:05:23.662Z,135,Crusader Silver Ring,11664,1337,backfill
2025-12-08T22:05:23.662Z,136,Overseer Silver Ring,11309,1345,backfill
2025-12-08T22:05:23.662Z,137,Athena Silver Ring,11284,1308,backfill
2025-12-08T22:05:23.662Z,138,Archon Silver Ring,12387,1373,backfill
2025-12-08T22:05:23.662Z,139,Foxglove Silver Ring,11448,1338,backfill
2025-12-08T22:05:23.662Z,140,Summoner Silver Ring,11233,1323,backfill
2025-12-08T22:05:23.662Z,243,Golden Archon Ring,1107,114,backfill
2025-12-08T22:05:23.662Z,244,Golden Athena Ring,1130,112,backfill
2025-12-08T22:05:23.662Z,245,Golden Chobo Ring,1131,113,backfill
2025-12-08T22:05:23.662Z,246,Golden Crusader Ring,1058,120,backfill
2025-12-08T22:05:23.662Z,247,Golden Foxglove Ring,1081,122,backfill
2025-12-08T22:05:23.662Z,248,Golden Overseer Ring,1159,113,backfill
2025-12-08T22:05:23.662Z,249,Golden Summoner Ring,1124,126,backfill
2025-12-09T22:05:25.294Z,134,Chobo Silver Ring,11619,1330,backfill
2025-12-09T22:05:25.294Z,135,Crusader Silver Ring,11695,1353,backfill
2025-12-09T22:05:25.294Z,136,Overseer Silver Ring,11369,1352,backfill
2025-12-09T22:05:25.294Z,137,Athena Silver Ring,11338,1316,backfill
2025-12-09T22:05:25.294Z,138,Archon Silver Ring,12422,1381,backfill
2025-12-09T22:05:25.294Z,139,Foxglove Silver Ring,11500,1351,backfill
2025-12-09T22:05:25.294Z,140,Summoner Silver Ring,11278,1337,backfill
2025-12-09T22:05:25.294Z,243,Golden Archon Ring,1114,114,backfill
2025-12-09T22:05:25.294Z,244,Golden Athena Ring,1141,112,backfill
2025-12-09T22:05:25.294Z,245,Golden Chobo Ring,1138,113,backfill
2025-12-09T22:05:25.294Z,246,Golden Crusader Ring,1073,121,backfill
2025-12-09T22:05:25.294Z,247,Golden Foxglove Ring,1098,123,backfill
2025-12-09T22:05:25.294Z,248,Golden Overseer Ring,1172,114,backfill
2025-12-09T22:05:25.294Z,249,Golden Summoner Ring,1139,125,backfill
2025-12-10T22:05:53.476Z,134,Chobo Silver Ring,11779,1345,backfill
2025-12-10T22:05:53.476Z,135,Crusader Silver Ring,11829,1361,backfill
2025-12-10T22:05:53.476Z,136,Overseer Silver Ring,11514,1368,backfill
2025-12-10T22:05:53.476Z,137,Athena Silver Ring,11423,1328,backfill
2025-12-10T22:05:53.476Z,138,Archon Silver Ring,12510,1384,backfill
2025-12-10T22:05:53.476Z,139,Foxglove Silver Ring,11578,1356,backfill
2025-12-10T22:05:53.476Z,140,Summoner Silver Ring,11371,1348,backfill
2025-12-10T22:05:53.476Z,243,Golden Archon Ring,1122,115,backfill
2025-12-10T22:05:53.476Z,244,Golden Athena Ring,1150,116,backfill
2025-12-10T22:05:53.476Z,245,Golden Chobo Ring,1152,114,backfill
2025-12-10T22:05:53.476Z,246,Golden Crusader Ring,1088,121,backfill
2025-12-10T22:05:53.476Z,247,Golden Foxglove Ring,1105,123,backfill
2025-12-10T22:05:53.476Z,248,Golden Overseer Ring,1185,118,backfill
2025-12-10T22:05:53.476Z,249,Golden Summoner Ring,1152,126,backfill
2025-12-11T22:05:50.674Z,134,Chobo Silver Ring,11895,1358,backfill
2025-12-11T22:05:50.674Z,135,Crusader Silver Ring,11949,1378,backfill
2025-12-11T22:05:50.674Z,136,Overseer Silver Ring,11624,1381,backfill
2025-12-11T22:05:50.674Z,137,Athena Silver Ring,11482,1346,backfill
2025-12-11T22:05:50.674Z,138,Archon Silver Ring,12600,1396,backfill
2025-12-11T22:05:50.674Z,139,Foxglove Silver Ring,11705,1374,backfill
2025-12-11T22:05:50.674Z,140,Summoner Silver Ring,11468,1360,backfill
2025-12-11T22:05:50.674Z,243,Golden Archon Ring,1135,116,backfill
2025-12-11T22:05:50.674Z,244,Golden Athena Ring,1164,116,backfill
2025-12-11T22:05:50.674Z,245,Golden Chobo Ring,1166,114,backfill
2025-12-11T22:05:50.674Z,246,Golden Crusader Ring,1119,123,backfill
2025-12-11T22:05:50.674Z,247,Golden Foxglove Ring,1121,125,backfill
2025-12-11T22:05:50.674Z,248,Golden Overseer Ring,1194,118,backfill
2025-12-11T22:05:50.674Z,249,Golden Summoner Ring,1159,124,backfill
2025-12-12T22:05:04.589Z,134,Chobo Silver Ring,11971,1363,backfill
2025-12-12T22:05:04.589Z,135,Crusader Silver Ring,12044,1389,backfill
2025-12-12T22:05:04.589Z,136,Overseer Silver Ring,11700,1383,backfill
2025-12-12T22:05:04.589Z,137,Athena Silver Ring,11574,1351,backfill
2025-12-12T22:05:04.589Z,138,Archon Silver Ring,12718,1414,backfill
2025-12-12T22:05:04.589Z,139,Foxglove Silver Ring,11806,1385,backfill
2025-12-12T22:05:04.589Z,140,Summoner Silver Ring,11573,1367,backfill
2025-12-12T22:05:04.589Z,243,Golden Archon Ring,1149,118,backfill
2025-12-12T22:05:04.589Z,244,Golden Athena Ring,1181,117,backfill
2025-12-12T22:05:04.589Z,245,Golden Chobo Ring,1182,116,backfill
2025-12-12T22:05:04.589Z,246,Golden Crusader Ring,1133,124,backfill
2025-12-12T22:05:04.589Z,247,Golden Foxglove Ring,1136,126,backfill
2025-12-12T22:05:04.589Z,248,Golden Overseer Ring,1207,121,backfill
2025-12-12T22:05:04.589Z,249,Golden Summoner Ring,1176,125,backfill
2025-12-13T22:04:58.930Z,134,Chobo Silver Ring,12103,1380,backfill
2025-12-13T22:04:58.930Z,135,Crusader Silver Ring,12177,1396,backfill
2025-12-13T22:04:58.930Z,136,Overseer Silver Ring,11834,1396,backfill
2025-12-13T22:04:58.930Z,137,Athena Silver Ring,11719,1374,backfill
2025-12-13T22:04:58.930Z,138,Archon Silver Ring,12876,1432,backfill
2025-12-13T22:04:58.930Z,139,Foxglove Silver Ring,11911,1392,backfill
2025-12-13T22:04:58.930Z,140,Summoner Silver Ring,11657,1372,backfill
2025-12-13T22:04:58.930Z,243,Golden Archon Ring,1158,118,backfill
2025-12-13T22:04:58.930Z,244,Golden Athena Ring,1196,119,backfill
2025-12-13T22:04:58.930Z,245,Golden Chobo Ring,1193,118,backfill
2025-12-13T22:04:58.930Z,246,Golden Crusader Ring,1136,124,backfill
2025-12-13T22:04:58.930Z,247,Golden Foxglove Ring,1153,128,backfill
2025-12-13T22:04:58.930Z,248,Golden Overseer Ring,1219,122,backfill
2025-12-13T22:04:58.930Z,249,Golden Summoner Ring,1189,126,backfill
2025-12-14T22:05:00.303Z,134,Chobo Silver Ring,12102,1378,backfill
2025-12-14T22:05:00.303Z,135,Crusader Silver Ring,12198,1391,backfill
2025-12-14T22:05:00.303Z,136,Overseer Silver Ring,11875,1395,backfill
2025-12-14T22:05:00.303Z,137,Athena Silver Ring,11767,1367,backfill
2025-12-14T22:05:00.303Z,138,Archon Silver Ring,12932,1431,backfill
2025-12-14T22:05:00.303Z,139,Foxglove Silver Ring,11911,1390,backfill
2025-12-14T22:05:00.303Z,140,Summoner Silver Ring,11650,1369,backfill
2025-12-14T22:05:00.303Z,243,Golden Archon Ring,1149,118,backfill
2025-12-14T22:05:00.303Z,244,Golden Athena Ring,1196,119,backfill
2025-12-14T22:05:00.303Z,245,Golden Chobo Ring,1193,118,backfill
2025-12-14T22:05:00.303Z,246,Golden Crusader Ring,1116,124,backfill
2025-12-14T22:05:00.303Z,247,Golden Foxglove Ring,1153,128,backfill
2025-12-14T22:05:00.303Z,248,Golden Overseer Ring,1219,122,backfill
2025-12-14T22:05:00.303Z,249,Golden Summoner Ring,1189,126,backfill
2025-12-15T22:05:14.319Z,134,Chobo Silver Ring,12090,1370,backfill
2025-12-15T22:05:14.319Z,135,Crusader Silver Ring,12199,1385,backfill
2025-12-15T22:05:14.319Z,136,Overseer Silver Ring,11865,1391,backfill
2025-12-15T22:05:14.319Z,137,Athena Silver Ring,11699,1363,backfill
2025-12-15T22:05:14.319Z,138,Archon Silver Ring,12900,1422,backfill
2025-12-15T22:05:14.319Z,139,Foxglove Silver Ring,11903,1382,backfill
2025-12-15T22:05:14.319Z,140,Summoner Silver Ring,11671,1366,backfill
2025-12-15T22:05:14.319Z,243,Golden Archon Ring,1147,118,backfill
2025-12-15T22:05:14.319Z,244,Golden Athena Ring,1196,120,backfill
2025-12-15T22:05:14.319Z,245,Golden Chobo Ring,1186,118,backfill
2025-12-15T22:05:14.319Z,246,Golden Crusader Ring,1114,125,backfill
2025-12-15T22:05:14.319Z,247,Golden Foxglove Ring,1147,128,backfill
2025-12-15T22:05:14.319Z,248,Golden Overseer Ring,1214,122,backfill
2025-12-15T22:05:14.319Z,249,Golden Summoner Ring,1186,126,backfill
2025-12-16T22:05:02.375Z,134,Chobo Silver Ring,12092,1372,backfill
2025-12-16T22:05:02.375Z,135,Crusader Silver Ring,12196,1386,backfill
2025-12-16T22:05:02.375Z,136,Overseer Silver Ring,11886,1391,backfill
2025-12-16T22:05:02.375Z,137,Athena Silver Ring,11693,1361,backfill
2025-12-16T22:05:02.375Z,138,Archon Silver Ring,12889,1417,backfill
2025-12-16T22:05:02.375Z,139,Foxglove Silver Ring,11896,1382,backfill
2025-12-16T22:05:02.375Z,140,Summoner Silver Ring,11662,1363,backfill
2025-12-16T22:05:02.375Z,243,Golden Archon Ring,1156,118,backfill
2025-12-16T22:05:02.375Z,244,Golden Athena Ring,1199,120,backfill
2025-12-16T22:05:02.375Z,245,Golden Chobo Ring,1189,118,backfill
2025-12-16T22:05:02.375Z,246,Golden Crusader Ring,1107,125,backfill
2025-12-16T22:05:02.375Z,247,Golden Foxglove Ring,1150,128,backfill
2025-12-16T22:05:02.375Z,248,Golden Overseer Ring,1217,122,backfill
2025-12-16T22:05:02.375Z,249,Golden Summoner Ring,1186,126,backfill
2025-12-17T22:06:12.197Z,134,Chobo Silver Ring,12131,1373,backfill
2025-12-17T22:06:12.197Z,135,Crusader Silver Ring,12238,1394,backfill
2025-12-17T22:06:12.197Z,136,Overseer Silver Ring,11913,1398,backfill
2025-12-17T22:06:12.197Z,137,Athena Silver Ring,11777,1371,backfill
2025-12-17T22:06:12.197Z,138,Archon Silver Ring,12954,1422,backfill
2025-12-17T22:06:12.197Z,139,Foxglove Silver Ring,12019,1387,backfill
2025-12-17T22:06:12.197Z,140,Summoner Silver Ring,11695,1370,backfill
2025-12-17T22:06:12.197Z,243,Golden Archon Ring,1164,120,backfill
2025-12-17T22:06:12.197Z,244,Golden Athena Ring,1192,122,backfill
2025-12-17T22:06:12.197Z,245,Golden Chobo Ring,1185,118,backfill
2025-12-17T22:06:12.197Z,246,Golden Crusader Ring,1097,125,backfill
2025-12-17T22:06:12.197Z,247,Golden Foxglove Ring,1145,130,backfill
2025-12-17T22:06:12.197Z,248,Golden Overseer Ring,1210,122,backfill
2025-12-17T22:06:12.197Z,249,Golden Summoner Ring,1191,127,backfill
2025-12-18T22:05:28.546Z,134,Chobo Silver Ring,12195,1382,backfill
2025-12-18T22:05:28.546Z,135,Crusader Silver Ring,12334,1405,backfill
2025-12-18T22:05:28.546Z,136,Overseer Silver Ring,12000,1409,backfill
2025-12-18T22:05:28.546Z,137,Athena Silver Ring,11874,1381,backfill
2025-12-18T22:05:28.546Z,138,Archon Silver Ring,13039,1428,backfill
2025-12-18T22:05:28.546Z,139,Foxglove Silver Ring,12149,1405,backfill
2025-12-18T22:05:28.546Z,140,Summoner Silver Ring,11784,1379,backfill
2025-12-18T22:05:28.546Z,243,Golden Archon Ring,1175,120,backfill
2025-12-18T22:05:28.546Z,244,Golden Athena Ring,1209,124,backfill
2025-12-18T22:05:28.546Z,245,Golden Chobo Ring,1189,119,backfill
2025-12-18T22:05:28.546Z,246,Golden Crusader Ring,1105,126,backfill
2025-12-18T22:05:28.546Z,247,Golden Foxglove Ring,1158,132,backfill
2025-12-18T22:05:28.546Z,248,Golden Overseer Ring,1216,122,backfill
2025-12-18T22:05:28.546Z,249,Golden Summoner Ring,1202,128,backfill
2025-12-19T22:05:15.968Z,134,Chobo Silver Ring,12260,1395,backfill
2025-12-19T22:05:15.968Z,135,Crusader Silver Ring,12437,1419,backfill
2025-12-19T22:05:15.968Z,136,Overseer Silver Ring,12085,1415,backfill
2025-12-19T22:05:15.968Z,137,Athena Silver Ring,11954,1402,backfill
2025-12-19T22:05:15.968Z,138,Archon Silver Ring,13159,1440,backfill
2025-12-19T22:05:15.968Z,139,Foxglove Silver Ring,12233,1421,backfill
2025-12-19T22:05:15.968Z,140,Summoner Silver Ring,11844,1390,backfill
2025-12-19T22:05:15.968Z,243,Golden Archon Ring,1185,120,backfill
2025-12-19T22:05:15.968Z,244,Golden Athena Ring,1217,123,backfill
2025-12-19T22:05:15.968Z,245,Golden Chobo Ring,1198,118,backfill
2025-12-19T22:05:15.968Z,246,Golden Crusader Ring,1117,126,backfill
2025-12-19T22:05:15.968Z,247,Golden Foxglove Ring,1164,133,backfill
2025-12-19T22:05:15.968Z,248,Golden Overseer Ring,1223,121,backfill
2025-12-19T22:05:15.968Z,249,Golden Summoner Ring,1206,128,backfill
2025-12-20T22:05:05.109Z,134,Chobo Silver Ring,12366,1414,backfill
2025-12-20T22:05:05.109Z,135,Crusader Silver Ring,12529,1434,backfill
2025-12-20T22:05:05.109Z,136,Overseer Silver Ring,12184,1434,backfill
2025-12-20T22:05:05.109Z,137,Athena Silver Ring,12061,1420,backfill
2025-12-20T22:05:05.109Z,138,Archon Silver Ring,13216,1448,backfill
2025-12-20T22:05:05.109Z,139,Foxglove Silver Ring,11731,1376,backfill
2025-12-20T22:05:05.109Z,140,Summoner Silver Ring,11913,1404,backfill
2025-12-20T22:05:05.109Z,243,Golden Archon Ring,1189,120,backfill
2025-12-20T22:05:05.109Z,244,Golden Athena Ring,1221,123,backfill
2025-12-20T22:05:05.109Z,245,Golden Chobo Ring,1208,118,backfill
2025-12-20T22:05:05.109Z,246,Golden Crusader Ring,1126,127,backfill
2025-12-20T22:05:05.109Z,247,Golden Foxglove Ring,1176,133,backfill
2025-12-20T22:05:05.109Z,248,Golden Overseer Ring,1236,122,backfill
2025-12-20T22:05:05.109Z,249,Golden Summoner Ring,1211,128,backfill
2025-12-21T22:04:58.777Z,134,Chobo Silver Ring,12458,1429,backfill
2025-12-21T22:04:58.777Z,135,Crusader Silver Ring,12613,1444,backfill
2025-12-21T22:04:58.777Z,136,Overseer Silver Ring,11684,1405,backfill
2025-12-21T22:04:58.777Z,137,Athena Silver Ring,12158,1425,backfill
2025-12-21T22:04:58.777Z,138,Archon Silver Ring,13295,1453,backfill
2025-12-21T22:04:58.777Z,139,Foxglove Silver Ring,11762,1386,backfill
2025-12-21T22:04:58.777Z,140,Summoner Silver Ring,11988,1413,backfill
2025-12-21T22:04:58.777Z,243,Golden Archon Ring,1200,122,backfill
2025-12-21T22:04:58.777Z,244,Golden Athena Ring,1243,125,backfill
2025-12-21T22:04:58.777Z,245,Golden Chobo Ring,1224,118,backfill
2025-12-21T22:04:58.777Z,246,Golden Crusader Ring,1133,129,backfill
2025-12-21T22:04:58.777Z,247,Golden Foxglove Ring,1190,135,backfill
2025-12-21T22:04:58.777Z,248,Golden Overseer Ring,1246,123,backfill
2025-12-21T22:04:58.777Z,249,Golden Summoner Ring,1225,128,backfill
2025-12-22T22:05:18.724Z,134,Chobo Silver Ring,12521,1444,backfill
2025-12-22T22:05:18.724Z,135,Crusader Silver Ring,12695,1446,backfill
2025-12-22T22:05:18.724Z,136,Overseer Silver Ring,11733,1407,backfill
2025-12-22T22:05:18.724Z,137,Athena Silver Ring,12254,1440,backfill
2025-12-22T22:05:18.724Z,138,Archon Silver Ring,13367,1466,backfill
2025-12-22T22:05:18.724Z,139,Foxglove Silver Ring,11825,1393,backfill
2025-12-22T22:05:18.724Z,140,Summoner Silver Ring,11604,1378,backfill
2025-12-22T22:05:18.724Z,243,Golden Archon Ring,1222,122,backfill
2025-12-22T22:05:18.724Z,244,Golden Athena Ring,1278,126,backfill
2025-12-22T22:05:18.724Z,245,Golden Chobo Ring,1258,119,backfill
2025-12-22T22:05:18.724Z,246,Golden Crusader Ring,1146,129,backfill
2025-12-22T22:05:18.724Z,247,Golden Foxglove Ring,1203,135,backfill
2025-12-22T22:05:18.724Z,248,Golden Overseer Ring,1258,123,backfill
2025-12-22T22:05:18.724Z,249,Golden Summoner Ring,1242,129,backfill
2025-12-23T22:05:05.694Z,134,Chobo Silver Ring,12077,1413,backfill
2025-12-23T22:05:05.694Z,135,Crusader Silver Ring,12779,1446,backfill
2025-12-23T22:05:05.694Z,136,Overseer Silver Ring,11790,1408,backfill
2025-12-23T22:05:05.694Z,137,Athena Silver Ring,12331,1453,backfill
2025-12-23T22:05:05.694Z,138,Archon Silver Ring,13465,1476,backfill
2025-12-23T22:05:05.694Z,139,Foxglove Silver Ring,11936,1401,backfill
2025-12-23T22:05:05.694Z,140,Summoner Silver Ring,11635,1379,backfill
2025-12-23T22:05:05.694Z,243,Golden Archon Ring,1234,122,backfill
2025-12-23T22:05:05.694Z,244,Golden Athena Ring,1290,127,backfill
2025-12-23T22:05:05.694Z,245,Golden Chobo Ring,1266,120,backfill
2025-12-23T22:05:05.694Z,246,Golden Crusader Ring,1167,131,backfill
2025-12-23T22:05:05.694Z,247,Golden Foxglove Ring,1217,136,backfill
2025-12-23T22:05:05.694Z,248,Golden Overseer Ring,1270,123,backfill
2025-12-23T22:05:05.694Z,249,Golden Summoner Ring,1260,129,backfill
2025-12-24T22:05:04.532Z,134,Chobo Silver Ring,12148,1417,backfill
2025-12-24T22:05:04.532Z,135,Crusader Silver Ring,12313,1407,backfill
2025-12-24T22:05:04.532Z,136,Overseer Silver Ring,11877,1414,backfill
2025-12-24T22:05:04.532Z,137,Athena Silver Ring,12424,1453,backfill
2025-12-24T22:05:04.532Z,138,Archon Silver Ring,13554,1482,backfill
2025-12-24T22:05:04.532Z,139,Foxglove Silver Ring,12064,1418,backfill
2025-12-24T22:05:04.532Z,140,Summoner Silver Ring,11701,1386,backfill
2025-12-24T22:05:04.532Z,243,Golden Archon Ring,1244,123,backfill
2025-12-24T22:05:04.532Z,244,Golden Athena Ring,1301,127,backfill
2025-12-24T22:05:04.532Z,245,Golden Chobo Ring,1281,122,backfill
2025-12-24T22:05:04.532Z,246,Golden Crusader Ring,1178,131,backfill
2025-12-24T22:05:04.532Z,247,Golden Foxglove Ring,1230,137,backfill
2025-12-24T22:05:04.532Z,248,Golden Overseer Ring,1277,125,backfill
2025-12-24T22:05:04.532Z,249,Golden Summoner Ring,1276,134,backfill
2025-12-25T22:05:08.272Z,134,Chobo Silver Ring,12312,1425,backfill
2025-12-25T22:05:08.272Z,135,Crusader Silver Ring,12409,1414,backfill
2025-12-25T22:05:08.272Z,136,Overseer Silver Ring,11972,1425,backfill
2025-12-25T22:05:08.272Z,137,Athena Silver Ring,12558,1461,backfill
2025-12-25T22:05:08.272Z,138,Archon Silver Ring,13040,1432,backfill
2025-12-25T22:05:08.272Z,139,Foxglove Silver Ring,12154,1424,backfill
2025-12-25T22:05:08.272Z,140,Summoner Silver Ring,11818,1402,backfill
2025-12-25T22:05:08.272Z,243,Golden Archon Ring,1256,125,backfill
2025-12-25T22:05:08.272Z,244,Golden Athena Ring,1314,130,backfill
2025-12-25T22:05:08.272Z,245,Golden Chobo Ring,1289,122,backfill
2025-12-25T22:05:08.272Z,246,Golden Crusader Ring,1194,134,backfill
2025-12-25T22:05:08.272Z,247,Golden Foxglove Ring,1239,139,backfill
2025-12-25T22:05:08.272Z,248,Golden Overseer Ring,1293,127,backfill
2025-12-25T22:05:08.272Z,249,Golden Summoner Ring,1292,138,backfill
2025-12-26T22:05:11.793Z,134,Chobo Silver Ring,12444,1438,backfill
2025-12-26T22:05:11.793Z,135,Crusader Silver Ring,12532,1425,backfill
2025-12-26T22:05:11.793Z,136,Overseer Silver Ring,12094,1438,backfill
2025-12-26T22:05:11.793Z,137,Athena Silver Ring,12135,1424,backfill
2025-12-26T22:05:11.793Z,138,Archon Silver Ring,13131,1452,backfill
2025-12-26T22:05:11.793Z,139,Foxglove Silver Ring,12248,1428,backfill
2025-12-26T22:05:11.793Z,140,Summoner Silver Ring,11944,1412,backfill
2025-12-26T22:05:11.793Z,243,Golden Archon Ring,1267,125,backfill
2025-12-26T22:05:11.793Z,244,Golden Athena Ring,1326,129,backfill
2025-12-26T22:05:11.793Z,245,Golden Chobo Ring,1306,122,backfill
2025-12-26T22:05:11.793Z,246,Golden Crusader Ring,1200,133,backfill
2025-12-26T22:05:11.793Z,247,Golden Foxglove Ring,1252,139,backfill
2025-12-26T22:05:11.793Z,248,Golden Overseer Ring,1306,126,backfill
2025-12-26T22:05:11.793Z,249,Golden Summoner Ring,1305,137,backfill
2025-12-27T22:05:14.160Z,134,Chobo Silver Ring,12355,1422,backfill
2025-12-27T22:05:14.160Z,135,Crusader Silver Ring,12149,1397,backfill
2025-12-27T22:05:14.160Z,136,Overseer Silver Ring,12172,1452,backfill
2025-12-27T22:05:14.160Z,137,Athena Silver Ring,12273,1441,backfill
2025-12-27T22:05:14.160Z,138,Archon Silver Ring,13258,1467,backfill
2025-12-27T22:05:14.160Z,139,Foxglove Silver Ring,12382,1438,backfill
2025-12-27T22:05:14.160Z,140,Summoner Silver Ring,12065,1429,backfill
2025-12-27T22:05:14.160Z,243,Golden Archon Ring,1269,125,backfill
2025-12-27T22:05:14.160Z,244,Golden Athena Ring,1330,130,backfill
2025-12-27T22:05:14.160Z,245,Golden Chobo Ring,1312,123,backfill
2025-12-27T22:05:14.160Z,246,Golden Crusader Ring,1200,135,backfill
2025-12-27T22:05:14.160Z,247,Golden Foxglove Ring,1257,142,backfill
2025-12-27T22:05:14.160Z,248,Golden Overseer Ring,1327,127,backfill
2025-12-27T22:05:14.160Z,249,Golden Summoner Ring,1313,137,backfill
2025-12-28T22:05:14.870Z,134,Chobo Silver Ring,12482,1435,backfill
2025-12-28T22:05:14.870Z,135,Crusader Silver Ring,12130,1399,backfill
2025-12-28T22:05:14.870Z,136,Overseer Silver Ring,11886,1429,backfill
2025-12-28T22:05:14.870Z,137,Athena Silver Ring,12363,1457,backfill
2025-12-28T22:05:14.870Z,138,Archon Silver Ring,13342,1480,backfill
2025-12-28T22:05:14.870Z,139,Foxglove Silver Ring,12534,1456,backfill
2025-12-28T22:05:14.870Z,140,Summoner Silver Ring,11943,1421,backfill
2025-12-28T22:05:14.870Z,243,Golden Archon Ring,1279,124,backfill
2025-12-28T22:05:14.870Z,244,Golden Athena Ring,1336,129,backfill
2025-12-28T22:05:14.870Z,245,Golden Chobo Ring,1323,123,backfill
2025-12-28T22:05:14.870Z,246,Golden Crusader Ring,1221,136,backfill
2025-12-28T22:05:14.870Z,247,Golden Foxglove Ring,1261,141,backfill
2025-12-28T22:05:14.870Z,248,Golden Overseer Ring,1346,127,backfill
2025-12-28T22:05:14.870Z,249,Golden Summoner Ring,1327,137,backfill
2025-12-29T22:05:11.791Z,134,Chobo Silver Ring,12595,1448,backfill
2025-12-29T22:05:11.791Z,135,Crusader Silver Ring,12198,1410,backfill
2025-12-29T22:05:11.791Z,136,Overseer Silver Ring,11949,1439,backfill
2025-12-29T22:05:11.791Z,137,Athena Silver Ring,11976,1421,backfill
2025-12-29T22:05:11.791Z,138,Archon Silver Ring,13457,1497,backfill
2025-12-29T22:05:11.791Z,139,Foxglove Silver Ring,12392,1442,backfill
2025-12-29T22:05:11.791Z,140,Summoner Silver Ring,12047,1435,backfill
2025-12-29T22:05:11.791Z,243,Golden Archon Ring,1287,126,backfill
2025-12-29T22:05:11.791Z,244,Golden Athena Ring,1344,130,backfill
2025-12-29T22:05:11.791Z,245,Golden Chobo Ring,1333,126,backfill
2025-12-29T22:05:11.791Z,246,Golden Crusader Ring,1234,137,backfill
2025-12-29T22:05:11.791Z,247,Golden Foxglove Ring,1278,142,backfill
2025-12-29T22:05:11.791Z,248,Golden Overseer Ring,1356,128,backfill
2025-12-29T22:05:11.791Z,249,Golden Summoner Ring,1342,142,backfill
2025-12-30T22:05:15.688Z,134,Chobo Silver Ring,12583,1467,backfill
2025-12-30T22:05:15.688Z,135,Crusader Silver Ring,12204,1423,backfill
2025-12-30T22:05:15.688Z,136,Overseer Silver Ring,11962,1454,backfill
2025-12-30T22:05:15.688Z,137,Athena Silver Ring,12044,1428,backfill
2025-12-30T22:05:15.688Z,138,Archon Silver Ring,12778,1436,backfill
2025-12-30T22:05:15.688Z,139,Foxglove Silver Ring,12397,1452,backfill
2025-12-30T22:05:15.688Z,140,Summoner Silver Ring,12143,1446,backfill
2025-12-30T22:05:15.688Z,243,Golden Archon Ring,1293,127,backfill
2025-12-30T22:05:15.688Z,244,Golden Athena Ring,1355,132,backfill
2025-12-30T22:05:15.688Z,245,Golden Chobo Ring,1340,126,backfill
2025-12-30T22:05:15.688Z,246,Golden Crusader Ring,1242,137,backfill
2025-12-30T22:05:15.688Z,247,Golden Foxglove Ring,1286,144,backfill
2025-12-30T22:05:15.688Z,248,Golden Overseer Ring,1371,130,backfill
2025-12-30T22:05:15.688Z,249,Golden Summoner Ring,1349,142,backfill
2025-12-31T22:05:06.359Z,134,Chobo Silver Ring,12675,1477,backfill
2025-12-31T22:05:06.359Z,135,Crusader Silver Ring,12306,1444,backfill
2025-12-31T22:05:06.359Z,136,Overseer Silver Ring,12052,1471,backfill
2025-12-31T22:05:06.359Z,137,Athena Silver Ring,11887,1404,backfill
2025-12-31T22:05:06.359Z,138,Archon Silver Ring,12812,1446,backfill
2025-12-31T22:05:06.359Z,139,Foxglove Silver Ring,12102,1437,backfill
2025-12-31T22:05:06.359Z,140,Summoner Silver Ring,12262,1459,backfill
2025-12-31T22:05:06.359Z,243,Golden Archon Ring,1315,133,backfill
2025-12-31T22:05:06.359Z,244,Golden Athena Ring,1363,133,backfill
2025-12-31T22:05:06.359Z,245,Golden Chobo Ring,1354,126,backfill
2025-12-31T22:05:06.359Z,246,Golden Crusader Ring,1251,138,backfill
2025-12-31T22:05:06.359Z,247,Golden Foxglove Ring,1292,144,backfill
2025-12-31T22:05:06.359Z,248,Golden Overseer Ring,1375,130,backfill
2025-12-31T22:05:06.359Z,249,Golden Summoner Ring,1353,143,backfill
2026-01-01T22:05:05.885Z,134,Chobo Silver Ring,12775,1491,backfill
2026-01-01T22:05:05.885Z,135,Crusader Silver Ring,12405,1454,backfill
2026-01-01T22:05:05.885Z,136,Overseer Silver Ring,11906,1438,backfill
2026-01-01T22:05:05.885Z,137,Athena Silver Ring,11986,1425,backfill
2026-01-01T22:05:05.885Z,138,Archon Silver Ring,12867,1466,backfill
2026-01-01T22:05:05.885Z,139,Foxglove Silver Ring,12213,1452,backfill
2026-01-01T22:05:05.885Z,140,Summoner Silver Ring,11885,1423,backfill
2026-01-01T22:05:05.885Z,243,Golden Archon Ring,1321,133,backfill
2026-01-01T22:05:05.885Z,244,Golden Athena Ring,1381,136,backfill
2026-01-01T22:05:05.885Z,245,Golden Chobo Ring,1367,128,backfill
2026-01-01T22:05:05.885Z,246,Golden Crusader Ring,1261,140,backfill
2026-01-01T22:05:05.885Z,247,Golden Foxglove Ring,1308,145,backfill
2026-01-01T22:05:05.885Z,248,Golden Overseer Ring,1383,130,backfill
2026-01-01T22:05:05.885Z,249,Golden Summoner Ring,1362,144,backfill
2026-01-02T22:05:13.724Z,134,Chobo Silver Ring,12376,1472,backfill
2026-01-02T22:05:13.724Z,135,Crusader Silver Ring,12279,1426,backfill
2026-01-02T22:05:13.724Z,136,Overseer Silver Ring,11975,1445,backfill
2026-01-02T22:05:13.724Z,137,Athena Silver Ring,12082,1434,backfill
2026-01-02T22:05:13.724Z,138,Archon Silver Ring,12963,1483,backfill
2026-01-02T22:05:13.724Z,139,Foxglove Silver Ring,12306,1462,backfill
2026-01-02T22:05:13.724Z,140,Summoner Silver Ring,11915,1427,backfill
2026-01-02T22:05:13.724Z,243,Golden Archon Ring,1336,133,backfill
2026-01-02T22:05:13.724Z,244,Golden Athena Ring,1390,136,backfill
2026-01-02T22:05:13.724Z,245,Golden Chobo Ring,1381,128,backfill
2026-01-02T22:05:13.724Z,246,Golden Crusader Ring,1262,141,backfill
2026-01-02T22:05:13.724Z,247,Golden Foxglove Ring,1320,146,backfill
2026-01-02T22:05:13.724Z,248,Golden Overseer Ring,1399,131,backfill
2026-01-02T22:05:13.724Z,249,Golden Summoner Ring,1373,142,backfill
2026-01-03T22:05:07.558Z,134,Chobo Silver Ring,12380,1480,backfill
2026-01-03T22:05:07.558Z,135,Crusader Silver Ring,12364,1442,backfill
2026-01-03T22:05:07.558Z,136,Overseer Silver Ring,11979,1459,backfill
2026-01-03T22:05:07.558Z,137,Athena Silver Ring,12160,1446,backfill
2026-01-03T22:05:07.558Z,138,Archon Silver Ring,13043,1500,backfill
2026-01-03T22:05:07.558Z,139,Foxglove Silver Ring,12346,1483,backfill
2026-01-03T22:05:07.558Z,140,Summoner Silver Ring,11959,1431,backfill
2026-01-03T22:05:07.558Z,243,Golden Archon Ring,1283,134,backfill
2026-01-03T22:05:07.558Z,244,Golden Athena Ring,1318,144,backfill
2026-01-03T22:05:07.558Z,245,Golden Chobo Ring,1295,126,backfill
2026-01-03T22:05:07.558Z,246,Golden Crusader Ring,1080,127,backfill
2026-01-03T22:05:07.558Z,247,Golden Foxglove Ring,1230,143,backfill
2026-01-03T22:05:07.558Z,248,Golden Overseer Ring,1168,120,backfill
2026-01-03T22:05:07.558Z,249,Golden Summoner Ring,1281,142,backfill
2026-01-04T22:05:06.215Z,134,Chobo Silver Ring,12428,1488,backfill
2026-01-04T22:05:06.215Z,135,Crusader Silver Ring,12409,1453,backfill
2026-01-04T22:05:06.215Z,136,Overseer Silver Ring,12005,1463,backfill
2026-01-04T22:05:06.215Z,137,Athena Silver Ring,12206,1451,backfill
2026-01-04T22:05:06.215Z,138,Archon Silver Ring,13054,1505,backfill
2026-01-04T22:05:06.215Z,139,Foxglove Silver Ring,12406,1487,backfill
2026-01-04T22:05:06.215Z,140,Summoner Silver Ring,11991,1443,backfill
2026-01-04T22:05:06.215Z,243,Golden Archon Ring,1191,120,backfill
2026-01-04T22:05:06.215Z,244,Golden Athena Ring,1190,124,backfill
2026-01-04T22:05:06.215Z,245,Golden Chobo Ring,1264,123,backfill
2026-01-04T22:05:06.215Z,246,Golden Crusader Ring,1085,124,backfill
2026-01-04T22:05:06.215Z,247,Golden Foxglove Ring,1237,145,backfill
2026-01-04T22:05:06.215Z,248,Golden Overseer Ring,1181,119,backfill
2026-01-04T22:05:06.215Z,249,Golden Summoner Ring,1287,141,backfill
2026-01-05T22:05:24.692Z,134,Chobo Silver Ring,12482,1488,backfill
2026-01-05T22:05:24.692Z,135,Crusader Silver Ring,12481,1458,backfill
2026-01-05T22:05:24.692Z,136,Overseer Silver Ring,12062,1469,backfill
2026-01-05T22:05:24.692Z,137,Athena Silver Ring,12281,1452,backfill
2026-01-05T22:05:24.692Z,138,Archon Silver Ring,13121,1512,backfill
2026-01-05T22:05:24.692Z,139,Foxglove Silver Ring,12506,1498,backfill
2026-01-05T22:05:24.692Z,140,Summoner Silver Ring,12058,1445,backfill
2026-01-05T22:05:24.692Z,243,Golden Archon Ring,1194,118,backfill
2026-01-05T22:05:24.692Z,244,Golden Athena Ring,1199,126,backfill
2026-01-05T22:05:24.692Z,245,Golden Chobo Ring,1261,124,backfill
2026-01-05T22:05:24.692Z,246,Golden Crusader Ring,1086,126,backfill
2026-01-05T22:05:24.692Z,247,Golden Foxglove Ring,1102,131,backfill
2026-01-05T22:05:24.692Z,248,Golden Overseer Ring,1172,120,backfill
2026-01-05T22:05:24.692Z,249,Golden Summoner Ring,1156,124,backfill
2026-01-06T22:06:34.040Z,134,Chobo Silver Ring,12571,1493,backfill
2026-01-06T22:06:34.040Z,135,Crusader Silver Ring,12538,1470,backfill
2026-01-06T22:06:34.040Z,136,Overseer Silver Ring,12174,1483,backfill
2026-01-06T22:06:34.040Z,137,Athena Silver Ring,12356,1453,backfill
2026-01-06T22:06:34.040Z,138,Archon Silver Ring,13216,1522,backfill
2026-01-06T22:06:34.040Z,139,Foxglove Silver Ring,12582,1503,backfill
2026-01-06T22:06:34.040Z,140,Summoner Silver Ring,12107,1452,backfill
2026-01-06T22:06:34.040Z,243,Golden Archon Ring,1153,119,backfill
2026-01-06T22:06:34.040Z,244,Golden Athena Ring,1197,124,backfill
2026-01-06T22:06:34.040Z,245,Golden Chobo Ring,1184,111,backfill
2026-01-06T22:06:34.040Z,246,Golden Crusader Ring,1088,125,backfill
2026-01-06T22:06:34.040Z,247,Golden Foxglove Ring,1120,133,backfill
2026-01-06T22:06:34.040Z,248,Golden Overseer Ring,1199,124,backfill
2026-01-06T22:06:34.040Z,249,Golden Summoner Ring,1175,125,backfill
2026-01-07T22:05:36.108Z,134,Chobo Silver Ring,12470,1484,backfill
2026-01-07T22:05:36.108Z,135,Crusader Silver Ring,12439,1466,backfill
2026-01-07T22:05:36.108Z,136,Overseer Silver Ring,12106,1479,backfill
2026-01-07T22:05:36.108Z,137,Athena Silver Ring,12240,1435,backfill
2026-01-07T22:05:36.108Z,138,Archon Silver Ring,13119,1530,backfill
2026-01-07T22:05:36.108Z,139,Foxglove Silver Ring,12428,1492,backfill
2026-01-07T22:05:36.108Z,140,Summoner Silver Ring,12031,1451,backfill
2026-01-07T22:05:36.108Z,243,Golden Archon Ring,1136,113,backfill
2026-01-07T22:05:36.108Z,244,Golden Athena Ring,1205,122,backfill
2026-01-07T22:05:36.108Z,245,Golden Chobo Ring,1190,109,backfill
2026-01-07T22:05:36.108Z,246,Golden Crusader Ring,1093,123,backfill
2026-01-07T22:05:36.108Z,247,Golden Foxglove Ring,1118,128,backfill
2026-01-07T22:05:36.108Z,248,Golden Overseer Ring,1178,120,backfill
2026-01-07T22:05:36.108Z,249,Golden Summoner Ring,1170,122,backfill
2026-01-08T22:05:28.437Z,134,Chobo Silver Ring,12567,1493,backfill
2026-01-08T22:05:28.437Z,135,Crusader Silver Ring,12519,1479,backfill
2026-01-08T22:05:28.437Z,136,Overseer Silver Ring,12195,1479,backfill
2026-01-08T22:05:28.437Z,137,Athena Silver Ring,12314,1446,backfill
2026-01-08T22:05:28.437Z,138,Archon Silver Ring,13267,1541,backfill
2026-01-08T22:05:28.437Z,139,Foxglove Silver Ring,12528,1494,backfill
2026-01-08T22:05:28.437Z,140,Summoner Silver Ring,12069,1459,backfill
2026-01-08T22:05:28.437Z,243,Golden Archon Ring,1151,114,backfill
2026-01-08T22:05:28.437Z,244,Golden Athena Ring,1208,122,backfill
2026-01-08T22:05:28.437Z,245,Golden Chobo Ring,1201,109,backfill
2026-01-08T22:05:28.437Z,246,Golden Crusader Ring,1103,126,backfill
2026-01-08T22:05:28.437Z,247,Golden Foxglove Ring,1124,127,backfill
2026-01-08T22:05:28.437Z,248,Golden Overseer Ring,1188,121,backfill
2026-01-08T22:05:28.437Z,249,Golden Summoner Ring,1171,121,backfill
2026-01-09T22:05:29.639Z,134,Chobo Silver Ring,12656,1511,backfill
2026-01-09T22:05:29.639Z,135,Crusader Silver Ring,12637,1506,backfill
2026-01-09T22:05:29.639Z,136,Overseer Silver Ring,12300,1504,backfill
2026-01-09T22:05:29.639Z,137,Athena Silver Ring,12383,1462,backfill
2026-01-09T22:05:29.639Z,138,Archon Silver Ring,13385,1569,backfill
2026-01-09T22:05:29.639Z,139,Foxglove Silver Ring,12600,1515,backfill
2026-01-09T22:05:29.639Z,140,Summoner Silver Ring,12150,1471,backfill
2026-01-09T22:05:29.639Z,243,Golden Archon Ring,1160,109,backfill
2026-01-09T22:05:29.639Z,244,Golden Athena Ring,1222,120,backfill
2026-01-09T22:05:29.639Z,245,Golden Chobo Ring,1212,107,backfill
2026-01-09T22:05:29.639Z,246,Golden Crusader Ring,1119,125,backfill
2026-01-09T22:05:29.639Z,247,Golden Foxglove Ring,1140,127,backfill
2026-01-09T22:05:29.639Z,248,Golden Overseer Ring,1203,120,backfill
2026-01-09T22:05:29.639Z,249,Golden Summoner Ring,1180,118,backfill
2026-01-10T22:05:09.096Z,134,Chobo Silver Ring,12764,1531,backfill
2026-01-10T22:05:09.096Z,135,Crusader Silver Ring,12711,1518,backfill
2026-01-10T22:05:09.096Z,136,Overseer Silver Ring,12366,1515,backfill
2026-01-10T22:05:09.096Z,137,Athena Silver Ring,12482,1476,backfill
2026-01-10T22:05:09.096Z,138,Archon Silver Ring,13431,1572,backfill
2026-01-10T22:05:09.096Z,139,Foxglove Silver Ring,12698,1528,backfill
2026-01-10T22:05:09.096Z,140,Summoner Silver Ring,12256,1495,backfill
2026-01-10T22:05:09.096Z,243,Golden Archon Ring,1163,113,backfill
2026-01-10T22:05:09.096Z,244,Golden Athena Ring,1234,124,backfill
2026-01-10T22:05:09.096Z,245,Golden Chobo Ring,1240,110,backfill
2026-01-10T22:05:09.096Z,246,Golden Crusader Ring,1154,128,backfill
2026-01-10T22:05:09.096Z,247,Golden Foxglove Ring,1167,131,backfill
2026-01-10T22:05:09.096Z,248,Golden Overseer Ring,1237,127,backfill
2026-01-10T22:05:09.096Z,249,Golden Summoner Ring,1191,120,backfill
2026-01-11T22:05:16.877Z,134,Chobo Silver Ring,12861,1546,backfill
2026-01-11T22:05:16.877Z,135,Crusader Silver Ring,12775,1523,backfill
2026-01-11T22:05:16.877Z,136,Overseer Silver Ring,12455,1528,backfill
2026-01-11T22:05:16.877Z,137,Athena Silver Ring,12558,1492,backfill
2026-01-11T22:05:16.877Z,138,Archon Silver Ring,13504,1588,backfill
2026-01-11T22:05:16.877Z,139,Foxglove Silver Ring,12809,1548,backfill
2026-01-11T22:05:16.877Z,140,Summoner Silver Ring,12360,1503,backfill
2026-01-11T22:05:16.877Z,243,Golden Archon Ring,1187,113,backfill
2026-01-11T22:05:16.877Z,244,Golden Athena Ring,1246,124,backfill
2026-01-11T22:05:16.877Z,245,Golden Chobo Ring,1260,113,backfill
2026-01-11T22:05:16.877Z,246,Golden Crusader Ring,1168,130,backfill
2026-01-11T22:05:16.877Z,247,Golden Foxglove Ring,1182,130,backfill
2026-01-11T22:05:16.877Z,248,Golden Overseer Ring,1260,127,backfill
2026-01-11T22:05:16.877Z,249,Golden Summoner Ring,1205,121,backfill
2026-01-12T22:05:27.862Z,134,Chobo Silver Ring,12923,1564,backfill
2026-01-12T22:05:27.862Z,135,Crusader Silver Ring,12860,1539,backfill
2026-01-12T22:05:27.862Z,136,Overseer Silver Ring,12608,1542,backfill
2026-01-12T22:05:27.862Z,137,Athena Silver Ring,12651,1515,backfill
2026-01-12T22:05:27.862Z,138,Archon Silver Ring,13628,1604,backfill
2026-01-12T22:05:27.862Z,139,Foxglove Silver Ring,12892,1560,backfill
2026-01-12T22:05:27.862Z,140,Summoner Silver Ring,12511,1523,backfill
2026-01-12T22:05:27.862Z,243,Golden Archon Ring,1205,115,backfill
2026-01-12T22:05:27.862Z,244,Golden Athena Ring,1272,125,backfill
2026-01-12T22:05:27.862Z,245,Golden Chobo Ring,1292,116,backfill
2026-01-12T22:05:27.862Z,246,Golden Crusader Ring,1185,131,backfill
2026-01-12T22:05:27.862Z,247,Golden Foxglove Ring,1186,130,backfill
2026-01-12T22:05:27.862Z,248,Golden Overseer Ring,1283,129,backfill
2026-01-12T22:05:27.862Z,249,Golden Summoner Ring,1215,123,backfill
2026-01-13T22:05:29.985Z,134,Chobo Silver Ring,12991,1581,backfill
2026-01-13T22:05:29.985Z,135,Crusader Silver Ring,12953,1562,backfill
2026-01-13T22:05:29.985Z,136,Overseer Silver Ring,12694,1557,backfill
2026-01-13T22:05:29.985Z,137,Athena Silver Ring,12726,1527,backfill
2026-01-13T22:05:29.985Z,138,Archon Silver Ring,13710,1619,backfill
2026-01-13T22:05:29.985Z,139,Foxglove Silver Ring,12966,1578,backfill
2026-01-13T22:05:29.985Z,140,Summoner Silver Ring,12621,1543,backfill
2026-01-13T22:05:29.985Z,243,Golden Archon Ring,1216,117,backfill
2026-01-13T22:05:29.985Z,244,Golden Athena Ring,1285,127,backfill
2026-01-13T22:05:29.985Z,245,Golden Chobo Ring,1313,121,backfill
2026-01-13T22:05:29.985Z,246,Golden Crusader Ring,1197,134,backfill
2026-01-13T22:05:29.985Z,247,Golden Foxglove Ring,1193,138,backfill
2026-01-13T22:05:29.985Z,248,Golden Overseer Ring,1308,132,backfill
2026-01-13T22:05:29.985Z,249,Golden Summoner Ring,1245,129,backfill
2026-01-14T22:05:32.455Z,134,Chobo Silver Ring,13081,1594,backfill
2026-01-14T22:05:32.455Z,135,Crusader Silver Ring,13017,1577,backfill
2026-01-14T22:05:32.455Z,136,Overseer Silver Ring,12770,1572,backfill
2026-01-14T22:05:32.455Z,137,Athena Silver Ring,12838,1543,backfill
2026-01-14T22:05:32.455Z,138,Archon Silver Ring,13821,1634,backfill
2026-01-14T22:05:32.455Z,139,Foxglove Silver Ring,13054,1595,backfill
2026-01-14T22:05:32.455Z,140,Summoner Silver Ring,12679,1564,backfill
2026-01-14T22:05:32.455Z,243,Golden Archon Ring,1231,118,backfill
2026-01-14T22:05:32.455Z,244,Golden Athena Ring,1310,134,backfill
2026-01-14T22:05:32.455Z,245,Golden Chobo Ring,1328,122,backfill
2026-01-14T22:05:32.455Z,246,Golden Crusader Ring,1213,136,backfill
2026-01-14T22:05:32.455Z,247,Golden Foxglove Ring,1215,138,backfill
2026-01-14T22:05:32.455Z,248,Golden Overseer Ring,1327,133,backfill
2026-01-14T22:05:32.455Z,249,Golden Summoner Ring,1265,129,backfill
2026-01-15T22:05:22.719Z,134,Chobo Silver Ring,13171,1604,backfill
2026-01-15T22:05:22.719Z,135,Crusader Silver Ring,13107,1591,backfill
2026-01-15T22:05:22.719Z,136,Overseer Silver Ring,12859,1583,backfill
2026-01-15T22:05:22.719Z,137,Athena Silver Ring,12955,1561,backfill
2026-01-15T22:05:22.719Z,138,Archon Silver Ring,13921,1649,backfill
2026-01-15T22:05:22.719Z,139,Foxglove Silver Ring,13144,1608,backfill
2026-01-15T22:05:22.719Z,140,Summoner Silver Ring,12778,1585,backfill
2026-01-15T22:05:22.719Z,243,Golden Archon Ring,1256,126,backfill
2026-01-15T22:05:22.719Z,244,Golden Athena Ring,1330,137,backfill
2026-01-15T22:05:22.719Z,245,Golden Chobo Ring,1347,123,backfill
2026-01-15T22:05:22.719Z,246,Golden Crusader Ring,1231,138,backfill
2026-01-15T22:05:22.719Z,247,Golden Foxglove Ring,1227,143,backfill
2026-01-15T22:05:22.719Z,248,Golden Overseer Ring,1346,136,backfill
2026-01-15T22:05:22.719Z,249,Golden Summoner Ring,1281,130,backfill
2026-01-16T22:05:29.512Z,134,Chobo Silver Ring,13292,1618,backfill
2026-01-16T22:05:29.512Z,135,Crusader Silver Ring,13216,1607,backfill
2026-01-16T22:05:29.512Z,136,Overseer Silver Ring,12991,1609,backfill
2026-01-16T22:05:29.512Z,137,Athena Silver Ring,13037,1580,backfill
2026-01-16T22:05:29.512Z,138,Archon Silver Ring,14032,1666,backfill
2026-01-16T22:05:29.512Z,139,Foxglove Silver Ring,13251,1624,backfill
2026-01-16T22:05:29.512Z,140,Summoner Silver Ring,12905,1603,backfill
2026-01-16T22:05:29.512Z,243,Golden Archon Ring,1265,127,backfill
2026-01-16T22:05:29.512Z,244,Golden Athena Ring,1331,135,backfill
2026-01-16T22:05:29.512Z,245,Golden Chobo Ring,1359,123,backfill
2026-01-16T22:05:29.512Z,246,Golden Crusader Ring,1236,140,backfill
2026-01-16T22:05:29.512Z,247,Golden Foxglove Ring,1244,143,backfill
2026-01-16T22:05:29.512Z,248,Golden Overseer Ring,1347,136,backfill
2026-01-16T22:05:29.512Z,249,Golden Summoner Ring,1292,131,backfill
2026-01-17T22:05:19.264Z,134,Chobo Silver Ring,12282,1571,backfill
2026-01-17T22:05:19.264Z,135,Crusader Silver Ring,12247,1557,backfill
2026-01-17T22:05:19.264Z,136,Overseer Silver Ring,11987,1545,backfill
2026-01-17T22:05:19.264Z,137,Athena Silver Ring,11988,1528,backfill
2026-01-17T22:05:19.264Z,138,Archon Silver Ring,12985,1603,backfill
2026-01-17T22:05:19.264Z,139,Foxglove Silver Ring,12161,1574,backfill
2026-01-17T22:05:19.264Z,140,Summoner Silver Ring,12017,1551,backfill
2026-01-17T22:05:19.264Z,243,Golden Archon Ring,1285,132,backfill
2026-01-17T22:05:19.264Z,244,Golden Athena Ring,1346,136,backfill
2026-01-17T22:05:19.264Z,245,Golden Chobo Ring,1373,126,backfill
2026-01-17T22:05:19.264Z,246,Golden Crusader Ring,1248,142,backfill
2026-01-17T22:05:19.264Z,247,Golden Foxglove Ring,1257,144,backfill
2026-01-17T22:05:19.264Z,248,Golden Overseer Ring,1369,141,backfill
2026-01-17T22:05:19.264Z,249,Golden Summoner Ring,1307,135,backfill
2026-01-18T22:05:18.190Z,134,Chobo Silver Ring,11943,1565,backfill
2026-01-18T22:05:18.190Z,135,Crusader Silver Ring,12109,1561,backfill
2026-01-18T22:05:18.190Z,136,Overseer Silver Ring,11709,1542,backfill
2026-01-18T22:05:18.190Z,137,Athena Silver Ring,11799,1524,backfill
2026-01-18T22:05:18.190Z,138,Archon Silver Ring,12795,1604,backfill
2026-01-18T22:05:18.190Z,139,Foxglove Silver Ring,11985,1575,backfill
2026-01-18T22:05:18.190Z,140,Summoner Silver Ring,11865,1554,backfill
2026-01-18T22:05:18.190Z,243,Golden Archon Ring,1302,133,backfill
2026-01-18T22:05:18.190Z,244,Golden Athena Ring,1363,139,backfill
2026-01-18T22:05:18.190Z,245,Golden Chobo Ring,1386,127,backfill
2026-01-18T22:05:18.190Z,246,Golden Crusader Ring,1257,143,backfill
2026-01-18T22:05:18.190Z,247,Golden Foxglove Ring,1271,145,backfill
2026-01-18T22:05:18.190Z,248,Golden Overseer Ring,1382,142,backfill
2026-01-18T22:05:18.190Z,249,Golden Summoner Ring,1326,137,backfill
2026-01-19T22:05:31.668Z,134,Chobo Silver Ring,11793,1553,backfill
2026-01-19T22:05:31.668Z,135,Crusader Silver Ring,11989,1552,backfill
2026-01-19T22:05:31.668Z,136,Overseer Silver Ring,11551,1537,backfill
2026-01-19T22:05:31.668Z,137,Athena Silver Ring,11680,1525,backfill
2026-01-19T22:05:31.668Z,138,Archon Silver Ring,12709,1596,backfill
2026-01-19T22:05:31.668Z,139,Foxglove Silver Ring,11927,1577,backfill
2026-01-19T22:05:31.668Z,140,Summoner Silver Ring,11802,1557,backfill
2026-01-19T22:05:31.668Z,243,Golden Archon Ring,1320,135,backfill
2026-01-19T22:05:31.668Z,244,Golden Athena Ring,1384,141,backfill
2026-01-19T22:05:31.668Z,245,Golden Chobo Ring,1401,126,backfill
2026-01-19T22:05:31.668Z,246,Golden Crusader Ring,1274,144,backfill
2026-01-19T22:05:31.668Z,247,Golden Foxglove Ring,1292,147,backfill
2026-01-19T22:05:31.668Z,248,Golden Overseer Ring,1411,147,backfill
2026-01-19T22:05:31.668Z,249,Golden Summoner Ring,1345,138,backfill
2026-01-20T22:05:30.626Z,134,Chobo Silver Ring,11714,1548,backfill
2026-01-20T22:05:30.626Z,135,Crusader Silver Ring,11934,1554,backfill
2026-01-20T22:05:30.626Z,136,Overseer Silver Ring,11542,1535,backfill
2026-01-20T22:05:30.626Z,137,Athena Silver Ring,11591,1516,backfill
2026-01-20T22:05:30.626Z,138,Archon Silver Ring,12583,1571,backfill
2026-01-20T22:05:30.626Z,139,Foxglove Silver Ring,11819,1565,backfill
2026-01-20T22:05:30.626Z,140,Summoner Silver Ring,11742,1547,backfill
2026-01-20T22:05:30.626Z,243,Golden Archon Ring,1337,137,backfill
2026-01-20T22:05:30.626Z,244,Golden Athena Ring,1404,142,backfill
2026-01-20T22:05:30.626Z,245,Golden Chobo Ring,1410,125,backfill
2026-01-20T22:05:30.626Z,246,Golden Crusader Ring,1294,142,backfill
2026-01-20T22:05:30.626Z,247,Golden Foxglove Ring,1307,147,backfill
2026-01-20T22:05:30.626Z,248,Golden Overseer Ring,1428,148,backfill
2026-01-20T22:05:30.626Z,249,Golden Summoner Ring,1356,139,backfill
2026-01-21T22:05:25.637Z,134,Chobo Silver Ring,11702,1555,backfill
2026-01-21T22:05:25.637Z,135,Crusader Silver Ring,11914,1560,backfill
2026-01-21T22:05:25.637Z,136,Overseer Silver Ring,11550,1545,backfill
2026-01-21T22:05:25.637Z,137,Athena Silver Ring,11547,1523,backfill
2026-01-21T22:05:25.637Z,138,Archon Silver Ring,12532,1582,backfill
2026-01-21T22:05:25.637Z,139,Foxglove Silver Ring,11763,1567,backfill
2026-01-21T22:05:25.637Z,140,Summoner Silver Ring,11520,1539,backfill
2026-01-21T22:05:25.637Z,243,Golden Archon Ring,1357,141,backfill
2026-01-21T22:05:25.637Z,244,Golden Athena Ring,1425,145,backfill
2026-01-21T22:05:25.637Z,245,Golden Chobo Ring,1443,129,backfill
2026-01-21T22:05:25.637Z,246,Golden Crusader Ring,1314,146,backfill
2026-01-21T22:05:25.637Z,247,Golden Foxglove Ring,1318,152,backfill
2026-01-21T22:05:25.637Z,248,Golden Overseer Ring,1446,151,backfill
2026-01-21T22:05:25.637Z,249,Golden Summoner Ring,1383,145,backfill
2026-01-22T22:05:28.609Z,134,Chobo Silver Ring,11697,1548,backfill
2026-01-22T22:05:28.609Z,135,Crusader Silver Ring,11814,1546,backfill
2026-01-22T22:05:28.609Z,136,Overseer Silver Ring,11432,1530,backfill
2026-01-22T22:05:28.609Z,137,Athena Silver Ring,11535,1519,backfill
2026-01-22T22:05:28.609Z,138,Archon Silver Ring,12499,1574,backfill
2026-01-22T22:05:28.609Z,139,Foxglove Silver Ring,11638,1545,backfill
2026-01-22T22:05:28.609Z,140,Summoner Silver Ring,11487,1525,backfill
2026-01-22T22:05:28.609Z,243,Golden Archon Ring,1379,145,backfill
2026-01-22T22:05:28.609Z,244,Golden Athena Ring,1444,147,backfill
2026-01-22T22:05:28.609Z,245,Golden Chobo Ring,1461,132,backfill
2026-01-22T22:05:28.609Z,246,Golden Crusader Ring,1331,148,backfill
2026-01-22T22:05:28.609Z,247,Golden Foxglove Ring,1345,155,backfill
2026-01-22T22:05:28.609Z,248,Golden Overseer Ring,1474,153,backfill
2026-01-22T22:05:28.609Z,249,Golden Summoner Ring,1390,144,backfill
2026-01-23T22:05:42.113Z,134,Chobo Silver Ring,11463,1502,backfill
2026-01-23T22:05:42.113Z,135,Crusader Silver Ring,11630,1524,backfill
2026-01-23T22:05:42.113Z,136,Overseer Silver Ring,11251,1502,backfill
2026-01-23T22:05:42.113Z,137,Athena Silver Ring,11328,1485,backfill
2026-01-23T22:05:42.113Z,138,Archon Silver Ring,12235,1541,backfill
2026-01-23T22:05:42.113Z,139,Foxglove Silver Ring,11506,1516,backfill
2026-01-23T22:05:42.113Z,140,Summoner Silver Ring,11337,1500,backfill
2026-01-23T22:05:42.113Z,243,Golden Archon Ring,1391,145,backfill
2026-01-23T22:05:42.113Z,244,Golden Athena Ring,1462,148,backfill
2026-01-23T22:05:42.113Z,245,Golden Chobo Ring,1478,135,backfill
2026-01-23T22:05:42.113Z,246,Golden Crusader Ring,1345,148,backfill
2026-01-23T22:05:42.113Z,247,Golden Foxglove Ring,1360,159,backfill
2026-01-23T22:05:42.113Z,248,Golden Overseer Ring,1488,155,backfill
2026-01-23T22:05:42.113Z,249,Golden Summoner Ring,1404,145,backfill
2026-01-24T22:05:18.895Z,134,Chobo Silver Ring,11513,1520,backfill
2026-01-24T22:05:18.895Z,135,Crusader Silver Ring,11603,1534,backfill
2026-01-24T22:05:18.895Z,136,Overseer Silver Ring,11279,1508,backfill
2026-01-24T22:05:18.895Z,137,Athena Silver Ring,11299,1490,backfill
2026-01-24T22:05:18.895Z,138,Archon Silver Ring,12063,1540,backfill
2026-01-24T22:05:18.895Z,139,Foxglove Silver Ring,11523,1530,backfill
2026-01-24T22:05:18.895Z,140,Summoner Silver Ring,11371,1517,backfill
2026-01-24T22:05:18.895Z,243,Golden Archon Ring,1305,129,backfill
2026-01-24T22:05:18.895Z,244,Golden Athena Ring,1399,134,backfill
2026-01-24T22:05:18.895Z,245,Golden Chobo Ring,1388,119,backfill
2026-01-24T22:05:18.895Z,246,Golden Crusader Ring,1306,138,backfill
2026-01-24T22:05:18.895Z,247,Golden Foxglove Ring,1282,147,backfill
2026-01-24T22:05:18.895Z,248,Golden Overseer Ring,1388,138,backfill
2026-01-24T22:05:18.895Z,249,Golden Summoner Ring,1347,134,backfill
2026-01-25T22:05:24.567Z,134,Chobo Silver Ring,11612,1542,backfill
2026-01-25T22:05:24.567Z,135,Crusader Silver Ring,11684,1547,backfill
2026-01-25T22:05:24.567Z,136,Overseer Silver Ring,11384,1524,backfill
2026-01-25T22:05:24.567Z,137,Athena Silver Ring,11424,1503,backfill
2026-01-25T22:05:24.567Z,138,Archon Silver Ring,12144,1553,backfill
2026-01-25T22:05:24.567Z,139,Foxglove Silver Ring,11613,1540,backfill
2026-01-25T22:05:24.567Z,140,Summoner Silver Ring,11488,1533,backfill
2026-01-25T22:05:24.567Z,243,Golden Archon Ring,1298,128,backfill
2026-01-25T22:05:24.567Z,244,Golden Athena Ring,1387,132,backfill
2026-01-25T22:05:24.567Z,245,Golden Chobo Ring,1394,117,backfill
2026-01-25T22:05:24.567Z,246,Golden Crusader Ring,1279,136,backfill
2026-01-25T22:05:24.567Z,247,Golden Foxglove Ring,1273,144,backfill
2026-01-25T22:05:24.567Z,248,Golden Overseer Ring,1378,134,backfill
2026-01-25T22:05:24.567Z,249,Golden Summoner Ring,1328,133,backfill
2026-01-26T22:05:23.120Z,134,Chobo Silver Ring,11727,1562,backfill
2026-01-26T22:05:23.120Z,135,Crusader Silver Ring,11816,1571,backfill
2026-01-26T22:05:23.120Z,136,Overseer Silver Ring,11469,1545,backfill
2026-01-26T22:05:23.120Z,137,Athena Silver Ring,11518,1514,backfill
2026-01-26T22:05:23.120Z,138,Archon Silver Ring,12238,1568,backfill
2026-01-26T22:05:23.120Z,139,Foxglove Silver Ring,11682,1554,backfill
2026-01-26T22:05:23.120Z,140,Summoner Silver Ring,11638,1561,backfill
2026-01-26T22:05:23.120Z,243,Golden Archon Ring,1296,124,backfill
2026-01-26T22:05:23.120Z,244,Golden Athena Ring,1387,133,backfill
2026-01-26T22:05:23.120Z,245,Golden Chobo Ring,1399,118,backfill
2026-01-26T22:05:23.120Z,246,Golden Crusader Ring,1281,136,backfill
2026-01-26T22:05:23.120Z,247,Golden Foxglove Ring,1275,144,backfill
2026-01-26T22:05:23.120Z,248,Golden Overseer Ring,1372,132,backfill
2026-01-26T22:05:23.120Z,249,Golden Summoner Ring,1328,134,backfill
2026-01-27T22:05:35.033Z,134,Chobo Silver Ring,11808,1571,backfill
2026-01-27T22:05:35.033Z,135,Crusader Silver Ring,11894,1581,backfill
2026-01-27T22:05:35.033Z,136,Overseer Silver Ring,11573,1567,backfill
2026-01-27T22:05:35.033Z,137,Athena Silver Ring,11627,1541,backfill
2026-01-27T22:05:35.033Z,138,Archon Silver Ring,12353,1588,backfill
2026-01-27T22:05:35.033Z,139,Foxglove Silver Ring,11795,1577,backfill
2026-01-27T22:05:35.033Z,140,Summoner Silver Ring,11757,1578,backfill
2026-01-27T22:05:35.033Z,243,Golden Archon Ring,1352,124,backfill
2026-01-27T22:05:35.033Z,244,Golden Athena Ring,1402,129,backfill
2026-01-27T22:05:35.033Z,245,Golden Chobo Ring,1454,120,backfill
2026-01-27T22:05:35.033Z,246,Golden Crusader Ring,1303,139,backfill
2026-01-27T22:05:35.033Z,247,Golden Foxglove Ring,1343,143,backfill
2026-01-27T22:05:35.033Z,248,Golden Overseer Ring,1433,133,backfill
2026-01-27T22:05:35.033Z,249,Golden Summoner Ring,1369,134,backfill
2026-01-28T22:05:40.867Z,134,Chobo Silver Ring,11798,1569,backfill
2026-01-28T22:05:40.867Z,135,Crusader Silver Ring,11888,1575,backfill
2026-01-28T22:05:40.867Z,136,Overseer Silver Ring,11562,1561,backfill
2026-01-28T22:05:40.867Z,137,Athena Silver Ring,11613,1536,backfill
2026-01-28T22:05:40.867Z,138,Archon Silver Ring,12342,1587,backfill
2026-01-28T22:05:40.867Z,139,Foxglove Silver Ring,11786,1578,backfill
2026-01-28T22:05:40.867Z,140,Summoner Silver Ring,11737,1569,backfill
2026-01-28T22:05:40.867Z,243,Golden Archon Ring,1351,124,backfill
2026-01-28T22:05:40.867Z,244,Golden Athena Ring,1400,131,backfill
2026-01-28T22:05:40.867Z,245,Golden Chobo Ring,1461,122,backfill
2026-01-28T22:05:40.867Z,246,Golden Crusader Ring,1291,136,backfill
2026-01-28T22:05:40.867Z,247,Golden Foxglove Ring,1335,138,backfill
2026-01-28T22:05:40.867Z,248,Golden Overseer Ring,1438,131,backfill
2026-01-28T22:05:40.867Z,249,Golden Summoner Ring,1379,131,backfill
2026-01-29T22:05:35.061Z,134,Chobo Silver Ring,11784,1566,backfill
2026-01-29T22:05:35.061Z,135,Crusader Silver Ring,11855,1567,backfill
2026-01-29T22:05:35.061Z,136,Overseer Silver Ring,11546,1561,backfill
2026-01-29T22:05:35.061Z,137,Athena Silver Ring,11606,1532,backfill
2026-01-29T22:05:35.061Z,138,Archon Silver Ring,12328,1583,backfill
2026-01-29T22:05:35.061Z,139,Foxglove Silver Ring,11765,1570,backfill
2026-01-29T22:05:35.061Z,140,Summoner Silver Ring,11731,1564,backfill
2026-01-29T22:05:35.061Z,243,Golden Archon Ring,1328,124,backfill
2026-01-29T22:05:35.061Z,244,Golden Athena Ring,1396,131,backfill
2026-01-29T22:05:35.061Z,245,Golden Chobo Ring,1445,121,backfill
2026-01-29T22:05:35.061Z,246,Golden Crusader Ring,1286,135,backfill
2026-01-29T22:05:35.061Z,247,Golden Foxglove Ring,1330,137,backfill
2026-01-29T22:05:35.061Z,248,Golden Overseer Ring,1424,131,backfill
2026-01-29T22:05:35.061Z,249,Golden Summoner Ring,1374,130,backfill
2026-01-30T22:05:47.557Z,134,Chobo Silver Ring,11884,1589,backfill
2026-01-30T22:05:47.557Z,135,Crusader Silver Ring,11935,1578,backfill
2026-01-30T22:05:47.557Z,136,Overseer Silver Ring,11608,1575,backfill
2026-01-30T22:05:47.557Z,137,Athena Silver Ring,11697,1549,backfill
2026-01-30T22:05:47.557Z,138,Archon Silver Ring,12391,1593,backfill
2026-01-30T22:05:47.557Z,139,Foxglove Silver Ring,11862,1596,backfill
2026-01-30T22:05:47.557Z,140,Summoner Silver Ring,11773,1571,backfill
2026-01-30T22:05:47.557Z,243,Golden Archon Ring,1280,118,backfill
2026-01-30T22:05:47.557Z,244,Golden Athena Ring,1377,129,backfill
2026-01-30T22:05:47.557Z,245,Golden Chobo Ring,1406,118,backfill
2026-01-30T22:05:47.557Z,246,Golden Crusader Ring,1269,130,backfill
2026-01-30T22:05:47.557Z,247,Golden Foxglove Ring,1290,136,backfill
2026-01-30T22:05:47.557Z,248,Golden Overseer Ring,1380,131,backfill
2026-01-30T22:05:47.557Z,249,Golden Summoner Ring,1336,129,backfill
2026-01-31T22:05:47.880Z,134,Chobo Silver Ring,11969,1605,backfill
2026-01-31T22:05:47.880Z,135,Crusader Silver Ring,12004,1594,backfill
2026-01-31T22:05:47.880Z,136,Overseer Silver Ring,11674,1585,backfill
2026-01-31T22:05:47.880Z,137,Athena Silver Ring,11769,1565,backfill
2026-01-31T22:05:47.880Z,138,Archon Silver Ring,12463,1607,backfill
2026-01-31T22:05:47.880Z,139,Foxglove Silver Ring,11955,1609,backfill
2026-01-31T22:05:47.880Z,140,Summoner Silver Ring,11873,1590,backfill
2026-01-31T22:05:47.880Z,243,Golden Archon Ring,1340,119,backfill
2026-01-31T22:05:47.880Z,244,Golden Athena Ring,1394,130,backfill
2026-01-31T22:05:47.880Z,245,Golden Chobo Ring,1459,121,backfill
2026-01-31T22:05:47.880Z,246,Golden Crusader Ring,1280,130,backfill
2026-01-31T22:05:47.880Z,247,Golden Foxglove Ring,1342,137,backfill
2026-01-31T22:05:47.880Z,248,Golden Overseer Ring,1429,131,backfill
2026-01-31T22:05:47.880Z,249,Golden Summoner Ring,1378,128,backfill
2026-02-01T22:05:14.876Z,134,Chobo Silver Ring,12066,1614,backfill
2026-02-01T22:05:14.876Z,135,Crusader Silver Ring,12096,1603,backfill
2026-02-01T22:05:14.876Z,136,Overseer Silver Ring,11770,1596,backfill
2026-02-01T22:05:14.876Z,137,Athena Silver Ring,11843,1579,backfill
2026-02-01T22:05:14.876Z,138,Archon Silver Ring,12544,1622,backfill
2026-02-01T22:05:14.876Z,139,Foxglove Silver Ring,12021,1620,backfill
2026-02-01T22:05:14.876Z,140,Summoner Silver Ring,11955,1598,backfill
2026-02-01T22:05:14.876Z,243,Golden Archon Ring,1360,126,backfill
2026-02-01T22:05:14.876Z,244,Golden Athena Ring,1414,132,backfill
2026-02-01T22:05:14.876Z,245,Golden Chobo Ring,1473,124,backfill
2026-02-01T22:05:14.876Z,246,Golden Crusader Ring,1295,132,backfill
2026-02-01T22:05:14.876Z,247,Golden Foxglove Ring,1361,139,backfill
2026-02-01T22:05:14.876Z,248,Golden Overseer Ring,1452,136,backfill
2026-02-01T22:05:14.876Z,249,Golden Summoner Ring,1393,131,backfill
2026-02-02T22:05:29.223Z,134,Chobo Silver Ring,12184,1627,backfill
2026-02-02T22:05:29.223Z,135,Crusader Silver Ring,12183,1617,backfill
2026-02-02T22:05:29.223Z,136,Overseer Silver Ring,11847,1603,backfill
2026-02-02T22:05:29.223Z,137,Athena Silver Ring,11924,1587,backfill
2026-02-02T22:05:29.223Z,138,Archon Silver Ring,12675,1641,backfill
2026-02-02T22:05:29.223Z,139,Foxglove Silver Ring,12091,1632,backfill
2026-02-02T22:05:29.223Z,140,Summoner Silver Ring,12050,1614,backfill
2026-02-02T22:05:29.223Z,243,Golden Archon Ring,1375,130,backfill
2026-02-02T22:05:29.223Z,244,Golden Athena Ring,1426,134,backfill
2026-02-02T22:05:29.223Z,245,Golden Chobo Ring,1487,126,backfill
2026-02-02T22:05:29.223Z,246,Golden Crusader Ring,1312,136,backfill
2026-02-02T22:05:29.223Z,247,Golden Foxglove Ring,1376,140,backfill
2026-02-02T22:05:29.223Z,248,Golden Overseer Ring,1474,140,backfill
2026-02-02T22:05:29.223Z,249,Golden Summoner Ring,1397,132,backfill
2026-02-03T22:05:31.909Z,134,Chobo Silver Ring,12285,1640,backfill
2026-02-03T22:05:31.909Z,135,Crusader Silver Ring,12240,1625,backfill
2026-02-03T22:05:31.909Z,136,Overseer Silver Ring,11921,1612,backfill
2026-02-03T22:05:31.909Z,137,Athena Silver Ring,12080,1607,backfill
2026-02-03T22:05:31.909Z,138,Archon Silver Ring,12859,1656,backfill
2026-02-03T22:05:31.909Z,139,Foxglove Silver Ring,12195,1651,backfill
2026-02-03T22:05:31.909Z,140,Summoner Silver Ring,12145,1630,backfill
2026-02-03T22:05:31.909Z,243,Golden Archon Ring,1379,129,backfill
2026-02-03T22:05:31.909Z,244,Golden Athena Ring,1447,133,backfill
2026-02-03T22:05:31.909Z,245,Golden Chobo Ring,1501,126,backfill
2026-02-03T22:05:31.909Z,246,Golden Crusader Ring,1326,136,backfill
2026-02-03T22:05:31.909Z,247,Golden Foxglove Ring,1392,140,backfill
2026-02-03T22:05:31.909Z,248,Golden Overseer Ring,1493,140,backfill
2026-02-03T22:05:31.909Z,249,Golden Summoner Ring,1403,131,backfill
2026-02-04T22:05:27.053Z,134,Chobo Silver Ring,12374,1657,backfill
2026-02-04T22:05:27.053Z,135,Crusader Silver Ring,12306,1636,backfill
2026-02-04T22:05:27.053Z,136,Overseer Silver Ring,11972,1617,backfill
2026-02-04T22:05:27.053Z,137,Athena Silver Ring,12160,1617,backfill
2026-02-04T22:05:27.053Z,138,Archon Silver Ring,12938,1668,backfill
2026-02-04T22:05:27.053Z,139,Foxglove Silver Ring,12311,1664,backfill
2026-02-04T22:05:27.053Z,140,Summoner Silver Ring,12244,1652,backfill
2026-02-04T22:05:27.053Z,243,Golden Archon Ring,1392,132,backfill
2026-02-04T22:05:27.053Z,244,Golden Athena Ring,1461,134,backfill
2026-02-04T22:05:27.053Z,245,Golden Chobo Ring,1520,129,backfill
2026-02-04T22:05:27.053Z,246,Golden Crusader Ring,1343,138,backfill
2026-02-04T22:05:27.053Z,247,Golden Foxglove Ring,1407,142,backfill
2026-02-04T22:05:27.053Z,248,Golden Overseer Ring,1501,141,backfill
2026-02-04T22:05:27.053Z,249,Golden Summoner Ring,1410,131,backfill
2026-02-05T22:05:20.401Z,134,Chobo Silver Ring,12466,1674,backfill
2026-02-05T22:05:20.401Z,135,Crusader Silver Ring,12384,1652,backfill
2026-02-05T22:05:20.401Z,136,Overseer Silver Ring,12074,1638,backfill
2026-02-05T22:05:20.401Z,137,Athena Silver Ring,12258,1636,backfill
2026-02-05T22:05:20.401Z,138,Archon Silver Ring,13011,1678,backfill
2026-02-05T22:05:20.401Z,139,Foxglove Silver Ring,12384,1677,backfill
2026-02-05T22:05:20.401Z,140,Summoner Silver Ring,12334,1664,backfill
2026-02-05T22:05:20.401Z,243,Golden Archon Ring,1403,134,backfill
2026-02-05T22:05:20.401Z,244,Golden Athena Ring,1469,135,backfill
2026-02-05T22:05:20.401Z,245,Golden Chobo Ring,1519,129,backfill
2026-02-05T22:05:20.401Z,246,Golden Crusader Ring,1353,140,backfill
2026-02-05T22:05:20.401Z,247,Golden Foxglove Ring,1407,143,backfill
2026-02-05T22:05:20.401Z,248,Golden Overseer Ring,1515,144,backfill
2026-02-05T22:05:20.401Z,249,Golden Summoner Ring,1416,131,backfill
2026-02-06T22:05:48.880Z,134,Chobo Silver Ring,12556,1688,backfill
2026-02-06T22:05:48.880Z,135,Crusader Silver Ring,12457,1662,backfill
2026-02-06T22:05:48.880Z,136,Overseer Silver Ring,12165,1650,backfill
2026-02-06T22:05:48.880Z,137,Athena Silver Ring,12339,1645,backfill
2026-02-06T22:05:48.880Z,138,Archon Silver Ring,13081,1683,backfill
2026-02-06T22:05:48.880Z,139,Foxglove Silver Ring,12461,1685,backfill
2026-02-06T22:05:48.880Z,140,Summoner Silver Ring,12400,1673,backfill
2026-02-06T22:05:48.880Z,243,Golden Archon Ring,1414,135,backfill
2026-02-06T22:05:48.880Z,244,Golden Athena Ring,1476,136,backfill
2026-02-06T22:05:48.880Z,245,Golden Chobo Ring,1526,131,backfill
2026-02-06T22:05:48.880Z,246,Golden Crusader Ring,1363,142,backfill
2026-02-06T22:05:48.880Z,247,Golden Foxglove Ring,1414,144,backfill
2026-02-06T22:05:48.880Z,248,Golden Overseer Ring,1519,144,backfill
2026-02-06T22:05:48.880Z,249,Golden Summoner Ring,1423,134,backfill
2026-02-07T22:05:24.550Z,134,Chobo Silver Ring,12643,1698,backfill
2026-02-07T22:05:24.550Z,135,Crusader Silver Ring,12577,1676,backfill
2026-02-07T22:05:24.550Z,136,Overseer Silver Ring,12233,1662,backfill
2026-02-07T22:05:24.550Z,137,Athena Silver Ring,12459,1662,backfill
2026-02-07T22:05:24.550Z,138,Archon Silver Ring,13198,1690,backfill
2026-02-07T22:05:24.550Z,139,Foxglove Silver Ring,12581,1700,backfill
2026-02-07T22:05:24.550Z,140,Summoner Silver Ring,12450,1678,backfill
2026-02-07T22:05:24.550Z,243,Golden Archon Ring,1426,136,backfill
2026-02-07T22:05:24.550Z,244,Golden Athena Ring,1488,138,backfill
2026-02-07T22:05:24.550Z,245,Golden Chobo Ring,1536,131,backfill
2026-02-07T22:05:24.550Z,246,Golden Crusader Ring,1373,144,backfill
2026-02-07T22:05:24.550Z,247,Golden Foxglove Ring,1427,146,backfill
2026-02-07T22:05:24.550Z,248,Golden Overseer Ring,1531,145,backfill
2026-02-07T22:05:24.550Z,249,Golden Summoner Ring,1428,136,backfill
2026-02-08T22:05:15.303Z,134,Chobo Silver Ring,12701,1701,backfill
2026-02-08T22:05:15.303Z,135,Crusader Silver Ring,12667,1683,backfill
2026-02-08T22:05:15.303Z,136,Overseer Silver Ring,12300,1669,backfill
2026-02-08T22:05:15.303Z,137,Athena Silver Ring,12538,1671,backfill
2026-02-08T22:05:15.303Z,138,Archon Silver Ring,13267,1703,backfill
2026-02-08T22:05:15.303Z,139,Foxglove Silver Ring,12637,1709,backfill
2026-02-08T22:05:15.303Z,140,Summoner Silver Ring,12533,1692,backfill
2026-02-08T22:05:15.303Z,243,Golden Archon Ring,1438,136,backfill
2026-02-08T22:05:15.303Z,244,Golden Athena Ring,1492,137,backfill
2026-02-08T22:05:15.303Z,245,Golden Chobo Ring,1542,131,backfill
2026-02-08T22:05:15.303Z,246,Golden Crusader Ring,1385,145,backfill
2026-02-08T22:05:15.303Z,247,Golden Foxglove Ring,1439,148,backfill
2026-02-08T22:05:15.303Z,248,Golden Overseer Ring,1540,146,backfill
2026-02-08T22:05:15.303Z,249,Golden Summoner Ring,1438,137,backfill
2026-02-09T22:05:41.953Z,134,Chobo Silver Ring,12785,1714,backfill
2026-02-09T22:05:41.953Z,135,Crusader Silver Ring,12795,1698,backfill
2026-02-09T22:05:41.953Z,136,Overseer Silver Ring,12371,1681,backfill
2026-02-09T22:05:41.953Z,137,Athena Silver Ring,12607,1684,backfill
2026-02-09T22:05:41.953Z,138,Archon Silver Ring,13324,1710,backfill
2026-02-09T22:05:41.953Z,139,Foxglove Silver Ring,12720,1720,backfill
2026-02-09T22:05:41.953Z,140,Summoner Silver Ring,12597,1709,backfill
2026-02-09T22:05:41.953Z,243,Golden Archon Ring,1458,138,backfill
2026-02-09T22:05:41.953Z,244,Golden Athena Ring,1502,140,backfill
2026-02-09T22:05:41.953Z,245,Golden Chobo Ring,1554,132,backfill
2026-02-09T22:05:41.953Z,246,Golden Crusader Ring,1401,146,backfill
2026-02-09T22:05:41.953Z,247,Golden Foxglove Ring,1450,151,backfill
2026-02-09T22:05:41.953Z,248,Golden Overseer Ring,1551,149,backfill
2026-02-09T22:05:41.953Z,249,Golden Summoner Ring,1451,140,backfill
2026-02-10T22:05:39.913Z,134,Chobo Silver Ring,12878,1726,backfill
2026-02-10T22:05:39.913Z,135,Crusader Silver Ring,12868,1710,backfill
2026-02-10T22:05:39.913Z,136,Overseer Silver Ring,12446,1691,backfill
2026-02-10T22:05:39.913Z,137,Athena Silver Ring,12655,1690,backfill
2026-02-10T22:05:39.913Z,138,Archon Silver Ring,13423,1725,backfill
2026-02-10T22:05:39.913Z,139,Foxglove Silver Ring,12792,1732,backfill
2026-02-10T22:05:39.913Z,140,Summoner Silver Ring,12674,1721,backfill
2026-02-10T22:05:39.913Z,243,Golden Archon Ring,1417,136,backfill
2026-02-10T22:05:39.913Z,244,Golden Athena Ring,1509,142,backfill
2026-02-10T22:05:39.913Z,245,Golden Chobo Ring,1526,133,backfill
2026-02-10T22:05:39.913Z,246,Golden Crusader Ring,1412,146,backfill
2026-02-10T22:05:39.913Z,247,Golden Foxglove Ring,1407,149,backfill
2026-02-10T22:05:39.913Z,248,Golden Overseer Ring,1518,148,backfill
2026-02-10T22:05:39.913Z,249,Golden Summoner Ring,1423,139,backfill
2026-02-11T22:05:21.919Z,134,Chobo Silver Ring,12963,1735,backfill
2026-02-11T22:05:21.919Z,135,Crusader Silver Ring,12953,1722,backfill
2026-02-11T22:05:21.919Z,136,Overseer Silver Ring,12501,1696,backfill
2026-02-11T22:05:21.919Z,137,Athena Silver Ring,12731,1698,backfill
2026-02-11T22:05:21.919Z,138,Archon Silver Ring,13494,1735,backfill
2026-02-11T22:05:21.919Z,139,Foxglove Silver Ring,12848,1735,backfill
2026-02-11T22:05:21.919Z,140,Summoner Silver Ring,12764,1727,backfill
2026-02-11T22:05:21.919Z,243,Golden Archon Ring,1429,140,backfill
2026-02-11T22:05:21.919Z,244,Golden Athena Ring,1515,143,backfill
2026-02-11T22:05:21.919Z,245,Golden Chobo Ring,1533,132,backfill
2026-02-11T22:05:21.919Z,246,Golden Crusader Ring,1422,147,backfill
2026-02-11T22:05:21.919Z,247,Golden Foxglove Ring,1416,151,backfill
2026-02-11T22:05:21.919Z,248,Golden Overseer Ring,1532,152,backfill
2026-02-11T22:05:21.919Z,249,Golden Summoner Ring,1430,139,backfill
2026-02-12T22:05:28.164Z,134,Chobo Silver Ring,13042,1736,backfill
2026-02-12T22:05:28.164Z,135,Crusader Silver Ring,13059,1734,backfill
2026-02-12T22:05:28.164Z,136,Overseer Silver Ring,12570,1710,backfill
2026-02-12T22:05:28.164Z,137,Athena Silver Ring,12840,1703,backfill
2026-02-12T22:05:28.164Z,138,Archon Silver Ring,13575,1745,backfill
2026-02-12T22:05:28.164Z,139,Foxglove Silver Ring,12952,1745,backfill
2026-02-12T22:05:28.164Z,140,Summoner Silver Ring,12821,1739,backfill
2026-02-12T22:05:28.164Z,243,Golden Archon Ring,1436,141,backfill
2026-02-12T22:05:28.164Z,244,Golden Athena Ring,1530,145,backfill
2026-02-12T22:05:28.164Z,245,Golden Chobo Ring,1540,135,backfill
2026-02-12T22:05:28.164Z,246,Golden Crusader Ring,1427,147,backfill
2026-02-12T22:05:28.164Z,247,Golden Foxglove Ring,1431,155,backfill
2026-02-12T22:05:28.164Z,248,Golden Overseer Ring,1537,152,backfill
2026-02-12T22:05:28.164Z,249,Golden Summoner Ring,1446,142,backfill
2026-02-13T22:05:30.443Z,134,Chobo Silver Ring,13096,1745,backfill
2026-02-13T22:05:30.443Z,135,Crusader Silver Ring,13126,1741,backfill
2026-02-13T22:05:30.443Z,136,Overseer Silver Ring,12642,1722,backfill
2026-02-13T22:05:30.443Z,137,Athena Silver Ring,12911,1714,backfill
2026-02-13T22:05:30.443Z,138,Archon Silver Ring,13664,1759,backfill
2026-02-13T22:05:30.443Z,139,Foxglove Silver Ring,13006,1754,backfill
2026-02-13T22:05:30.443Z,140,Summoner Silver Ring,12901,1749,backfill
2026-02-13T22:05:30.443Z,243,Golden Archon Ring,1447,142,backfill
2026-02-13T22:05:30.443Z,244,Golden Athena Ring,1557,147,backfill
2026-02-13T22:05:30.443Z,245,Golden Chobo Ring,1553,136,backfill
2026-02-13T22:05:30.443Z,246,Golden Crusader Ring,1438,148,backfill
2026-02-13T22:05:30.443Z,247,Golden Foxglove Ring,1439,155,backfill
2026-02-13T22:05:30.443Z,248,Golden Overseer Ring,1547,153,backfill
2026-02-13T22:05:30.443Z,249,Golden Summoner Ring,1454,143,backfill
2026-02-14T22:05:15.616Z,134,Chobo Silver Ring,12040,1659,backfill
2026-02-14T22:05:15.616Z,135,Crusader Silver Ring,12347,1687,backfill
2026-02-14T22:05:15.616Z,136,Overseer Silver Ring,11738,1632,backfill
2026-02-14T22:05:15.616Z,137,Athena Silver Ring,11932,1649,backfill
2026-02-14T22:05:15.616Z,138,Archon Silver Ring,12949,1699,backfill
2026-02-14T22:05:15.616Z,139,Foxglove Silver Ring,12288,1701,backfill
2026-02-14T22:05:15.616Z,140,Summoner Silver Ring,12227,1705,backfill
2026-02-14T22:05:15.616Z,243,Golden Archon Ring,1400,145,backfill
2026-02-14T22:05:15.616Z,244,Golden Athena Ring,1512,148,backfill
2026-02-14T22:05:15.616Z,245,Golden Chobo Ring,1507,137,backfill
2026-02-14T22:05:15.616Z,246,Golden Crusader Ring,1378,149,backfill
2026-02-14T22:05:15.616Z,247,Golden Foxglove Ring,1509,156,backfill
2026-02-14T22:05:15.616Z,248,Golden Overseer Ring,1601,154,backfill
2026-02-14T22:05:15.616Z,249,Golden Summoner Ring,1394,143,backfill
2026-02-15T22:05:22.535Z,134,Chobo Silver Ring,11968,1659,backfill
2026-02-15T22:05:22.535Z,135,Crusader Silver Ring,12145,1690,backfill
2026-02-15T22:05:22.535Z,136,Overseer Silver Ring,11644,1631,backfill
2026-02-15T22:05:22.535Z,137,Athena Silver Ring,11733,1645,backfill
2026-02-15T22:05:22.535Z,138,Archon Silver Ring,12804,1695,backfill
2026-02-15T22:05:22.535Z,139,Foxglove Silver Ring,11956,1691,backfill
2026-02-15T22:05:22.535Z,140,Summoner Silver Ring,12001,1703,backfill
2026-02-15T22:05:22.535Z,243,Golden Archon Ring,1422,149,backfill
2026-02-15T22:05:22.535Z,244,Golden Athena Ring,1528,149,backfill
2026-02-15T22:05:22.535Z,245,Golden Chobo Ring,1527,142,backfill
2026-02-15T22:05:22.535Z,246,Golden Crusader Ring,1390,151,backfill
2026-02-15T22:05:22.535Z,247,Golden Foxglove Ring,1526,160,backfill
2026-02-15T22:05:22.535Z,248,Golden Overseer Ring,1616,155,backfill
2026-02-15T22:05:22.535Z,249,Golden Summoner Ring,1415,147,backfill
2026-02-16T22:05:29.613Z,134,Chobo Silver Ring,12040,1677,backfill
2026-02-16T22:05:29.613Z,135,Crusader Silver Ring,12188,1700,backfill
2026-02-16T22:05:29.613Z,136,Overseer Silver Ring,11672,1634,backfill
2026-02-16T22:05:29.613Z,137,Athena Silver Ring,11757,1658,backfill
2026-02-16T22:05:29.613Z,138,Archon Silver Ring,12810,1708,backfill
2026-02-16T22:05:29.613Z,139,Foxglove Silver Ring,11954,1696,backfill
2026-02-16T22:05:29.613Z,140,Summoner Silver Ring,12010,1718,backfill
2026-02-16T22:05:29.613Z,243,Golden Archon Ring,1435,152,backfill
2026-02-16T22:05:29.613Z,244,Golden Athena Ring,1537,150,backfill
2026-02-16T22:05:29.613Z,245,Golden Chobo Ring,1529,144,backfill
2026-02-16T22:05:29.613Z,246,Golden Crusader Ring,1402,151,backfill
2026-02-16T22:05:29.613Z,247,Golden Foxglove Ring,1524,161,backfill
2026-02-16T22:05:29.613Z,248,Golden Overseer Ring,1624,159,backfill
2026-02-16T22:05:29.613Z,249,Golden Summoner Ring,1418,148,backfill
2026-02-17T22:05:34.871Z,134,Chobo Silver Ring,12026,1677,backfill
2026-02-17T22:05:34.871Z,135,Crusader Silver Ring,12259,1706,backfill
2026-02-17T22:05:34.871Z,136,Overseer Silver Ring,11604,1646,backfill
2026-02-17T22:05:34.871Z,137,Athena Silver Ring,11792,1666,backfill
2026-02-17T22:05:34.871Z,138,Archon Silver Ring,12735,1719,backfill
2026-02-17T22:05:34.871Z,139,Foxglove Silver Ring,11995,1709,backfill
2026-02-17T22:05:34.871Z,140,Summoner Silver Ring,12081,1727,backfill
2026-02-17T22:05:34.871Z,243,Golden Archon Ring,1441,151,backfill
2026-02-17T22:05:34.871Z,244,Golden Athena Ring,1545,152,backfill
2026-02-17T22:05:34.871Z,245,Golden Chobo Ring,1540,144,backfill
2026-02-17T22:05:34.871Z,246,Golden Crusader Ring,1413,152,backfill
2026-02-17T22:05:34.871Z,247,Golden Foxglove Ring,1530,161,backfill
2026-02-17T22:05:34.871Z,248,Golden Overseer Ring,1632,159,backfill
2026-02-17T22:05:34.871Z,249,Golden Summoner Ring,1426,148,backfill
2026-02-18T22:08:58.058Z,134,Chobo Silver Ring,11899,1684,backfill
2026-02-18T22:08:58.058Z,135,Crusader Silver Ring,12321,1721,backfill
2026-02-18T22:08:58.058Z,136,Overseer Silver Ring,11570,1647,backfill
2026-02-18T22:08:58.058Z,137,Athena Silver Ring,11805,1673,backfill
2026-02-18T22:08:58.058Z,138,Archon Silver Ring,12736,1728,backfill
2026-02-18T22:08:58.058Z,139,Foxglove Silver Ring,11989,1710,backfill
2026-02-18T22:08:58.058Z,140,Summoner Silver Ring,12042,1727,backfill
2026-02-18T22:08:58.058Z,243,Golden Archon Ring,1459,153,backfill
2026-02-18T22:08:58.058Z,244,Golden Athena Ring,1559,154,backfill
2026-02-18T22:08:58.058Z,245,Golden Chobo Ring,1548,145,backfill
2026-02-18T22:08:58.058Z,246,Golden Crusader Ring,1431,154,backfill
2026-02-18T22:08:58.058Z,247,Golden Foxglove Ring,1545,162,backfill
2026-02-18T22:08:58.058Z,248,Golden Overseer Ring,1646,161,backfill
2026-02-18T22:08:58.058Z,249,Golden Summoner Ring,1445,151,backfill
2026-02-19T22:05:34.723Z,134,Chobo Silver Ring,12034,1703,backfill
2026-02-19T22:05:34.723Z,135,Crusader Silver Ring,12310,1723,backfill
2026-02-19T22:05:34.723Z,136,Overseer Silver Ring,11638,1661,backfill
2026-02-19T22:05:34.723Z,137,Athena Silver Ring,11849,1679,backfill
2026-02-19T22:05:34.723Z,138,Archon Silver Ring,12811,1737,backfill
2026-02-19T22:05:34.723Z,139,Foxglove Silver Ring,12050,1725,backfill
2026-02-19T22:05:34.723Z,140,Summoner Silver Ring,12123,1742,backfill
2026-02-19T22:05:34.723Z,243,Golden Archon Ring,1473,152,backfill
2026-02-19T22:05:34.723Z,244,Golden Athena Ring,1565,155,backfill
2026-02-19T22:05:34.723Z,245,Golden Chobo Ring,1558,145,backfill
2026-02-19T22:05:34.723Z,246,Golden Crusader Ring,1443,154,backfill
2026-02-19T22:05:34.723Z,247,Golden Foxglove Ring,1551,161,backfill
2026-02-19T22:05:34.723Z,248,Golden Overseer Ring,1655,161,backfill
2026-02-19T22:05:34.723Z,249,Golden Summoner Ring,1454,152,backfill
2026-02-20T22:05:29.365Z,134,Chobo Silver Ring,11732,1655,backfill
2026-02-20T22:05:29.365Z,135,Crusader Silver Ring,12063,1678,backfill
2026-02-20T22:05:29.365Z,136,Overseer Silver Ring,11448,1621,backfill
2026-02-20T22:05:29.365Z,137,Athena Silver Ring,11686,1647,backfill
2026-02-20T22:05:29.365Z,138,Archon Silver Ring,12442,1687,backfill
2026-02-20T22:05:29.365Z,139,Foxglove Silver Ring,11838,1687,backfill
2026-02-20T22:05:29.365Z,140,Summoner Silver Ring,11858,1691,backfill
2026-02-20T22:05:29.365Z,243,Golden Archon Ring,1482,152,backfill
2026-02-20T22:05:29.365Z,244,Golden Athena Ring,1581,156,backfill
2026-02-20T22:05:29.365Z,245,Golden Chobo Ring,1575,145,backfill
2026-02-20T22:05:29.365Z,246,Golden Crusader Ring,1467,156,backfill
2026-02-20T22:05:29.365Z,247,Golden Foxglove Ring,1577,160,backfill
2026-02-20T22:05:29.365Z,248,Golden Overseer Ring,1666,161,backfill
2026-02-20T22:05:29.365Z,249,Golden Summoner Ring,1466,152,backfill
2026-02-21T22:05:22.963Z,134,Chobo Silver Ring,11761,1660,backfill
2026-02-21T22:05:22.963Z,135,Crusader Silver Ring,12101,1681,backfill
2026-02-21T22:05:22.963Z,136,Overseer Silver Ring,11494,1629,backfill
2026-02-21T22:05:22.963Z,137,Athena Silver Ring,11742,1655,backfill
2026-02-21T22:05:22.963Z,138,Archon Silver Ring,12536,1693,backfill
2026-02-21T22:05:22.963Z,139,Foxglove Silver Ring,11880,1699,backfill
2026-02-21T22:05:22.963Z,140,Summoner Silver Ring,11913,1707,backfill
2026-02-21T22:05:22.963Z,243,Golden Archon Ring,1418,139,backfill
2026-02-21T22:05:22.963Z,244,Golden Athena Ring,1513,141,backfill
2026-02-21T22:05:22.963Z,245,Golden Chobo Ring,1504,125,backfill
2026-02-21T22:05:22.963Z,246,Golden Crusader Ring,1399,144,backfill
2026-02-21T22:05:22.963Z,247,Golden Foxglove Ring,1517,149,backfill
2026-02-21T22:05:22.963Z,248,Golden Overseer Ring,1598,144,backfill
2026-02-21T22:05:22.963Z,249,Golden Summoner Ring,1415,142,backfill
2026-02-22T22:05:17.449Z,134,Chobo Silver Ring,11773,1637,backfill
2026-02-22T22:05:17.449Z,135,Crusader Silver Ring,12089,1651,backfill
2026-02-22T22:05:17.449Z,136,Overseer Silver Ring,11522,1600,backfill
2026-02-22T22:05:17.449Z,137,Athena Silver Ring,11741,1627,backfill
2026-02-22T22:05:17.449Z,138,Archon Silver Ring,12557,1666,backfill
2026-02-22T22:05:17.449Z,139,Foxglove Silver Ring,11886,1675,backfill
2026-02-22T22:05:17.449Z,140,Summoner Silver Ring,11917,1681,backfill
2026-02-22T22:05:17.449Z,243,Golden Archon Ring,1410,138,backfill
2026-02-22T22:05:17.449Z,244,Golden Athena Ring,1509,142,backfill
2026-02-22T22:05:17.449Z,245,Golden Chobo Ring,1495,125,backfill
2026-02-22T22:05:17.449Z,246,Golden Crusader Ring,1387,142,backfill
2026-02-22T22:05:17.449Z,247,Golden Foxglove Ring,1515,148,backfill
2026-02-22T22:05:17.449Z,248,Golden Overseer Ring,1594,146,backfill
2026-02-22T22:05:17.449Z,249,Golden Summoner Ring,1409,136,backfill
2026-02-23T22:05:36.259Z,134,Chobo Silver Ring,11888,1651,backfill
2026-02-23T22:05:36.259Z,135,Crusader Silver Ring,12149,1657,backfill
2026-02-23T22:05:36.259Z,136,Overseer Silver Ring,11572,1608,backfill
2026-02-23T22:05:36.259Z,137,Athena Silver Ring,11809,1638,backfill
2026-02-23T22:05:36.259Z,138,Archon Silver Ring,12632,1674,backfill
2026-02-23T22:05:36.259Z,139,Foxglove Silver Ring,11951,1685,backfill
2026-02-23T22:05:36.259Z,140,Summoner Silver Ring,12029,1699,backfill
2026-02-23T22:05:36.259Z,243,Golden Archon Ring,1405,137,backfill
2026-02-23T22:05:36.259Z,244,Golden Athena Ring,1509,144,backfill
2026-02-23T22:05:36.259Z,245,Golden Chobo Ring,1499,127,backfill
2026-02-23T22:05:36.259Z,246,Golden Crusader Ring,1397,145,backfill
2026-02-23T22:05:36.259Z,247,Golden Foxglove Ring,1515,149,backfill
2026-02-23T22:05:36.259Z,248,Golden Overseer Ring,1597,147,backfill
2026-02-23T22:05:36.259Z,249,Golden Summoner Ring,1417,138,backfill
2026-02-24T22:05:31.003Z,134,Chobo Silver Ring,11934,1668,backfill
2026-02-24T22:05:31.003Z,135,Crusader Silver Ring,12141,1661,backfill
2026-02-24T22:05:31.003Z,136,Overseer Silver Ring,11573,1618,backfill
2026-02-24T22:05:31.003Z,137,Athena Silver Ring,11822,1647,backfill
2026-02-24T22:05:31.003Z,138,Archon Silver Ring,12650,1679,backfill
2026-02-24T22:05:31.003Z,139,Foxglove Silver Ring,11971,1692,backfill
2026-02-24T22:05:31.003Z,140,Summoner Silver Ring,12023,1706,backfill
2026-02-24T22:05:31.003Z,243,Golden Archon Ring,1396,138,backfill
2026-02-24T22:05:31.003Z,244,Golden Athena Ring,1482,140,backfill
2026-02-24T22:05:31.003Z,245,Golden Chobo Ring,1497,127,backfill
2026-02-24T22:05:31.003Z,246,Golden Crusader Ring,1376,145,backfill
2026-02-24T22:05:31.003Z,247,Golden Foxglove Ring,1511,149,backfill
2026-02-24T22:05:31.003Z,248,Golden Overseer Ring,1583,149,backfill
2026-02-24T22:05:31.003Z,249,Golden Summoner Ring,1399,136,backfill
2026-02-25T22:05:33.765Z,134,Chobo Silver Ring,12038,1680,backfill
2026-02-25T22:05:33.765Z,135,Crusader Silver Ring,12230,1675,backfill
2026-02-25T22:05:33.765Z,136,Overseer Silver Ring,11668,1623,backfill
2026-02-25T22:05:33.765Z,137,Athena Silver Ring,11884,1660,backfill
2026-02-25T22:05:33.765Z,138,Archon Silver Ring,12730,1694,backfill
2026-02-25T22:05:33.765Z,139,Foxglove Silver Ring,12048,1700,backfill
2026-02-25T22:05:33.765Z,140,Summoner Silver Ring,12104,1723,backfill
2026-02-25T22:05:33.765Z,243,Golden Archon Ring,1399,141,backfill
2026-02-25T22:05:33.765Z,244,Golden Athena Ring,1488,144,backfill
2026-02-25T22:05:33.765Z,245,Golden Chobo Ring,1494,128,backfill
2026-02-25T22:05:33.765Z,246,Golden Crusader Ring,1381,144,backfill
2026-02-25T22:05:33.765Z,247,Golden Foxglove Ring,1515,150,backfill
2026-02-25T22:05:33.765Z,248,Golden Overseer Ring,1575,146,backfill
2026-02-25T22:05:33.765Z,249,Golden Summoner Ring,1393,136,backfill
2026-02-26T22:05:26.554Z,134,Chobo Silver Ring,12097,1697,backfill
2026-02-26T22:05:26.554Z,135,Crusader Silver Ring,12284,1683,backfill
2026-02-26T22:05:26.554Z,136,Overseer Silver Ring,11717,1627,backfill
2026-02-26T22:05:26.554Z,137,Athena Silver Ring,11932,1670,backfill
2026-02-26T22:05:26.554Z,138,Archon Silver Ring,12783,1705,backfill
2026-02-26T22:05:26.554Z,139,Foxglove Silver Ring,12110,1706,backfill
2026-02-26T22:05:26.554Z,140,Summoner Silver Ring,12144,1733,backfill
2026-02-26T22:05:26.554Z,243,Golden Archon Ring,1403,144,backfill
2026-02-26T22:05:26.554Z,244,Golden Athena Ring,1494,144,backfill
2026-02-26T22:05:26.554Z,245,Golden Chobo Ring,1499,129,backfill
2026-02-26T22:05:26.554Z,246,Golden Crusader Ring,1392,145,backfill
2026-02-26T22:05:26.554Z,247,Golden Foxglove Ring,1515,151,backfill
2026-02-26T22:05:26.554Z,248,Golden Overseer Ring,1583,148,backfill
2026-02-26T22:05:26.554Z,249,Golden Summoner Ring,1395,136,backfill
2026-02-27T22:05:26.372Z,134,Chobo Silver Ring,13079,1709,backfill
2026-02-27T22:05:26.372Z,135,Crusader Silver Ring,13187,1701,backfill
2026-02-27T22:05:26.372Z,136,Overseer Silver Ring,12741,1639,backfill
2026-02-27T22:05:26.372Z,137,Athena Silver Ring,13234,1684,backfill
2026-02-27T22:05:26.372Z,138,Archon Silver Ring,13838,1713,backfill
2026-02-27T22:05:26.372Z,139,Foxglove Silver Ring,12896,1719,backfill
2026-02-27T22:05:26.372Z,140,Summoner Silver Ring,14026,1748,backfill
2026-02-27T22:05:26.372Z,243,Golden Archon Ring,1544,143,backfill
2026-02-27T22:05:26.372Z,244,Golden Athena Ring,1678,141,backfill
2026-02-27T22:05:26.372Z,245,Golden Chobo Ring,1642,130,backfill
2026-02-27T22:05:26.372Z,246,Golden Crusader Ring,1557,143,backfill
2026-02-27T22:05:26.372Z,247,Golden Foxglove Ring,1650,149,backfill
2026-02-27T22:05:26.372Z,248,Golden Overseer Ring,1718,148,backfill
2026-02-27T22:05:26.372Z,249,Golden Summoner Ring,1524,136,backfill
2026-02-28T22:05:23.151Z,134,Chobo Silver Ring,13174,1724,backfill
2026-02-28T22:05:23.151Z,135,Crusader Silver Ring,13283,1712,backfill
2026-02-28T22:05:23.151Z,136,Overseer Silver Ring,12822,1653,backfill
2026-02-28T22:05:23.151Z,137,Athena Silver Ring,13335,1696,backfill
2026-02-28T22:05:23.151Z,138,Archon Silver Ring,13930,1726,backfill
2026-02-28T22:05:23.151Z,139,Foxglove Silver Ring,12963,1728,backfill
2026-02-28T22:05:23.151Z,140,Summoner Silver Ring,14090,1760,backfill
2026-02-28T22:05:23.151Z,243,Golden Archon Ring,1553,143,backfill
2026-02-28T22:05:23.151Z,244,Golden Athena Ring,1687,144,backfill
2026-02-28T22:05:23.151Z,245,Golden Chobo Ring,1649,132,backfill
2026-02-28T22:05:23.151Z,246,Golden Crusader Ring,1564,145,backfill
2026-02-28T22:05:23.151Z,247,Golden Foxglove Ring,1662,151,backfill
2026-02-28T22:05:23.151Z,248,Golden Overseer Ring,1721,148,backfill
2026-02-28T22:05:23.151Z,249,Golden Summoner Ring,1534,136,backfill
2026-03-01T22:05:31.263Z,134,Chobo Silver Ring,13307,1738,backfill
2026-03-01T22:05:31.263Z,135,Crusader Silver Ring,13383,1719,backfill
2026-03-01T22:05:31.263Z,136,Overseer Silver Ring,12950,1670,backfill
2026-03-01T22:05:31.263Z,137,Athena Silver Ring,13444,1700,backfill
2026-03-01T22:05:31.263Z,138,Archon Silver Ring,14032,1744,backfill
2026-03-01T22:05:31.263Z,139,Foxglove Silver Ring,13049,1742,backfill
2026-03-01T22:05:31.263Z,140,Summoner Silver Ring,14215,1784,backfill
2026-03-01T22:05:31.263Z,243,Golden Archon Ring,1562,144,backfill
2026-03-01T22:05:31.263Z,244,Golden Athena Ring,1701,146,backfill
2026-03-01T22:05:31.263Z,245,Golden Chobo Ring,1658,133,backfill
2026-03-01T22:05:31.263Z,246,Golden Crusader Ring,1577,148,backfill
2026-03-01T22:05:31.263Z,247,Golden Foxglove Ring,1664,152,backfill
2026-03-01T22:05:31.263Z,248,Golden Overseer Ring,1731,148,backfill
2026-03-01T22:05:31.263Z,249,Golden Summoner Ring,1542,138,backfill
2026-03-02T22:05:22.226Z,134,Chobo Silver Ring,13412,1747,backfill
2026-03-02T22:05:22.226Z,135,Crusader Silver Ring,13462,1725,backfill
2026-03-02T22:05:22.226Z,136,Overseer Silver Ring,13041,1673,backfill
2026-03-02T22:05:22.226Z,137,Athena Silver Ring,13540,1706,backfill
2026-03-02T22:05:22.226Z,138,Archon Silver Ring,14126,1757,backfill
2026-03-02T22:05:22.226Z,139,Foxglove Silver Ring,13154,1744,backfill
2026-03-02T22:05:22.226Z,140,Summoner Silver Ring,14286,1788,backfill
2026-03-02T22:05:22.226Z,243,Golden Archon Ring,1578,149,backfill
2026-03-02T22:05:22.226Z,244,Golden Athena Ring,1712,149,backfill
2026-03-02T22:05:22.226Z,245,Golden Chobo Ring,1675,135,backfill
2026-03-02T22:05:22.226Z,246,Golden Crusader Ring,1585,151,backfill
2026-03-02T22:05:22.226Z,247,Golden Foxglove Ring,1682,154,backfill
2026-03-02T22:05:22.226Z,248,Golden Overseer Ring,1745,150,backfill
2026-03-02T22:05:22.226Z,249,Golden Summoner Ring,1551,141,backfill
2026-03-03T22:05:51.784Z,134,Chobo Silver Ring,13494,1757,backfill
2026-03-03T22:05:51.784Z,135,Crusader Silver Ring,13557,1738,backfill
2026-03-03T22:05:51.784Z,136,Overseer Silver Ring,13137,1685,backfill
2026-03-03T22:05:51.784Z,137,Athena Silver Ring,13639,1726,backfill
2026-03-03T22:05:51.784Z,138,Archon Silver Ring,14227,1767,backfill
2026-03-03T22:05:51.784Z,139,Foxglove Silver Ring,13250,1750,backfill
2026-03-03T22:05:51.784Z,140,Summoner Silver Ring,14399,1796,backfill
2026-03-03T22:05:51.784Z,243,Golden Archon Ring,1587,150,backfill
2026-03-03T22:05:51.784Z,244,Golden Athena Ring,1721,151,backfill
2026-03-03T22:05:51.784Z,245,Golden Chobo Ring,1684,136,backfill
2026-03-03T22:05:51.784Z,246,Golden Crusader Ring,1590,152,backfill
2026-03-03T22:05:51.784Z,247,Golden Foxglove Ring,1694,156,backfill
2026-03-03T22:05:51.784Z,248,Golden Overseer Ring,1748,150,backfill
2026-03-03T22:05:51.784Z,249,Golden Summoner Ring,1556,143,backfill
2026-03-04T22:05:22.595Z,134,Chobo Silver Ring,13618,1761,backfill
2026-03-04T22:05:22.595Z,135,Crusader Silver Ring,13659,1751,backfill
2026-03-04T22:05:22.595Z,136,Overseer Silver Ring,13242,1701,backfill
2026-03-04T22:05:22.595Z,137,Athena Silver Ring,13747,1735,backfill
2026-03-04T22:05:22.595Z,138,Archon Silver Ring,14317,1771,backfill
2026-03-04T22:05:22.595Z,139,Foxglove Silver Ring,13361,1765,backfill
2026-03-04T22:05:22.595Z,140,Summoner Silver Ring,14507,1810,backfill
2026-03-04T22:05:22.595Z,243,Golden Archon Ring,1601,151,backfill
2026-03-04T22:05:22.595Z,244,Golden Athena Ring,1741,153,backfill
2026-03-04T22:05:22.595Z,245,Golden Chobo Ring,1703,139,backfill
2026-03-04T22:05:22.595Z,246,Golden Crusader Ring,1603,153,backfill
2026-03-04T22:05:22.595Z,247,Golden Foxglove Ring,1704,156,backfill
2026-03-04T22:05:22.595Z,248,Golden Overseer Ring,1764,153,backfill
2026-03-04T22:05:22.595Z,249,Golden Summoner Ring,1573,143,backfill
2026-03-05T22:05:42.140Z,134,Chobo Silver Ring,13722,1766,backfill
2026-03-05T22:05:42.140Z,135,Crusader Silver Ring,13752,1759,backfill
2026-03-05T22:05:42.140Z,136,Overseer Silver Ring,13339,1710,backfill
2026-03-05T22:05:42.140Z,137,Athena Silver Ring,13830,1741,backfill
2026-03-05T22:05:42.140Z,138,Archon Silver Ring,14397,1784,backfill
2026-03-05T22:05:42.140Z,139,Foxglove Silver Ring,13467,1774,backfill
2026-03-05T22:05:42.140Z,140,Summoner Silver Ring,14604,1818,backfill
2026-03-05T22:05:42.140Z,243,Golden Archon Ring,1608,150,backfill
2026-03-05T22:05:42.140Z,244,Golden Athena Ring,1753,156,backfill
2026-03-05T22:05:42.140Z,245,Golden Chobo Ring,1710,142,backfill
2026-03-05T22:05:42.140Z,246,Golden Crusader Ring,1610,155,backfill
2026-03-05T22:05:42.140Z,247,Golden Foxglove Ring,1713,157,backfill
2026-03-05T22:05:42.140Z,248,Golden Overseer Ring,1774,156,backfill
2026-03-05T22:05:42.140Z,249,Golden Summoner Ring,1582,143,backfill
2026-03-06T22:05:28.458Z,134,Chobo Silver Ring,13789,1777,backfill
2026-03-06T22:05:28.458Z,135,Crusader Silver Ring,13851,1766,backfill
2026-03-06T22:05:28.458Z,136,Overseer Silver Ring,13448,1719,backfill
2026-03-06T22:05:28.458Z,137,Athena Silver Ring,13926,1752,backfill
2026-03-06T22:05:28.458Z,138,Archon Silver Ring,14510,1793,backfill
2026-03-06T22:05:28.458Z,139,Foxglove Silver Ring,13555,1789,backfill
2026-03-06T22:05:28.458Z,140,Summoner Silver Ring,14727,1826,backfill
2026-03-06T22:05:28.458Z,243,Golden Archon Ring,1624,152,backfill
2026-03-06T22:05:28.458Z,244,Golden Athena Ring,1764,154,backfill
2026-03-06T22:05:28.458Z,245,Golden Chobo Ring,1715,141,backfill
2026-03-06T22:05:28.458Z,246,Golden Crusader Ring,1622,155,backfill
2026-03-06T22:05:28.458Z,247,Golden Foxglove Ring,1723,156,backfill
2026-03-06T22:05:28.458Z,248,Golden Overseer Ring,1786,156,backfill
2026-03-06T22:05:28.458Z,249,Golden Summoner Ring,1595,145,backfill
2026-03-07T22:05:26.305Z,134,Chobo Silver Ring,13231,1701,backfill
2026-03-07T22:05:26.305Z,135,Crusader Silver Ring,13326,1692,backfill
2026-03-07T22:05:26.305Z,136,Overseer Silver Ring,12885,1656,backfill
2026-03-07T22:05:26.305Z,137,Athena Silver Ring,13352,1695,backfill
2026-03-07T22:05:26.305Z,138,Archon Silver Ring,13970,1735,backfill
2026-03-07T22:05:26.305Z,139,Foxglove Silver Ring,13037,1717,backfill
2026-03-07T22:05:26.305Z,140,Summoner Silver Ring,14154,1760,backfill
2026-03-07T22:05:26.305Z,243,Golden Archon Ring,1633,152,backfill
2026-03-07T22:05:26.305Z,244,Golden Athena Ring,1780,153,backfill
2026-03-07T22:05:26.305Z,245,Golden Chobo Ring,1727,142,backfill
2026-03-07T22:05:26.305Z,246,Golden Crusader Ring,1631,155,backfill
2026-03-07T22:05:26.305Z,247,Golden Foxglove Ring,1732,156,backfill
2026-03-07T22:05:26.305Z,248,Golden Overseer Ring,1799,160,backfill
2026-03-07T22:05:26.305Z,249,Golden Summoner Ring,1600,146,backfill
2026-03-08T22:05:32.953Z,134,Chobo Silver Ring,13093,1698,backfill
2026-03-08T22:05:32.953Z,135,Crusader Silver Ring,13251,1687,backfill
2026-03-08T22:05:32.953Z,136,Overseer Silver Ring,12785,1657,backfill
2026-03-08T22:05:32.953Z,137,Athena Silver Ring,13266,1696,backfill
2026-03-08T22:05:32.953Z,138,Archon Silver Ring,13877,1719,backfill
2026-03-08T22:05:32.953Z,139,Foxglove Silver Ring,12918,1708,backfill
2026-03-08T22:05:32.953Z,140,Summoner Silver Ring,14047,1747,backfill
2026-03-08T22:05:32.953Z,243,Golden Archon Ring,1636,153,backfill
2026-03-08T22:05:32.953Z,244,Golden Athena Ring,1790,156,backfill
2026-03-08T22:05:32.953Z,245,Golden Chobo Ring,1742,147,backfill
2026-03-08T22:05:32.953Z,246,Golden Crusader Ring,1646,160,backfill
2026-03-08T22:05:32.953Z,247,Golden Foxglove Ring,1745,158,backfill
2026-03-08T22:05:32.953Z,248,Golden Overseer Ring,1813,160,backfill
2026-03-08T22:05:32.953Z,249,Golden Summoner Ring,1611,148,backfill
2026-03-09T22:05:41.816Z,134,Chobo Silver Ring,13081,1711,backfill
2026-03-09T22:05:41.816Z,135,Crusader Silver Ring,13260,1710,backfill
2026-03-09T22:05:41.816Z,136,Overseer Silver Ring,12826,1665,backfill
2026-03-09T22:05:41.816Z,137,Athena Silver Ring,13302,1705,backfill
2026-03-09T22:05:41.816Z,138,Archon Silver Ring,13902,1738,backfill
2026-03-09T22:05:41.816Z,139,Foxglove Silver Ring,12935,1728,backfill
2026-03-09T22:05:41.816Z,140,Summoner Silver Ring,14046,1759,backfill
2026-03-09T22:05:41.816Z,243,Golden Archon Ring,1644,153,backfill
2026-03-09T22:05:41.816Z,244,Golden Athena Ring,1797,157,backfill
2026-03-09T22:05:41.816Z,245,Golden Chobo Ring,1751,146,backfill
2026-03-09T22:05:41.816Z,246,Golden Crusader Ring,1653,159,backfill
2026-03-09T22:05:41.816Z,247,Golden Foxglove Ring,1758,161,backfill
2026-03-09T22:05:41.816Z,248,Golden Overseer Ring,1822,160,backfill
2026-03-09T22:05:41.816Z,249,Golden Summoner Ring,1616,148,backfill
2026-03-10T22:10:47.409Z,134,Chobo Silver Ring,12989,1701,backfill
2026-03-10T22:10:47.409Z,135,Crusader Silver Ring,13282,1707,backfill
2026-03-10T22:10:47.409Z,136,Overseer Silver Ring,12849,1668,backfill
2026-03-10T22:10:47.409Z,137,Athena Silver Ring,13287,1693,backfill
2026-03-10T22:10:47.409Z,138,Archon Silver Ring,13917,1747,backfill
2026-03-10T22:10:47.409Z,139,Foxglove Silver Ring,12941,1736,backfill
2026-03-10T22:10:47.409Z,140,Summoner Silver Ring,14052,1764,backfill
2026-03-10T22:10:47.409Z,243,Golden Archon Ring,1651,154,backfill
2026-03-10T22:10:47.409Z,244,Golden Athena Ring,1807,158,backfill
2026-03-10T22:10:47.409Z,245,Golden Chobo Ring,1762,145,backfill
2026-03-10T22:10:47.409Z,246,Golden Crusader Ring,1665,159,backfill
2026-03-10T22:10:47.409Z,247,Golden Foxglove Ring,1769,162,backfill
2026-03-10T22:10:47.409Z,248,Golden Overseer Ring,1830,160,backfill
2026-03-10T22:10:47.409Z,249,Golden Summoner Ring,1621,149,backfill
2026-03-11T22:05:47.578Z,134,Chobo Silver Ring,13001,1702,backfill
2026-03-11T22:05:47.578Z,135,Crusader Silver Ring,13290,1703,backfill
2026-03-11T22:05:47.578Z,136,Overseer Silver Ring,12852,1665,backfill
2026-03-11T22:05:47.578Z,137,Athena Silver Ring,13285,1686,backfill
2026-03-11T22:05:47.578Z,138,Archon Silver Ring,13885,1744,backfill
2026-03-11T22:05:47.578Z,139,Foxglove Silver Ring,12951,1736,backfill
2026-03-11T22:05:47.578Z,140,Summoner Silver Ring,14033,1747,backfill
2026-03-11T22:05:47.578Z,243,Golden Archon Ring,1660,156,backfill
2026-03-11T22:05:47.578Z,244,Golden Athena Ring,1819,160,backfill
2026-03-11T22:05:47.578Z,245,Golden Chobo Ring,1769,145,backfill
2026-03-11T22:05:47.578Z,246,Golden Crusader Ring,1669,159,backfill
2026-03-11T22:05:47.578Z,247,Golden Foxglove Ring,1777,163,backfill
2026-03-11T22:05:47.578Z,248,Golden Overseer Ring,1840,163,backfill
2026-03-11T22:05:47.578Z,249,Golden Summoner Ring,1629,150,backfill
2026-03-12T22:05:40.851Z,134,Chobo Silver Ring,12998,1698,backfill
2026-03-12T22:05:40.851Z,135,Crusader Silver Ring,13275,1709,backfill
2026-03-12T22:05:40.851Z,136,Overseer Silver Ring,12817,1659,backfill
2026-03-12T22:05:40.851Z,137,Athena Silver Ring,13267,1685,backfill
2026-03-12T22:05:40.851Z,138,Archon Silver Ring,13886,1728,backfill
2026-03-12T22:05:40.851Z,139,Foxglove Silver Ring,12942,1724,backfill
2026-03-12T22:05:40.851Z,140,Summoner Silver Ring,14059,1746,backfill
2026-03-12T22:05:40.851Z,243,Golden Archon Ring,1668,159,backfill
2026-03-12T22:05:40.851Z,244,Golden Athena Ring,1824,162,backfill
2026-03-12T22:05:40.851Z,245,Golden Chobo Ring,1778,147,backfill
2026-03-12T22:05:40.851Z,246,Golden Crusader Ring,1675,162,backfill
2026-03-12T22:05:40.851Z,247,Golden Foxglove Ring,1780,166,backfill
2026-03-12T22:05:40.851Z,248,Golden Overseer Ring,1847,165,backfill
2026-03-12T22:05:40.851Z,249,Golden Summoner Ring,1636,151,backfill
2026-03-13T22:05:41.149Z,134,Chobo Silver Ring,12866,1694,backfill
2026-03-13T22:05:41.149Z,135,Crusader Silver Ring,13069,1699,backfill
2026-03-13T22:05:41.149Z,136,Overseer Silver Ring,12681,1646,backfill
2026-03-13T22:05:41.149Z,137,Athena Silver Ring,13081,1676,backfill
2026-03-13T22:05:41.149Z,138,Archon Silver Ring,13780,1715,backfill
2026-03-13T22:05:41.149Z,139,Foxglove Silver Ring,12831,1714,backfill
2026-03-13T22:05:41.149Z,140,Summoner Silver Ring,13828,1746,backfill
2026-03-13T22:05:41.149Z,243,Golden Archon Ring,1678,160,backfill
2026-03-13T22:05:41.149Z,244,Golden Athena Ring,1831,162,backfill
2026-03-13T22:05:41.149Z,245,Golden Chobo Ring,1788,147,backfill
2026-03-13T22:05:41.149Z,246,Golden Crusader Ring,1675,161,backfill
2026-03-13T22:05:41.149Z,247,Golden Foxglove Ring,1790,167,backfill
2026-03-13T22:05:41.149Z,248,Golden Overseer Ring,1852,165,backfill
2026-03-13T22:05:41.149Z,249,Golden Summoner Ring,1642,152,backfill
2026-03-14T22:05:37.141Z,134,Chobo Silver Ring,12934,1715,backfill
2026-03-14T22:05:37.141Z,135,Crusader Silver Ring,13070,1707,backfill
2026-03-14T22:05:37.141Z,136,Overseer Silver Ring,12717,1669,backfill
2026-03-14T22:05:37.141Z,137,Athena Silver Ring,13120,1690,backfill
2026-03-14T22:05:37.141Z,138,Archon Silver Ring,13851,1736,backfill
2026-03-14T22:05:37.141Z,139,Foxglove Silver Ring,12895,1736,backfill
2026-03-14T22:05:37.141Z,140,Summoner Silver Ring,13864,1759,backfill
2026-03-14T22:05:37.141Z,243,Golden Archon Ring,1638,149,backfill
2026-03-14T22:05:37.141Z,244,Golden Athena Ring,1788,151,backfill
2026-03-14T22:05:37.141Z,245,Golden Chobo Ring,1747,136,backfill
2026-03-14T22:05:37.141Z,246,Golden Crusader Ring,1637,148,backfill
2026-03-14T22:05:37.141Z,247,Golden Foxglove Ring,1751,159,backfill
2026-03-14T22:05:37.141Z,248,Golden Overseer Ring,1807,156,backfill
2026-03-14T22:05:37.141Z,249,Golden Summoner Ring,1597,144,backfill
2026-03-15T22:05:29.269Z,134,Chobo Silver Ring,13043,1708,backfill
2026-03-15T22:05:29.269Z,135,Crusader Silver Ring,13119,1693,backfill
2026-03-15T22:05:29.269Z,136,Overseer Silver Ring,12794,1653,backfill
2026-03-15T22:05:29.269Z,137,Athena Silver Ring,13191,1671,backfill
2026-03-15T22:05:29.269Z,138,Archon Silver Ring,13969,1725,backfill
2026-03-15T22:05:29.269Z,139,Foxglove Silver Ring,12978,1727,backfill
2026-03-15T22:05:29.269Z,140,Summoner Silver Ring,13962,1755,backfill
2026-03-15T22:05:29.269Z,243,Golden Archon Ring,1631,149,backfill
2026-03-15T22:05:29.269Z,244,Golden Athena Ring,1783,147,backfill
2026-03-15T22:05:29.269Z,245,Golden Chobo Ring,1746,133,backfill
2026-03-15T22:05:29.269Z,246,Golden Crusader Ring,1634,146,backfill
2026-03-15T22:05:29.269Z,247,Golden Foxglove Ring,1750,156,backfill
2026-03-15T22:05:29.269Z,248,Golden Overseer Ring,1803,155,backfill
2026-03-15T22:05:29.269Z,249,Golden Summoner Ring,1599,142,backfill
2026-03-16T22:05:45.041Z,134,Chobo Silver Ring,13132,1732,backfill
2026-03-16T22:05:45.041Z,135,Crusader Silver Ring,13206,1708,backfill
2026-03-16T22:05:45.041Z,136,Overseer Silver Ring,12909,1664,backfill
2026-03-16T22:05:45.041Z,137,Athena Silver Ring,13265,1681,backfill
2026-03-16T22:05:45.041Z,138,Archon Silver Ring,14066,1736,backfill
2026-03-16T22:05:45.041Z,139,Foxglove Silver Ring,13058,1739,backfill
2026-03-16T22:05:45.041Z,140,Summoner Silver Ring,14044,1765,backfill
2026-03-16T22:05:45.041Z,243,Golden Archon Ring,1639,149,backfill
2026-03-16T22:05:45.041Z,244,Golden Athena Ring,1778,144,backfill
2026-03-16T22:05:45.041Z,245,Golden Chobo Ring,1742,132,backfill
2026-03-16T22:05:45.041Z,246,Golden Crusader Ring,1635,145,backfill
2026-03-16T22:05:45.041Z,247,Golden Foxglove Ring,1754,158,backfill
2026-03-16T22:05:45.041Z,248,Golden Overseer Ring,1799,156,backfill
2026-03-16T22:05:45.041Z,249,Golden Summoner Ring,1599,140,backfill
2026-03-17T22:09:34.119Z,134,Chobo Silver Ring,13211,1741,backfill
2026-03-17T22:09:34.119Z,135,Crusader Silver Ring,13307,1719,backfill
2026-03-17T22:09:34.119Z,136,Overseer Silver Ring,12975,1672,backfill
2026-03-17T22:09:34.119Z,137,Athena Silver Ring,13348,1690,backfill
2026-03-17T22:09:34.119Z,138,Archon Silver Ring,14148,1747,backfill
2026-03-17T22:09:34.119Z,139,Foxglove Silver Ring,13142,1749,backfill
2026-03-17T22:09:34.119Z,140,Summoner Silver Ring,14128,1774,backfill
2026-03-17T22:09:34.119Z,243,Golden Archon Ring,1641,149,backfill
2026-03-17T22:09:34.119Z,244,Golden Athena Ring,1778,141,backfill
2026-03-17T22:09:34.119Z,245,Golden Chobo Ring,1739,128,backfill
2026-03-17T22:09:34.119Z,246,Golden Crusader Ring,1635,144,backfill
2026-03-17T22:09:34.119Z,247,Golden Foxglove Ring,1754,154,backfill
2026-03-17T22:09:34.119Z,248,Golden Overseer Ring,1797,152,backfill
2026-03-17T22:09:34.119Z,249,Golden Summoner Ring,1601,138,backfill
2026-03-18T22:05:31.287Z,134,Chobo Silver Ring,13296,1748,backfill
2026-03-18T22:05:31.287Z,135,Crusader Silver Ring,13379,1732,backfill
2026-03-18T22:05:31.287Z,136,Overseer Silver Ring,13068,1685,backfill
2026-03-18T22:05:31.287Z,137,Athena Silver Ring,13426,1708,backfill
2026-03-18T22:05:31.287Z,138,Archon Silver Ring,14253,1759,backfill
2026-03-18T22:05:31.287Z,139,Foxglove Silver Ring,13232,1768,backfill
2026-03-18T22:05:31.287Z,140,Summoner Silver Ring,14216,1783,backfill
2026-03-18T22:05:31.287Z,243,Golden Archon Ring,1637,155,backfill
2026-03-18T22:05:31.287Z,244,Golden Athena Ring,1780,141,backfill
2026-03-18T22:05:31.287Z,245,Golden Chobo Ring,1741,129,backfill
2026-03-18T22:05:31.287Z,246,Golden Crusader Ring,1626,145,backfill
2026-03-18T22:05:31.287Z,247,Golden Foxglove Ring,1752,154,backfill
2026-03-18T22:05:31.287Z,248,Golden Overseer Ring,1796,153,backfill
2026-03-18T22:05:31.287Z,249,Golden Summoner Ring,1604,140,backfill
2026-03-19T22:05:28.765Z,134,Chobo Silver Ring,13411,1771,backfill
2026-03-19T22:05:28.765Z,135,Crusader Silver Ring,13455,1744,backfill
2026-03-19T22:05:28.765Z,136,Overseer Silver Ring,13165,1701,backfill
2026-03-19T22:05:28.765Z,137,Athena Silver Ring,13499,1720,backfill
2026-03-19T22:05:28.765Z,138,Archon Silver Ring,14333,1768,backfill
2026-03-19T22:05:28.765Z,139,Foxglove Silver Ring,13348,1794,backfill
2026-03-19T22:05:28.765Z,140,Summoner Silver Ring,14332,1803,backfill
2026-03-19T22:05:28.765Z,243,Golden Archon Ring,1641,156,backfill
2026-03-19T22:05:28.765Z,244,Golden Athena Ring,1777,140,backfill
2026-03-19T22:05:28.765Z,245,Golden Chobo Ring,1748,129,backfill
2026-03-19T22:05:28.765Z,246,Golden Crusader Ring,1644,145,backfill
2026-03-19T22:05:28.765Z,247,Golden Foxglove Ring,1756,156,backfill
2026-03-19T22:05:28.765Z,248,Golden Overseer Ring,1799,154,backfill
2026-03-19T22:05:28.765Z,249,Golden Summoner Ring,1600,143,backfill
2026-03-20T22:05:29.490Z,134,Chobo Silver Ring,13477,1775,backfill
2026-03-20T22:05:29.490Z,135,Crusader Silver Ring,13540,1753,backfill
2026-03-20T22:05:29.490Z,136,Overseer Silver Ring,13240,1713,backfill
2026-03-20T22:05:29.490Z,137,Athena Silver Ring,13569,1726,backfill
2026-03-20T22:05:29.490Z,138,Archon Silver Ring,14417,1777,backfill
2026-03-20T22:05:29.490Z,139,Foxglove Silver Ring,13424,1809,backfill
2026-03-20T22:05:29.490Z,140,Summoner Silver Ring,14424,1812,backfill
2026-03-20T22:05:29.490Z,243,Golden Archon Ring,1621,155,backfill
2026-03-20T22:05:29.490Z,244,Golden Athena Ring,1758,141,backfill
2026-03-20T22:05:29.490Z,245,Golden Chobo Ring,1725,131,backfill
2026-03-20T22:05:29.490Z,246,Golden Crusader Ring,1628,146,backfill
2026-03-20T22:05:29.490Z,247,Golden Foxglove Ring,1739,154,backfill
2026-03-20T22:05:29.490Z,248,Golden Overseer Ring,1789,153,backfill
2026-03-20T22:05:29.490Z,249,Golden Summoner Ring,1583,140,backfill
2026-03-21T22:05:21.762Z,134,Chobo Silver Ring,13553,1781,backfill
2026-03-21T22:05:21.762Z,135,Crusader Silver Ring,13602,1766,backfill
2026-03-21T22:05:21.762Z,136,Overseer Silver Ring,13313,1730,backfill
2026-03-21T22:05:21.762Z,137,Athena Silver Ring,13647,1735,backfill
2026-03-21T22:05:21.762Z,138,Archon Silver Ring,14487,1788,backfill
2026-03-21T22:05:21.762Z,139,Foxglove Silver Ring,13495,1822,backfill
2026-03-21T22:05:21.762Z,140,Summoner Silver Ring,14490,1821,backfill
2026-03-21T22:05:21.762Z,243,Golden Archon Ring,1628,156,backfill
2026-03-21T22:05:21.762Z,244,Golden Athena Ring,1768,146,backfill
2026-03-21T22:05:21.762Z,245,Golden Chobo Ring,1728,133,backfill
2026-03-21T22:05:21.762Z,246,Golden Crusader Ring,1632,147,backfill
2026-03-21T22:05:21.762Z,247,Golden Foxglove Ring,1746,154,backfill
2026-03-21T22:05:21.762Z,248,Golden Overseer Ring,1798,153,backfill
2026-03-21T22:05:21.762Z,249,Golden Summoner Ring,1588,138,backfill
2026-03-22T22:05:32.371Z,134,Chobo Silver Ring,13656,1790,backfill
2026-03-22T22:05:32.371Z,135,Crusader Silver Ring,13686,1781,backfill
2026-03-22T22:05:32.371Z,136,Overseer Silver Ring,13404,1740,backfill
2026-03-22T22:05:32.371Z,137,Athena Silver Ring,13717,1749,backfill
2026-03-22T22:05:32.371Z,138,Archon Silver Ring,14579,1800,backfill
2026-03-22T22:05:32.371Z,139,Foxglove Silver Ring,13552,1832,backfill
2026-03-22T22:05:32.371Z,140,Summoner Silver Ring,14564,1826,backfill
2026-03-22T22:05:32.371Z,243,Golden Archon Ring,1632,157,backfill
2026-03-22T22:05:32.371Z,244,Golden Athena Ring,1783,147,backfill
2026-03-22T22:05:32.371Z,245,Golden Chobo Ring,1738,137,backfill
2026-03-22T22:05:32.371Z,246,Golden Crusader Ring,1642,151,backfill
2026-03-22T22:05:32.371Z,247,Golden Foxglove Ring,1755,157,backfill
2026-03-22T22:05:32.371Z,248,Golden Overseer Ring,1810,156,backfill
2026-03-22T22:05:32.371Z,249,Golden Summoner Ring,1595,142,backfill
2026-03-23T22:05:30.484Z,134,Chobo Silver Ring,13743,1800,backfill
2026-03-23T22:05:30.484Z,135,Crusader Silver Ring,13756,1790,backfill
2026-03-23T22:05:30.484Z,136,Overseer Silver Ring,13512,1753,backfill
2026-03-23T22:05:30.484Z,137,Athena Silver Ring,13835,1756,backfill
2026-03-23T22:05:30.484Z,138,Archon Silver Ring,14647,1813,backfill
2026-03-23T22:05:30.484Z,139,Foxglove Silver Ring,13646,1848,backfill
2026-03-23T22:05:30.484Z,140,Summoner Silver Ring,14651,1829,backfill
2026-03-23T22:05:30.484Z,243,Golden Archon Ring,1641,160,backfill
2026-03-23T22:05:30.484Z,244,Golden Athena Ring,1788,147,backfill
2026-03-23T22:05:30.484Z,245,Golden Chobo Ring,1746,137,backfill
2026-03-23T22:05:30.484Z,246,Golden Crusader Ring,1651,151,backfill
2026-03-23T22:05:30.484Z,247,Golden Foxglove Ring,1767,156,backfill
2026-03-23T22:05:30.484Z,248,Golden Overseer Ring,1823,158,backfill
2026-03-23T22:05:30.484Z,249,Golden Summoner Ring,1610,143,backfill
2026-03-24T22:06:07.911Z,134,Chobo Silver Ring,13828,1808,backfill
2026-03-24T22:06:07.911Z,135,Crusader Silver Ring,13856,1802,backfill
2026-03-24T22:06:07.911Z,136,Overseer Silver Ring,13617,1764,backfill
2026-03-24T22:06:07.911Z,137,Athena Silver Ring,13912,1768,backfill
2026-03-24T22:06:07.911Z,138,Archon Silver Ring,14719,1827,backfill
2026-03-24T22:06:07.911Z,139,Foxglove Silver Ring,13725,1855,backfill
2026-03-24T22:06:07.911Z,140,Summoner Silver Ring,14739,1845,backfill
2026-03-24T22:06:07.911Z,243,Golden Archon Ring,1647,160,backfill
2026-03-24T22:06:07.911Z,244,Golden Athena Ring,1796,149,backfill
2026-03-24T22:06:07.911Z,245,Golden Chobo Ring,1759,137,backfill
2026-03-24T22:06:07.911Z,246,Golden Crusader Ring,1661,155,backfill
2026-03-24T22:06:07.911Z,247,Golden Foxglove Ring,1776,157,backfill
2026-03-24T22:06:07.911Z,248,Golden Overseer Ring,1832,159,backfill
2026-03-24T22:06:07.911Z,249,Golden Summoner Ring,1625,144,backfill
2026-03-25T22:05:45.135Z,134,Chobo Silver Ring,13902,1821,backfill
2026-03-25T22:05:45.135Z,135,Crusader Silver Ring,13943,1815,backfill
2026-03-25T22:05:45.135Z,136,Overseer Silver Ring,13695,1772,backfill
2026-03-25T22:05:45.135Z,137,Athena Silver Ring,14012,1778,backfill
2026-03-25T22:05:45.135Z,138,Archon Silver Ring,14803,1836,backfill
2026-03-25T22:05:45.135Z,139,Foxglove Silver Ring,13781,1862,backfill
2026-03-25T22:05:45.135Z,140,Summoner Silver Ring,14821,1855,backfill
2026-03-25T22:05:45.135Z,243,Golden Archon Ring,1661,163,backfill
2026-03-25T22:05:45.135Z,244,Golden Athena Ring,1808,151,backfill
2026-03-25T22:05:45.135Z,245,Golden Chobo Ring,1770,137,backfill
2026-03-25T22:05:45.135Z,246,Golden Crusader Ring,1670,156,backfill
2026-03-25T22:05:45.135Z,247,Golden Foxglove Ring,1789,159,backfill
2026-03-25T22:05:45.135Z,248,Golden Overseer Ring,1839,160,backfill
2026-03-25T22:05:45.135Z,249,Golden Summoner Ring,1633,145,backfill
2026-03-26T22:05:35.882Z,134,Chobo Silver Ring,13974,1829,backfill
2026-03-26T22:05:35.882Z,135,Crusader Silver Ring,14029,1830,backfill
2026-03-26T22:05:35.882Z,136,Overseer Silver Ring,13767,1779,backfill
2026-03-26T22:05:35.882Z,137,Athena Silver Ring,14082,1783,backfill
2026-03-26T22:05:35.882Z,138,Archon Silver Ring,14862,1846,backfill
2026-03-26T22:05:35.882Z,139,Foxglove Silver Ring,13848,1871,backfill
2026-03-26T22:05:35.882Z,140,Summoner Silver Ring,14901,1868,backfill
2026-03-26T22:05:35.882Z,243,Golden Archon Ring,1671,165,backfill
2026-03-26T22:05:35.882Z,244,Golden Athena Ring,1819,152,backfill
2026-03-26T22:05:35.882Z,245,Golden Chobo Ring,1781,137,backfill
2026-03-26T22:05:35.882Z,246,Golden Crusader Ring,1685,159,backfill
2026-03-26T22:05:35.882Z,247,Golden Foxglove Ring,1797,159,backfill
2026-03-26T22:05:35.882Z,248,Golden Overseer Ring,1847,159,backfill
2026-03-26T22:05:35.882Z,249,Golden Summoner Ring,1643,147,backfill
2026-03-27T22:05:38.927Z,134,Chobo Silver Ring,14060,1839,backfill
2026-03-27T22:05:38.927Z,135,Crusader Silver Ring,14110,1834,backfill
2026-03-27T22:05:38.927Z,136,Overseer Silver Ring,13874,1789,backfill
2026-03-27T22:05:38.927Z,137,Athena Silver Ring,14161,1795,backfill
2026-03-27T22:05:38.927Z,138,Archon Silver Ring,14930,1850,backfill
2026-03-27T22:05:38.927Z,139,Foxglove Silver Ring,13937,1880,backfill
2026-03-27T22:05:38.927Z,140,Summoner Silver Ring,14986,1874,backfill
2026-03-27T22:05:38.927Z,243,Golden Archon Ring,1687,166,backfill
2026-03-27T22:05:38.927Z,244,Golden Athena Ring,1829,152,backfill
2026-03-27T22:05:38.927Z,245,Golden Chobo Ring,1788,138,backfill
2026-03-27T22:05:38.927Z,246,Golden Crusader Ring,1692,159,backfill
2026-03-27T22:05:38.927Z,247,Golden Foxglove Ring,1807,159,backfill
2026-03-27T22:05:38.927Z,248,Golden Overseer Ring,1856,159,backfill
2026-03-27T22:05:38.927Z,249,Golden Summoner Ring,1652,147,backfill
2026-03-28T22:05:27.027Z,134,Chobo Silver Ring,14141,1860,backfill
2026-03-28T22:05:27.027Z,135,Crusader Silver Ring,14198,1852,backfill
2026-03-28T22:05:27.027Z,136,Overseer Silver Ring,13967,1808,backfill
2026-03-28T22:05:27.027Z,137,Athena Silver Ring,14211,1815,backfill
2026-03-28T22:05:27.027Z,138,Archon Silver Ring,15009,1864,backfill
2026-03-28T22:05:27.027Z,139,Foxglove Silver Ring,14002,1891,backfill
2026-03-28T22:05:27.027Z,140,Summoner Silver Ring,15078,1887,backfill
2026-03-28T22:05:27.027Z,243,Golden Archon Ring,1706,168,backfill
2026-03-28T22:05:27.027Z,244,Golden Athena Ring,1845,153,backfill
2026-03-28T22:05:27.027Z,245,Golden Chobo Ring,1795,140,backfill
2026-03-28T22:05:27.027Z,246,Golden Crusader Ring,1704,161,backfill
2026-03-28T22:05:27.027Z,247,Golden Foxglove Ring,1812,160,backfill
2026-03-28T22:05:27.027Z,248,Golden Overseer Ring,1873,162,backfill
2026-03-28T22:05:27.027Z,249,Golden Summoner Ring,1658,149,backfill
2026-03-29T22:05:27.935Z,134,Chobo Silver Ring,14238,1869,backfill
2026-03-29T22:05:27.935Z,135,Crusader Silver Ring,14277,1856,backfill
2026-03-29T22:05:27.935Z,136,Overseer Silver Ring,14073,1824,backfill
2026-03-29T22:05:27.935Z,137,Athena Silver Ring,14300,1822,backfill
2026-03-29T22:05:27.935Z,138,Archon Silver Ring,15093,1872,backfill
2026-03-29T22:05:27.935Z,139,Foxglove Silver Ring,14055,1894,backfill
2026-03-29T22:05:27.935Z,140,Summoner Silver Ring,15162,1895,backfill
2026-03-29T22:05:27.935Z,243,Golden Archon Ring,1717,168,backfill
2026-03-29T22:05:27.935Z,244,Golden Athena Ring,1854,155,backfill
2026-03-29T22:05:27.935Z,245,Golden Chobo Ring,1802,140,backfill
2026-03-29T22:05:27.935Z,246,Golden Crusader Ring,1714,162,backfill
2026-03-29T22:05:27.935Z,247,Golden Foxglove Ring,1823,163,backfill
2026-03-29T22:05:27.935Z,248,Golden Overseer Ring,1881,163,backfill
2026-03-29T22:05:27.935Z,249,Golden Summoner Ring,1671,151,backfill
2026-03-30T22:05:40.944Z,134,Chobo Silver Ring,14312,1896,backfill
2026-03-30T22:05:40.944Z,135,Crusader Silver Ring,14360,1861,backfill
2026-03-30T22:05:40.944Z,136,Overseer Silver Ring,14151,1842,backfill
2026-03-30T22:05:40.944Z,137,Athena Silver Ring,14375,1831,backfill
2026-03-30T22:05:40.944Z,138,Archon Silver Ring,15198,1882,backfill
2026-03-30T22:05:40.944Z,139,Foxglove Silver Ring,14133,1900,backfill
2026-03-30T22:05:40.944Z,140,Summoner Silver Ring,15230,1900,backfill
2026-03-30T22:05:40.944Z,243,Golden Archon Ring,1730,169,backfill
2026-03-30T22:05:40.944Z,244,Golden Athena Ring,1865,158,backfill
2026-03-30T22:05:40.944Z,245,Golden Chobo Ring,1816,145,backfill
2026-03-30T22:05:40.944Z,246,Golden Crusader Ring,1719,163,backfill
2026-03-30T22:05:40.944Z,247,Golden Foxglove Ring,1831,166,backfill
2026-03-30T22:05:40.944Z,248,Golden Overseer Ring,1895,164,backfill
2026-03-30T22:05:40.944Z,249,Golden Summoner Ring,1680,151,backfill
2026-03-31T22:05:39.158Z,134,Chobo Silver Ring,14404,1898,backfill
2026-03-31T22:05:39.158Z,135,Crusader Silver Ring,14459,1869,backfill
2026-03-31T22:05:39.158Z,136,Overseer Silver Ring,14231,1846,backfill
2026-03-31T22:05:39.158Z,137,Athena Silver Ring,14443,1838,backfill
2026-03-31T22:05:39.158Z,138,Archon Silver Ring,15285,1881,backfill
2026-03-31T22:05:39.158Z,139,Foxglove Silver Ring,14228,1895,backfill
2026-03-31T22:05:39.158Z,140,Summoner Silver Ring,15316,1905,backfill
2026-03-31T22:05:39.158Z,243,Golden Archon Ring,1739,169,backfill
2026-03-31T22:05:39.158Z,244,Golden Athena Ring,1871,157,backfill
2026-03-31T22:05:39.158Z,245,Golden Chobo Ring,1827,144,backfill
2026-03-31T22:05:39.158Z,246,Golden Crusader Ring,1728,163,backfill
2026-03-31T22:05:39.158Z,247,Golden Foxglove Ring,1839,166,backfill
2026-03-31T22:05:39.158Z,248,Golden Overseer Ring,1903,166,backfill
2026-03-31T22:05:39.158Z,249,Golden Summoner Ring,1688,151,backfill
2026-04-01T22:05:24.604Z,134,Chobo Silver Ring,14494,1905,backfill
2026-04-01T22:05:24.604Z,135,Crusader Silver Ring,14525,1872,backfill
2026-04-01T22:05:24.604Z,136,Overseer Silver Ring,14339,1861,backfill
2026-04-01T22:05:24.604Z,137,Athena Silver Ring,14523,1843,backfill
2026-04-01T22:05:24.604Z,138,Archon Silver Ring,15370,1894,backfill
2026-04-01T22:05:24.604Z,139,Foxglove Silver Ring,14302,1907,backfill
2026-04-01T22:05:24.604Z,140,Summoner Silver Ring,15391,1907,backfill
2026-04-01T22:05:24.604Z,243,Golden Archon Ring,1754,170,backfill
2026-04-01T22:05:24.604Z,244,Golden Athena Ring,1883,159,backfill
2026-04-01T22:05:24.604Z,245,Golden Chobo Ring,1839,144,backfill
2026-04-01T22:05:24.604Z,246,Golden Crusader Ring,1736,166,backfill
2026-04-01T22:05:24.604Z,247,Golden Foxglove Ring,1851,168,backfill
2026-04-01T22:05:24.604Z,248,Golden Overseer Ring,1913,167,backfill
2026-04-01T22:05:24.604Z,249,Golden Summoner Ring,1696,152,backfill
2026-04-02T22:05:29.931Z,134,Chobo Silver Ring,14547,1904,backfill
2026-04-02T22:05:29.931Z,135,Crusader Silver Ring,14580,1881,backfill
2026-04-02T22:05:29.931Z,136,Overseer Silver Ring,14420,1869,backfill
2026-04-02T22:05:29.931Z,137,Athena Silver Ring,14594,1849,backfill
2026-04-02T22:05:29.931Z,138,Archon Silver Ring,15433,1895,backfill
2026-04-02T22:05:29.931Z,139,Foxglove Silver Ring,14362,1918,backfill
2026-04-02T22:05:29.931Z,140,Summoner Silver Ring,15458,1912,backfill
2026-04-02T22:05:29.931Z,243,Golden Archon Ring,1762,171,backfill
2026-04-02T22:05:29.931Z,244,Golden Athena Ring,1891,161,backfill
2026-04-02T22:05:29.931Z,245,Golden Chobo Ring,1846,144,backfill
2026-04-02T22:05:29.931Z,246,Golden Crusader Ring,1744,167,backfill
2026-04-02T22:05:29.931Z,247,Golden Foxglove Ring,1855,168,backfill
2026-04-02T22:05:29.931Z,248,Golden Overseer Ring,1927,169,backfill
2026-04-02T22:05:29.931Z,249,Golden Summoner Ring,1710,155,backfill
2026-04-03T22:05:30.573Z,134,Chobo Silver Ring,14673,1917,backfill
2026-04-03T22:05:30.573Z,135,Crusader Silver Ring,14738,1899,backfill
2026-04-03T22:05:30.573Z,136,Overseer Silver Ring,14579,1881,backfill
2026-04-03T22:05:30.573Z,137,Athena Silver Ring,14729,1869,backfill
2026-04-03T22:05:30.573Z,138,Archon Silver Ring,15563,1911,backfill
2026-04-03T22:05:30.573Z,139,Foxglove Silver Ring,14480,1935,backfill
2026-04-03T22:05:30.573Z,140,Summoner Silver Ring,15585,1924,backfill
2026-04-03T22:05:30.573Z,243,Golden Archon Ring,1782,172,backfill
2026-04-03T22:05:30.573Z,244,Golden Athena Ring,1914,164,backfill
2026-04-03T22:05:30.573Z,245,Golden Chobo Ring,1863,146,backfill
2026-04-03T22:05:30.573Z,246,Golden Crusader Ring,1764,170,backfill
2026-04-03T22:05:30.573Z,247,Golden Foxglove Ring,1877,172,backfill
2026-04-03T22:05:30.573Z,248,Golden Overseer Ring,1942,173,backfill
2026-04-03T22:05:30.573Z,249,Golden Summoner Ring,1721,157,backfill
2026-04-04T20:05:46.758Z,134,Chobo Silver Ring,14812,1939,backfill
2026-04-04T20:05:46.758Z,135,Crusader Silver Ring,14858,1928,backfill
2026-04-04T20:05:46.758Z,136,Overseer Silver Ring,14678,1911,backfill
2026-04-04T20:05:46.758Z,137,Athena Silver Ring,14833,1894,backfill
2026-04-04T20:05:46.758Z,138,Archon Silver Ring,15141,1877,backfill
2026-04-04T20:05:46.758Z,139,Foxglove Silver Ring,14560,1960,backfill
2026-04-04T20:05:46.758Z,140,Summoner Silver Ring,15691,1947,backfill
2026-04-04T20:05:46.758Z,243,Golden Archon Ring,1792,174,backfill
2026-04-04T20:05:46.758Z,244,Golden Athena Ring,1929,163,backfill
2026-04-04T20:05:46.758Z,245,Golden Chobo Ring,1874,148,backfill
2026-04-04T20:05:46.758Z,246,Golden Crusader Ring,1776,170,backfill
2026-04-04T20:05:46.758Z,247,Golden Foxglove Ring,1891,173,backfill
2026-04-04T20:05:46.758Z,248,Golden Overseer Ring,1954,174,backfill
2026-04-04T20:05:46.758Z,249,Golden Summoner Ring,1737,160,backfill
2026-04-07T09:19:40.986Z,134,Chobo Silver Ring,15116,1953,backfill
2026-04-07T09:19:40.986Z,135,Crusader Silver Ring,15138,1942,backfill
2026-04-07T09:19:40.986Z,136,Overseer Silver Ring,14402,1881,backfill
2026-04-07T09:19:40.986Z,137,Athena Silver Ring,15166,1921,backfill
2026-04-07T09:19:40.986Z,138,Archon Silver Ring,15425,1887,backfill
2026-04-07T09:19:40.986Z,139,Foxglove Silver Ring,14279,1891,backfill
2026-04-07T09:19:40.986Z,140,Summoner Silver Ring,15721,1930,backfill
2026-04-07T09:19:40.986Z,243,Golden Archon Ring,1830,178,backfill
2026-04-07T09:19:40.986Z,244,Golden Athena Ring,1968,166,backfill
2026-04-07T09:19:40.986Z,245,Golden Chobo Ring,1908,152,backfill
2026-04-07T09:19:40.986Z,246,Golden Crusader Ring,1820,175,backfill
2026-04-07T09:19:40.986Z,247,Golden Foxglove Ring,1937,177,backfill
2026-04-07T09:19:40.986Z,248,Golden Overseer Ring,1988,180,backfill
2026-04-07T09:19:40.986Z,249,Golden Summoner Ring,1773,164,backfill
2026-04-13T05:45:55.295Z,134,Chobo Silver Ring,14119,1842,backfill
2026-04-13T05:45:55.295Z,135,Crusader Silver Ring,14268,1802,backfill
2026-04-13T05:45:55.295Z,136,Overseer Silver Ring,14161,1835,backfill
2026-04-13T05:45:55.295Z,137,Athena Silver Ring,14212,1802,backfill
2026-04-13T05:45:55.295Z,138,Archon Silver Ring,15175,1854,backfill
2026-04-13T05:45:55.295Z,139,Foxglove Silver Ring,13974,1852,backfill
2026-04-13T05:45:55.295Z,140,Summoner Silver Ring,15230,1850,backfill
2026-04-13T05:45:55.295Z,243,Golden Archon Ring,1907,184,backfill
2026-04-13T05:45:55.295Z,244,Golden Athena Ring,2044,171,backfill
2026-04-13T05:45:55.295Z,245,Golden Chobo Ring,1972,157,backfill
2026-04-13T05:45:55.295Z,246,Golden Crusader Ring,1900,179,backfill
2026-04-13T05:45:55.295Z,247,Golden Foxglove Ring,2015,184,backfill
2026-04-13T05:45:55.295Z,248,Golden Overseer Ring,2071,185,backfill
2026-04-13T05:45:55.295Z,249,Golden Summoner Ring,1861,170,backfill
2026-04-14T05:47:55.704Z,134,Chobo Silver Ring,14075,1846,backfill
2026-04-14T05:47:55.704Z,135,Crusader Silver Ring,14258,1804,backfill
2026-04-14T05:47:55.704Z,136,Overseer Silver Ring,14058,1837,backfill
2026-04-14T05:47:55.704Z,137,Athena Silver Ring,14222,1800,backfill
2026-04-14T05:47:55.704Z,138,Archon Silver Ring,15118,1856,backfill
2026-04-14T05:47:55.704Z,139,Foxglove Silver Ring,13927,1858,backfill
2026-04-14T05:47:55.704Z,140,Summoner Silver Ring,15147,1846,backfill
2026-04-14T05:47:55.704Z,243,Golden Archon Ring,1920,185,backfill
2026-04-14T05:47:55.704Z,244,Golden Athena Ring,2069,171,backfill
2026-04-14T05:47:55.704Z,245,Golden Chobo Ring,1987,159,backfill
2026-04-14T05:47:55.704Z,246,Golden Crusader Ring,1924,179,backfill
2026-04-14T05:47:55.704Z,247,Golden Foxglove Ring,2031,184,backfill
2026-04-14T05:47:55.704Z,248,Golden Overseer Ring,2098,186,backfill
2026-04-14T05:47:55.704Z,249,Golden Summoner Ring,1888,171,backfill
2026-04-15T05:45:30.147Z,134,Chobo Silver Ring,14126,1860,backfill
2026-04-15T05:45:30.147Z,135,Crusader Silver Ring,14203,1809,backfill
2026-04-15T05:45:30.147Z,136,Overseer Silver Ring,14070,1842,backfill
2026-04-15T05:45:30.147Z,137,Athena Silver Ring,14200,1794,backfill
2026-04-15T05:45:30.147Z,138,Archon Silver Ring,15146,1865,backfill
2026-04-15T05:45:30.147Z,139,Foxglove Silver Ring,13944,1869,backfill
2026-04-15T05:45:30.147Z,140,Summoner Silver Ring,15177,1849,backfill
2026-04-15T05:45:30.147Z,243,Golden Archon Ring,1925,186,backfill
2026-04-15T05:45:30.147Z,244,Golden Athena Ring,2072,173,backfill
2026-04-15T05:45:30.147Z,245,Golden Chobo Ring,1995,158,backfill
2026-04-15T05:45:30.147Z,246,Golden Crusader Ring,1926,179,backfill
2026-04-15T05:45:30.147Z,247,Golden Foxglove Ring,2038,183,backfill
2026-04-15T05:45:30.147Z,248,Golden Overseer Ring,2098,184,backfill
2026-04-15T05:45:30.147Z,249,Golden Summoner Ring,1890,173,backfill
2026-04-16T05:48:50.424Z,134,Chobo Silver Ring,14095,1870,backfill
2026-04-16T05:48:50.424Z,135,Crusader Silver Ring,14137,1821,backfill
2026-04-16T05:48:50.424Z,136,Overseer Silver Ring,14006,1847,backfill
2026-04-16T05:48:50.424Z,137,Athena Silver Ring,14187,1805,backfill
2026-04-16T05:48:50.424Z,138,Archon Silver Ring,15108,1864,backfill
2026-04-16T05:48:50.424Z,139,Foxglove Silver Ring,13868,1873,backfill
2026-04-16T05:48:50.424Z,140,Summoner Silver Ring,15069,1856,backfill
2026-04-16T05:48:50.424Z,243,Golden Archon Ring,1935,186,backfill
2026-04-16T05:48:50.424Z,244,Golden Athena Ring,2086,173,backfill
2026-04-16T05:48:50.424Z,245,Golden Chobo Ring,2002,159,backfill
2026-04-16T05:48:50.424Z,246,Golden Crusader Ring,1941,180,backfill
2026-04-16T05:48:50.424Z,247,Golden Foxglove Ring,2053,184,backfill
2026-04-16T05:48:50.424Z,248,Golden Overseer Ring,2104,185,backfill
2026-04-16T05:48:50.424Z,249,Golden Summoner Ring,1900,173,backfill
2026-04-17T05:48:27.599Z,134,Chobo Silver Ring,14064,1875,backfill
2026-04-17T05:48:27.599Z,135,Crusader Silver Ring,14118,1827,backfill
2026-04-17T05:48:27.599Z,136,Overseer Silver Ring,13965,1863,backfill
2026-04-17T05:48:27.599Z,137,Athena Silver Ring,14182,1812,backfill
2026-04-17T05:48:27.599Z,138,Archon Silver Ring,14917,1876,backfill
2026-04-17T05:48:27.599Z,139,Foxglove Silver Ring,13808,1888,backfill
2026-04-17T05:48:27.599Z,140,Summoner Silver Ring,15045,1876,backfill
2026-04-17T05:48:27.599Z,243,Golden Archon Ring,1945,186,backfill
2026-04-17T05:48:27.599Z,244,Golden Athena Ring,2097,173,backfill
2026-04-17T05:48:27.599Z,245,Golden Chobo Ring,2025,160,backfill
2026-04-17T05:48:27.599Z,246,Golden Crusader Ring,1954,181,backfill
2026-04-17T05:48:27.599Z,247,Golden Foxglove Ring,2068,185,backfill
2026-04-17T05:48:27.599Z,248,Golden Overseer Ring,2118,186,backfill
2026-04-17T05:48:27.599Z,249,Golden Summoner Ring,1912,173,backfill
2026-04-18T05:44:05.786Z,134,Chobo Silver Ring,13941,1876,backfill
2026-04-18T05:44:05.786Z,135,Crusader Silver Ring,13979,1824,backfill
2026-04-18T05:44:05.786Z,136,Overseer Silver Ring,13846,1855,backfill
2026-04-18T05:44:05.786Z,137,Athena Silver Ring,14022,1808,backfill
2026-04-18T05:44:05.786Z,138,Archon Silver Ring,14788,1874,backfill
2026-04-18T05:44:05.786Z,139,Foxglove Silver Ring,13646,1868,backfill
2026-04-18T05:44:05.786Z,140,Summoner Silver Ring,14915,1871,backfill
2026-04-18T05:44:05.786Z,243,Golden Archon Ring,1991,185,backfill
2026-04-18T05:44:05.786Z,244,Golden Athena Ring,2152,171,backfill
2026-04-18T05:44:05.786Z,245,Golden Chobo Ring,2097,160,backfill
2026-04-18T05:44:05.786Z,246,Golden Crusader Ring,1975,177,backfill
2026-04-18T05:44:05.786Z,247,Golden Foxglove Ring,2142,182,backfill
2026-04-18T05:44:05.786Z,248,Golden Overseer Ring,2192,183,backfill
2026-04-18T05:44:05.786Z,249,Golden Summoner Ring,1979,172,backfill
2026-04-19T05:41:27.838Z,134,Chobo Silver Ring,13983,1883,backfill
2026-04-19T05:41:27.838Z,135,Crusader Silver Ring,14016,1840,backfill
2026-04-19T05:41:27.838Z,136,Overseer Silver Ring,13932,1875,backfill
2026-04-19T05:41:27.838Z,137,Athena Silver Ring,14043,1817,backfill
2026-04-19T05:41:27.838Z,138,Archon Silver Ring,14850,1901,backfill
2026-04-19T05:41:27.838Z,139,Foxglove Silver Ring,13755,1892,backfill
2026-04-19T05:41:27.838Z,140,Summoner Silver Ring,14923,1886,backfill
2026-04-19T05:41:27.838Z,243,Golden Archon Ring,1915,169,backfill
2026-04-19T05:41:27.838Z,244,Golden Athena Ring,2075,164,backfill
2026-04-19T05:41:27.838Z,245,Golden Chobo Ring,1992,150,backfill
2026-04-19T05:41:27.838Z,246,Golden Crusader Ring,1921,165,backfill
2026-04-19T05:41:27.838Z,247,Golden Foxglove Ring,2037,174,backfill
2026-04-19T05:41:27.838Z,248,Golden Overseer Ring,2078,176,backfill
2026-04-19T05:41:27.838Z,249,Golden Summoner Ring,1878,163,backfill
2026-04-20T05:44:52.546Z,134,Chobo Silver Ring,14094,1908,backfill
2026-04-20T05:44:52.546Z,135,Crusader Silver Ring,14113,1856,backfill
2026-04-20T05:44:52.546Z,136,Overseer Silver Ring,14013,1896,backfill
2026-04-20T05:44:52.546Z,137,Athena Silver Ring,14159,1832,backfill
2026-04-20T05:44:52.546Z,138,Archon Silver Ring,14955,1915,backfill
2026-04-20T05:44:52.546Z,139,Foxglove Silver Ring,13863,1911,backfill
2026-04-20T05:44:52.546Z,140,Summoner Silver Ring,15025,1903,backfill
2026-04-20T05:44:52.546Z,243,Golden Archon Ring,1929,168,backfill
2026-04-20T05:44:52.546Z,244,Golden Athena Ring,2076,162,backfill
2026-04-20T05:44:52.546Z,245,Golden Chobo Ring,1997,150,backfill
2026-04-20T05:44:52.546Z,246,Golden Crusader Ring,1938,165,backfill
2026-04-20T05:44:52.546Z,247,Golden Foxglove Ring,2058,173,backfill
2026-04-20T05:44:52.546Z,248,Golden Overseer Ring,2100,175,backfill
2026-04-20T05:44:52.546Z,249,Golden Summoner Ring,1902,159,backfill
2026-04-21T05:51:35.561Z,134,Chobo Silver Ring,14162,1927,backfill
2026-04-21T05:51:35.561Z,135,Crusader Silver Ring,14186,1870,backfill
2026-04-21T05:51:35.561Z,136,Overseer Silver Ring,14152,1917,backfill
2026-04-21T05:51:35.561Z,137,Athena Silver Ring,14218,1843,backfill
2026-04-21T05:51:35.561Z,138,Archon Silver Ring,15026,1927,backfill
2026-04-21T05:51:35.561Z,139,Foxglove Silver Ring,13945,1922,backfill
2026-04-21T05:51:35.561Z,140,Summoner Silver Ring,15089,1918,backfill
2026-04-21T05:51:35.561Z,243,Golden Archon Ring,1937,168,backfill
2026-04-21T05:51:35.561Z,244,Golden Athena Ring,2077,155,backfill
2026-04-21T05:51:35.561Z,245,Golden Chobo Ring,2013,147,backfill
2026-04-21T05:51:35.561Z,246,Golden Crusader Ring,1946,160,backfill
2026-04-21T05:51:35.561Z,247,Golden Foxglove Ring,2054,169,backfill
2026-04-21T05:51:35.561Z,248,Golden Overseer Ring,2092,172,backfill
2026-04-21T05:51:35.561Z,249,Golden Summoner Ring,1908,160,backfill
2026-04-22T05:44:30.977Z,134,Chobo Silver Ring,14287,1962,backfill
2026-04-22T05:44:30.977Z,135,Crusader Silver Ring,14291,1896,backfill
2026-04-22T05:44:30.977Z,136,Overseer Silver Ring,14262,1940,backfill
2026-04-22T05:44:30.977Z,137,Athena Silver Ring,14322,1863,backfill
2026-04-22T05:44:30.977Z,138,Archon Silver Ring,15163,1952,backfill
2026-04-22T05:44:30.977Z,139,Foxglove Silver Ring,14051,1939,backfill
2026-04-22T05:44:30.977Z,140,Summoner Silver Ring,15199,1932,backfill
2026-04-22T05:44:30.977Z,243,Golden Archon Ring,1957,165,backfill
2026-04-22T05:44:30.977Z,244,Golden Athena Ring,2068,152,backfill
2026-04-22T05:44:30.977Z,245,Golden Chobo Ring,2009,147,backfill
2026-04-22T05:44:30.977Z,246,Golden Crusader Ring,1968,161,backfill
2026-04-22T05:44:30.977Z,247,Golden Foxglove Ring,2068,168,backfill
2026-04-22T05:44:30.977Z,248,Golden Overseer Ring,2139,172,backfill
2026-04-22T05:44:30.977Z,249,Golden Summoner Ring,1903,159,backfill
2026-04-23T05:52:45.241Z,134,Chobo Silver Ring,14376,1977,backfill
2026-04-23T05:52:45.241Z,135,Crusader Silver Ring,14409,1920,backfill
2026-04-23T05:52:45.241Z,136,Overseer Silver Ring,14333,1958,backfill
2026-04-23T05:52:45.241Z,137,Athena Silver Ring,14424,1879,backfill
2026-04-23T05:52:45.241Z,138,Archon Silver Ring,15248,1971,backfill
2026-04-23T05:52:45.241Z,139,Foxglove Silver Ring,14149,1959,backfill
2026-04-23T05:52:45.241Z,140,Summoner Silver Ring,15299,1955,backfill
2026-04-23T05:52:45.241Z,243,Golden Archon Ring,1948,163,backfill
2026-04-23T05:52:45.241Z,244,Golden Athena Ring,2089,151,backfill
2026-04-23T05:52:45.241Z,245,Golden Chobo Ring,2016,147,backfill
2026-04-23T05:52:45.241Z,246,Golden Crusader Ring,1964,161,backfill
2026-04-23T05:52:45.241Z,247,Golden Foxglove Ring,2066,167,backfill
2026-04-23T05:52:45.241Z,248,Golden Overseer Ring,2103,169,backfill
2026-04-23T05:52:45.241Z,249,Golden Summoner Ring,1923,159,backfill
2026-04-24T05:47:12.272Z,134,Chobo Silver Ring,14459,1997,backfill
2026-04-24T05:47:12.272Z,135,Crusader Silver Ring,14477,1939,backfill
2026-04-24T05:47:12.272Z,136,Overseer Silver Ring,14415,1973,backfill
2026-04-24T05:47:12.272Z,137,Athena Silver Ring,14468,1909,backfill
2026-04-24T05:47:12.272Z,138,Archon Silver Ring,15332,1994,backfill
2026-04-24T05:47:12.272Z,139,Foxglove Silver Ring,14210,1975,backfill
2026-04-24T05:47:12.272Z,140,Summoner Silver Ring,15376,1971,backfill
2026-04-24T05:47:12.272Z,243,Golden Archon Ring,1915,167,backfill
2026-04-24T05:47:12.272Z,244,Golden Athena Ring,2095,154,backfill
2026-04-24T05:47:12.272Z,245,Golden Chobo Ring,2010,149,backfill
2026-04-24T05:47:12.272Z,246,Golden Crusader Ring,1919,163,backfill
2026-04-24T05:47:12.272Z,247,Golden Foxglove Ring,2016,170,backfill
2026-04-24T05:47:12.272Z,248,Golden Overseer Ring,2068,176,backfill
2026-04-24T05:47:12.272Z,249,Golden Summoner Ring,1917,160,backfill
2026-04-25T05:41:31.318Z,134,Chobo Silver Ring,14563,2020,backfill
2026-04-25T05:41:31.318Z,135,Crusader Silver Ring,14545,1952,backfill
2026-04-25T05:41:31.318Z,136,Overseer Silver Ring,14493,1983,backfill
2026-04-25T05:41:31.318Z,137,Athena Silver Ring,14606,1927,backfill
2026-04-25T05:41:31.318Z,138,Archon Silver Ring,15436,2016,backfill
2026-04-25T05:41:31.318Z,139,Foxglove Silver Ring,14328,1999,backfill
2026-04-25T05:41:31.318Z,140,Summoner Silver Ring,15461,2001,backfill
2026-04-25T05:41:31.318Z,243,Golden Archon Ring,1952,164,backfill
2026-04-25T05:41:31.318Z,244,Golden Athena Ring,2093,155,backfill
2026-04-25T05:41:31.318Z,245,Golden Chobo Ring,2003,146,backfill
2026-04-25T05:41:31.318Z,246,Golden Crusader Ring,1959,161,backfill
2026-04-25T05:41:31.318Z,247,Golden Foxglove Ring,2059,168,backfill
2026-04-25T05:41:31.318Z,248,Golden Overseer Ring,2097,175,backfill
2026-04-25T05:41:31.318Z,249,Golden Summoner Ring,1907,161,backfill
2026-04-26T05:37:01.261Z,134,Chobo Silver Ring,14661,2039,backfill
2026-04-26T05:37:01.261Z,135,Crusader Silver Ring,14632,1972,backfill
2026-04-26T05:37:01.261Z,136,Overseer Silver Ring,14567,2000,backfill
2026-04-26T05:37:01.261Z,137,Athena Silver Ring,14677,1944,backfill
2026-04-26T05:37:01.261Z,138,Archon Silver Ring,15512,2031,backfill
2026-04-26T05:37:01.261Z,139,Foxglove Silver Ring,14376,2013,backfill
2026-04-26T05:37:01.261Z,140,Summoner Silver Ring,15557,2016,backfill
2026-04-26T05:37:01.261Z,243,Golden Archon Ring,1963,166,backfill
2026-04-26T05:37:01.261Z,244,Golden Athena Ring,2106,158,backfill
2026-04-26T05:37:01.261Z,245,Golden Chobo Ring,2006,146,backfill
2026-04-26T05:37:01.261Z,246,Golden Crusader Ring,1969,165,backfill
2026-04-26T05:37:01.261Z,247,Golden Foxglove Ring,2067,169,backfill
2026-04-26T05:37:01.261Z,248,Golden Overseer Ring,2101,174,backfill
2026-04-26T05:37:01.261Z,249,Golden Summoner Ring,1921,164,backfill
2026-04-27T05:36:27.713Z,134,Chobo Silver Ring,14738,2055,backfill
2026-04-27T05:36:27.713Z,135,Crusader Silver Ring,14693,1979,backfill
2026-04-27T05:36:27.713Z,136,Overseer Silver Ring,14666,2034,backfill
2026-04-27T05:36:27.713Z,137,Athena Silver Ring,14751,1967,backfill
2026-04-27T05:36:27.713Z,138,Archon Silver Ring,15594,2039,backfill
2026-04-27T05:36:27.713Z,139,Foxglove Silver Ring,14447,2029,backfill
2026-04-27T05:36:27.713Z,140,Summoner Silver Ring,15620,2028,backfill
2026-04-27T05:36:27.713Z,243,Golden Archon Ring,1987,173,backfill
2026-04-27T05:36:27.713Z,244,Golden Athena Ring,2114,160,backfill
2026-04-27T05:36:27.713Z,245,Golden Chobo Ring,2011,148,backfill
2026-04-27T05:36:27.713Z,246,Golden Crusader Ring,1979,167,backfill
2026-04-27T05:36:27.713Z,247,Golden Foxglove Ring,2077,172,backfill
2026-04-27T05:36:27.713Z,248,Golden Overseer Ring,2113,176,backfill
2026-04-27T05:36:27.713Z,249,Golden Summoner Ring,1934,167,backfill
2026-04-28T05:42:34.793Z,134,Chobo Silver Ring,14824,2075,backfill
2026-04-28T05:42:34.793Z,135,Crusader Silver Ring,14764,2000,backfill
2026-04-28T05:42:34.793Z,136,Overseer Silver Ring,14728,2045,backfill
2026-04-28T05:42:34.793Z,137,Athena Silver Ring,14825,1982,backfill
2026-04-28T05:42:34.793Z,138,Archon Silver Ring,15680,2057,backfill
2026-04-28T05:42:34.793Z,139,Foxglove Silver Ring,14526,2041,backfill
2026-04-28T05:42:34.793Z,140,Summoner Silver Ring,15720,2049,backfill
2026-04-28T05:42:34.793Z,243,Golden Archon Ring,1998,175,backfill
2026-04-28T05:42:34.793Z,244,Golden Athena Ring,2125,162,backfill
2026-04-28T05:42:34.793Z,245,Golden Chobo Ring,2029,152,backfill
2026-04-28T05:42:34.793Z,246,Golden Crusader Ring,1990,167,backfill
2026-04-28T05:42:34.793Z,247,Golden Foxglove Ring,2089,174,backfill
2026-04-28T05:42:34.793Z,248,Golden Overseer Ring,2123,177,backfill
2026-04-28T05:42:34.793Z,249,Golden Summoner Ring,1945,167,backfill
2026-04-29T01:18:57.632Z,134,Chobo Silver Ring,14918,2087,backfill
2026-04-29T01:18:57.632Z,135,Crusader Silver Ring,14883,2021,backfill
2026-04-29T01:18:57.632Z,136,Overseer Silver Ring,14811,2062,backfill
2026-04-29T01:18:57.632Z,137,Athena Silver Ring,14901,1991,backfill
2026-04-29T01:18:57.632Z,138,Archon Silver Ring,15748,2078,backfill
2026-04-29T01:18:57.632Z,139,Foxglove Silver Ring,14613,2056,backfill
2026-04-29T01:18:57.632Z,140,Summoner Silver Ring,15782,2069,backfill
2026-04-29T01:18:57.632Z,243,Golden Archon Ring,2001,176,backfill
2026-04-29T01:18:57.632Z,244,Golden Athena Ring,2138,164,backfill
2026-04-29T01:18:57.632Z,245,Golden Chobo Ring,2040,152,backfill
2026-04-29T01:18:57.632Z,246,Golden Crusader Ring,1996,169,backfill
2026-04-29T01:18:57.632Z,247,Golden Foxglove Ring,2098,175,backfill
2026-04-29T01:18:57.632Z,248,Golden Overseer Ring,2134,178,backfill
2026-04-29T01:18:57.632Z,249,Golden Summoner Ring,1958,168,backfill
2026-04-30T01:25:58.055Z,134,Chobo Silver Ring,14960,2095,backfill
2026-04-30T01:25:58.055Z,135,Crusader Silver Ring,14958,2046,backfill
2026-04-30T01:25:58.055Z,136,Overseer Silver Ring,14897,2076,backfill
2026-04-30T01:25:58.055Z,137,Athena Silver Ring,14991,2003,backfill
2026-04-30T01:25:58.055Z,138,Archon Silver Ring,15833,2092,backfill
2026-04-30T01:25:58.055Z,139,Foxglove Silver Ring,14713,2078,backfill
2026-04-30T01:25:58.055Z,140,Summoner Silver Ring,15842,2078,backfill
2026-04-30T01:25:58.055Z,243,Golden Archon Ring,2013,179,backfill
2026-04-30T01:25:58.055Z,244,Golden Athena Ring,2148,165,backfill
2026-04-30T01:25:58.055Z,245,Golden Chobo Ring,2050,150,backfill
2026-04-30T01:25:58.055Z,246,Golden Crusader Ring,2009,170,backfill
2026-04-30T01:25:58.055Z,247,Golden Foxglove Ring,2108,175,backfill
2026-04-30T01:25:58.055Z,248,Golden Overseer Ring,2143,178,backfill
2026-04-30T01:25:58.055Z,249,Golden Summoner Ring,1967,169,backfill
2026-05-01T01:11:54.128Z,134,Chobo Silver Ring,15049,2114,backfill
2026-05-01T01:11:54.128Z,135,Crusader Silver Ring,15039,2061,backfill
2026-05-01T01:11:54.128Z,136,Overseer Silver Ring,14986,2094,backfill
2026-05-01T01:11:54.128Z,137,Athena Silver Ring,15075,2018,backfill
2026-05-01T01:11:54.128Z,138,Archon Silver Ring,15902,2101,backfill
2026-05-01T01:11:54.128Z,139,Foxglove Silver Ring,14784,2096,backfill
2026-05-01T01:11:54.128Z,140,Summoner Silver Ring,15931,2091,backfill
2026-05-01T01:11:54.128Z,243,Golden Archon Ring,2025,180,backfill
2026-05-01T01:11:54.128Z,244,Golden Athena Ring,2152,163,backfill
2026-05-01T01:11:54.128Z,245,Golden Chobo Ring,2062,151,backfill
2026-05-01T01:11:54.128Z,246,Golden Crusader Ring,2024,172,backfill
2026-05-01T01:11:54.128Z,247,Golden Foxglove Ring,2114,177,backfill
2026-05-01T01:11:54.128Z,248,Golden Overseer Ring,2159,181,backfill
2026-05-01T01:11:54.128Z,249,Golden Summoner Ring,1979,169,backfill
2026-05-02T01:27:41.442Z,134,Chobo Silver Ring,15157,2133,backfill
2026-05-02T01:27:41.442Z,135,Crusader Silver Ring,15160,2096,backfill
2026-05-02T01:27:41.442Z,136,Overseer Silver Ring,15096,2132,backfill
2026-05-02T01:27:41.442Z,137,Athena Silver Ring,15191,2048,backfill
2026-05-02T01:27:41.442Z,138,Archon Silver Ring,15990,2119,backfill
2026-05-02T01:27:41.442Z,139,Foxglove Silver Ring,14871,2111,backfill
2026-05-02T01:27:41.442Z,140,Summoner Silver Ring,16029,2107,backfill
2026-05-02T01:27:41.442Z,243,Golden Archon Ring,2036,181,backfill
2026-05-02T01:27:41.442Z,244,Golden Athena Ring,2162,163,backfill
2026-05-02T01:27:41.442Z,245,Golden Chobo Ring,2081,153,backfill
2026-05-02T01:27:41.442Z,246,Golden Crusader Ring,2039,172,backfill
2026-05-02T01:27:41.442Z,247,Golden Foxglove Ring,2124,179,backfill
2026-05-02T01:27:41.442Z,248,Golden Overseer Ring,2174,183,backfill
2026-05-02T01:27:41.442Z,249,Golden Summoner Ring,1993,170,backfill
2026-05-03T01:29:53.058Z,134,Chobo Silver Ring,15221,2139,backfill
2026-05-03T01:29:53.058Z,135,Crusader Silver Ring,15251,2108,backfill
2026-05-03T01:29:53.058Z,136,Overseer Silver Ring,15178,2134,backfill
2026-05-03T01:29:53.058Z,137,Athena Silver Ring,15301,2056,backfill
2026-05-03T01:29:53.058Z,138,Archon Silver Ring,16063,2125,backfill
2026-05-03T01:29:53.058Z,139,Foxglove Silver Ring,14955,2122,backfill
2026-05-03T01:29:53.058Z,140,Summoner Silver Ring,16094,2118,backfill
2026-05-03T01:29:53.058Z,243,Golden Archon Ring,2044,182,backfill
2026-05-03T01:29:53.058Z,244,Golden Athena Ring,2173,164,backfill
2026-05-03T01:29:53.058Z,245,Golden Chobo Ring,2089,154,backfill
2026-05-03T01:29:53.058Z,246,Golden Crusader Ring,2047,172,backfill
2026-05-03T01:29:53.058Z,247,Golden Foxglove Ring,2130,180,backfill
2026-05-03T01:29:53.058Z,248,Golden Overseer Ring,2183,183,backfill
2026-05-03T01:29:53.058Z,249,Golden Summoner Ring,2004,170,backfill
2026-05-05T16:38:06.733Z,134,Chobo Silver Ring,15451,2160,backfill
2026-05-05T16:38:06.733Z,135,Crusader Silver Ring,15449,2120,backfill
2026-05-05T16:38:06.733Z,136,Overseer Silver Ring,15371,2153,backfill
2026-05-05T16:38:06.733Z,137,Athena Silver Ring,15505,2070,backfill
2026-05-05T16:38:06.733Z,138,Archon Silver Ring,16317,2140,backfill
2026-05-05T16:38:06.733Z,139,Foxglove Silver Ring,15200,2144,backfill
2026-05-05T16:38:06.733Z,140,Summoner Silver Ring,16358,2142,backfill
2026-05-05T16:38:06.733Z,243,Golden Archon Ring,2079,188,backfill
2026-05-05T16:38:06.733Z,244,Golden Athena Ring,2208,168,backfill
2026-05-05T16:38:06.733Z,245,Golden Chobo Ring,2115,160,backfill
2026-05-05T16:38:06.733Z,246,Golden Crusader Ring,2076,176,backfill
2026-05-05T16:38:06.733Z,247,Golden Foxglove Ring,2157,181,backfill
2026-05-05T16:38:06.733Z,248,Golden Overseer Ring,2207,185,backfill
2026-05-05T16:38:06.733Z,249,Golden Summoner Ring,2042,173,backfill
2026-05-06T16:45:37.443Z,134,Chobo Silver Ring,15504,2172,backfill
2026-05-06T16:45:37.443Z,135,Crusader Silver Ring,15551,2134,backfill
2026-05-06T16:45:37.443Z,136,Overseer Silver Ring,15462,2170,backfill
2026-05-06T16:45:37.443Z,137,Athena Silver Ring,15585,2083,backfill
2026-05-06T16:45:37.443Z,138,Archon Silver Ring,16398,2157,backfill
2026-05-06T16:45:37.443Z,139,Foxglove Silver Ring,15291,2152,backfill
2026-05-06T16:45:37.443Z,140,Summoner Silver Ring,16460,2155,backfill
2026-05-06T16:45:37.443Z,243,Golden Archon Ring,2086,189,backfill
2026-05-06T16:45:37.443Z,244,Golden Athena Ring,2221,171,backfill
2026-05-06T16:45:37.443Z,245,Golden Chobo Ring,2127,160,backfill
2026-05-06T16:45:37.443Z,246,Golden Crusader Ring,2082,177,backfill
2026-05-06T16:45:37.443Z,247,Golden Foxglove Ring,2165,183,backfill
2026-05-06T16:45:37.443Z,248,Golden Overseer Ring,2213,184,backfill
2026-05-06T16:45:37.443Z,249,Golden Summoner Ring,2051,173,backfill
2026-05-07T16:36:54.249Z,134,Chobo Silver Ring,15593,2184,backfill
2026-05-07T16:36:54.249Z,135,Crusader Silver Ring,15651,2147,backfill
2026-05-07T16:36:54.249Z,136,Overseer Silver Ring,15541,2189,backfill
2026-05-07T16:36:54.249Z,137,Athena Silver Ring,15666,2100,backfill
2026-05-07T16:36:54.249Z,138,Archon Silver Ring,16483,2171,backfill
2026-05-07T16:36:54.249Z,139,Foxglove Silver Ring,15384,2168,backfill
2026-05-07T16:36:54.249Z,140,Summoner Silver Ring,16544,2173,backfill
2026-05-07T16:36:54.249Z,243,Golden Archon Ring,2098,189,backfill
2026-05-07T16:36:54.249Z,244,Golden Athena Ring,2234,171,backfill
2026-05-07T16:36:54.249Z,245,Golden Chobo Ring,2139,163,backfill
2026-05-07T16:36:54.249Z,246,Golden Crusader Ring,2093,179,backfill
2026-05-07T16:36:54.249Z,247,Golden Foxglove Ring,2175,186,backfill
2026-05-07T16:36:54.249Z,248,Golden Overseer Ring,2221,185,backfill
2026-05-07T16:36:54.249Z,249,Golden Summoner Ring,2064,175,backfill
2026-05-08T16:35:52.952Z,134,Chobo Silver Ring,15691,2195,backfill
2026-05-08T16:35:52.952Z,135,Crusader Silver Ring,15733,2152,backfill
2026-05-08T16:35:52.952Z,136,Overseer Silver Ring,15658,2208,backfill
2026-05-08T16:35:52.952Z,137,Athena Silver Ring,15778,2127,backfill
2026-05-08T16:35:52.952Z,138,Archon Silver Ring,16580,2195,backfill
2026-05-08T16:35:52.952Z,139,Foxglove Silver Ring,15477,2184,backfill
2026-05-08T16:35:52.952Z,140,Summoner Silver Ring,16654,2193,backfill
2026-05-08T16:35:52.952Z,243,Golden Archon Ring,2113,190,backfill
2026-05-08T16:35:52.952Z,244,Golden Athena Ring,2243,171,backfill
2026-05-08T16:35:52.952Z,245,Golden Chobo Ring,2148,162,backfill
2026-05-08T16:35:52.952Z,246,Golden Crusader Ring,2109,182,backfill
2026-05-08T16:35:52.952Z,247,Golden Foxglove Ring,2190,187,backfill
2026-05-08T16:35:52.952Z,248,Golden Overseer Ring,2238,187,backfill
2026-05-08T16:35:52.952Z,249,Golden Summoner Ring,2072,173,backfill
2026-05-09T16:24:10.628Z,134,Chobo Silver Ring,15500,2153,backfill
2026-05-09T16:24:10.628Z,135,Crusader Silver Ring,15490,2110,backfill
2026-05-09T16:24:10.628Z,136,Overseer Silver Ring,15465,2157,backfill
2026-05-09T16:24:10.628Z,137,Athena Silver Ring,15573,2083,backfill
2026-05-09T16:24:10.628Z,138,Archon Silver Ring,16408,2167,backfill
2026-05-09T16:24:10.628Z,139,Foxglove Silver Ring,15265,2161,backfill
2026-05-09T16:24:10.628Z,140,Summoner Silver Ring,16501,2178,backfill
2026-05-09T16:24:10.628Z,243,Golden Archon Ring,2123,190,backfill
2026-05-09T16:24:10.628Z,244,Golden Athena Ring,2252,173,backfill
2026-05-09T16:24:10.628Z,245,Golden Chobo Ring,2160,163,backfill
2026-05-09T16:24:10.628Z,246,Golden Crusader Ring,2119,181,backfill
2026-05-09T16:24:10.628Z,247,Golden Foxglove Ring,2198,186,backfill
2026-05-09T16:24:10.628Z,248,Golden Overseer Ring,2240,186,backfill
2026-05-09T16:24:10.628Z,249,Golden Summoner Ring,2078,173,backfill
2026-05-10T16:20:08.794Z,134,Chobo Silver Ring,15483,2141,backfill
2026-05-10T16:20:08.794Z,135,Crusader Silver Ring,15510,2103,backfill
2026-05-10T16:20:08.794Z,136,Overseer Silver Ring,15460,2136,backfill
2026-05-10T16:20:08.794Z,137,Athena Silver Ring,15523,2069,backfill
2026-05-10T16:20:08.794Z,138,Archon Silver Ring,16413,2158,backfill
2026-05-10T16:20:08.794Z,139,Foxglove Silver Ring,15273,2154,backfill
2026-05-10T16:20:08.794Z,140,Summoner Silver Ring,16503,2157,backfill
2026-05-10T16:20:08.794Z,243,Golden Archon Ring,2133,189,backfill
2026-05-10T16:20:08.794Z,244,Golden Athena Ring,2263,173,backfill
2026-05-10T16:20:08.794Z,245,Golden Chobo Ring,2170,164,backfill
2026-05-10T16:20:08.794Z,246,Golden Crusader Ring,2123,182,backfill
2026-05-10T16:20:08.794Z,247,Golden Foxglove Ring,2209,187,backfill
2026-05-10T16:20:08.794Z,248,Golden Overseer Ring,2249,186,backfill
2026-05-10T16:20:08.794Z,249,Golden Summoner Ring,2090,174,backfill
2026-05-11T16:21:49.831Z,134,Chobo Silver Ring,15522,2146,backfill
2026-05-11T16:21:49.831Z,135,Crusader Silver Ring,15596,2121,backfill
2026-05-11T16:21:49.831Z,136,Overseer Silver Ring,15484,2148,backfill
2026-05-11T16:21:49.831Z,137,Athena Silver Ring,15532,2083,backfill
2026-05-11T16:21:49.831Z,138,Archon Silver Ring,16457,2171,backfill
2026-05-11T16:21:49.831Z,139,Foxglove Silver Ring,15304,2162,backfill
2026-05-11T16:21:49.831Z,140,Summoner Silver Ring,16578,2165,backfill
2026-05-11T16:21:49.831Z,243,Golden Archon Ring,2140,189,backfill
2026-05-11T16:21:49.831Z,244,Golden Athena Ring,2272,173,backfill
2026-05-11T16:21:49.831Z,245,Golden Chobo Ring,2178,165,backfill
2026-05-11T16:21:49.831Z,246,Golden Crusader Ring,2133,183,backfill
2026-05-11T16:21:49.831Z,247,Golden Foxglove Ring,2215,188,backfill
2026-05-11T16:21:49.831Z,248,Golden Overseer Ring,2257,188,backfill
2026-05-11T16:21:49.831Z,249,Golden Summoner Ring,2099,175,backfill
2026-05-12T16:25:46.088Z,134,Chobo Silver Ring,15579,2161,backfill
2026-05-12T16:25:46.088Z,135,Crusader Silver Ring,15667,2138,backfill
2026-05-12T16:25:46.088Z,136,Overseer Silver Ring,15547,2165,backfill
2026-05-12T16:25:46.088Z,137,Athena Silver Ring,15569,2097,backfill
2026-05-12T16:25:46.088Z,138,Archon Silver Ring,16508,2182,backfill
2026-05-12T16:25:46.088Z,139,Foxglove Silver Ring,15357,2174,backfill
2026-05-12T16:25:46.088Z,140,Summoner Silver Ring,16613,2177,backfill
2026-05-12T16:25:46.088Z,243,Golden Archon Ring,2151,189,backfill
2026-05-12T16:25:46.088Z,244,Golden Athena Ring,2282,173,backfill
2026-05-12T16:25:46.088Z,245,Golden Chobo Ring,2187,164,backfill
2026-05-12T16:25:46.088Z,246,Golden Crusader Ring,2142,182,backfill
2026-05-12T16:25:46.088Z,247,Golden Foxglove Ring,2228,188,backfill
2026-05-12T16:25:46.088Z,248,Golden Overseer Ring,2264,190,backfill
2026-05-12T16:25:46.088Z,249,Golden Summoner Ring,2106,175,backfill
2026-05-13T16:25:38.170Z,134,Chobo Silver Ring,15631,2175,backfill
2026-05-13T16:25:38.170Z,135,Crusader Silver Ring,15693,2145,backfill
2026-05-13T16:25:38.170Z,136,Overseer Silver Ring,15588,2171,backfill
2026-05-13T16:25:38.170Z,137,Athena Silver Ring,15586,2106,backfill
2026-05-13T16:25:38.170Z,138,Archon Silver Ring,16551,2187,backfill
2026-05-13T16:25:38.170Z,139,Foxglove Silver Ring,15443,2194,backfill
2026-05-13T16:25:38.170Z,140,Summoner Silver Ring,16641,2193,backfill
2026-05-13T16:25:38.170Z,243,Golden Archon Ring,2159,189,backfill
2026-05-13T16:25:38.170Z,244,Golden Athena Ring,2294,174,backfill
2026-05-13T16:25:38.170Z,245,Golden Chobo Ring,2202,167,backfill
2026-05-13T16:25:38.170Z,246,Golden Crusader Ring,2154,182,backfill
2026-05-13T16:25:38.170Z,247,Golden Foxglove Ring,2246,191,backfill
2026-05-13T16:25:38.170Z,248,Golden Overseer Ring,2276,191,backfill
2026-05-13T16:25:38.170Z,249,Golden Summoner Ring,2116,176,backfill
2026-05-14T17:03:38.001Z,134,Chobo Silver Ring,15640,2199,backfill
2026-05-14T17:03:38.001Z,135,Crusader Silver Ring,15713,2158,backfill
2026-05-14T17:03:38.001Z,136,Overseer Silver Ring,15644,2180,backfill
2026-05-14T17:03:38.001Z,137,Athena Silver Ring,15639,2111,backfill
2026-05-14T17:03:38.001Z,138,Archon Silver Ring,16610,2204,backfill
2026-05-14T17:03:38.001Z,139,Foxglove Silver Ring,15415,2203,backfill
2026-05-14T17:03:38.001Z,140,Summoner Silver Ring,16664,2196,backfill
2026-05-14T17:03:38.001Z,243,Golden Archon Ring,2166,188,backfill
2026-05-14T17:03:38.001Z,244,Golden Athena Ring,2301,173,backfill
2026-05-14T17:03:38.001Z,245,Golden Chobo Ring,2213,166,backfill
2026-05-14T17:03:38.001Z,246,Golden Crusader Ring,2160,183,backfill
2026-05-14T17:03:38.001Z,247,Golden Foxglove Ring,2254,191,backfill
2026-05-14T17:03:38.001Z,248,Golden Overseer Ring,2286,191,backfill
2026-05-14T17:03:38.001Z,249,Golden Summoner Ring,2130,176,backfill
2026-05-15T17:03:08.264Z,134,Chobo Silver Ring,15549,2197,backfill
2026-05-15T17:03:08.264Z,135,Crusader Silver Ring,15598,2158,backfill
2026-05-15T17:03:08.264Z,136,Overseer Silver Ring,15519,2182,backfill
2026-05-15T17:03:08.264Z,137,Athena Silver Ring,15535,2114,backfill
2026-05-15T17:03:08.264Z,138,Archon Silver Ring,16482,2213,backfill
2026-05-15T17:03:08.264Z,139,Foxglove Silver Ring,15336,2210,backfill
2026-05-15T17:03:08.264Z,140,Summoner Silver Ring,16551,2201,backfill
2026-05-15T17:03:08.264Z,243,Golden Archon Ring,2175,187,backfill
2026-05-15T17:03:08.264Z,244,Golden Athena Ring,2309,172,backfill
2026-05-15T17:03:08.264Z,245,Golden Chobo Ring,2220,166,backfill
2026-05-15T17:03:08.264Z,246,Golden Crusader Ring,2165,184,backfill
2026-05-15T17:03:08.264Z,247,Golden Foxglove Ring,2261,192,backfill
2026-05-15T17:03:08.264Z,248,Golden Overseer Ring,2292,191,backfill
2026-05-15T17:03:08.264Z,249,Golden Summoner Ring,2137,176,backfill
2026-05-16T17:01:48.346Z,134,Chobo Silver Ring,15499,2203,backfill
2026-05-16T17:01:48.346Z,135,Crusader Silver Ring,15576,2161,backfill
2026-05-16T17:01:48.346Z,136,Overseer Silver Ring,15482,2183,backfill
2026-05-16T17:01:48.346Z,137,Athena Silver Ring,15504,2121,backfill
2026-05-16T17:01:48.346Z,138,Archon Silver Ring,16475,2213,backfill
2026-05-16T17:01:48.346Z,139,Foxglove Silver Ring,15284,2206,backfill
2026-05-16T17:01:48.346Z,140,Summoner Silver Ring,16504,2199,backfill
2026-05-16T17:01:48.346Z,243,Golden Archon Ring,2158,180,backfill
2026-05-16T17:01:48.346Z,244,Golden Athena Ring,2281,171,backfill
2026-05-16T17:01:48.346Z,245,Golden Chobo Ring,2203,157,backfill
2026-05-16T17:01:48.346Z,246,Golden Crusader Ring,2150,179,backfill
2026-05-16T17:01:48.346Z,247,Golden Foxglove Ring,2244,186,backfill
2026-05-16T17:01:48.346Z,248,Golden Overseer Ring,2260,183,backfill
2026-05-16T17:01:48.346Z,249,Golden Summoner Ring,2113,171,backfill
2026-05-17T17:02:50.322Z,134,Chobo Silver Ring,15557,2221,backfill
2026-05-17T17:02:50.322Z,135,Crusader Silver Ring,15650,2186,backfill
2026-05-17T17:02:50.322Z,136,Overseer Silver Ring,15544,2195,backfill
2026-05-17T17:02:50.322Z,137,Athena Silver Ring,15598,2139,backfill
2026-05-17T17:02:50.322Z,138,Archon Silver Ring,16548,2239,backfill
2026-05-17T17:02:50.322Z,139,Foxglove Silver Ring,15351,2232,backfill
2026-05-17T17:02:50.322Z,140,Summoner Silver Ring,16569,2215,backfill
2026-05-17T17:02:50.322Z,243,Golden Archon Ring,2147,178,backfill
2026-05-17T17:02:50.322Z,244,Golden Athena Ring,2270,171,backfill
2026-05-17T17:02:50.322Z,245,Golden Chobo Ring,2198,156,backfill
2026-05-17T17:02:50.322Z,246,Golden Crusader Ring,2140,172,backfill
2026-05-17T17:02:50.322Z,247,Golden Foxglove Ring,2233,185,backfill
2026-05-17T17:02:50.322Z,248,Golden Overseer Ring,2258,180,backfill
2026-05-17T17:02:50.322Z,249,Golden Summoner Ring,2111,169,backfill
2026-05-18T17:02:25.008Z,134,Chobo Silver Ring,15637,2238,backfill
2026-05-18T17:02:25.008Z,135,Crusader Silver Ring,15738,2202,backfill
2026-05-18T17:02:25.008Z,136,Overseer Silver Ring,15623,2212,backfill
2026-05-18T17:02:25.008Z,137,Athena Silver Ring,15676,2156,backfill
2026-05-18T17:02:25.008Z,138,Archon Silver Ring,16614,2259,backfill
2026-05-18T17:02:25.008Z,139,Foxglove Silver Ring,15440,2252,backfill
2026-05-18T17:02:25.008Z,140,Summoner Silver Ring,16643,2228,backfill
2026-05-18T17:02:25.008Z,243,Golden Archon Ring,2145,172,backfill
2026-05-18T17:02:25.008Z,244,Golden Athena Ring,2266,168,backfill
2026-05-18T17:02:25.008Z,245,Golden Chobo Ring,2196,152,backfill
2026-05-18T17:02:25.008Z,246,Golden Crusader Ring,2132,165,backfill
2026-05-18T17:02:25.008Z,247,Golden Foxglove Ring,2227,180,backfill
2026-05-18T17:02:25.008Z,248,Golden Overseer Ring,2263,179,backfill
2026-05-18T17:02:25.008Z,249,Golden Summoner Ring,2088,167,backfill
2026-05-19T17:02:51.424Z,134,Chobo Silver Ring,15715,2263,backfill
2026-05-19T17:02:51.424Z,135,Crusader Silver Ring,15796,2222,backfill
2026-05-19T17:02:51.424Z,136,Overseer Silver Ring,15689,2225,backfill
2026-05-19T17:02:51.424Z,137,Athena Silver Ring,15751,2176,backfill
2026-05-19T17:02:51.424Z,138,Archon Silver Ring,16674,2275,backfill
2026-05-19T17:02:51.424Z,139,Foxglove Silver Ring,15506,2275,backfill
2026-05-19T17:02:51.424Z,140,Summoner Silver Ring,16717,2247,backfill
2026-05-19T17:02:51.424Z,243,Golden Archon Ring,2149,174,backfill
2026-05-19T17:02:51.424Z,244,Golden Athena Ring,2268,170,backfill
2026-05-19T17:02:51.424Z,245,Golden Chobo Ring,2196,151,backfill
2026-05-19T17:02:51.424Z,246,Golden Crusader Ring,2136,168,backfill
2026-05-19T17:02:51.424Z,247,Golden Foxglove Ring,2228,181,backfill
2026-05-19T17:02:51.424Z,248,Golden Overseer Ring,2257,181,backfill
2026-05-19T17:02:51.424Z,249,Golden Summoner Ring,2106,167,backfill
2026-05-20T17:02:09.544Z,134,Chobo Silver Ring,15802,2276,backfill
2026-05-20T17:02:09.544Z,135,Crusader Silver Ring,15880,2242,backfill
2026-05-20T17:02:09.544Z,136,Overseer Silver Ring,15745,2235,backfill
2026-05-20T17:02:09.544Z,137,Athena Silver Ring,15835,2192,backfill
2026-05-20T17:02:09.544Z,138,Archon Silver Ring,16760,2293,backfill
2026-05-20T17:02:09.544Z,139,Foxglove Silver Ring,15583,2292,backfill
2026-05-20T17:02:09.544Z,140,Summoner Silver Ring,16799,2261,backfill
2026-05-20T17:02:09.544Z,243,Golden Archon Ring,2150,172,backfill
2026-05-20T17:02:09.544Z,244,Golden Athena Ring,2266,168,backfill
2026-05-20T17:02:09.544Z,245,Golden Chobo Ring,2191,150,backfill
2026-05-20T17:02:09.544Z,246,Golden Crusader Ring,2134,161,backfill
2026-05-20T17:02:09.544Z,247,Golden Foxglove Ring,2229,177,backfill
2026-05-20T17:02:09.544Z,248,Golden Overseer Ring,2255,180,backfill
2026-05-20T17:02:09.544Z,249,Golden Summoner Ring,2107,165,backfill
2026-05-21T17:01:19.828Z,134,Chobo Silver Ring,15855,2283,backfill
2026-05-21T17:01:19.828Z,135,Crusader Silver Ring,15963,2260,backfill
2026-05-21T17:01:19.828Z,136,Overseer Silver Ring,15802,2255,backfill
2026-05-21T17:01:19.828Z,137,Athena Silver Ring,15899,2203,backfill
2026-05-21T17:01:19.828Z,138,Archon Silver Ring,16826,2308,backfill
2026-05-21T17:01:19.828Z,139,Foxglove Silver Ring,15665,2305,backfill
2026-05-21T17:01:19.828Z,140,Summoner Silver Ring,16889,2284,backfill
2026-05-21T17:01:19.828Z,243,Golden Archon Ring,2153,173,backfill
2026-05-21T17:01:19.828Z,244,Golden Athena Ring,2273,169,backfill
2026-05-21T17:01:19.828Z,245,Golden Chobo Ring,2196,151,backfill
2026-05-21T17:01:19.828Z,246,Golden Crusader Ring,2129,159,backfill
2026-05-21T17:01:19.828Z,247,Golden Foxglove Ring,2235,176,backfill
2026-05-21T17:01:19.828Z,248,Golden Overseer Ring,2254,178,backfill
2026-05-21T17:01:19.828Z,249,Golden Summoner Ring,2107,167,backfill
2026-05-22T17:01:44.559Z,134,Chobo Silver Ring,15916,2293,backfill
2026-05-22T17:01:44.559Z,135,Crusader Silver Ring,16028,2273,backfill
2026-05-22T17:01:44.559Z,136,Overseer Silver Ring,15880,2274,backfill
2026-05-22T17:01:44.559Z,137,Athena Silver Ring,15970,2223,backfill
2026-05-22T17:01:44.559Z,138,Archon Silver Ring,16881,2318,backfill
2026-05-22T17:01:44.559Z,139,Foxglove Silver Ring,15756,2323,backfill
2026-05-22T17:01:44.559Z,140,Summoner Silver Ring,16992,2305,backfill
2026-05-22T17:01:44.559Z,243,Golden Archon Ring,2144,175,backfill
2026-05-22T17:01:44.559Z,244,Golden Athena Ring,2261,167,backfill
2026-05-22T17:01:44.559Z,245,Golden Chobo Ring,2197,151,backfill
2026-05-22T17:01:44.559Z,246,Golden Crusader Ring,2116,163,backfill
2026-05-22T17:01:44.559Z,247,Golden Foxglove Ring,2230,176,backfill
2026-05-22T17:01:44.559Z,248,Golden Overseer Ring,2249,176,backfill
2026-05-22T17:01:44.559Z,249,Golden Summoner Ring,2107,165,backfill
2026-05-23T17:02:24.686Z,134,Chobo Silver Ring,15568,2289,backfill
2026-05-23T17:02:24.686Z,135,Crusader Silver Ring,15735,2263,backfill
2026-05-23T17:02:24.686Z,136,Overseer Silver Ring,15562,2266,backfill
2026-05-23T17:02:24.686Z,137,Athena Silver Ring,15698,2221,backfill
2026-05-23T17:02:24.686Z,138,Archon Silver Ring,16538,2322,backfill
2026-05-23T17:02:24.686Z,139,Foxglove Silver Ring,15461,2297,backfill
2026-05-23T17:02:24.686Z,140,Summoner Silver Ring,16683,2294,backfill
2026-05-23T17:02:24.686Z,243,Golden Archon Ring,2131,175,backfill
2026-05-23T17:02:24.686Z,244,Golden Athena Ring,2255,167,backfill
2026-05-23T17:02:24.686Z,245,Golden Chobo Ring,2178,150,backfill
2026-05-23T17:02:24.686Z,246,Golden Crusader Ring,2106,162,backfill
2026-05-23T17:02:24.686Z,247,Golden Foxglove Ring,2223,175,backfill
2026-05-23T17:02:24.686Z,248,Golden Overseer Ring,2233,175,backfill
2026-05-23T17:02:24.686Z,249,Golden Summoner Ring,2087,165,backfill
2026-05-24T17:02:11.751Z,134,Chobo Silver Ring,15466,2256,backfill
2026-05-24T17:02:11.751Z,135,Crusader Silver Ring,15660,2222,backfill
2026-05-24T17:02:11.751Z,136,Overseer Silver Ring,15486,2237,backfill
2026-05-24T17:02:11.751Z,137,Athena Silver Ring,15585,2184,backfill
2026-05-24T17:02:11.751Z,138,Archon Silver Ring,16476,2296,backfill
2026-05-24T17:02:11.751Z,139,Foxglove Silver Ring,15381,2278,backfill
2026-05-24T17:02:11.751Z,140,Summoner Silver Ring,16592,2271,backfill
2026-05-24T17:02:11.751Z,243,Golden Archon Ring,2144,176,backfill
2026-05-24T17:02:11.751Z,244,Golden Athena Ring,2266,168,backfill
2026-05-24T17:02:11.751Z,245,Golden Chobo Ring,2196,152,backfill
2026-05-24T17:02:11.751Z,246,Golden Crusader Ring,2118,162,backfill
2026-05-24T17:02:11.751Z,247,Golden Foxglove Ring,2232,178,backfill
2026-05-24T17:02:11.751Z,248,Golden Overseer Ring,2257,175,backfill
2026-05-24T17:02:11.751Z,249,Golden Summoner Ring,2104,164,backfill
2026-05-25T17:01:36.856Z,134,Chobo Silver Ring,15479,2266,backfill
2026-05-25T17:01:36.856Z,135,Crusader Silver Ring,15646,2236,backfill
2026-05-25T17:01:36.856Z,136,Overseer Silver Ring,15544,2241,backfill
2026-05-25T17:01:36.856Z,137,Athena Silver Ring,15589,2190,backfill
2026-05-25T17:01:36.856Z,138,Archon Silver Ring,16504,2303,backfill
2026-05-25T17:01:36.856Z,139,Foxglove Silver Ring,15421,2291,backfill
2026-05-25T17:01:36.856Z,140,Summoner Silver Ring,16608,2275,backfill
2026-05-25T17:01:36.856Z,243,Golden Archon Ring,2152,177,backfill
2026-05-25T17:01:36.856Z,244,Golden Athena Ring,2271,168,backfill
2026-05-25T17:01:36.856Z,245,Golden Chobo Ring,2202,153,backfill
2026-05-25T17:01:36.856Z,246,Golden Crusader Ring,2126,163,backfill
2026-05-25T17:01:36.856Z,247,Golden Foxglove Ring,2235,178,backfill
2026-05-25T17:01:36.856Z,248,Golden Overseer Ring,2264,175,backfill
2026-05-25T17:01:36.856Z,249,Golden Summoner Ring,2110,164,backfill
2026-05-26T17:01:48.752Z,134,Chobo Silver Ring,15418,2217,backfill
2026-05-26T17:01:48.752Z,135,Crusader Silver Ring,15570,2190,backfill
2026-05-26T17:01:48.752Z,136,Overseer Silver Ring,15444,2198,backfill
2026-05-26T17:01:48.752Z,137,Athena Silver Ring,15499,2158,backfill
2026-05-26T17:01:48.752Z,138,Archon Silver Ring,16369,2252,backfill
2026-05-26T17:01:48.752Z,139,Foxglove Silver Ring,15315,2260,backfill
2026-05-26T17:01:48.752Z,140,Summoner Silver Ring,16567,2239,backfill
2026-05-26T17:01:48.752Z,243,Golden Archon Ring,2161,178,backfill
2026-05-26T17:01:48.752Z,244,Golden Athena Ring,2280,169,backfill
2026-05-26T17:01:48.752Z,245,Golden Chobo Ring,2212,154,backfill
2026-05-26T17:01:48.752Z,246,Golden Crusader Ring,2138,164,backfill
2026-05-26T17:01:48.752Z,247,Golden Foxglove Ring,2244,181,backfill
2026-05-26T17:01:48.752Z,248,Golden Overseer Ring,2272,174,backfill
2026-05-26T17:01:48.752Z,249,Golden Summoner Ring,2115,166,backfill
2026-05-27T17:02:10.722Z,134,Chobo Silver Ring,15393,2227,backfill
2026-05-27T17:02:10.722Z,135,Crusader Silver Ring,15531,2206,backfill
2026-05-27T17:02:10.722Z,136,Overseer Silver Ring,15379,2196,backfill
2026-05-27T17:02:10.722Z,137,Athena Silver Ring,15477,2162,backfill
2026-05-27T17:02:10.722Z,138,Archon Silver Ring,16343,2250,backfill
2026-05-27T17:02:10.722Z,139,Foxglove Silver Ring,15302,2268,backfill
2026-05-27T17:02:10.722Z,140,Summoner Silver Ring,16508,2244,backfill
2026-05-27T17:02:10.722Z,243,Golden Archon Ring,2167,178,backfill
2026-05-27T17:02:10.722Z,244,Golden Athena Ring,2291,170,backfill
2026-05-27T17:02:10.722Z,245,Golden Chobo Ring,2216,155,backfill
2026-05-27T17:02:10.722Z,246,Golden Crusader Ring,2142,165,backfill
2026-05-27T17:02:10.722Z,247,Golden Foxglove Ring,2249,181,backfill
2026-05-27T17:02:10.722Z,248,Golden Overseer Ring,2284,178,backfill
2026-05-27T17:02:10.722Z,249,Golden Summoner Ring,2123,168,backfill
2026-05-28T17:02:13.554Z,134,Chobo Silver Ring,15400,2241,backfill
2026-05-28T17:02:13.554Z,135,Crusader Silver Ring,15557,2212,backfill
2026-05-28T17:02:13.554Z,136,Overseer Silver Ring,15382,2212,backfill
2026-05-28T17:02:13.554Z,137,Athena Silver Ring,15502,2177,backfill
2026-05-28T17:02:13.554Z,138,Archon Silver Ring,16377,2260,backfill
2026-05-28T17:02:13.554Z,139,Foxglove Silver Ring,15312,2282,backfill
2026-05-28T17:02:13.554Z,140,Summoner Silver Ring,16505,2259,backfill
2026-05-28T17:02:13.554Z,243,Golden Archon Ring,2173,180,backfill
2026-05-28T17:02:13.554Z,244,Golden Athena Ring,2300,171,backfill
2026-05-28T17:02:13.554Z,245,Golden Chobo Ring,2226,156,backfill
2026-05-28T17:02:13.554Z,246,Golden Crusader Ring,2148,166,backfill
2026-05-28T17:02:13.554Z,247,Golden Foxglove Ring,2257,183,backfill
2026-05-28T17:02:13.554Z,248,Golden Overseer Ring,2292,179,backfill
2026-05-28T17:02:13.554Z,249,Golden Summoner Ring,2139,170,backfill
2026-05-29T17:02:00.589Z,134,Chobo Silver Ring,15323,2251,backfill
2026-05-29T17:02:00.589Z,135,Crusader Silver Ring,15339,2225,backfill
2026-05-29T17:02:00.589Z,136,Overseer Silver Ring,15057,2226,backfill
2026-05-29T17:02:00.589Z,137,Athena Silver Ring,15474,2190,backfill
2026-05-29T17:02:00.589Z,138,Archon Silver Ring,16079,2264,backfill
2026-05-29T17:02:00.589Z,139,Foxglove Silver Ring,15134,2299,backfill
2026-05-29T17:02:00.589Z,140,Summoner Silver Ring,16470,2281,backfill
2026-05-29T17:02:00.589Z,243,Golden Archon Ring,2178,183,backfill
2026-05-29T17:02:00.589Z,244,Golden Athena Ring,2307,172,backfill
2026-05-29T17:02:00.589Z,245,Golden Chobo Ring,2235,159,backfill
2026-05-29T17:02:00.589Z,246,Golden Crusader Ring,2154,168,backfill
2026-05-29T17:02:00.589Z,247,Golden Foxglove Ring,2271,184,backfill
2026-05-29T17:02:00.589Z,248,Golden Overseer Ring,2304,181,backfill
2026-05-29T17:02:00.589Z,249,Golden Summoner Ring,2145,171,backfill
2026-05-30T17:01:14.982Z,134,Chobo Silver Ring,15312,2271,backfill
2026-05-30T17:01:14.982Z,135,Crusader Silver Ring,15314,2241,backfill
2026-05-30T17:01:14.982Z,136,Overseer Silver Ring,15061,2238,backfill
2026-05-30T17:01:14.982Z,137,Athena Silver Ring,15479,2193,backfill
2026-05-30T17:01:14.982Z,138,Archon Silver Ring,16020,2273,backfill
2026-05-30T17:01:14.982Z,139,Foxglove Silver Ring,15093,2303,backfill
2026-05-30T17:01:14.982Z,140,Summoner Silver Ring,16437,2291,backfill
2026-05-30T17:01:14.982Z,243,Golden Archon Ring,2158,183,backfill
2026-05-30T17:01:14.982Z,244,Golden Athena Ring,2285,176,backfill
2026-05-30T17:01:14.982Z,245,Golden Chobo Ring,2217,161,backfill
2026-05-30T17:01:14.982Z,246,Golden Crusader Ring,2134,172,backfill
2026-05-30T17:01:14.982Z,247,Golden Foxglove Ring,2253,192,backfill
2026-05-30T17:01:14.982Z,248,Golden Overseer Ring,2288,183,backfill
2026-05-30T17:01:14.982Z,249,Golden Summoner Ring,2134,179,backfill
2026-05-31T17:02:30.062Z,134,Chobo Silver Ring,15419,2293,backfill
2026-05-31T17:02:30.062Z,135,Crusader Silver Ring,15402,2255,backfill
2026-05-31T17:02:30.062Z,136,Overseer Silver Ring,15127,2253,backfill
2026-05-31T17:02:30.062Z,137,Athena Silver Ring,15560,2213,backfill
2026-05-31T17:02:30.062Z,138,Archon Silver Ring,16103,2287,backfill
2026-05-31T17:02:30.062Z,139,Foxglove Silver Ring,15164,2323,backfill
2026-05-31T17:02:30.062Z,140,Summoner Silver Ring,16510,2303,backfill
2026-05-31T17:02:30.062Z,243,Golden Archon Ring,2154,174,backfill
2026-05-31T17:02:30.062Z,244,Golden Athena Ring,2279,168,backfill
2026-05-31T17:02:30.062Z,245,Golden Chobo Ring,2222,155,backfill
2026-05-31T17:02:30.062Z,246,Golden Crusader Ring,2138,166,backfill
2026-05-31T17:02:30.062Z,247,Golden Foxglove Ring,2267,186,backfill
2026-05-31T17:02:30.062Z,248,Golden Overseer Ring,2286,180,backfill
2026-05-31T17:02:30.062Z,249,Golden Summoner Ring,2144,177,backfill
2026-06-01T17:01:45.040Z,134,Chobo Silver Ring,15515,2317,backfill
2026-06-01T17:01:45.040Z,135,Crusader Silver Ring,15462,2270,backfill
2026-06-01T17:01:45.040Z,136,Overseer Silver Ring,15209,2259,backfill
2026-06-01T17:01:45.040Z,137,Athena Silver Ring,15631,2235,backfill
2026-06-01T17:01:45.040Z,138,Archon Silver Ring,16199,2312,backfill
2026-06-01T17:01:45.040Z,139,Foxglove Silver Ring,15270,2353,backfill
2026-06-01T17:01:45.040Z,140,Summoner Silver Ring,16602,2330,backfill
2026-06-01T17:01:45.040Z,243,Golden Archon Ring,2134,173,backfill
2026-06-01T17:01:45.040Z,244,Golden Athena Ring,2279,167,backfill
2026-06-01T17:01:45.040Z,245,Golden Chobo Ring,2200,153,backfill
2026-06-01T17:01:45.040Z,246,Golden Crusader Ring,2119,169,backfill
2026-06-01T17:01:45.040Z,247,Golden Foxglove Ring,2248,184,backfill
2026-06-01T17:01:45.040Z,248,Golden Overseer Ring,2279,179,backfill
2026-06-01T17:01:45.040Z,249,Golden Summoner Ring,2118,176,backfill
2026-06-02T17:02:36.623Z,134,Chobo Silver Ring,15602,2337,backfill
2026-06-02T17:02:36.623Z,135,Crusader Silver Ring,15538,2298,backfill
2026-06-02T17:02:36.623Z,136,Overseer Silver Ring,15296,2279,backfill
2026-06-02T17:02:36.623Z,137,Athena Silver Ring,15735,2261,backfill
2026-06-02T17:02:36.623Z,138,Archon Silver Ring,16270,2334,backfill
2026-06-02T17:02:36.623Z,139,Foxglove Silver Ring,15332,2370,backfill
2026-06-02T17:02:36.623Z,140,Summoner Silver Ring,16674,2352,backfill
2026-06-02T17:02:36.623Z,243,Golden Archon Ring,2135,174,backfill
2026-06-02T17:02:36.623Z,244,Golden Athena Ring,2288,172,backfill
2026-06-02T17:02:36.623Z,245,Golden Chobo Ring,2203,154,backfill
2026-06-02T17:02:36.623Z,246,Golden Crusader Ring,2112,168,backfill
2026-06-02T17:02:36.623Z,247,Golden Foxglove Ring,2253,185,backfill
2026-06-02T17:02:36.623Z,248,Golden Overseer Ring,2289,178,backfill
2026-06-02T17:02:36.623Z,249,Golden Summoner Ring,2135,178,backfill
2026-06-03T17:02:32.939Z,134,Chobo Silver Ring,15658,2343,backfill
2026-06-03T17:02:32.939Z,135,Crusader Silver Ring,15618,2318,backfill
2026-06-03T17:02:32.939Z,136,Overseer Silver Ring,15377,2295,backfill
2026-06-03T17:02:32.939Z,137,Athena Silver Ring,15808,2272,backfill
2026-06-03T17:02:32.939Z,138,Archon Silver Ring,16345,2355,backfill
2026-06-03T17:02:32.939Z,139,Foxglove Silver Ring,15420,2390,backfill
2026-06-03T17:02:32.939Z,140,Summoner Silver Ring,16763,2373,backfill
2026-06-03T17:02:32.939Z,243,Golden Archon Ring,2138,172,backfill
2026-06-03T17:02:32.939Z,244,Golden Athena Ring,2295,174,backfill
2026-06-03T17:02:32.939Z,245,Golden Chobo Ring,2209,154,backfill
2026-06-03T17:02:32.939Z,246,Golden Crusader Ring,2117,168,backfill
2026-06-03T17:02:32.939Z,247,Golden Foxglove Ring,2257,186,backfill
2026-06-03T17:02:32.939Z,248,Golden Overseer Ring,2294,177,backfill
2026-06-03T17:02:32.939Z,249,Golden Summoner Ring,2135,176,backfill
2026-06-04T17:01:50.928Z,134,Chobo Silver Ring,15736,2355,backfill
2026-06-04T17:01:50.928Z,135,Crusader Silver Ring,15714,2330,backfill
2026-06-04T17:01:50.928Z,136,Overseer Silver Ring,15428,2308,backfill
2026-06-04T17:01:50.928Z,137,Athena Silver Ring,15886,2285,backfill
2026-06-04T17:01:50.928Z,138,Archon Silver Ring,16418,2365,backfill
2026-06-04T17:01:50.928Z,139,Foxglove Silver Ring,15486,2406,backfill
2026-06-04T17:01:50.928Z,140,Summoner Silver Ring,16835,2388,backfill
2026-06-04T17:01:50.928Z,243,Golden Archon Ring,2140,173,backfill
2026-06-04T17:01:50.928Z,244,Golden Athena Ring,2295,173,backfill
2026-06-04T17:01:50.928Z,245,Golden Chobo Ring,2207,154,backfill
2026-06-04T17:01:50.928Z,246,Golden Crusader Ring,2119,169,backfill
2026-06-04T17:01:50.928Z,247,Golden Foxglove Ring,2259,185,backfill
2026-06-04T17:01:50.928Z,248,Golden Overseer Ring,2303,176,backfill
2026-06-04T17:01:50.928Z,249,Golden Summoner Ring,2145,175,backfill
2026-06-05T18:17:32.626Z,134,Chobo Silver Ring,15821,2372,backfill
2026-06-05T18:17:32.626Z,135,Crusader Silver Ring,15799,2356,backfill
2026-06-05T18:17:32.626Z,136,Overseer Silver Ring,15505,2323,backfill
2026-06-05T18:17:32.626Z,137,Athena Silver Ring,15972,2306,backfill
2026-06-05T18:17:32.626Z,138,Archon Silver Ring,16518,2387,backfill
2026-06-05T18:17:32.626Z,139,Foxglove Silver Ring,15578,2429,backfill
2026-06-05T18:17:32.626Z,140,Summoner Silver Ring,16899,2406,backfill
2026-06-05T18:17:32.626Z,243,Golden Archon Ring,2128,172,backfill
2026-06-05T18:17:32.626Z,244,Golden Athena Ring,2292,172,backfill
2026-06-05T18:17:32.626Z,245,Golden Chobo Ring,2202,151,backfill
2026-06-05T18:17:32.626Z,246,Golden Crusader Ring,2115,166,backfill
2026-06-05T18:17:32.626Z,247,Golden Foxglove Ring,2251,182,backfill
2026-06-05T18:17:32.626Z,248,Golden Overseer Ring,2294,173,backfill
2026-06-05T18:17:32.626Z,249,Golden Summoner Ring,2122,170,backfill
2026-06-06T17:01:39.536Z,134,Chobo Silver Ring,15658,2358,backfill
2026-06-06T17:01:39.536Z,135,Crusader Silver Ring,15631,2324,backfill
2026-06-06T17:01:39.536Z,136,Overseer Silver Ring,15321,2295,backfill
2026-06-06T17:01:39.536Z,137,Athena Silver Ring,15858,2291,backfill
2026-06-06T17:01:39.536Z,138,Archon Silver Ring,16359,2353,backfill
2026-06-06T17:01:39.536Z,139,Foxglove Silver Ring,15415,2395,backfill
2026-06-06T17:01:39.536Z,140,Summoner Silver Ring,16721,2395,backfill
2026-06-06T17:01:39.536Z,243,Golden Archon Ring,2129,172,backfill
2026-06-06T17:01:39.536Z,244,Golden Athena Ring,2289,169,backfill
2026-06-06T17:01:39.536Z,245,Golden Chobo Ring,2202,150,backfill
2026-06-06T17:01:39.536Z,246,Golden Crusader Ring,2106,165,backfill
2026-06-06T17:01:39.536Z,247,Golden Foxglove Ring,2242,178,backfill
2026-06-06T17:01:39.536Z,248,Golden Overseer Ring,2286,172,backfill
2026-06-06T17:01:39.536Z,249,Golden Summoner Ring,2122,169,backfill
2026-06-07T17:01:27.272Z,134,Chobo Silver Ring,15636,2354,backfill
2026-06-07T17:01:27.272Z,135,Crusader Silver Ring,15603,2337,backfill
2026-06-07T17:01:27.272Z,136,Overseer Silver Ring,15249,2296,backfill
2026-06-07T17:01:27.272Z,137,Athena Silver Ring,15793,2284,backfill
2026-06-07T17:01:27.272Z,138,Archon Silver Ring,16266,2348,backfill
2026-06-07T17:01:27.272Z,139,Foxglove Silver Ring,15368,2395,backfill
2026-06-07T17:01:27.272Z,140,Summoner Silver Ring,16694,2398,backfill
2026-06-07T17:01:27.272Z,243,Golden Archon Ring,2133,172,backfill
2026-06-07T17:01:27.272Z,244,Golden Athena Ring,2299,171,backfill
2026-06-07T17:01:27.272Z,245,Golden Chobo Ring,2208,151,backfill
2026-06-07T17:01:27.272Z,246,Golden Crusader Ring,2108,166,backfill
2026-06-07T17:01:27.272Z,247,Golden Foxglove Ring,2246,179,backfill
2026-06-07T17:01:27.272Z,248,Golden Overseer Ring,2289,173,backfill
2026-06-07T17:01:27.272Z,249,Golden Summoner Ring,2124,169,backfill
2026-06-08T17:01:56.981Z,134,Chobo Silver Ring,15616,2365,backfill
2026-06-08T17:01:56.981Z,135,Crusader Silver Ring,15659,2355,backfill
2026-06-08T17:01:56.981Z,136,Overseer Silver Ring,15270,2314,backfill
2026-06-08T17:01:56.981Z,137,Athena Silver Ring,15845,2295,backfill
2026-06-08T17:01:56.981Z,138,Archon Silver Ring,16305,2369,backfill
2026-06-08T17:01:56.981Z,139,Foxglove Silver Ring,15398,2415,backfill
2026-06-08T17:01:56.981Z,140,Summoner Silver Ring,16754,2407,backfill
2026-06-08T17:01:56.981Z,243,Golden Archon Ring,2147,171,backfill
2026-06-08T17:01:56.981Z,244,Golden Athena Ring,2303,173,backfill
2026-06-08T17:01:56.981Z,245,Golden Chobo Ring,2211,151,backfill
2026-06-08T17:01:56.981Z,246,Golden Crusader Ring,2116,168,backfill
2026-06-08T17:01:56.981Z,247,Golden Foxglove Ring,2257,180,backfill
2026-06-08T17:01:56.981Z,248,Golden Overseer Ring,2296,174,backfill
2026-06-08T17:01:56.981Z,249,Golden Summoner Ring,2134,169,backfill
2026-06-09T17:01:50.229Z,134,Chobo Silver Ring,15660,2384,backfill
2026-06-09T17:01:50.229Z,135,Crusader Silver Ring,15697,2369,backfill
2026-06-09T17:01:50.229Z,136,Overseer Silver Ring,15320,2328,backfill
2026-06-09T17:01:50.229Z,137,Athena Silver Ring,15873,2308,backfill
2026-06-09T17:01:50.229Z,138,Archon Silver Ring,16356,2374,backfill
2026-06-09T17:01:50.229Z,139,Foxglove Silver Ring,15418,2431,backfill
2026-06-09T17:01:50.229Z,140,Summoner Silver Ring,16825,2429,backfill
2026-06-09T17:01:50.229Z,243,Golden Archon Ring,2153,172,backfill
2026-06-09T17:01:50.229Z,244,Golden Athena Ring,2309,173,backfill
2026-06-09T17:01:50.229Z,245,Golden Chobo Ring,2200,151,backfill
2026-06-09T17:01:50.229Z,246,Golden Crusader Ring,2111,168,backfill
2026-06-09T17:01:50.229Z,247,Golden Foxglove Ring,2252,181,backfill
2026-06-09T17:01:50.229Z,248,Golden Overseer Ring,2284,174,backfill
2026-06-09T17:01:50.229Z,249,Golden Summoner Ring,2129,171,backfill
2026-06-10T17:01:04.791Z,134,Chobo Silver Ring,15680,2398,backfill
2026-06-10T17:01:04.791Z,135,Crusader Silver Ring,15726,2387,backfill
2026-06-10T17:01:04.791Z,136,Overseer Silver Ring,15351,2340,backfill
2026-06-10T17:01:04.791Z,137,Athena Silver Ring,15916,2313,backfill
2026-06-10T17:01:04.791Z,138,Archon Silver Ring,16382,2386,backfill
2026-06-10T17:01:04.791Z,139,Foxglove Silver Ring,15486,2446,backfill
2026-06-10T17:01:04.791Z,140,Summoner Silver Ring,16850,2439,backfill
2026-06-10T17:01:04.791Z,243,Golden Archon Ring,2157,172,backfill
2026-06-10T17:01:04.791Z,244,Golden Athena Ring,2316,174,backfill
2026-06-10T17:01:04.791Z,245,Golden Chobo Ring,2223,154,backfill
2026-06-10T17:01:04.791Z,246,Golden Crusader Ring,2121,168,backfill
2026-06-10T17:01:04.791Z,247,Golden Foxglove Ring,2273,182,backfill
2026-06-10T17:01:04.791Z,248,Golden Overseer Ring,2314,175,backfill
2026-06-10T17:01:04.791Z,249,Golden Summoner Ring,2154,173,backfill
2026-06-11T17:10:14.077Z,134,Chobo Silver Ring,15723,2363,backfill
2026-06-11T17:10:14.077Z,135,Crusader Silver Ring,15785,2363,backfill
2026-06-11T17:10:14.077Z,136,Overseer Silver Ring,15437,2317,backfill
2026-06-11T17:10:14.077Z,137,Athena Silver Ring,15944,2287,backfill
2026-06-11T17:10:14.077Z,138,Archon Silver Ring,16448,2350,backfill
2026-06-11T17:10:14.077Z,139,Foxglove Silver Ring,15515,2421,backfill
2026-06-11T17:10:14.077Z,140,Summoner Silver Ring,16928,2408,backfill
2026-06-11T17:10:14.077Z,243,Golden Archon Ring,2165,173,backfill
2026-06-11T17:10:14.077Z,244,Golden Athena Ring,2322,175,backfill
2026-06-11T17:10:14.077Z,245,Golden Chobo Ring,2228,154,backfill
2026-06-11T17:10:14.077Z,246,Golden Crusader Ring,2128,170,backfill
2026-06-11T17:10:14.077Z,247,Golden Foxglove Ring,2280,182,backfill
2026-06-11T17:10:14.077Z,248,Golden Overseer Ring,2322,177,backfill
2026-06-11T17:10:14.077Z,249,Golden Summoner Ring,2161,173,backfill
2026-06-12T17:12:31.873Z,134,Chobo Silver Ring,15588,2370,backfill
2026-06-12T17:12:31.873Z,135,Crusader Silver Ring,15720,2375,backfill
2026-06-12T17:12:31.873Z,136,Overseer Silver Ring,15312,2322,backfill
2026-06-12T17:12:31.873Z,137,Athena Silver Ring,15814,2294,backfill
2026-06-12T17:12:31.873Z,138,Archon Silver Ring,16323,2365,backfill
2026-06-12T17:12:31.873Z,139,Foxglove Silver Ring,15410,2430,backfill
2026-06-12T17:12:31.873Z,140,Summoner Silver Ring,16795,2425,backfill
2026-06-12T17:12:31.873Z,243,Golden Archon Ring,2178,174,backfill
2026-06-12T17:12:31.873Z,244,Golden Athena Ring,2328,175,backfill
2026-06-12T17:12:31.873Z,245,Golden Chobo Ring,2237,154,backfill
2026-06-12T17:12:31.873Z,246,Golden Crusader Ring,2141,172,backfill
2026-06-12T17:12:31.873Z,247,Golden Foxglove Ring,2286,182,backfill
2026-06-12T17:12:31.873Z,248,Golden Overseer Ring,2326,179,backfill
2026-06-12T17:12:31.873Z,249,Golden Summoner Ring,2166,173,backfill
2026-06-13T17:16:16.022Z,134,Chobo Silver Ring,15616,2385,backfill
2026-06-13T17:16:16.022Z,135,Crusader Silver Ring,15727,2386,backfill
2026-06-13T17:16:16.022Z,136,Overseer Silver Ring,15351,2340,backfill
2026-06-13T17:16:16.022Z,137,Athena Silver Ring,15855,2317,backfill
2026-06-13T17:16:16.022Z,138,Archon Silver Ring,16383,2392,backfill
2026-06-13T17:16:16.022Z,139,Foxglove Silver Ring,15412,2441,backfill
2026-06-13T17:16:16.022Z,140,Summoner Silver Ring,16834,2444,backfill
2026-06-13T17:16:16.022Z,243,Golden Archon Ring,2149,177,backfill
2026-06-13T17:16:16.022Z,244,Golden Athena Ring,2319,174,backfill
2026-06-13T17:16:16.022Z,245,Golden Chobo Ring,2208,152,backfill
2026-06-13T17:16:16.022Z,246,Golden Crusader Ring,2127,172,backfill
2026-06-13T17:16:16.022Z,247,Golden Foxglove Ring,2279,180,backfill
2026-06-13T17:16:16.022Z,248,Golden Overseer Ring,2317,180,backfill
2026-06-13T17:16:16.022Z,249,Golden Summoner Ring,2139,168,backfill
2026-06-14T17:11:56.777Z,134,Chobo Silver Ring,15676,2377,backfill
2026-06-14T17:11:56.777Z,135,Crusader Silver Ring,15818,2394,backfill
2026-06-14T17:11:56.777Z,136,Overseer Silver Ring,15437,2342,backfill
2026-06-14T17:11:56.777Z,137,Athena Silver Ring,15933,2321,backfill
2026-06-14T17:11:56.777Z,138,Archon Silver Ring,16476,2392,backfill
2026-06-14T17:11:56.777Z,139,Foxglove Silver Ring,15505,2443,backfill
2026-06-14T17:11:56.777Z,140,Summoner Silver Ring,16908,2446,backfill
2026-06-14T17:11:56.777Z,243,Golden Archon Ring,2144,175,backfill
2026-06-14T17:11:56.777Z,244,Golden Athena Ring,2305,173,backfill
2026-06-14T17:11:56.777Z,245,Golden Chobo Ring,2216,154,backfill
2026-06-14T17:11:56.777Z,246,Golden Crusader Ring,2112,172,backfill
2026-06-14T17:11:56.777Z,247,Golden Foxglove Ring,2264,182,backfill
2026-06-14T17:11:56.777Z,248,Golden Overseer Ring,2302,179,backfill
2026-06-14T17:11:56.777Z,249,Golden Summoner Ring,2119,168,backfill
2026-06-15T17:12:20.976Z,134,Chobo Silver Ring,15766,2381,backfill
2026-06-15T17:12:20.976Z,135,Crusader Silver Ring,15887,2402,backfill
2026-06-15T17:12:20.976Z,136,Overseer Silver Ring,15505,2353,backfill
2026-06-15T17:12:20.976Z,137,Athena Silver Ring,16016,2343,backfill
2026-06-15T17:12:20.976Z,138,Archon Silver Ring,16529,2395,backfill
2026-06-15T17:12:20.976Z,139,Foxglove Silver Ring,15582,2455,backfill
2026-06-15T17:12:20.976Z,140,Summoner Silver Ring,17007,2460,backfill
2026-06-15T17:12:20.976Z,243,Golden Archon Ring,2144,172,backfill
2026-06-15T17:12:20.976Z,244,Golden Athena Ring,2308,171,backfill
2026-06-15T17:12:20.976Z,245,Golden Chobo Ring,2217,149,backfill
2026-06-15T17:12:20.976Z,246,Golden Crusader Ring,2121,172,backfill
2026-06-15T17:12:20.976Z,247,Golden Foxglove Ring,2278,180,backfill
2026-06-15T17:12:20.976Z,248,Golden Overseer Ring,2308,178,backfill
2026-06-15T17:12:20.976Z,249,Golden Summoner Ring,2133,162,backfill
2026-06-16T17:11:34.819Z,134,Chobo Silver Ring,15821,2388,backfill
2026-06-16T17:11:34.819Z,135,Crusader Silver Ring,15971,2409,backfill
2026-06-16T17:11:34.819Z,136,Overseer Silver Ring,15574,2359,backfill
2026-06-16T17:11:34.819Z,137,Athena Silver Ring,16077,2353,backfill
2026-06-16T17:11:34.819Z,138,Archon Silver Ring,16608,2408,backfill
2026-06-16T17:11:34.819Z,139,Foxglove Silver Ring,15652,2459,backfill
2026-06-16T17:11:34.819Z,140,Summoner Silver Ring,17094,2466,backfill
2026-06-16T17:11:34.819Z,243,Golden Archon Ring,2148,169,backfill
2026-06-16T17:11:34.819Z,244,Golden Athena Ring,2318,171,backfill
2026-06-16T17:11:34.819Z,245,Golden Chobo Ring,2222,148,backfill
2026-06-16T17:11:34.819Z,246,Golden Crusader Ring,2126,170,backfill
2026-06-16T17:11:34.819Z,247,Golden Foxglove Ring,2282,178,backfill
2026-06-16T17:11:34.819Z,248,Golden Overseer Ring,2317,178,backfill
2026-06-16T17:11:34.819Z,249,Golden Summoner Ring,2139,163,backfill
2026-06-17T17:12:33.554Z,134,Chobo Silver Ring,15914,2415,backfill
2026-06-17T17:12:33.554Z,135,Crusader Silver Ring,16037,2428,backfill
2026-06-17T17:12:33.554Z,136,Overseer Silver Ring,15639,2379,backfill
2026-06-17T17:12:33.554Z,137,Athena Silver Ring,16148,2369,backfill
2026-06-17T17:12:33.554Z,138,Archon Silver Ring,16674,2425,backfill
2026-06-17T17:12:33.554Z,139,Foxglove Silver Ring,15737,2476,backfill
2026-06-17T17:12:33.554Z,140,Summoner Silver Ring,17152,2474,backfill
2026-06-17T17:12:33.554Z,243,Golden Archon Ring,2157,169,backfill
2026-06-17T17:12:33.554Z,244,Golden Athena Ring,2320,169,backfill
2026-06-17T17:12:33.554Z,245,Golden Chobo Ring,2231,150,backfill
2026-06-17T17:12:33.554Z,246,Golden Crusader Ring,2130,168,backfill
2026-06-17T17:12:33.554Z,247,Golden Foxglove Ring,2282,176,backfill
2026-06-17T17:12:33.554Z,248,Golden Overseer Ring,2326,179,backfill
2026-06-17T17:12:33.554Z,249,Golden Summoner Ring,2146,162,backfill
2026-06-18T17:12:58.213Z,134,Chobo Silver Ring,15982,2442,backfill
2026-06-18T17:12:58.213Z,135,Crusader Silver Ring,16089,2445,backfill
2026-06-18T17:12:58.213Z,136,Overseer Silver Ring,15722,2396,backfill
2026-06-18T17:12:58.213Z,137,Athena Silver Ring,16218,2389,backfill
2026-06-18T17:12:58.213Z,138,Archon Silver Ring,16772,2454,backfill
2026-06-18T17:12:58.213Z,139,Foxglove Silver Ring,15815,2496,backfill
2026-06-18T17:12:58.213Z,140,Summoner Silver Ring,17218,2494,backfill
2026-06-18T17:12:58.213Z,243,Golden Archon Ring,2172,169,backfill
2026-06-18T17:12:58.213Z,244,Golden Athena Ring,2328,169,backfill
2026-06-18T17:12:58.213Z,245,Golden Chobo Ring,2238,148,backfill
2026-06-18T17:12:58.213Z,246,Golden Crusader Ring,2146,168,backfill
2026-06-18T17:12:58.213Z,247,Golden Foxglove Ring,2299,175,backfill
2026-06-18T17:12:58.213Z,248,Golden Overseer Ring,2335,179,backfill
2026-06-18T17:12:58.213Z,249,Golden Summoner Ring,2156,162,backfill
2026-06-19T17:11:07.602Z,134,Chobo Silver Ring,16072,2461,backfill
2026-06-19T17:11:07.602Z,135,Crusader Silver Ring,16149,2455,backfill
2026-06-19T17:11:07.602Z,136,Overseer Silver Ring,15788,2407,backfill
2026-06-19T17:11:07.602Z,137,Athena Silver Ring,16288,2411,backfill
2026-06-19T17:11:07.602Z,138,Archon Silver Ring,16830,2468,backfill
2026-06-19T17:11:07.602Z,139,Foxglove Silver Ring,15899,2508,backfill
2026-06-19T17:11:07.602Z,140,Summoner Silver Ring,17295,2516,backfill
2026-06-19T17:11:07.602Z,243,Golden Archon Ring,2160,170,backfill
2026-06-19T17:11:07.602Z,244,Golden Athena Ring,2318,168,backfill
2026-06-19T17:11:07.602Z,245,Golden Chobo Ring,2225,147,backfill
2026-06-19T17:11:07.602Z,246,Golden Crusader Ring,2134,169,backfill
2026-06-19T17:11:07.602Z,247,Golden Foxglove Ring,2285,174,backfill
2026-06-19T17:11:07.602Z,248,Golden Overseer Ring,2321,179,backfill
2026-06-19T17:11:07.602Z,249,Golden Summoner Ring,2140,162,backfill
2026-06-20T17:13:32.027Z,134,Chobo Silver Ring,15918,2455,backfill
2026-06-20T17:13:32.027Z,135,Crusader Silver Ring,15983,2452,backfill
2026-06-20T17:13:32.027Z,136,Overseer Silver Ring,15576,2406,backfill
2026-06-20T17:13:32.027Z,137,Athena Silver Ring,16120,2401,backfill
2026-06-20T17:13:32.027Z,138,Archon Silver Ring,16685,2460,backfill
2026-06-20T17:13:32.027Z,139,Foxglove Silver Ring,15723,2513,backfill
2026-06-20T17:13:32.027Z,140,Summoner Silver Ring,17128,2509,backfill
2026-06-20T17:13:32.027Z,243,Golden Archon Ring,2160,167,backfill
2026-06-20T17:13:32.027Z,244,Golden Athena Ring,2322,167,backfill
2026-06-20T17:13:32.027Z,245,Golden Chobo Ring,2222,146,backfill
2026-06-20T17:13:32.027Z,246,Golden Crusader Ring,2135,169,backfill
2026-06-20T17:13:32.027Z,247,Golden Foxglove Ring,2286,174,backfill
2026-06-20T17:13:32.027Z,248,Golden Overseer Ring,2319,179,backfill
2026-06-20T17:13:32.027Z,249,Golden Summoner Ring,2138,162,backfill
2026-06-21T17:12:00.512Z,134,Chobo Silver Ring,15961,2456,backfill
2026-06-21T17:12:00.512Z,135,Crusader Silver Ring,16021,2476,backfill
2026-06-21T17:12:00.512Z,136,Overseer Silver Ring,15611,2413,backfill
2026-06-21T17:12:00.512Z,137,Athena Silver Ring,16172,2387,backfill
2026-06-21T17:12:00.512Z,138,Archon Silver Ring,16691,2460,backfill
2026-06-21T17:12:00.512Z,139,Foxglove Silver Ring,15725,2520,backfill
2026-06-21T17:12:00.512Z,140,Summoner Silver Ring,17178,2507,backfill
2026-06-21T17:12:00.512Z,243,Golden Archon Ring,2164,169,backfill
2026-06-21T17:12:00.512Z,244,Golden Athena Ring,2328,168,backfill
2026-06-21T17:12:00.512Z,245,Golden Chobo Ring,2236,147,backfill
2026-06-21T17:12:00.512Z,246,Golden Crusader Ring,2143,169,backfill
2026-06-21T17:12:00.512Z,247,Golden Foxglove Ring,2292,173,backfill
2026-06-21T17:12:00.512Z,248,Golden Overseer Ring,2324,178,backfill
2026-06-21T17:12:00.512Z,249,Golden Summoner Ring,2142,162,backfill
2026-06-22T17:12:37.421Z,134,Chobo Silver Ring,15994,2467,backfill
2026-06-22T17:12:37.421Z,135,Crusader Silver Ring,16090,2487,backfill
2026-06-22T17:12:37.421Z,136,Overseer Silver Ring,15696,2431,backfill
2026-06-22T17:12:37.421Z,137,Athena Silver Ring,16235,2402,backfill
2026-06-22T17:12:37.421Z,138,Archon Silver Ring,16748,2477,backfill
2026-06-22T17:12:37.421Z,139,Foxglove Silver Ring,15803,2531,backfill
2026-06-22T17:12:37.421Z,140,Summoner Silver Ring,17257,2526,backfill
2026-06-22T17:12:37.421Z,243,Golden Archon Ring,2171,169,backfill
2026-06-22T17:12:37.421Z,244,Golden Athena Ring,2338,168,backfill
2026-06-22T17:12:37.421Z,245,Golden Chobo Ring,2247,147,backfill
2026-06-22T17:12:37.421Z,246,Golden Crusader Ring,2147,168,backfill
2026-06-22T17:12:37.421Z,247,Golden Foxglove Ring,2296,174,backfill
2026-06-22T17:12:37.421Z,248,Golden Overseer Ring,2334,178,backfill
2026-06-22T17:12:37.421Z,249,Golden Summoner Ring,2146,161,backfill
2026-06-23T17:10:24.541Z,134,Chobo Silver Ring,16116,2406,backfill
2026-06-23T17:10:24.541Z,135,Crusader Silver Ring,16239,2424,backfill
2026-06-23T17:10:24.541Z,136,Overseer Silver Ring,15818,2365,backfill
2026-06-23T17:10:24.541Z,137,Athena Silver Ring,16358,2350,backfill
2026-06-23T17:10:24.541Z,138,Archon Silver Ring,16897,2417,backfill
2026-06-23T17:10:24.541Z,139,Foxglove Silver Ring,15937,2471,backfill
2026-06-23T17:10:24.541Z,140,Summoner Silver Ring,17391,2465,backfill
2026-06-23T17:10:24.541Z,243,Golden Archon Ring,2175,169,backfill
2026-06-23T17:10:24.541Z,244,Golden Athena Ring,2346,168,backfill
2026-06-23T17:10:24.541Z,245,Golden Chobo Ring,2252,148,backfill
2026-06-23T17:10:24.541Z,246,Golden Crusader Ring,2152,168,backfill
2026-06-23T17:10:24.541Z,247,Golden Foxglove Ring,2300,175,backfill
2026-06-23T17:10:24.541Z,248,Golden Overseer Ring,2337,178,backfill
2026-06-23T17:10:24.541Z,249,Golden Summoner Ring,2149,161,backfill
2026-06-24T17:12:01.500Z,134,Chobo Silver Ring,16133,2410,backfill
2026-06-24T17:12:01.500Z,135,Crusader Silver Ring,16182,2428,backfill
2026-06-24T17:12:01.500Z,136,Overseer Silver Ring,15794,2377,backfill
2026-06-24T17:12:01.500Z,137,Athena Silver Ring,16326,2369,backfill
2026-06-24T17:12:01.500Z,138,Archon Silver Ring,16862,2430,backfill
2026-06-24T17:12:01.500Z,139,Foxglove Silver Ring,15903,2473,backfill
2026-06-24T17:12:01.500Z,140,Summoner Silver Ring,17318,2467,backfill
2026-06-24T17:12:01.500Z,243,Golden Archon Ring,2181,169,backfill
2026-06-24T17:12:01.500Z,244,Golden Athena Ring,2355,169,backfill
2026-06-24T17:12:01.500Z,245,Golden Chobo Ring,2258,151,backfill
2026-06-24T17:12:01.500Z,246,Golden Crusader Ring,2159,168,backfill
2026-06-24T17:12:01.500Z,247,Golden Foxglove Ring,2311,178,backfill
2026-06-24T17:12:01.500Z,248,Golden Overseer Ring,2344,179,backfill
2026-06-24T17:12:01.500Z,249,Golden Summoner Ring,2155,161,backfill
2026-06-25T17:10:12.041Z,134,Chobo Silver Ring,16165,2429,backfill
2026-06-25T17:10:12.041Z,135,Crusader Silver Ring,16188,2437,backfill
2026-06-25T17:10:12.041Z,136,Overseer Silver Ring,15803,2393,backfill
2026-06-25T17:10:12.041Z,137,Athena Silver Ring,16350,2379,backfill
2026-06-25T17:10:12.041Z,138,Archon Silver Ring,16910,2445,backfill
2026-06-25T17:10:12.041Z,139,Foxglove Silver Ring,15939,2492,backfill
2026-06-25T17:10:12.041Z,140,Summoner Silver Ring,17333,2489,backfill
2026-06-25T17:10:12.041Z,243,Golden Archon Ring,2189,170,backfill
2026-06-25T17:10:12.041Z,244,Golden Athena Ring,2362,171,backfill
2026-06-25T17:10:12.041Z,245,Golden Chobo Ring,2270,152,backfill
2026-06-25T17:10:12.041Z,246,Golden Crusader Ring,2170,170,backfill
2026-06-25T17:10:12.041Z,247,Golden Foxglove Ring,2321,180,backfill
2026-06-25T17:10:12.041Z,248,Golden Overseer Ring,2352,180,backfill
2026-06-25T17:10:12.041Z,249,Golden Summoner Ring,2161,163,backfill
2026-06-26T17:10:44.386Z,134,Chobo Silver Ring,16040,2437,backfill
2026-06-26T17:10:44.386Z,135,Crusader Silver Ring,16033,2444,backfill
2026-06-26T17:10:44.386Z,136,Overseer Silver Ring,15650,2410,backfill
2026-06-26T17:10:44.386Z,137,Athena Silver Ring,16234,2394,backfill
2026-06-26T17:10:44.386Z,138,Archon Silver Ring,16789,2454,backfill
2026-06-26T17:10:44.386Z,139,Foxglove Silver Ring,15789,2500,backfill
2026-06-26T17:10:44.386Z,140,Summoner Silver Ring,17216,2505,backfill
2026-06-26T17:10:44.386Z,243,Golden Archon Ring,2195,170,backfill
2026-06-26T17:10:44.386Z,244,Golden Athena Ring,2364,171,backfill
2026-06-26T17:10:44.386Z,245,Golden Chobo Ring,2272,151,backfill
2026-06-26T17:10:44.386Z,246,Golden Crusader Ring,2175,169,backfill
2026-06-26T17:10:44.386Z,247,Golden Foxglove Ring,2326,181,backfill
2026-06-26T17:10:44.386Z,248,Golden Overseer Ring,2358,181,backfill
2026-06-26T17:10:44.386Z,249,Golden Summoner Ring,2168,163,backfill
2026-06-27T17:11:02.357Z,134,Chobo Silver Ring,16084,2451,backfill
2026-06-27T17:11:02.357Z,135,Crusader Silver Ring,16059,2445,backfill
2026-06-27T17:11:02.357Z,136,Overseer Silver Ring,15691,2414,backfill
2026-06-27T17:11:02.357Z,137,Athena Silver Ring,16240,2408,backfill
2026-06-27T17:11:02.357Z,138,Archon Silver Ring,16825,2467,backfill
2026-06-27T17:11:02.357Z,139,Foxglove Silver Ring,15845,2511,backfill
2026-06-27T17:11:02.357Z,140,Summoner Silver Ring,17249,2510,backfill
2026-06-27T17:11:02.357Z,243,Golden Archon Ring,2173,168,backfill
2026-06-27T17:11:02.357Z,244,Golden Athena Ring,2348,169,backfill
2026-06-27T17:11:02.357Z,245,Golden Chobo Ring,2258,154,backfill
2026-06-27T17:11:02.357Z,246,Golden Crusader Ring,2160,167,backfill
2026-06-27T17:11:02.357Z,247,Golden Foxglove Ring,2306,178,backfill
2026-06-27T17:11:02.357Z,248,Golden Overseer Ring,2332,178,backfill
2026-06-27T17:11:02.357Z,249,Golden Summoner Ring,2156,166,backfill
2026-06-28T17:11:01.370Z,134,Chobo Silver Ring,16138,2468,backfill
2026-06-28T17:11:01.370Z,135,Crusader Silver Ring,16122,2459,backfill
2026-06-28T17:11:01.370Z,136,Overseer Silver Ring,15743,2428,backfill
2026-06-28T17:11:01.370Z,137,Athena Silver Ring,16311,2422,backfill
2026-06-28T17:11:01.370Z,138,Archon Silver Ring,16894,2485,backfill
2026-06-28T17:11:01.370Z,139,Foxglove Silver Ring,15875,2527,backfill
2026-06-28T17:11:01.370Z,140,Summoner Silver Ring,17310,2528,backfill
2026-06-28T17:11:01.370Z,243,Golden Archon Ring,2169,163,backfill
2026-06-28T17:11:01.370Z,244,Golden Athena Ring,2344,169,backfill
2026-06-28T17:11:01.370Z,245,Golden Chobo Ring,2258,152,backfill
2026-06-28T17:11:01.370Z,246,Golden Crusader Ring,2159,164,backfill
2026-06-28T17:11:01.370Z,247,Golden Foxglove Ring,2306,175,backfill
2026-06-28T17:11:01.370Z,248,Golden Overseer Ring,2335,175,backfill
2026-06-28T17:11:01.370Z,249,Golden Summoner Ring,2150,165,backfill
2026-06-29T17:12:21.300Z,134,Chobo Silver Ring,16208,2483,backfill
2026-06-29T17:12:21.300Z,135,Crusader Silver Ring,16192,2477,backfill
2026-06-29T17:12:21.300Z,136,Overseer Silver Ring,15798,2445,backfill
2026-06-29T17:12:21.300Z,137,Athena Silver Ring,16383,2448,backfill
2026-06-29T17:12:21.300Z,138,Archon Silver Ring,16946,2498,backfill
2026-06-29T17:12:21.300Z,139,Foxglove Silver Ring,15938,2541,backfill
2026-06-29T17:12:21.300Z,140,Summoner Silver Ring,17385,2543,backfill
2026-06-29T17:12:21.300Z,243,Golden Archon Ring,2168,162,backfill
2026-06-29T17:12:21.300Z,244,Golden Athena Ring,2343,169,backfill
2026-06-29T17:12:21.300Z,245,Golden Chobo Ring,2259,151,backfill
2026-06-29T17:12:21.300Z,246,Golden Crusader Ring,2162,162,backfill
2026-06-29T17:12:21.300Z,247,Golden Foxglove Ring,2306,172,backfill
2026-06-29T17:12:21.300Z,248,Golden Overseer Ring,2342,177,backfill
2026-06-29T17:12:21.300Z,249,Golden Summoner Ring,2168,163,backfill
2026-06-30T17:16:25.385Z,134,Chobo Silver Ring,16267,2491,backfill
2026-06-30T17:16:25.385Z,135,Crusader Silver Ring,16249,2495,backfill
2026-06-30T17:16:25.385Z,136,Overseer Silver Ring,15862,2463,backfill
2026-06-30T17:16:25.385Z,137,Athena Silver Ring,16446,2460,backfill
2026-06-30T17:16:25.385Z,138,Archon Silver Ring,17007,2514,backfill
2026-06-30T17:16:25.385Z,139,Foxglove Silver Ring,15987,2553,backfill
2026-06-30T17:16:25.385Z,140,Summoner Silver Ring,17448,2560,backfill
2026-06-30T17:16:25.385Z,243,Golden Archon Ring,2170,161,backfill
2026-06-30T17:16:25.385Z,244,Golden Athena Ring,2347,169,backfill
2026-06-30T17:16:25.385Z,245,Golden Chobo Ring,2260,151,backfill
2026-06-30T17:16:25.385Z,246,Golden Crusader Ring,2151,162,backfill
2026-06-30T17:16:25.385Z,247,Golden Foxglove Ring,2314,174,backfill
2026-06-30T17:16:25.385Z,248,Golden Overseer Ring,2342,176,backfill
2026-06-30T17:16:25.385Z,249,Golden Summoner Ring,2170,163,backfill
2026-07-01T17:13:33.277Z,134,Chobo Silver Ring,16297,2493,backfill
2026-07-01T17:13:33.277Z,135,Crusader Silver Ring,16236,2502,backfill
2026-07-01T17:13:33.277Z,136,Overseer Silver Ring,15902,2469,backfill
2026-07-01T17:13:33.277Z,137,Athena Silver Ring,16494,2457,backfill
2026-07-01T17:13:33.277Z,138,Archon Silver Ring,17081,2522,backfill
2026-07-01T17:13:33.277Z,139,Foxglove Silver Ring,16033,2553,backfill
2026-07-01T17:13:33.277Z,140,Summoner Silver Ring,17500,2560,backfill
2026-07-01T17:13:33.277Z,243,Golden Archon Ring,2173,163,backfill
2026-07-01T17:13:33.277Z,244,Golden Athena Ring,2353,169,backfill
2026-07-01T17:13:33.277Z,245,Golden Chobo Ring,2262,150,backfill
2026-07-01T17:13:33.277Z,246,Golden Crusader Ring,2167,162,backfill
2026-07-01T17:13:33.277Z,247,Golden Foxglove Ring,2315,174,backfill
2026-07-01T17:13:33.277Z,248,Golden Overseer Ring,2344,174,backfill
2026-07-01T17:13:33.277Z,249,Golden Summoner Ring,2173,163,backfill
2026-07-02T17:15:34.076Z,134,Chobo Silver Ring,16399,2508,backfill
2026-07-02T17:15:34.076Z,135,Crusader Silver Ring,16351,2518,backfill
2026-07-02T17:15:34.076Z,136,Overseer Silver Ring,15964,2482,backfill
2026-07-02T17:15:34.076Z,137,Athena Silver Ring,16563,2468,backfill
2026-07-02T17:15:34.076Z,138,Archon Silver Ring,17146,2538,backfill
2026-07-02T17:15:34.076Z,139,Foxglove Silver Ring,16087,2568,backfill
2026-07-02T17:15:34.076Z,140,Summoner Silver Ring,17596,2574,backfill
2026-07-02T17:15:34.076Z,243,Golden Archon Ring,2183,162,backfill
2026-07-02T17:15:34.076Z,244,Golden Athena Ring,2360,167,backfill
2026-07-02T17:15:34.076Z,245,Golden Chobo Ring,2269,149,backfill
2026-07-02T17:15:34.076Z,246,Golden Crusader Ring,2174,162,backfill
2026-07-02T17:15:34.076Z,247,Golden Foxglove Ring,2326,175,backfill
2026-07-02T17:15:34.076Z,248,Golden Overseer Ring,2351,175,backfill
2026-07-02T17:15:34.076Z,249,Golden Summoner Ring,2185,164,backfill
2026-07-03T17:14:21.591Z,134,Chobo Silver Ring,16462,2521,backfill
2026-07-03T17:14:21.591Z,135,Crusader Silver Ring,16416,2527,backfill
2026-07-03T17:14:21.591Z,136,Overseer Silver Ring,16023,2492,backfill
2026-07-03T17:14:21.591Z,137,Athena Silver Ring,16616,2476,backfill
2026-07-03T17:14:21.591Z,138,Archon Silver Ring,17183,2543,backfill
2026-07-03T17:14:21.591Z,139,Foxglove Silver Ring,16164,2583,backfill
2026-07-03T17:14:21.591Z,140,Summoner Silver Ring,17648,2578,backfill
2026-07-03T17:14:21.591Z,243,Golden Archon Ring,2186,163,backfill
2026-07-03T17:14:21.591Z,244,Golden Athena Ring,2360,166,backfill
2026-07-03T17:14:21.591Z,245,Golden Chobo Ring,2260,147,backfill
2026-07-03T17:14:21.591Z,246,Golden Crusader Ring,2164,159,backfill
2026-07-03T17:14:21.591Z,247,Golden Foxglove Ring,2317,172,backfill
2026-07-03T17:14:21.591Z,248,Golden Overseer Ring,2351,175,backfill
2026-07-03T17:14:21.591Z,249,Golden Summoner Ring,2185,163,backfill
2026-07-04T17:13:51.754Z,134,Chobo Silver Ring,16245,2494,backfill
2026-07-04T17:13:51.754Z,135,Crusader Silver Ring,16186,2500,backfill
2026-07-04T17:13:51.754Z,136,Overseer Silver Ring,15799,2474,backfill
2026-07-04T17:13:51.754Z,137,Athena Silver Ring,16410,2472,backfill
2026-07-04T17:13:51.754Z,138,Archon Silver Ring,16948,2514,backfill
2026-07-04T17:13:51.754Z,139,Foxglove Silver Ring,15939,2569,backfill
2026-07-04T17:13:51.754Z,140,Summoner Silver Ring,17444,2559,backfill
2026-07-04T17:13:51.754Z,243,Golden Archon Ring,2192,162,backfill
2026-07-04T17:13:51.754Z,244,Golden Athena Ring,2361,165,backfill
2026-07-04T17:13:51.754Z,245,Golden Chobo Ring,2266,144,backfill
2026-07-04T17:13:51.754Z,246,Golden Crusader Ring,2175,161,backfill
2026-07-04T17:13:51.754Z,247,Golden Foxglove Ring,2316,171,backfill
2026-07-04T17:13:51.754Z,248,Golden Overseer Ring,2359,175,backfill
2026-07-04T17:13:51.754Z,249,Golden Summoner Ring,2190,163,backfill
2026-07-05T17:13:49.849Z,134,Chobo Silver Ring,16238,2502,backfill
2026-07-05T17:13:49.849Z,135,Crusader Silver Ring,16198,2512,backfill
2026-07-05T17:13:49.849Z,136,Overseer Silver Ring,15813,2495,backfill
2026-07-05T17:13:49.849Z,137,Athena Silver Ring,16394,2475,backfill
2026-07-05T17:13:49.849Z,138,Archon Silver Ring,16963,2531,backfill
2026-07-05T17:13:49.849Z,139,Foxglove Silver Ring,15922,2578,backfill
2026-07-05T17:13:49.849Z,140,Summoner Silver Ring,17458,2580,backfill
2026-07-05T17:13:49.849Z,243,Golden Archon Ring,2198,162,backfill
2026-07-05T17:13:49.849Z,244,Golden Athena Ring,2371,165,backfill
2026-07-05T17:13:49.849Z,245,Golden Chobo Ring,2272,144,backfill
2026-07-05T17:13:49.849Z,246,Golden Crusader Ring,2187,162,backfill
2026-07-05T17:13:49.849Z,247,Golden Foxglove Ring,2319,172,backfill
2026-07-05T17:13:49.849Z,248,Golden Overseer Ring,2365,175,backfill
2026-07-05T17:13:49.849Z,249,Golden Summoner Ring,2202,165,backfill
2026-07-06T17:13:46.056Z,134,Chobo Silver Ring,16265,2518,backfill
2026-07-06T17:13:46.056Z,135,Crusader Silver Ring,16196,2520,backfill
2026-07-06T17:13:46.056Z,136,Overseer Silver Ring,15851,2509,backfill
2026-07-06T17:13:46.056Z,137,Athena Silver Ring,16423,2488,backfill
2026-07-06T17:13:46.056Z,138,Archon Silver Ring,17010,2548,backfill
2026-07-06T17:13:46.056Z,139,Foxglove Silver Ring,15989,2587,backfill
2026-07-06T17:13:46.056Z,140,Summoner Silver Ring,17455,2588,backfill
2026-07-06T17:13:46.056Z,243,Golden Archon Ring,2206,163,backfill
2026-07-06T17:13:46.056Z,244,Golden Athena Ring,2378,164,backfill
2026-07-06T17:13:46.056Z,245,Golden Chobo Ring,2288,147,backfill
2026-07-06T17:13:46.056Z,246,Golden Crusader Ring,2198,162,backfill
2026-07-06T17:13:46.056Z,247,Golden Foxglove Ring,2325,173,backfill
2026-07-06T17:13:46.056Z,248,Golden Overseer Ring,2372,175,backfill
2026-07-06T17:13:46.056Z,249,Golden Summoner Ring,2208,165,backfill
2026-07-07T17:15:34.776Z,134,Chobo Silver Ring,16291,2521,backfill
2026-07-07T17:15:34.776Z,135,Crusader Silver Ring,16255,2526,backfill
2026-07-07T17:15:34.776Z,136,Overseer Silver Ring,15872,2523,backfill
2026-07-07T17:15:34.776Z,137,Athena Silver Ring,16431,2506,backfill
2026-07-07T17:15:34.776Z,138,Archon Silver Ring,17027,2566,backfill
2026-07-07T17:15:34.776Z,139,Foxglove Silver Ring,15999,2594,backfill
2026-07-07T17:15:34.776Z,140,Summoner Silver Ring,17483,2596,backfill
2026-07-07T17:15:34.776Z,243,Golden Archon Ring,2219,165,backfill
2026-07-07T17:15:34.776Z,244,Golden Athena Ring,2390,166,backfill
2026-07-07T17:15:34.776Z,245,Golden Chobo Ring,2302,149,backfill
2026-07-07T17:15:34.776Z,246,Golden Crusader Ring,2202,163,backfill
2026-07-07T17:15:34.776Z,247,Golden Foxglove Ring,2337,174,backfill
2026-07-07T17:15:34.776Z,248,Golden Overseer Ring,2382,177,backfill
2026-07-07T17:15:34.776Z,249,Golden Summoner Ring,2220,166,backfill
2026-07-08T17:15:54.868Z,134,Chobo Silver Ring,16313,2534,backfill
2026-07-08T17:15:54.868Z,135,Crusader Silver Ring,16322,2538,backfill
2026-07-08T17:15:54.868Z,136,Overseer Silver Ring,15915,2536,backfill
2026-07-08T17:15:54.868Z,137,Athena Silver Ring,16483,2513,backfill
2026-07-08T17:15:54.868Z,138,Archon Silver Ring,17070,2571,backfill
2026-07-08T17:15:54.868Z,139,Foxglove Silver Ring,16044,2604,backfill
2026-07-08T17:15:54.868Z,140,Summoner Silver Ring,17507,2604,backfill
2026-07-08T17:15:54.868Z,243,Golden Archon Ring,2224,166,backfill
2026-07-08T17:15:54.868Z,244,Golden Athena Ring,2404,168,backfill
2026-07-08T17:15:54.868Z,245,Golden Chobo Ring,2316,151,backfill
2026-07-08T17:15:54.868Z,246,Golden Crusader Ring,2215,166,backfill
2026-07-08T17:15:54.868Z,247,Golden Foxglove Ring,2341,175,backfill
2026-07-08T17:15:54.868Z,248,Golden Overseer Ring,2393,180,backfill
2026-07-08T17:15:54.868Z,249,Golden Summoner Ring,2227,166,backfill
2026-07-09T17:17:02.730Z,134,Chobo Silver Ring,16310,2541,backfill
2026-07-09T17:17:02.730Z,135,Crusader Silver Ring,16311,2554,backfill
2026-07-09T17:17:02.730Z,136,Overseer Silver Ring,15950,2538,backfill
2026-07-09T17:17:02.730Z,137,Athena Silver Ring,16485,2525,backfill
2026-07-09T17:17:02.730Z,138,Archon Silver Ring,17107,2586,backfill
2026-07-09T17:17:02.730Z,139,Foxglove Silver Ring,16125,2620,backfill
2026-07-09T17:17:02.730Z,140,Summoner Silver Ring,17546,2616,backfill
2026-07-09T17:17:02.730Z,243,Golden Archon Ring,2231,167,backfill
2026-07-09T17:17:02.730Z,244,Golden Athena Ring,2408,168,backfill
2026-07-09T17:17:02.730Z,245,Golden Chobo Ring,2323,151,backfill
2026-07-09T17:17:02.730Z,246,Golden Crusader Ring,2224,166,backfill
2026-07-09T17:17:02.730Z,247,Golden Foxglove Ring,2346,175,backfill
2026-07-09T17:17:02.730Z,248,Golden Overseer Ring,2399,180,backfill
2026-07-09T17:17:02.730Z,249,Golden Summoner Ring,2237,168,backfill
2026-07-10T17:15:15.303Z,134,Chobo Silver Ring,16267,2556,backfill
2026-07-10T17:15:15.303Z,135,Crusader Silver Ring,16198,2575,backfill
2026-07-10T17:15:15.303Z,136,Overseer Silver Ring,15855,2544,backfill
2026-07-10T17:15:15.303Z,137,Athena Silver Ring,16396,2528,backfill
2026-07-10T17:15:15.303Z,138,Archon Silver Ring,17003,2602,backfill
2026-07-10T17:15:15.303Z,139,Foxglove Silver Ring,16031,2634,backfill
2026-07-10T17:15:15.303Z,140,Summoner Silver Ring,17454,2630,backfill
2026-07-10T17:15:15.303Z,243,Golden Archon Ring,2239,168,backfill
2026-07-10T17:15:15.303Z,244,Golden Athena Ring,2373,169,backfill
2026-07-10T17:15:15.303Z,245,Golden Chobo Ring,2323,151,backfill
2026-07-10T17:15:15.303Z,246,Golden Crusader Ring,2232,168,backfill
2026-07-10T17:15:15.303Z,247,Golden Foxglove Ring,2358,175,backfill
2026-07-10T17:15:15.303Z,248,Golden Overseer Ring,2417,181,backfill
2026-07-10T17:15:15.303Z,249,Golden Summoner Ring,2240,170,backfill
2026-07-11T17:14:40.995Z,134,Chobo Silver Ring,16260,2572,backfill
2026-07-11T17:14:40.995Z,135,Crusader Silver Ring,16185,2583,backfill
2026-07-11T17:14:40.995Z,136,Overseer Silver Ring,15863,2556,backfill
2026-07-11T17:14:40.995Z,137,Athena Silver Ring,16389,2536,backfill
2026-07-11T17:14:40.995Z,138,Archon Silver Ring,17012,2617,backfill
2026-07-11T17:14:40.995Z,139,Foxglove Silver Ring,16016,2640,backfill
2026-07-11T17:14:40.995Z,140,Summoner Silver Ring,17423,2636,backfill
2026-07-11T17:14:40.995Z,243,Golden Archon Ring,2254,167,backfill
2026-07-11T17:14:40.995Z,244,Golden Athena Ring,2393,170,backfill
2026-07-11T17:14:40.995Z,245,Golden Chobo Ring,2318,149,backfill
2026-07-11T17:14:40.995Z,246,Golden Crusader Ring,2237,169,backfill
2026-07-11T17:14:40.995Z,247,Golden Foxglove Ring,2351,177,backfill
2026-07-11T17:14:40.995Z,248,Golden Overseer Ring,2417,180,backfill
2026-07-11T17:14:40.995Z,249,Golden Summoner Ring,2243,166,backfill
2026-07-12T17:15:27.149Z,134,Chobo Silver Ring,16319,2578,backfill
2026-07-12T17:15:27.149Z,135,Crusader Silver Ring,16241,2592,backfill
2026-07-12T17:15:27.149Z,136,Overseer Silver Ring,15936,2570,backfill
2026-07-12T17:15:27.149Z,137,Athena Silver Ring,16438,2545,backfill
2026-07-12T17:15:27.149Z,138,Archon Silver Ring,17061,2629,backfill
2026-07-12T17:15:27.149Z,139,Foxglove Silver Ring,16059,2647,backfill
2026-07-12T17:15:27.149Z,140,Summoner Silver Ring,17481,2646,backfill
2026-07-12T17:15:27.149Z,243,Golden Archon Ring,2232,166,backfill
2026-07-12T17:15:27.149Z,244,Golden Athena Ring,2391,170,backfill
2026-07-12T17:15:27.149Z,245,Golden Chobo Ring,2310,147,backfill
2026-07-12T17:15:27.149Z,246,Golden Crusader Ring,2218,167,backfill
2026-07-12T17:15:27.149Z,247,Golden Foxglove Ring,2341,175,backfill
2026-07-12T17:15:27.149Z,248,Golden Overseer Ring,2403,180,backfill
2026-07-12T17:15:27.149Z,249,Golden Summoner Ring,2237,162,backfill
2026-07-14T17:14:02.099Z,134,Chobo Silver Ring,16449,2611,backfill
2026-07-14T17:14:02.099Z,135,Crusader Silver Ring,16383,2610,backfill
2026-07-14T17:14:02.099Z,136,Overseer Silver Ring,16073,2599,backfill
2026-07-14T17:14:02.099Z,137,Athena Silver Ring,16542,2565,backfill
2026-07-14T17:14:02.099Z,138,Archon Silver Ring,17189,2655,backfill
2026-07-14T17:14:02.099Z,139,Foxglove Silver Ring,16165,2665,backfill
2026-07-14T17:14:02.099Z,140,Summoner Silver Ring,17616,2673,backfill
2026-07-14T17:14:02.099Z,243,Golden Archon Ring,2244,167,backfill
2026-07-14T17:14:02.099Z,244,Golden Athena Ring,2402,169,backfill
2026-07-14T17:14:02.099Z,245,Golden Chobo Ring,2326,147,backfill
2026-07-14T17:14:02.099Z,246,Golden Crusader Ring,2236,167,backfill
2026-07-14T17:14:02.099Z,247,Golden Foxglove Ring,2353,174,backfill
2026-07-14T17:14:02.099Z,248,Golden Overseer Ring,2422,179,backfill
2026-07-14T17:14:02.099Z,249,Golden Summoner Ring,2259,163,backfill
2026-07-15T17:16:26.557Z,134,Chobo Silver Ring,16531,2625,backfill
2026-07-15T17:16:26.557Z,135,Crusader Silver Ring,16461,2626,backfill
2026-07-15T17:16:26.557Z,136,Overseer Silver Ring,16135,2612,backfill
2026-07-15T17:16:26.557Z,137,Athena Silver Ring,16610,2578,backfill
2026-07-15T17:16:26.557Z,138,Archon Silver Ring,17242,2667,backfill
2026-07-15T17:16:26.557Z,139,Foxglove Silver Ring,16225,2676,backfill
2026-07-15T17:16:26.557Z,140,Summoner Silver Ring,17674,2683,backfill
2026-07-15T17:16:26.557Z,243,Golden Archon Ring,2247,168,backfill
2026-07-15T17:16:26.557Z,244,Golden Athena Ring,2413,172,backfill
2026-07-15T17:16:26.557Z,245,Golden Chobo Ring,2327,147,backfill
2026-07-15T17:16:26.557Z,246,Golden Crusader Ring,2240,168,backfill
2026-07-15T17:16:26.557Z,247,Golden Foxglove Ring,2355,174,backfill
2026-07-15T17:16:26.557Z,248,Golden Overseer Ring,2424,178,backfill
2026-07-15T17:16:26.557Z,249,Golden Summoner Ring,2273,165,backfill
2026-07-16T17:15:04.646Z,134,Chobo Silver Ring,16604,2640,backfill
2026-07-16T17:15:04.646Z,135,Crusader Silver Ring,16534,2633,backfill
2026-07-16T17:15:04.646Z,136,Overseer Silver Ring,16211,2625,backfill
2026-07-16T17:15:04.646Z,137,Athena Silver Ring,16666,2586,backfill
2026-07-16T17:15:04.646Z,138,Archon Silver Ring,17345,2680,backfill
2026-07-16T17:15:04.646Z,139,Foxglove Silver Ring,16293,2690,backfill
2026-07-16T17:15:04.646Z,140,Summoner Silver Ring,17736,2689,backfill
2026-07-16T17:15:04.646Z,243,Golden Archon Ring,2264,168,backfill
2026-07-16T17:15:04.646Z,244,Golden Athena Ring,2420,169,backfill
2026-07-16T17:15:04.646Z,245,Golden Chobo Ring,2336,148,backfill
2026-07-16T17:15:04.646Z,246,Golden Crusader Ring,2248,168,backfill
2026-07-16T17:15:04.646Z,247,Golden Foxglove Ring,2364,175,backfill
2026-07-16T17:15:04.646Z,248,Golden Overseer Ring,2438,179,backfill
2026-07-16T17:15:04.646Z,249,Golden Summoner Ring,2284,165,backfill
2026-07-17T17:17:34.826Z,134,Chobo Silver Ring,16672,2654,backfill
2026-07-17T17:17:34.826Z,135,Crusader Silver Ring,16609,2651,backfill
2026-07-17T17:17:34.826Z,136,Overseer Silver Ring,16289,2635,backfill
2026-07-17T17:17:34.826Z,137,Athena Silver Ring,16732,2599,backfill
2026-07-17T17:17:34.826Z,138,Archon Silver Ring,17432,2694,backfill
2026-07-17T17:17:34.826Z,139,Foxglove Silver Ring,16358,2691,backfill
2026-07-17T17:17:34.826Z,140,Summoner Silver Ring,17820,2704,backfill
2026-07-17T17:17:34.826Z,243,Golden Archon Ring,2256,166,backfill
2026-07-17T17:17:34.826Z,244,Golden Athena Ring,2413,168,backfill
2026-07-17T17:17:34.826Z,245,Golden Chobo Ring,2336,147,backfill
2026-07-17T17:17:34.826Z,246,Golden Crusader Ring,2239,167,backfill
2026-07-17T17:17:34.826Z,247,Golden Foxglove Ring,2341,173,backfill
2026-07-17T17:17:34.826Z,248,Golden Overseer Ring,2422,177,backfill
2026-07-17T17:17:34.826Z,249,Golden Summoner Ring,2278,162,backfill
2026-07-18T17:14:35.657Z,134,Chobo Silver Ring,16447,2619,backfill
2026-07-18T17:14:35.657Z,135,Crusader Silver Ring,16433,2633,backfill
2026-07-18T17:14:35.657Z,136,Overseer Silver Ring,16124,2622,backfill
2026-07-18T17:14:35.657Z,137,Athena Silver Ring,16286,2576,backfill
2026-07-18T17:14:35.657Z,138,Archon Silver Ring,17300,2677,backfill
2026-07-18T17:14:35.657Z,139,Foxglove Silver Ring,16197,2692,backfill
2026-07-18T17:14:35.657Z,140,Summoner Silver Ring,17655,2682,backfill
2026-07-18T17:14:35.657Z,243,Golden Archon Ring,2250,165,backfill
2026-07-18T17:14:35.657Z,244,Golden Athena Ring,2420,170,backfill
2026-07-18T17:14:35.657Z,245,Golden Chobo Ring,2341,146,backfill
2026-07-18T17:14:35.657Z,246,Golden Crusader Ring,2238,165,backfill
2026-07-18T17:14:35.657Z,247,Golden Foxglove Ring,2361,172,backfill
2026-07-18T17:14:35.657Z,248,Golden Overseer Ring,2426,178,backfill
2026-07-18T17:14:35.657Z,249,Golden Summoner Ring,2284,162,backfill
2026-07-19T17:14:20.165Z,134,Chobo Silver Ring,16455,2630,backfill
2026-07-19T17:14:20.165Z,135,Crusader Silver Ring,16353,2640,backfill
2026-07-19T17:14:20.165Z,136,Overseer Silver Ring,16044,2626,backfill
2026-07-19T17:14:20.165Z,137,Athena Silver Ring,16519,2592,backfill
2026-07-19T17:14:20.165Z,138,Archon Silver Ring,17282,2685,backfill
2026-07-19T17:14:20.165Z,139,Foxglove Silver Ring,16178,2696,backfill
2026-07-19T17:14:20.165Z,140,Summoner Silver Ring,17623,2693,backfill
2026-07-19T17:14:20.165Z,243,Golden Archon Ring,2264,166,backfill
2026-07-19T17:14:20.165Z,244,Golden Athena Ring,2425,170,backfill
2026-07-19T17:14:20.165Z,245,Golden Chobo Ring,2352,147,backfill
2026-07-19T17:14:20.165Z,246,Golden Crusader Ring,2242,166,backfill
2026-07-19T17:14:20.165Z,247,Golden Foxglove Ring,2374,173,backfill
2026-07-19T17:14:20.165Z,248,Golden Overseer Ring,2431,179,backfill
2026-07-19T17:14:20.165Z,249,Golden Summoner Ring,2287,163,backfill
2026-07-20T17:15:12.016Z,134,Chobo Silver Ring,16502,2637,backfill
2026-07-20T17:15:12.016Z,135,Crusader Silver Ring,16421,2653,backfill
2026-07-20T17:15:12.016Z,136,Overseer Silver Ring,16125,2639,backfill
2026-07-20T17:15:12.016Z,137,Athena Silver Ring,16594,2605,backfill
2026-07-20T17:15:12.016Z,138,Archon Silver Ring,17354,2695,backfill
2026-07-20T17:15:12.016Z,139,Foxglove Silver Ring,16253,2706,backfill
2026-07-20T17:15:12.016Z,140,Summoner Silver Ring,17664,2704,backfill
2026-07-20T17:15:12.016Z,243,Golden Archon Ring,2277,166,backfill
2026-07-20T17:15:12.016Z,244,Golden Athena Ring,2432,171,backfill
2026-07-20T17:15:12.016Z,245,Golden Chobo Ring,2361,148,backfill
2026-07-20T17:15:12.016Z,246,Golden Crusader Ring,2250,167,backfill
2026-07-20T17:15:12.016Z,247,Golden Foxglove Ring,2383,173,backfill
2026-07-20T17:15:12.016Z,248,Golden Overseer Ring,2433,179,backfill
2026-07-20T17:15:12.016Z,249,Golden Summoner Ring,2298,163,backfill
2026-07-21T17:14:43.051Z,134,Chobo Silver Ring,16534,2648,backfill
2026-07-21T17:14:43.051Z,135,Crusader Silver Ring,16480,2654,backfill
2026-07-21T17:14:43.051Z,136,Overseer Silver Ring,16178,2658,backfill
2026-07-21T17:14:43.051Z,137,Athena Silver Ring,16597,2613,backfill
2026-07-21T17:14:43.051Z,138,Archon Silver Ring,17400,2716,backfill
2026-07-21T17:14:43.051Z,139,Foxglove Silver Ring,16278,2703,backfill
2026-07-21T17:14:43.051Z,140,Summoner Silver Ring,17718,2710,backfill
2026-07-21T17:14:43.051Z,243,Golden Archon Ring,2283,167,backfill
2026-07-21T17:14:43.051Z,244,Golden Athena Ring,2445,172,backfill
2026-07-21T17:14:43.051Z,245,Golden Chobo Ring,2370,148,backfill
2026-07-21T17:14:43.051Z,246,Golden Crusader Ring,2258,168,backfill
2026-07-21T17:14:43.051Z,247,Golden Foxglove Ring,2393,174,backfill
2026-07-21T17:14:43.051Z,248,Golden Overseer Ring,2446,180,backfill
2026-07-21T17:14:43.051Z,249,Golden Summoner Ring,2315,163,backfill
2026-07-22T17:20:10.031Z,134,Chobo Silver Ring,16567,2667,backfill
2026-07-22T17:20:10.031Z,135,Crusader Silver Ring,16520,2672,backfill
2026-07-22T17:20:10.031Z,136,Overseer Silver Ring,16218,2672,backfill
2026-07-22T17:20:10.031Z,137,Athena Silver Ring,16645,2619,backfill
2026-07-22T17:20:10.031Z,138,Archon Silver Ring,17429,2737,backfill
2026-07-22T17:20:10.031Z,139,Foxglove Silver Ring,16317,2712,backfill
2026-07-22T17:20:10.031Z,140,Summoner Silver Ring,17753,2731,backfill
2026-07-22T17:20:10.031Z,243,Golden Archon Ring,2293,167,backfill
2026-07-22T17:20:10.031Z,244,Golden Athena Ring,2453,171,backfill
2026-07-22T17:20:10.031Z,245,Golden Chobo Ring,2379,147,backfill
2026-07-22T17:20:10.031Z,246,Golden Crusader Ring,2273,167,backfill
2026-07-22T17:20:10.031Z,247,Golden Foxglove Ring,2401,173,backfill
2026-07-22T17:20:10.031Z,248,Golden Overseer Ring,2456,179,backfill
2026-07-22T17:20:10.031Z,249,Golden Summoner Ring,2327,161,backfill
2026-07-23T17:16:32.160Z,134,Chobo Silver Ring,16642,2667,backfill
2026-07-23T17:16:32.160Z,135,Crusader Silver Ring,16592,2662,backfill
2026-07-23T17:16:32.160Z,136,Overseer Silver Ring,16322,2651,backfill
2026-07-23T17:16:32.160Z,137,Athena Silver Ring,16738,2582,backfill
2026-07-23T17:16:32.160Z,138,Archon Silver Ring,17543,2714,backfill
2026-07-23T17:16:32.160Z,139,Foxglove Silver Ring,16403,2688,backfill
2026-07-23T17:16:32.160Z,140,Summoner Silver Ring,17797,2721,backfill
2026-07-23T17:16:32.160Z,243,Golden Archon Ring,2297,168,backfill
2026-07-23T17:16:32.160Z,244,Golden Athena Ring,2463,172,backfill
2026-07-23T17:16:32.160Z,245,Golden Chobo Ring,2386,148,backfill
2026-07-23T17:16:32.160Z,246,Golden Crusader Ring,2281,167,backfill
2026-07-23T17:16:32.160Z,247,Golden Foxglove Ring,2406,174,backfill
2026-07-23T17:16:32.160Z,248,Golden Overseer Ring,2463,179,backfill
2026-07-23T17:16:32.160Z,249,Golden Summoner Ring,2335,162,backfill
2026-07-24T17:17:55.708Z,134,Chobo Silver Ring,16587,2663,backfill
2026-07-24T17:17:55.708Z,135,Crusader Silver Ring,16486,2664,backfill
2026-07-24T17:17:55.708Z,136,Overseer Silver Ring,16224,2643,backfill
2026-07-24T17:17:55.708Z,137,Athena Silver Ring,16549,2588,backfill
2026-07-24T17:17:55.708Z,138,Archon Silver Ring,17398,2726,backfill
2026-07-24T17:17:55.708Z,139,Foxglove Silver Ring,16277,2687,backfill
2026-07-24T17:17:55.708Z,140,Summoner Silver Ring,17697,2707,backfill
2026-07-24T17:17:55.708Z,243,Golden Archon Ring,2304,169,backfill
2026-07-24T17:17:55.708Z,244,Golden Athena Ring,2469,172,backfill
2026-07-24T17:17:55.708Z,245,Golden Chobo Ring,2394,149,backfill
2026-07-24T17:17:55.708Z,246,Golden Crusader Ring,2293,168,backfill
2026-07-24T17:17:55.708Z,247,Golden Foxglove Ring,2414,175,backfill
2026-07-24T17:17:55.708Z,248,Golden Overseer Ring,2475,180,backfill
2026-07-24T17:17:55.708Z,249,Golden Summoner Ring,2346,163,backfill
2026-07-25T17:16:31.912Z,134,Chobo Silver Ring,16559,2650,backfill
2026-07-25T17:16:31.912Z,135,Crusader Silver Ring,16432,2647,backfill
2026-07-25T17:16:31.912Z,136,Overseer Silver Ring,16183,2620,backfill
2026-07-25T17:16:31.912Z,137,Athena Silver Ring,16478,2577,backfill
2026-07-25T17:16:31.912Z,138,Archon Silver Ring,17347,2710,backfill
2026-07-25T17:16:31.912Z,139,Foxglove Silver Ring,16229,2671,backfill
2026-07-25T17:16:31.912Z,140,Summoner Silver Ring,17629,2691,backfill
2026-07-25T17:16:31.912Z,243,Golden Archon Ring,2294,166,backfill
2026-07-25T17:16:31.912Z,244,Golden Athena Ring,2446,171,backfill
2026-07-25T17:16:31.912Z,245,Golden Chobo Ring,2375,151,backfill
2026-07-25T17:16:31.912Z,246,Golden Crusader Ring,2270,166,backfill
2026-07-25T17:16:31.912Z,247,Golden Foxglove Ring,2396,172,backfill
2026-07-25T17:16:31.912Z,248,Golden Overseer Ring,2448,178,backfill
2026-07-25T17:16:31.912Z,249,Golden Summoner Ring,2312,161,backfill
2026-07-26T17:14:37.827Z,134,Chobo Silver Ring,16639,2668,backfill
2026-07-26T17:14:37.827Z,135,Crusader Silver Ring,16487,2657,backfill
2026-07-26T17:14:37.827Z,136,Overseer Silver Ring,16233,2626,backfill
2026-07-26T17:14:37.827Z,137,Athena Silver Ring,16564,2601,backfill
2026-07-26T17:14:37.827Z,138,Archon Silver Ring,17399,2723,backfill
2026-07-26T17:14:37.827Z,139,Foxglove Silver Ring,16297,2680,backfill
2026-07-26T17:14:37.827Z,140,Summoner Silver Ring,17706,2707,backfill
2026-07-26T17:14:37.827Z,243,Golden Archon Ring,2275,164,backfill
2026-07-26T17:14:37.827Z,244,Golden Athena Ring,2445,171,backfill
2026-07-26T17:14:37.827Z,245,Golden Chobo Ring,2381,149,backfill
2026-07-26T17:14:37.827Z,246,Golden Crusader Ring,2263,165,backfill
2026-07-26T17:14:37.827Z,247,Golden Foxglove Ring,2393,173,backfill
2026-07-26T17:14:37.827Z,248,Golden Overseer Ring,2446,177,backfill
2026-07-26T17:14:37.827Z,249,Golden Summoner Ring,2318,161,backfill
2026-07-27T17:16:21.183Z,134,Chobo Silver Ring,16704,2679,backfill
2026-07-27T17:16:21.183Z,135,Crusader Silver Ring,16556,2672,backfill
2026-07-27T17:16:21.183Z,136,Overseer Silver Ring,16308,2641,backfill
2026-07-27T17:16:21.183Z,137,Athena Silver Ring,16625,2617,backfill
2026-07-27T17:16:21.183Z,138,Archon Silver Ring,17462,2736,backfill
2026-07-27T17:16:21.183Z,139,Foxglove Silver Ring,16356,2693,backfill
2026-07-27T17:16:21.183Z,140,Summoner Silver Ring,17753,2722,backfill
2026-07-27T17:16:21.183Z,243,Golden Archon Ring,2278,166,backfill
2026-07-27T17:16:21.183Z,244,Golden Athena Ring,2450,171,backfill
2026-07-27T17:16:21.183Z,245,Golden Chobo Ring,2390,152,backfill
2026-07-27T17:16:21.183Z,246,Golden Crusader Ring,2256,166,backfill
2026-07-27T17:16:21.183Z,247,Golden Foxglove Ring,2402,177,backfill
2026-07-27T17:16:21.183Z,248,Golden Overseer Ring,2462,181,backfill
2026-07-27T17:16:21.183Z,249,Golden Summoner Ring,2330,165,backfill
2026-07-28T17:18:38.794Z,134,Chobo Silver Ring,15222,2691,backfill
2026-07-28T17:18:38.794Z,135,Crusader Silver Ring,15245,2676,backfill
2026-07-28T17:18:38.794Z,136,Overseer Silver Ring,14924,2659,backfill
2026-07-28T17:18:38.794Z,137,Athena Silver Ring,15162,2632,backfill
2026-07-28T17:18:38.794Z,138,Archon Silver Ring,16096,2744,backfill
2026-07-28T17:18:38.794Z,139,Foxglove Silver Ring,15267,2704,backfill
2026-07-28T17:18:38.794Z,140,Summoner Silver Ring,15475,2731,backfill
2026-07-28T17:18:38.794Z,243,Golden Archon Ring,2026,166,backfill
2026-07-28T17:18:38.794Z,244,Golden Athena Ring,2236,171,backfill
2026-07-28T17:18:38.794Z,245,Golden Chobo Ring,2115,149,backfill
2026-07-28T17:18:38.794Z,246,Golden Crusader Ring,1981,167,backfill
2026-07-28T17:18:38.794Z,247,Golden Foxglove Ring,2178,174,backfill
2026-07-28T17:18:38.794Z,248,Golden Overseer Ring,2239,181,backfill
2026-07-28T17:18:38.794Z,249,Golden Summoner Ring,2084,165,backfill
2026-07-29T17:15:46.410Z,134,Chobo Silver Ring,16833,2700,backfill
2026-07-29T17:15:46.410Z,135,Crusader Silver Ring,16658,2689,backfill
2026-07-29T17:15:46.410Z,136,Overseer Silver Ring,16441,2667,backfill
2026-07-29T17:15:46.410Z,137,Athena Silver Ring,16753,2645,backfill
2026-07-29T17:15:46.410Z,138,Archon Silver Ring,17560,2750,backfill
2026-07-29T17:15:46.410Z,139,Foxglove Silver Ring,16449,2703,backfill
2026-07-29T17:15:46.410Z,140,Summoner Silver Ring,17850,2739,backfill
2026-07-29T17:15:46.410Z,243,Golden Archon Ring,2296,167,backfill
2026-07-29T17:15:46.410Z,244,Golden Athena Ring,2462,170,backfill
2026-07-29T17:15:46.410Z,245,Golden Chobo Ring,2396,149,backfill
2026-07-29T17:15:46.410Z,246,Golden Crusader Ring,2267,164,backfill
2026-07-29T17:15:46.410Z,247,Golden Foxglove Ring,2416,173,backfill
2026-07-29T17:15:46.410Z,248,Golden Overseer Ring,2473,179,backfill
2026-07-29T17:15:46.410Z,249,Golden Summoner Ring,2346,164,backfill
2026-07-30T17:14:06.822Z,134,Chobo Silver Ring,16881,2712,backfill
2026-07-30T17:14:06.822Z,135,Crusader Silver Ring,16706,2696,backfill
2026-07-30T17:14:06.822Z,136,Overseer Silver Ring,16475,2675,backfill
2026-07-30T17:14:06.822Z,137,Athena Silver Ring,16798,2651,backfill
2026-07-30T17:14:06.822Z,138,Archon Silver Ring,17600,2761,backfill
2026-07-30T17:14:06.822Z,139,Foxglove Silver Ring,16482,2707,backfill
2026-07-30T17:14:06.822Z,140,Summoner Silver Ring,17891,2744,backfill
2026-07-30T17:14:06.822Z,243,Golden Archon Ring,2299,165,backfill
2026-07-30T17:14:06.822Z,244,Golden Athena Ring,2461,168,backfill
2026-07-30T17:14:06.822Z,245,Golden Chobo Ring,2412,148,backfill
2026-07-30T17:14:06.822Z,246,Golden Crusader Ring,2273,164,backfill
2026-07-30T17:14:06.822Z,247,Golden Foxglove Ring,2426,172,backfill
2026-07-30T17:14:06.822Z,248,Golden Overseer Ring,2481,178,backfill
2026-07-30T17:14:06.822Z,249,Golden Summoner Ring,2353,163,backfill
2026-07-31T17:12:59.108Z,134,Chobo Silver Ring,16949,2720,backfill
2026-07-31T17:12:59.108Z,135,Crusader Silver Ring,16750,2704,backfill
2026-07-31T17:12:59.108Z,136,Overseer Silver Ring,16537,2682,backfill
2026-07-31T17:12:59.108Z,137,Athena Silver Ring,16850,2659,backfill
2026-07-31T17:12:59.108Z,138,Archon Silver Ring,17649,2769,backfill
2026-07-31T17:12:59.108Z,139,Foxglove Silver Ring,16571,2720,backfill
2026-07-31T17:12:59.108Z,140,Summoner Silver Ring,17976,2757,backfill
2026-07-31T17:12:59.108Z,243,Golden Archon Ring,2301,161,backfill
2026-07-31T17:12:59.108Z,244,Golden Athena Ring,2464,167,backfill
2026-07-31T17:12:59.108Z,245,Golden Chobo Ring,2415,146,backfill
2026-07-31T17:12:59.108Z,246,Golden Crusader Ring,2265,164,backfill
2026-07-31T17:12:59.108Z,247,Golden Foxglove Ring,2433,172,backfill
2026-07-31T17:12:59.108Z,248,Golden Overseer Ring,2477,174,backfill
2026-07-31T17:12:59.108Z,249,Golden Summoner Ring,2351,162,backfill
2026-08-01T17:13:52.214Z,134,Chobo Silver Ring,16722,2690,backfill
2026-08-01T17:13:52.214Z,135,Crusader Silver Ring,16528,2678,backfill
2026-08-01T17:13:52.214Z,136,Overseer Silver Ring,16278,2649,backfill
2026-08-01T17:13:52.214Z,137,Athena Silver Ring,16631,2625,backfill
2026-08-01T17:13:52.214Z,138,Archon Silver Ring,17413,2736,backfill
2026-08-01T17:13:52.214Z,139,Foxglove Silver Ring,16361,2708,backfill
2026-08-01T17:13:52.214Z,140,Summoner Silver Ring,17729,2719,backfill
2026-08-01T17:13:52.214Z,243,Golden Archon Ring,2289,160,backfill
2026-08-01T17:13:52.214Z,244,Golden Athena Ring,2459,167,backfill
2026-08-01T17:13:52.214Z,245,Golden Chobo Ring,2413,148,backfill
2026-08-01T17:13:52.214Z,246,Golden Crusader Ring,2269,164,backfill
2026-08-01T17:13:52.214Z,247,Golden Foxglove Ring,2430,170,backfill
2026-08-01T17:13:52.214Z,248,Golden Overseer Ring,2479,175,backfill
2026-08-01T17:13:52.214Z,249,Golden Summoner Ring,2336,165,backfill
2026-08-02T17:10:16.679Z,134,Chobo Silver Ring,16702,2699,backfill
2026-08-02T17:10:16.679Z,135,Crusader Silver Ring,16488,2685,backfill
2026-08-02T17:10:16.679Z,136,Overseer Silver Ring,16222,2660,backfill
2026-08-02T17:10:16.679Z,137,Athena Silver Ring,16518,2622,backfill
2026-08-02T17:10:16.679Z,138,Archon Silver Ring,17374,2743,backfill
2026-08-02T17:10:16.679Z,139,Foxglove Silver Ring,16327,2715,backfill
2026-08-02T17:10:16.679Z,140,Summoner Silver Ring,17675,2719,backfill
2026-08-02T17:10:16.679Z,243,Golden Archon Ring,2306,162,backfill
2026-08-02T17:10:16.679Z,244,Golden Athena Ring,2467,168,backfill
2026-08-02T17:10:16.679Z,245,Golden Chobo Ring,2420,149,backfill
2026-08-02T17:10:16.679Z,246,Golden Crusader Ring,2278,165,backfill
2026-08-02T17:10:16.679Z,247,Golden Foxglove Ring,2441,174,backfill
2026-08-02T17:10:16.679Z,248,Golden Overseer Ring,2494,178,backfill
2026-08-02T17:10:16.679Z,249,Golden Summoner Ring,2350,168,backfill
2026-08-03T17:13:48.776Z,134,Chobo Silver Ring,16753,2680,backfill
2026-08-03T17:13:48.776Z,135,Crusader Silver Ring,16555,2690,backfill
2026-08-03T17:13:48.776Z,136,Overseer Silver Ring,16312,2672,backfill
2026-08-03T17:13:48.776Z,137,Athena Silver Ring,16601,2631,backfill
2026-08-03T17:13:48.776Z,138,Archon Silver Ring,17466,2743,backfill
2026-08-03T17:13:48.776Z,139,Foxglove Silver Ring,16398,2704,backfill
2026-08-03T17:13:48.776Z,140,Summoner Silver Ring,17747,2724,backfill
2026-08-03T17:13:48.776Z,243,Golden Archon Ring,2319,164,backfill
2026-08-03T17:13:48.776Z,244,Golden Athena Ring,2480,170,backfill
2026-08-03T17:13:48.776Z,245,Golden Chobo Ring,2434,152,backfill
2026-08-03T17:13:48.776Z,246,Golden Crusader Ring,2286,165,backfill
2026-08-03T17:13:48.776Z,247,Golden Foxglove Ring,2456,176,backfill
2026-08-03T17:13:48.776Z,248,Golden Overseer Ring,2505,179,backfill
2026-08-03T17:13:48.776Z,249,Golden Summoner Ring,2360,168,backfill
2026-08-04T17:13:19.307Z,134,Chobo Silver Ring,16749,2693,backfill
2026-08-04T17:13:19.307Z,135,Crusader Silver Ring,16604,2692,backfill
2026-08-04T17:13:19.307Z,136,Overseer Silver Ring,16329,2681,backfill
2026-08-04T17:13:19.307Z,137,Athena Silver Ring,16637,2633,backfill
2026-08-04T17:13:19.307Z,138,Archon Silver Ring,17461,2742,backfill
2026-08-04T17:13:19.307Z,139,Foxglove Silver Ring,16387,2707,backfill
2026-08-04T17:13:19.307Z,140,Summoner Silver Ring,17805,2729,backfill
2026-08-04T17:13:19.307Z,243,Golden Archon Ring,2328,164,backfill
2026-08-04T17:13:19.307Z,244,Golden Athena Ring,2486,170,backfill
2026-08-04T17:13:19.307Z,245,Golden Chobo Ring,2447,154,backfill
2026-08-04T17:13:19.307Z,246,Golden Crusader Ring,2295,165,backfill
2026-08-04T17:13:19.307Z,247,Golden Foxglove Ring,2467,177,backfill
2026-08-04T17:13:19.307Z,248,Golden Overseer Ring,2520,178,backfill
2026-08-04T17:13:19.307Z,249,Golden Summoner Ring,2373,168,backfill
2026-08-05T17:22:46.464Z,134,Chobo Silver Ring,16699,2702,backfill
2026-08-05T17:22:46.464Z,135,Crusader Silver Ring,16548,2702,backfill
2026-08-05T17:22:46.464Z,136,Overseer Silver Ring,16220,2692,backfill
2026-08-05T17:22:46.464Z,137,Athena Silver Ring,16594,2632,backfill
2026-08-05T17:22:46.464Z,138,Archon Silver Ring,17364,2745,backfill
2026-08-05T17:22:46.464Z,139,Foxglove Silver Ring,16280,2711,backfill
2026-08-05T17:22:46.464Z,140,Summoner Silver Ring,17742,2732,backfill
2026-08-05T17:22:46.464Z,243,Golden Archon Ring,2337,167,backfill
2026-08-05T17:22:46.464Z,244,Golden Athena Ring,2495,170,backfill
2026-08-05T17:22:46.464Z,245,Golden Chobo Ring,2453,156,backfill
2026-08-05T17:22:46.464Z,246,Golden Crusader Ring,2307,168,backfill
2026-08-05T17:22:46.464Z,247,Golden Foxglove Ring,2478,177,backfill
2026-08-05T17:22:46.464Z,248,Golden Overseer Ring,2528,178,backfill
2026-08-05T17:22:46.464Z,249,Golden Summoner Ring,2381,168,backfill
2026-08-06T17:12:01.692Z,134,Chobo Silver Ring,17156,2722,backfill
2026-08-06T17:12:01.692Z,135,Crusader Silver Ring,17017,2707,backfill
2026-08-06T17:12:01.692Z,136,Overseer Silver Ring,16751,2714,backfill
2026-08-06T17:12:01.692Z,137,Athena Silver Ring,17060,2627,backfill
2026-08-06T17:12:01.692Z,138,Archon Silver Ring,17877,2768,backfill
2026-08-06T17:12:01.692Z,139,Foxglove Silver Ring,16808,2735,backfill
2026-08-06T17:12:01.692Z,140,Summoner Silver Ring,18216,2746,backfill
2026-08-06T17:12:01.692Z,243,Golden Archon Ring,2451,167,backfill
2026-08-06T17:12:01.692Z,244,Golden Athena Ring,2559,171,backfill
2026-08-06T17:12:01.692Z,245,Golden Chobo Ring,2562,156,backfill
2026-08-06T17:12:01.692Z,246,Golden Crusader Ring,2389,169,backfill
2026-08-06T17:12:01.692Z,247,Golden Foxglove Ring,2491,177,backfill
2026-08-06T17:12:01.692Z,248,Golden Overseer Ring,2544,179,backfill
2026-08-06T17:12:01.692Z,249,Golden Summoner Ring,2509,169,backfill
2026-08-07T17:13:43.283Z,134,Chobo Silver Ring,17262,2728,backfill
2026-08-07T17:13:43.283Z,135,Crusader Silver Ring,17074,2691,backfill
2026-08-07T17:13:43.283Z,136,Overseer Silver Ring,16809,2722,backfill
2026-08-07T17:13:43.283Z,137,Athena Silver Ring,17104,2649,backfill
2026-08-07T17:13:43.283Z,138,Archon Silver Ring,17928,2785,backfill
2026-08-07T17:13:43.283Z,139,Foxglove Silver Ring,16847,2746,backfill
2026-08-07T17:13:43.283Z,140,Summoner Silver Ring,18255,2755,backfill
2026-08-07T17:13:43.283Z,243,Golden Archon Ring,2473,167,backfill
2026-08-07T17:13:43.283Z,244,Golden Athena Ring,2571,172,backfill
2026-08-07T17:13:43.283Z,245,Golden Chobo Ring,2574,156,backfill
2026-08-07T17:13:43.283Z,246,Golden Crusader Ring,2399,169,backfill
2026-08-07T17:13:43.283Z,247,Golden Foxglove Ring,2502,176,backfill
2026-08-07T17:13:43.283Z,248,Golden Overseer Ring,2556,179,backfill
2026-08-07T17:13:43.283Z,249,Golden Summoner Ring,2519,169,backfill
2026-08-08T17:13:32.551Z,134,Chobo Silver Ring,17285,2747,backfill
2026-08-08T17:13:32.551Z,135,Crusader Silver Ring,17070,2714,backfill
2026-08-08T17:13:32.551Z,136,Overseer Silver Ring,16852,2742,backfill
2026-08-08T17:13:32.551Z,137,Athena Silver Ring,17083,2674,backfill
2026-08-08T17:13:32.551Z,138,Archon Silver Ring,17977,2799,backfill
2026-08-08T17:13:32.551Z,139,Foxglove Silver Ring,16901,2766,backfill
2026-08-08T17:13:32.551Z,140,Summoner Silver Ring,18248,2779,backfill
2026-08-08T17:13:32.551Z,243,Golden Archon Ring,2453,165,backfill
2026-08-08T17:13:32.551Z,244,Golden Athena Ring,2568,172,backfill
2026-08-08T17:13:32.551Z,245,Golden Chobo Ring,2554,152,backfill
2026-08-08T17:13:32.551Z,246,Golden Crusader Ring,2402,169,backfill
2026-08-08T17:13:32.551Z,247,Golden Foxglove Ring,2504,175,backfill
2026-08-08T17:13:32.551Z,248,Golden Overseer Ring,2539,181,backfill
2026-08-08T17:13:32.551Z,249,Golden Summoner Ring,2513,167,backfill
2026-08-09T17:12:01.254Z,134,Chobo Silver Ring,17385,2769,backfill
2026-08-09T17:12:01.254Z,135,Crusader Silver Ring,17136,2725,backfill
2026-08-09T17:12:01.254Z,136,Overseer Silver Ring,16905,2753,backfill
2026-08-09T17:12:01.254Z,137,Athena Silver Ring,17144,2694,backfill
2026-08-09T17:12:01.254Z,138,Archon Silver Ring,18041,2817,backfill
2026-08-09T17:12:01.254Z,139,Foxglove Silver Ring,16992,2792,backfill
2026-08-09T17:12:01.254Z,140,Summoner Silver Ring,18336,2792,backfill
2026-08-09T17:12:01.254Z,243,Golden Archon Ring,2464,161,backfill
2026-08-09T17:12:01.254Z,244,Golden Athena Ring,2557,168,backfill
2026-08-09T17:12:01.254Z,245,Golden Chobo Ring,2566,149,backfill
2026-08-09T17:12:01.254Z,246,Golden Crusader Ring,2401,165,backfill
2026-08-09T17:12:01.254Z,247,Golden Foxglove Ring,2489,172,backfill
2026-08-09T17:12:01.254Z,248,Golden Overseer Ring,2559,180,backfill
2026-08-09T17:12:01.254Z,249,Golden Summoner Ring,2511,165,backfill
2026-08-10T17:13:23.400Z,134,Chobo Silver Ring,17471,2785,backfill
2026-08-10T17:13:23.400Z,135,Crusader Silver Ring,17208,2740,backfill
2026-08-10T17:13:23.400Z,136,Overseer Silver Ring,16963,2760,backfill
2026-08-10T17:13:23.400Z,137,Athena Silver Ring,17241,2715,backfill
2026-08-10T17:13:23.400Z,138,Archon Silver Ring,18103,2832,backfill
2026-08-10T17:13:23.400Z,139,Foxglove Silver Ring,17033,2802,backfill
2026-08-10T17:13:23.400Z,140,Summoner Silver Ring,18406,2804,backfill
2026-08-10T17:13:23.400Z,243,Golden Archon Ring,2445,161,backfill
2026-08-10T17:13:23.400Z,244,Golden Athena Ring,2551,168,backfill
2026-08-10T17:13:23.400Z,245,Golden Chobo Ring,2554,149,backfill
2026-08-10T17:13:23.400Z,246,Golden Crusader Ring,2404,165,backfill
2026-08-10T17:13:23.400Z,247,Golden Foxglove Ring,2479,171,backfill
2026-08-10T17:13:23.400Z,248,Golden Overseer Ring,2545,179,backfill
2026-08-10T17:13:23.400Z,249,Golden Summoner Ring,2485,166,backfill
2026-08-11T17:13:33.066Z,134,Chobo Silver Ring,17377,2799,backfill
2026-08-11T17:13:33.066Z,135,Crusader Silver Ring,17146,2754,backfill
2026-08-11T17:13:33.066Z,136,Overseer Silver Ring,16939,2773,backfill
2026-08-11T17:13:33.066Z,137,Athena Silver Ring,17143,2732,backfill
2026-08-11T17:13:33.066Z,138,Archon Silver Ring,18013,2850,backfill
2026-08-11T17:13:33.066Z,139,Foxglove Silver Ring,16921,2818,backfill
2026-08-11T17:13:33.066Z,140,Summoner Silver Ring,18355,2810,backfill
2026-08-11T17:13:33.066Z,243,Golden Archon Ring,2405,161,backfill
2026-08-11T17:13:33.066Z,244,Golden Athena Ring,2531,165,backfill
2026-08-11T17:13:33.066Z,245,Golden Chobo Ring,2539,150,backfill
2026-08-11T17:13:33.066Z,246,Golden Crusader Ring,2337,165,backfill
2026-08-11T17:13:33.066Z,247,Golden Foxglove Ring,2482,174,backfill
2026-08-11T17:13:33.066Z,248,Golden Overseer Ring,2458,179,backfill
2026-08-11T17:13:33.066Z,249,Golden Summoner Ring,2493,168,backfill
2026-08-12T17:12:41.379Z,134,Chobo Silver Ring,17383,2798,backfill
2026-08-12T17:12:41.379Z,135,Crusader Silver Ring,17173,2767,backfill
2026-08-12T17:12:41.379Z,136,Overseer Silver Ring,16913,2773,backfill
2026-08-12T17:12:41.379Z,137,Athena Silver Ring,17175,2721,backfill
2026-08-12T17:12:41.379Z,138,Archon Silver Ring,17901,2839,backfill
2026-08-12T17:12:41.379Z,139,Foxglove Silver Ring,16787,2802,backfill
2026-08-12T17:12:41.379Z,140,Summoner Silver Ring,18263,2823,backfill
2026-08-12T17:12:41.379Z,243,Golden Archon Ring,2389,159,backfill
2026-08-12T17:12:41.379Z,244,Golden Athena Ring,2521,164,backfill
2026-08-12T17:12:41.379Z,245,Golden Chobo Ring,2545,150,backfill
2026-08-12T17:12:41.379Z,246,Golden Crusader Ring,2281,163,backfill
2026-08-12T17:12:41.379Z,247,Golden Foxglove Ring,2421,176,backfill
2026-08-12T17:12:41.379Z,248,Golden Overseer Ring,2380,177,backfill
2026-08-12T17:12:41.379Z,249,Golden Summoner Ring,2459,162,backfill
2026-08-13T17:13:53.883Z,134,Chobo Silver Ring,17589,2830,backfill
2026-08-13T17:13:53.883Z,135,Crusader Silver Ring,17342,2804,backfill
2026-08-13T17:13:53.883Z,136,Overseer Silver Ring,17031,2803,backfill
2026-08-13T17:13:53.883Z,137,Athena Silver Ring,17448,2758,backfill
2026-08-13T17:13:53.883Z,138,Archon Silver Ring,18276,2879,backfill
2026-08-13T17:13:53.883Z,139,Foxglove Silver Ring,17076,2836,backfill
2026-08-13T17:13:53.883Z,140,Summoner Silver Ring,18485,2846,backfill
2026-08-13T17:13:53.883Z,243,Golden Archon Ring,2493,165,backfill
2026-08-13T17:13:53.883Z,244,Golden Athena Ring,2602,174,backfill
2026-08-13T17:13:53.883Z,245,Golden Chobo Ring,2555,157,backfill
2026-08-13T17:13:53.883Z,246,Golden Crusader Ring,2421,171,backfill
2026-08-13T17:13:53.883Z,247,Golden Foxglove Ring,2510,184,backfill
2026-08-13T17:13:53.883Z,248,Golden Overseer Ring,2550,180,backfill
2026-08-13T17:13:53.883Z,249,Golden Summoner Ring,2496,171,backfill
2026-08-14T17:13:42.534Z,134,Chobo Silver Ring,17484,2840,backfill
2026-08-14T17:13:42.534Z,135,Crusader Silver Ring,17293,2805,backfill
2026-08-14T17:13:42.534Z,136,Overseer Silver Ring,16893,2804,backfill
2026-08-14T17:13:42.534Z,137,Athena Silver Ring,17464,2771,backfill
2026-08-14T17:13:42.534Z,138,Archon Silver Ring,18266,2883,backfill
2026-08-14T17:13:42.534Z,139,Foxglove Silver Ring,16971,2833,backfill
2026-08-14T17:13:42.534Z,140,Summoner Silver Ring,18331,2844,backfill
2026-08-14T17:13:42.534Z,243,Golden Archon Ring,2490,166,backfill
2026-08-14T17:13:42.534Z,244,Golden Athena Ring,2547,171,backfill
2026-08-14T17:13:42.534Z,245,Golden Chobo Ring,2527,158,backfill
2026-08-14T17:13:42.534Z,246,Golden Crusader Ring,2442,174,backfill
2026-08-14T17:13:42.534Z,247,Golden Foxglove Ring,2479,183,backfill
2026-08-14T17:13:42.534Z,248,Golden Overseer Ring,2608,178,backfill
2026-08-14T17:13:42.534Z,249,Golden Summoner Ring,2477,167,backfill
2026-08-15T17:13:27.831Z,134,Chobo Silver Ring,17226,2822,backfill
2026-08-15T17:13:27.831Z,135,Crusader Silver Ring,17155,2791,backfill
2026-08-15T17:13:27.831Z,136,Overseer Silver Ring,16556,2788,backfill
2026-08-15T17:13:27.831Z,137,Athena Silver Ring,17173,2754,backfill
2026-08-15T17:13:27.831Z,138,Archon Silver Ring,18047,2859,backfill
2026-08-15T17:13:27.831Z,139,Foxglove Silver Ring,16658,2813,backfill
2026-08-15T17:13:27.831Z,140,Summoner Silver Ring,18117,2836,backfill
2026-08-15T17:13:27.831Z,243,Golden Archon Ring,2423,166,backfill
2026-08-15T17:13:27.831Z,244,Golden Athena Ring,2513,172,backfill
2026-08-15T17:13:27.831Z,245,Golden Chobo Ring,2431,158,backfill
2026-08-15T17:13:27.831Z,246,Golden Crusader Ring,2416,175,backfill
2026-08-15T17:13:27.831Z,247,Golden Foxglove Ring,2462,184,backfill
2026-08-15T17:13:27.831Z,248,Golden Overseer Ring,2537,181,backfill
2026-08-15T17:13:27.831Z,249,Golden Summoner Ring,2400,165,backfill
2026-08-16T17:19:57.030Z,134,Chobo Silver Ring,17036,2808,backfill
2026-08-16T17:19:57.030Z,135,Crusader Silver Ring,17042,2793,backfill
2026-08-16T17:19:57.030Z,136,Overseer Silver Ring,16500,2781,backfill
2026-08-16T17:19:57.030Z,137,Athena Silver Ring,16954,2749,backfill
2026-08-16T17:19:57.030Z,138,Archon Silver Ring,17822,2855,backfill
2026-08-16T17:19:57.030Z,139,Foxglove Silver Ring,16547,2802,backfill
2026-08-16T17:19:57.030Z,140,Summoner Silver Ring,18014,2829,backfill
2026-08-16T17:19:57.030Z,243,Golden Archon Ring,2368,165,backfill
2026-08-16T17:19:57.030Z,244,Golden Athena Ring,2461,170,backfill
2026-08-16T17:19:57.030Z,245,Golden Chobo Ring,2364,156,backfill
2026-08-16T17:19:57.030Z,246,Golden Crusader Ring,2412,171,backfill
2026-08-16T17:19:57.030Z,247,Golden Foxglove Ring,2461,185,backfill
2026-08-16T17:19:57.030Z,248,Golden Overseer Ring,2549,179,backfill
2026-08-16T17:19:57.030Z,249,Golden Summoner Ring,2390,167,backfill
2026-08-17T17:14:00.131Z,134,Chobo Silver Ring,16533,2735,backfill
2026-08-17T17:14:00.131Z,135,Crusader Silver Ring,16739,2732,backfill
2026-08-17T17:14:00.131Z,136,Overseer Silver Ring,16293,2705,backfill
2026-08-17T17:14:00.131Z,137,Athena Silver Ring,16746,2684,backfill
2026-08-17T17:14:00.131Z,138,Archon Silver Ring,17583,2782,backfill
2026-08-17T17:14:00.131Z,139,Foxglove Silver Ring,16382,2739,backfill
2026-08-17T17:14:00.131Z,140,Summoner Silver Ring,17852,2761,backfill
2026-08-17T17:14:00.131Z,243,Golden Archon Ring,2299,162,backfill
2026-08-17T17:14:00.131Z,244,Golden Athena Ring,2385,167,backfill
2026-08-17T17:14:00.131Z,245,Golden Chobo Ring,2339,155,backfill
2026-08-17T17:14:00.131Z,246,Golden Crusader Ring,2303,167,backfill
2026-08-17T17:14:00.131Z,247,Golden Foxglove Ring,2403,180,backfill
2026-08-17T17:14:00.131Z,248,Golden Overseer Ring,2485,176,backfill
2026-08-17T17:14:00.131Z,249,Golden Summoner Ring,2391,166,backfill
2026-08-18T17:12:37.958Z,134,Chobo Silver Ring,16402,2725,backfill
2026-08-18T17:12:37.958Z,135,Crusader Silver Ring,16602,2718,backfill
2026-08-18T17:12:37.958Z,136,Overseer Silver Ring,16228,2700,backfill
2026-08-18T17:12:37.958Z,137,Athena Silver Ring,16575,2674,backfill
2026-08-18T17:12:37.958Z,138,Archon Silver Ring,17485,2783,backfill
2026-08-18T17:12:37.958Z,139,Foxglove Silver Ring,16239,2729,backfill
2026-08-18T17:12:37.958Z,140,Summoner Silver Ring,17803,2763,backfill
2026-08-18T17:12:37.958Z,243,Golden Archon Ring,2262,164,backfill
2026-08-18T17:12:37.958Z,244,Golden Athena Ring,2391,165,backfill
2026-08-18T17:12:37.958Z,245,Golden Chobo Ring,2358,155,backfill
2026-08-18T17:12:37.958Z,246,Golden Crusader Ring,2242,166,backfill
2026-08-18T17:12:37.958Z,247,Golden Foxglove Ring,2393,179,backfill
2026-08-18T17:12:37.958Z,248,Golden Overseer Ring,2419,178,backfill
2026-08-18T17:12:37.958Z,249,Golden Summoner Ring,2396,164,backfill
2026-08-19T17:15:25.934Z,134,Chobo Silver Ring,16381,2730,backfill
2026-08-19T17:15:25.934Z,135,Crusader Silver Ring,16672,2723,backfill
2026-08-19T17:15:25.934Z,136,Overseer Silver Ring,16177,2705,backfill
2026-08-19T17:15:25.934Z,137,Athena Silver Ring,16531,2682,backfill
2026-08-19T17:15:25.934Z,138,Archon Silver Ring,17407,2776,backfill
2026-08-19T17:15:25.934Z,139,Foxglove Silver Ring,16288,2724,backfill
2026-08-19T17:15:25.934Z,140,Summoner Silver Ring,17657,2759,backfill
2026-08-19T17:15:25.934Z,243,Golden Archon Ring,2299,157,backfill
2026-08-19T17:15:25.934Z,244,Golden Athena Ring,2414,165,backfill
2026-08-19T17:15:25.934Z,245,Golden Chobo Ring,2407,146,backfill
2026-08-19T17:15:25.934Z,246,Golden Crusader Ring,2235,162,backfill
2026-08-19T17:15:25.934Z,247,Golden Foxglove Ring,2334,170,backfill
2026-08-19T17:15:25.934Z,248,Golden Overseer Ring,2419,173,backfill
2026-08-19T17:15:25.934Z,249,Golden Summoner Ring,2424,156,backfill
2026-08-20T17:14:44.959Z,134,Chobo Silver Ring,16195,2723,backfill
2026-08-20T17:14:44.959Z,135,Crusader Silver Ring,16460,2724,backfill
2026-08-20T17:14:44.959Z,136,Overseer Silver Ring,16130,2706,backfill
2026-08-20T17:14:44.959Z,137,Athena Silver Ring,16520,2675,backfill
2026-08-20T17:14:44.959Z,138,Archon Silver Ring,17293,2777,backfill
2026-08-20T17:14:44.959Z,139,Foxglove Silver Ring,16183,2727,backfill
2026-08-20T17:14:44.959Z,140,Summoner Silver Ring,17539,2762,backfill
2026-08-20T17:14:44.959Z,243,Golden Archon Ring,2294,150,backfill
2026-08-20T17:14:44.959Z,244,Golden Athena Ring,2419,159,backfill
2026-08-20T17:14:44.959Z,245,Golden Chobo Ring,2371,141,backfill
2026-08-20T17:14:44.959Z,246,Golden Crusader Ring,2216,158,backfill
2026-08-20T17:14:44.959Z,247,Golden Foxglove Ring,2296,166,backfill
2026-08-20T17:14:44.959Z,248,Golden Overseer Ring,2361,168,backfill
2026-08-20T17:14:44.959Z,249,Golden Summoner Ring,2357,151,backfill
2026-08-21T17:15:21.219Z,134,Chobo Silver Ring,15318,2726,backfill
2026-08-21T17:15:21.219Z,135,Crusader Silver Ring,15406,2723,backfill
2026-08-21T17:15:21.219Z,136,Overseer Silver Ring,15021,2698,backfill
2026-08-21T17:15:21.219Z,137,Athena Silver Ring,15418,2667,backfill
2026-08-21T17:15:21.219Z,138,Archon Silver Ring,16056,2774,backfill
2026-08-21T17:15:21.219Z,139,Foxglove Silver Ring,15175,2731,backfill
2026-08-21T17:15:21.219Z,140,Summoner Silver Ring,15754,2753,backfill
2026-08-21T17:15:21.219Z,243,Golden Archon Ring,2169,154,backfill
2026-08-21T17:15:21.219Z,244,Golden Athena Ring,2332,159,backfill
2026-08-21T17:15:21.219Z,245,Golden Chobo Ring,2255,143,backfill
2026-08-21T17:15:21.219Z,246,Golden Crusader Ring,2071,161,backfill
2026-08-21T17:15:21.219Z,247,Golden Foxglove Ring,2163,170,backfill
2026-08-21T17:15:21.219Z,248,Golden Overseer Ring,2258,172,backfill
2026-08-21T17:15:21.219Z,249,Golden Summoner Ring,2201,155,backfill
2026-08-22T17:14:32.226Z,134,Chobo Silver Ring,15285,2725,backfill
2026-08-22T17:14:32.226Z,135,Crusader Silver Ring,15386,2730,backfill
2026-08-22T17:14:32.226Z,136,Overseer Silver Ring,14997,2697,backfill
2026-08-22T17:14:32.226Z,137,Athena Silver Ring,15394,2674,backfill
2026-08-22T17:14:32.226Z,138,Archon Silver Ring,16158,2777,backfill
2026-08-22T17:14:32.226Z,139,Foxglove Silver Ring,15394,2742,backfill
2026-08-22T17:14:32.226Z,140,Summoner Silver Ring,15756,2766,backfill
2026-08-22T17:14:32.226Z,243,Golden Archon Ring,2098,154,backfill
2026-08-22T17:14:32.226Z,244,Golden Athena Ring,2256,159,backfill
2026-08-22T17:14:32.226Z,245,Golden Chobo Ring,2200,142,backfill
2026-08-22T17:14:32.226Z,246,Golden Crusader Ring,2010,161,backfill
2026-08-22T17:14:32.226Z,247,Golden Foxglove Ring,2114,167,backfill
2026-08-22T17:14:32.226Z,248,Golden Overseer Ring,2213,171,backfill
2026-08-22T17:14:32.226Z,249,Golden Summoner Ring,2126,155,backfill
2026-08-23T17:13:36.357Z,134,Chobo Silver Ring,15219,2737,backfill
2026-08-23T17:13:36.357Z,135,Crusader Silver Ring,15383,2738,backfill
2026-08-23T17:13:36.357Z,136,Overseer Silver Ring,14943,2702,backfill
2026-08-23T17:13:36.357Z,137,Athena Silver Ring,15299,2684,backfill
2026-08-23T17:13:36.357Z,138,Archon Silver Ring,16101,2775,backfill
2026-08-23T17:13:36.357Z,139,Foxglove Silver Ring,15382,2747,backfill
2026-08-23T17:13:36.357Z,140,Summoner Silver Ring,15790,2779,backfill
2026-08-23T17:13:36.357Z,243,Golden Archon Ring,2062,158,backfill
2026-08-23T17:13:36.357Z,244,Golden Athena Ring,2199,157,backfill
2026-08-23T17:13:36.357Z,245,Golden Chobo Ring,2130,145,backfill
2026-08-23T17:13:36.357Z,246,Golden Crusader Ring,1953,161,backfill
2026-08-23T17:13:36.357Z,247,Golden Foxglove Ring,2122,174,backfill
2026-08-23T17:13:36.357Z,248,Golden Overseer Ring,2207,170,backfill
2026-08-23T17:13:36.357Z,249,Golden Summoner Ring,2066,153,backfill
2026-08-24T17:16:20.362Z,134,Chobo Silver Ring,15237,2727,backfill
2026-08-24T17:16:20.362Z,135,Crusader Silver Ring,15254,2728,backfill
2026-08-24T17:16:20.362Z,136,Overseer Silver Ring,14957,2704,backfill
2026-08-24T17:16:20.362Z,137,Athena Silver Ring,15243,2682,backfill
2026-08-24T17:16:20.362Z,138,Archon Silver Ring,15834,2775,backfill
2026-08-24T17:16:20.362Z,139,Foxglove Silver Ring,15185,2751,backfill
2026-08-24T17:16:20.362Z,140,Summoner Silver Ring,15706,2777,backfill
2026-08-24T17:16:20.362Z,243,Golden Archon Ring,2097,156,backfill
2026-08-24T17:16:20.362Z,244,Golden Athena Ring,2199,159,backfill
2026-08-24T17:16:20.362Z,245,Golden Chobo Ring,2163,143,backfill
2026-08-24T17:16:20.362Z,246,Golden Crusader Ring,1972,157,backfill
2026-08-24T17:16:20.362Z,247,Golden Foxglove Ring,2121,173,backfill
2026-08-24T17:16:20.362Z,248,Golden Overseer Ring,2257,172,backfill
2026-08-24T17:16:20.362Z,249,Golden Summoner Ring,2107,160,backfill
2026-08-25T17:12:13.693Z,134,Chobo Silver Ring,15283,2739,backfill
2026-08-25T17:12:13.693Z,135,Crusader Silver Ring,15210,2728,backfill
2026-08-25T17:12:13.693Z,136,Overseer Silver Ring,14973,2707,backfill
2026-08-25T17:12:13.693Z,137,Athena Silver Ring,15191,2689,backfill
2026-08-25T17:12:13.693Z,138,Archon Silver Ring,15753,2776,backfill
2026-08-25T17:12:13.693Z,139,Foxglove Silver Ring,15163,2748,backfill
2026-08-25T17:12:13.693Z,140,Summoner Silver Ring,15756,2782,backfill
2026-08-25T17:12:13.693Z,243,Golden Archon Ring,2100,154,backfill
2026-08-25T17:12:13.693Z,244,Golden Athena Ring,2242,162,backfill
2026-08-25T17:12:13.693Z,245,Golden Chobo Ring,2227,137,backfill
2026-08-25T17:12:13.693Z,246,Golden Crusader Ring,2011,155,backfill
2026-08-25T17:12:13.693Z,247,Golden Foxglove Ring,2163,174,backfill
2026-08-25T17:12:13.693Z,248,Golden Overseer Ring,2313,170,backfill
2026-08-25T17:12:13.693Z,249,Golden Summoner Ring,2164,158,backfill
2026-08-26T17:15:06.349Z,134,Chobo Silver Ring,15236,2743,backfill
2026-08-26T17:15:06.349Z,135,Crusader Silver Ring,15217,2723,backfill
2026-08-26T17:15:06.349Z,136,Overseer Silver Ring,15002,2704,backfill
2026-08-26T17:15:06.349Z,137,Athena Silver Ring,15312,2700,backfill
2026-08-26T17:15:06.349Z,138,Archon Silver Ring,15650,2780,backfill
2026-08-26T17:15:06.349Z,139,Foxglove Silver Ring,15122,2755,backfill
2026-08-26T17:15:06.349Z,140,Summoner Silver Ring,15707,2786,backfill
2026-08-26T17:15:06.349Z,243,Golden Archon Ring,2092,161,backfill
2026-08-26T17:15:06.349Z,244,Golden Athena Ring,2225,165,backfill
2026-08-26T17:15:06.349Z,245,Golden Chobo Ring,2254,142,backfill
2026-08-26T17:15:06.349Z,246,Golden Crusader Ring,1979,156,backfill
2026-08-26T17:15:06.349Z,247,Golden Foxglove Ring,2142,171,backfill
2026-08-26T17:15:06.349Z,248,Golden Overseer Ring,2277,171,backfill
2026-08-26T17:15:06.349Z,249,Golden Summoner Ring,2116,158,backfill
2026-08-27T17:12:44.332Z,134,Chobo Silver Ring,15192,2749,backfill
2026-08-27T17:12:44.332Z,135,Crusader Silver Ring,15173,2732,backfill
2026-08-27T17:12:44.332Z,136,Overseer Silver Ring,14883,2720,backfill
2026-08-27T17:12:44.332Z,137,Athena Silver Ring,15324,2722,backfill
2026-08-27T17:12:44.332Z,138,Archon Silver Ring,15650,2791,backfill
2026-08-27T17:12:44.332Z,139,Foxglove Silver Ring,15024,2754,backfill
2026-08-27T17:12:44.332Z,140,Summoner Silver Ring,15595,2791,backfill
2026-08-27T17:12:44.332Z,243,Golden Archon Ring,2099,166,backfill
2026-08-27T17:12:44.332Z,244,Golden Athena Ring,2218,165,backfill
2026-08-27T17:12:44.332Z,245,Golden Chobo Ring,2207,148,backfill
2026-08-27T17:12:44.332Z,246,Golden Crusader Ring,2006,158,backfill
2026-08-27T17:12:44.332Z,247,Golden Foxglove Ring,2050,174,backfill
2026-08-27T17:12:44.332Z,248,Golden Overseer Ring,2242,175,backfill
2026-08-27T17:12:44.332Z,249,Golden Summoner Ring,2117,158,backfill
2026-08-28T17:11:52.700Z,134,Chobo Silver Ring,15160,2754,backfill
2026-08-28T17:11:52.700Z,135,Crusader Silver Ring,15171,2742,backfill
2026-08-28T17:11:52.700Z,136,Overseer Silver Ring,14798,2732,backfill
2026-08-28T17:11:52.700Z,137,Athena Silver Ring,15257,2731,backfill
2026-08-28T17:11:52.700Z,138,Archon Silver Ring,15619,2806,backfill
2026-08-28T17:11:52.700Z,139,Foxglove Silver Ring,14973,2772,backfill
2026-08-28T17:11:52.700Z,140,Summoner Silver Ring,15551,2800,backfill
2026-08-28T17:11:52.700Z,243,Golden Archon Ring,2116,166,backfill
2026-08-28T17:11:52.700Z,244,Golden Athena Ring,2209,167,backfill
2026-08-28T17:11:52.700Z,245,Golden Chobo Ring,2183,148,backfill
2026-08-28T17:11:52.700Z,246,Golden Crusader Ring,2037,159,backfill
2026-08-28T17:11:52.700Z,247,Golden Foxglove Ring,2063,177,backfill
2026-08-28T17:11:52.700Z,248,Golden Overseer Ring,2242,175,backfill
2026-08-28T17:11:52.700Z,249,Golden Summoner Ring,2136,159,backfill
2026-08-30T17:13:25.772Z,134,Chobo Silver Ring,14367,2743,backfill
2026-08-30T17:13:25.772Z,135,Crusader Silver Ring,14121,2736,backfill
2026-08-30T17:13:25.772Z,136,Overseer Silver Ring,13639,2707,backfill
2026-08-30T17:13:25.772Z,137,Athena Silver Ring,13925,2713,backfill
2026-08-30T17:13:25.772Z,138,Archon Silver Ring,14214,2790,backfill
2026-08-30T17:13:25.772Z,139,Foxglove Silver Ring,13987,2752,backfill
2026-08-30T17:13:25.772Z,140,Summoner Silver Ring,14498,2789,backfill
2026-08-30T17:13:25.772Z,243,Golden Archon Ring,2090,163,backfill
2026-08-30T17:13:25.772Z,244,Golden Athena Ring,2161,170,backfill
2026-08-30T17:13:25.772Z,245,Golden Chobo Ring,2119,152,backfill
2026-08-30T17:13:25.772Z,246,Golden Crusader Ring,1977,168,backfill
2026-08-30T17:13:25.772Z,247,Golden Foxglove Ring,2064,180,backfill
2026-08-30T17:13:25.772Z,248,Golden Overseer Ring,2260,180,backfill
2026-08-30T17:13:25.772Z,249,Golden Summoner Ring,2094,162,backfill
2026-08-30T16:32:48Z,134,Chobo Silver Ring,14367,2743,live
2026-08-30T16:32:48Z,135,Crusader Silver Ring,14121,2736,live
2026-08-30T16:32:48Z,136,Overseer Silver Ring,13639,2707,live
2026-08-30T16:32:48Z,137,Athena Silver Ring,13925,2713,live
2026-08-30T16:32:48Z,138,Archon Silver Ring,14214,2790,live
2026-08-30T16:32:48Z,139,Foxglove Silver Ring,13987,2752,live
2026-08-30T16:32:48Z,140,Summoner Silver Ring,14498,2789,live
2026-08-30T16:32:48Z,243,Golden Archon Ring,2090,163,live
2026-08-30T16:32:48Z,244,Golden Athena Ring,2161,170,live
2026-08-30T16:32:48Z,245,Golden Chobo Ring,2119,152,live
2026-08-30T16:32:48Z,246,Golden Crusader Ring,1977,168,live
2026-08-30T16:32:48Z,247,Golden Foxglove Ring,2064,180,live
2026-08-30T16:32:48Z,248,Golden Overseer Ring,2260,180,live
2026-08-30T16:32:48Z,249,Golden Summoner Ring,2094,162,live
2026-08-30T16:34:10Z,134,Chobo Silver Ring,14367,2743,live
2026-08-30T16:34:10Z,135,Crusader Silver Ring,14121,2736,live
2026-08-30T16:34:10Z,136,Overseer Silver Ring,13639,2707,live
2026-08-30T16:34:10Z,137,Athena Silver Ring,13925,2713,live
2026-08-30T16:34:10Z,138,Archon Silver Ring,14214,2790,live
2026-08-30T16:34:10Z,139,Foxglove Silver Ring,13987,2752,live
2026-08-30T16:34:10Z,140,Summoner Silver Ring,14498,2789,live
2026-08-30T16:34:10Z,243,Golden Archon Ring,2090,163,live
2026-08-30T16:34:10Z,244,Golden Athena Ring,2161,170,live
2026-08-30T16:34:10Z,245,Golden Chobo Ring,2119,152,live
2026-08-30T16:34:10Z,246,Golden Crusader Ring,1977,168,live
2026-08-30T16:34:10Z,247,Golden Foxglove Ring,2064,180,live
2026-08-30T16:34:10Z,248,Golden Overseer Ring,2260,180,live
2026-08-30T16:34:10Z,249,Golden Summoner Ring,2094,162,live
2026-08-30T18:05:02Z,134,Chobo Silver Ring,14367,2743,live
2026-08-30T18:05:02Z,135,Crusader Silver Ring,14121,2736,live
2026-08-30T18:05:02Z,136,Overseer Silver Ring,13639,2707,live
2026-08-30T18:05:02Z,137,Athena Silver Ring,13925,2713,live
2026-08-30T18:05:02Z,138,Archon Silver Ring,14214,2790,live
2026-08-30T18:05:02Z,139,Foxglove Silver Ring,13987,2752,live
2026-08-30T18:05:02Z,140,Summoner Silver Ring,14498,2789,live
2026-08-30T18:05:02Z,243,Golden Archon Ring,2090,163,live
2026-08-30T18:05:02Z,244,Golden Athena Ring,2161,170,live
2026-08-30T18:05:02Z,245,Golden Chobo Ring,2119,152,live
2026-08-30T18:05:02Z,246,Golden Crusader Ring,1977,168,live
2026-08-30T18:05:02Z,247,Golden Foxglove Ring,2064,180,live
2026-08-30T18:05:02Z,248,Golden Overseer Ring,2260,180,live
2026-08-30T18:05:02Z,249,Golden Summoner Ring,2094,162,live
2026-08-31T18:05:02Z,134,Chobo Silver Ring,14334,2756,live
2026-08-31T18:05:02Z,135,Crusader Silver Ring,14128,2747,live
2026-08-31T18:05:02Z,136,Overseer Silver Ring,13603,2715,live
2026-08-31T18:05:02Z,137,Athena Silver Ring,13894,2723,live
2026-08-31T18:05:02Z,138,Archon Silver Ring,14235,2793,live
2026-08-31T18:05:02Z,139,Foxglove Silver Ring,14086,2760,live
2026-08-31T18:05:02Z,140,Summoner Silver Ring,14443,2792,live
2026-08-31T18:05:02Z,243,Golden Archon Ring,2061,160,live
2026-08-31T18:05:02Z,244,Golden Athena Ring,2126,168,live
2026-08-31T18:05:02Z,245,Golden Chobo Ring,2129,148,live
2026-08-31T18:05:02Z,246,Golden Crusader Ring,1950,163,live
2026-08-31T18:05:02Z,247,Golden Foxglove Ring,2071,177,live
2026-08-31T18:05:02Z,248,Golden Overseer Ring,2214,180,live
2026-08-31T18:05:02Z,249,Golden Summoner Ring,2078,161,live
