timestamp_utc,doc_id,name,floor_eth,eth_usd_rate,floor_usd
2026-09-02T15:19:09Z,134,Chobo Silver Ring,8.9e-05,2386.2,0.2124
2026-09-02T15:19:09Z,135,Crusader Silver Ring,9.0989e-05,2386.2,0.2171
2026-09-02T15:19:09Z,136,Overseer Silver Ring,8.89998e-05,2386.2,0.2124
2026-09-02T15:19:09Z,137,Athena Silver Ring,8.88e-05,2386.2,0.2119
2026-09-02T15:19:09Z,138,Archon Silver Ring,8.98e-05,2386.2,0.2143
2026-09-02T15:19:09Z,139,Foxglove Silver Ring,8.39989e-05,2386.2,0.2004
2026-09-02T15:19:09Z,140,Summoner Silver Ring,8.95e-05,2386.2,0.2136
2026-09-02T15:19:09Z,243,Golden Archon Ring,0.00083899,2386.2,2.002
2026-09-02T15:19:09Z,244,Golden Athena Ring,0.000894,2386.2,2.1333
2026-09-02T15:19:09Z,245,Golden Chobo Ring,0.000789,2386.2,1.8827
2026-09-02T15:19:09Z,246,Golden Crusader Ring,0.000839,2386.2,2.002
2026-09-02T15:19:09Z,247,Golden Foxglove Ring,0.0007899,2386.2,1.8849
2026-09-02T15:19:09Z,248,Golden Overseer Ring,0.000827989,2386.2,1.9757
2026-09-02T15:19:09Z,249,Golden Summoner Ring,0.0007899899,2386.2,1.8851
2026-09-02T18:05:13Z,134,Chobo Silver Ring,8.492e-05,2392.71,0.2032
2026-09-02T18:05:13Z,135,Crusader Silver Ring,8.5e-05,2392.71,0.2034
2026-09-02T18:05:13Z,136,Overseer Silver Ring,8.5e-05,2392.71,0.2034
2026-09-02T18:05:13Z,137,Athena Silver Ring,8e-05,2392.71,0.1914
2026-09-02T18:05:13Z,138,Archon Silver Ring,8.969e-05,2392.71,0.2146
2026-09-02T18:05:13Z,139,Foxglove Silver Ring,8.39988e-05,2392.71,0.201
2026-09-02T18:05:13Z,140,Summoner Silver Ring,8.949999e-05,2392.71,0.2141
2026-09-02T18:05:13Z,243,Golden Archon Ring,0.0008,2392.71,1.9142
2026-09-02T18:05:13Z,244,Golden Athena Ring,0.0008939,2392.71,2.1388
2026-09-02T18:05:13Z,245,Golden Chobo Ring,0.000788,2392.71,1.8855
2026-09-02T18:05:13Z,246,Golden Crusader Ring,0.00081918,2392.71,1.9601
2026-09-02T18:05:13Z,247,Golden Foxglove Ring,0.00078911,2392.71,1.8881
2026-09-02T18:05:13Z,248,Golden Overseer Ring,0.0007992,2392.71,1.9123
2026-09-02T18:05:13Z,249,Golden Summoner Ring,0.00078998,2392.71,1.8902
2026-09-03T18:05:11Z,134,Chobo Silver Ring,7.99999e-05,2502.53,0.2002
2026-09-03T18:05:11Z,135,Crusader Silver Ring,8.499e-05,2502.53,0.2127
2026-09-03T18:05:11Z,136,Overseer Silver Ring,8.4e-05,2502.53,0.2102
2026-09-03T18:05:11Z,137,Athena Silver Ring,8.878999e-05,2502.53,0.2222
2026-09-03T18:05:11Z,138,Archon Silver Ring,8e-05,2502.53,0.2002
2026-09-03T18:05:11Z,139,Foxglove Silver Ring,8e-05,2502.53,0.2002
2026-09-03T18:05:11Z,140,Summoner Silver Ring,8.191e-05,2502.53,0.205
2026-09-03T18:05:11Z,243,Golden Archon Ring,0.00083799,2502.53,2.0971
2026-09-03T18:05:11Z,244,Golden Athena Ring,0.00080999999,2502.53,2.027
2026-09-03T18:05:11Z,245,Golden Chobo Ring,0.000798,2502.53,1.997
2026-09-03T18:05:11Z,246,Golden Crusader Ring,0.00075,2502.53,1.8769
2026-09-03T18:05:11Z,247,Golden Foxglove Ring,0.00076998989999,2502.53,1.9269
2026-09-03T18:05:11Z,248,Golden Overseer Ring,0.00082699999,2502.53,2.0696
2026-09-03T18:05:11Z,249,Golden Summoner Ring,0.000794,2502.53,1.987
2026-09-04T18:05:15Z,134,Chobo Silver Ring,8.48999e-05,2446.29,0.2077
2026-09-04T18:05:15Z,135,Crusader Silver Ring,7.999999e-05,2446.29,0.1957
2026-09-04T18:05:15Z,136,Overseer Silver Ring,8.39999e-05,2446.29,0.2055
2026-09-04T18:05:15Z,137,Athena Silver Ring,8.399999e-05,2446.29,0.2055
2026-09-04T18:05:15Z,138,Archon Silver Ring,7.99999986e-05,2446.29,0.1957
2026-09-04T18:05:15Z,139,Foxglove Silver Ring,7.999999e-05,2446.29,0.1957
2026-09-04T18:05:15Z,140,Summoner Silver Ring,7.49999999e-05,2446.29,0.1835
2026-09-04T18:05:15Z,243,Golden Archon Ring,0.0007889999,2446.29,1.9301
2026-09-04T18:05:15Z,244,Golden Athena Ring,0.0007689999,2446.29,1.8812
2026-09-04T18:05:15Z,245,Golden Chobo Ring,0.0007889899,2446.29,1.9301
2026-09-04T18:05:15Z,246,Golden Crusader Ring,0.0007859999,2446.29,1.9228
2026-09-04T18:05:15Z,247,Golden Foxglove Ring,0.0007289999,2446.29,1.7833
2026-09-04T18:05:15Z,248,Golden Overseer Ring,0.0007889999,2446.29,1.9301
2026-09-04T18:05:15Z,249,Golden Summoner Ring,0.000778999,2446.29,1.9057
2026-09-05T18:05:12Z,134,Chobo Silver Ring,5.999989899e-05,2480.8,0.1488
2026-09-05T18:05:12Z,135,Crusader Silver Ring,6.399999897e-05,2480.8,0.1588
2026-09-05T18:05:12Z,136,Overseer Silver Ring,6.799999996999e-05,2480.8,0.1687
2026-09-05T18:05:12Z,137,Athena Silver Ring,7.9999999e-05,2480.8,0.1985
2026-09-05T18:05:12Z,138,Archon Silver Ring,6.2999999998e-05,2480.8,0.1563
2026-09-05T18:05:12Z,139,Foxglove Silver Ring,5.9999999997e-05,2480.8,0.1488
2026-09-05T18:05:12Z,140,Summoner Silver Ring,5.999999999e-05,2480.8,0.1488
2026-09-05T18:05:12Z,243,Golden Archon Ring,0.00067999,2480.8,1.6869
2026-09-05T18:05:12Z,244,Golden Athena Ring,0.00067999,2480.8,1.6869
2026-09-05T18:05:12Z,245,Golden Chobo Ring,0.00059999,2480.8,1.4885
2026-09-05T18:05:12Z,246,Golden Crusader Ring,0.00057999,2480.8,1.4388
2026-09-05T18:05:12Z,247,Golden Foxglove Ring,0.00063999,2480.8,1.5877
2026-09-05T18:05:12Z,248,Golden Overseer Ring,0.00057999,2480.8,1.4388
2026-09-05T18:05:12Z,249,Golden Summoner Ring,0.00069999,2480.8,1.7365
2026-09-06T16:25:27Z,134,Chobo Silver Ring,7.699e-05,2480.66,0.191
2026-09-06T16:25:27Z,135,Crusader Silver Ring,7e-05,2480.66,0.1736
2026-09-06T16:25:27Z,136,Overseer Silver Ring,6.499989999999e-05,2480.66,0.1612
2026-09-06T16:25:27Z,137,Athena Silver Ring,7.99999e-05,2480.66,0.1985
2026-09-06T16:25:27Z,138,Archon Silver Ring,6.5e-05,2480.66,0.1612
2026-09-06T16:25:27Z,139,Foxglove Silver Ring,6.5e-05,2480.66,0.1612
2026-09-06T16:25:27Z,140,Summoner Silver Ring,6.499999e-05,2480.66,0.1612
2026-09-06T16:25:27Z,243,Golden Archon Ring,0.0006,2480.66,1.4884
2026-09-06T16:25:27Z,244,Golden Athena Ring,0.00061,2480.66,1.5132
2026-09-06T16:25:27Z,245,Golden Chobo Ring,0.00069998,2480.66,1.7364
2026-09-06T16:25:27Z,246,Golden Crusader Ring,0.000569,2480.66,1.4115
2026-09-06T16:25:27Z,247,Golden Foxglove Ring,0.000549,2480.66,1.3619
2026-09-06T16:25:27Z,248,Golden Overseer Ring,0.00061999,2480.66,1.538
2026-09-06T16:25:27Z,249,Golden Summoner Ring,0.00061999,2480.66,1.538
2026-09-06T16:30:02Z,134,Chobo Silver Ring,7.699e-05,2482.89,0.1912
2026-09-06T16:30:02Z,135,Crusader Silver Ring,7e-05,2482.89,0.1738
2026-09-06T16:30:02Z,136,Overseer Silver Ring,6.499989999999e-05,2482.89,0.1614
2026-09-06T16:30:02Z,137,Athena Silver Ring,7.99999e-05,2482.89,0.1986
2026-09-06T16:30:02Z,138,Archon Silver Ring,6.5e-05,2482.89,0.1614
2026-09-06T16:30:02Z,139,Foxglove Silver Ring,6.5e-05,2482.89,0.1614
2026-09-06T16:30:02Z,140,Summoner Silver Ring,6.499999e-05,2482.89,0.1614
2026-09-06T16:30:02Z,243,Golden Archon Ring,0.0006,2482.89,1.4897
2026-09-06T16:30:02Z,244,Golden Athena Ring,0.00061,2482.89,1.5146
2026-09-06T16:30:02Z,245,Golden Chobo Ring,0.00069998,2482.89,1.738
2026-09-06T16:30:02Z,246,Golden Crusader Ring,0.000569,2482.89,1.4128
2026-09-06T16:30:02Z,247,Golden Foxglove Ring,0.000549,2482.89,1.3631
2026-09-06T16:30:02Z,248,Golden Overseer Ring,0.00061999,2482.89,1.5394
2026-09-06T16:30:02Z,249,Golden Summoner Ring,0.00061999,2482.89,1.5394
2026-09-06T17:00:02Z,134,Chobo Silver Ring,7.699e-05,2484.75,0.1913
2026-09-06T17:00:02Z,135,Crusader Silver Ring,7e-05,2484.75,0.1739
2026-09-06T17:00:02Z,136,Overseer Silver Ring,6.499989999999e-05,2484.75,0.1615
2026-09-06T17:00:02Z,137,Athena Silver Ring,7.99999e-05,2484.75,0.1988
2026-09-06T17:00:02Z,138,Archon Silver Ring,6.5e-05,2484.75,0.1615
2026-09-06T17:00:02Z,139,Foxglove Silver Ring,6.5e-05,2484.75,0.1615
2026-09-06T17:00:02Z,140,Summoner Silver Ring,6.499999e-05,2484.75,0.1615
2026-09-06T17:00:02Z,243,Golden Archon Ring,0.0006,2484.75,1.4908
2026-09-06T17:00:02Z,244,Golden Athena Ring,0.00061,2484.75,1.5157
2026-09-06T17:00:02Z,245,Golden Chobo Ring,0.00069998,2484.75,1.7393
2026-09-06T17:00:02Z,246,Golden Crusader Ring,0.000569,2484.75,1.4138
2026-09-06T17:00:02Z,247,Golden Foxglove Ring,0.000549,2484.75,1.3641
2026-09-06T17:00:02Z,248,Golden Overseer Ring,0.00061999,2484.75,1.5405
2026-09-06T17:00:02Z,249,Golden Summoner Ring,0.00061999,2484.75,1.5405
2026-09-06T17:30:02Z,134,Chobo Silver Ring,7.699e-05,2490.98,0.1918
2026-09-06T17:30:02Z,135,Crusader Silver Ring,7e-05,2490.98,0.1744
2026-09-06T17:30:02Z,136,Overseer Silver Ring,6.499989999999e-05,2490.98,0.1619
2026-09-06T17:30:02Z,137,Athena Silver Ring,7.99999e-05,2490.98,0.1993
2026-09-06T17:30:02Z,138,Archon Silver Ring,6.5e-05,2490.98,0.1619
2026-09-06T17:30:02Z,139,Foxglove Silver Ring,6.5e-05,2490.98,0.1619
2026-09-06T17:30:02Z,140,Summoner Silver Ring,6.499999e-05,2490.98,0.1619
2026-09-06T17:30:02Z,243,Golden Archon Ring,0.0006,2490.98,1.4946
2026-09-06T17:30:02Z,244,Golden Athena Ring,0.00061,2490.98,1.5195
2026-09-06T17:30:02Z,245,Golden Chobo Ring,0.00069998,2490.98,1.7436
2026-09-06T17:30:02Z,246,Golden Crusader Ring,0.000569,2490.98,1.4174
2026-09-06T17:30:02Z,247,Golden Foxglove Ring,0.000549,2490.98,1.3675
2026-09-06T17:30:02Z,248,Golden Overseer Ring,0.00061999,2490.98,1.5444
2026-09-06T17:30:02Z,249,Golden Summoner Ring,0.00061999,2490.98,1.5444
2026-09-06T18:00:01Z,134,Chobo Silver Ring,7.6989e-05,2493.28,0.192
2026-09-06T18:00:01Z,135,Crusader Silver Ring,6.9999e-05,2493.28,0.1745
2026-09-06T18:00:01Z,136,Overseer Silver Ring,6.499989e-05,2493.28,0.1621
2026-09-06T18:00:01Z,137,Athena Silver Ring,7.99998e-05,2493.28,0.1995
2026-09-06T18:00:01Z,138,Archon Silver Ring,6.9969e-05,2493.28,0.1745
2026-09-06T18:00:01Z,139,Foxglove Silver Ring,6.499999e-05,2493.28,0.1621
2026-09-06T18:00:01Z,140,Summoner Silver Ring,6.499999e-05,2493.28,0.1621
2026-09-06T18:00:01Z,243,Golden Archon Ring,0.0006,2493.28,1.496
2026-09-06T18:00:01Z,244,Golden Athena Ring,0.00061,2493.28,1.5209
2026-09-06T18:00:01Z,245,Golden Chobo Ring,0.00069998,2493.28,1.7452
2026-09-06T18:00:01Z,246,Golden Crusader Ring,0.000569,2493.28,1.4187
2026-09-06T18:00:01Z,247,Golden Foxglove Ring,0.000549,2493.28,1.3688
2026-09-06T18:00:01Z,248,Golden Overseer Ring,0.00061999,2493.28,1.5458
2026-09-06T18:00:01Z,249,Golden Summoner Ring,0.00061999,2493.28,1.5458
2026-09-06T18:05:11Z,134,Chobo Silver Ring,7.6989e-05,2493.32,0.192
2026-09-06T18:05:11Z,135,Crusader Silver Ring,6.9999e-05,2493.32,0.1745
2026-09-06T18:05:11Z,136,Overseer Silver Ring,6.499989e-05,2493.32,0.1621
2026-09-06T18:05:11Z,137,Athena Silver Ring,7.99998e-05,2493.32,0.1995
2026-09-06T18:05:11Z,138,Archon Silver Ring,6.999e-05,2493.32,0.1745
2026-09-06T18:05:11Z,139,Foxglove Silver Ring,6.499999e-05,2493.32,0.1621
2026-09-06T18:05:11Z,140,Summoner Silver Ring,6.499999e-05,2493.32,0.1621
2026-09-06T18:05:11Z,243,Golden Archon Ring,0.0006,2493.32,1.496
2026-09-06T18:05:11Z,244,Golden Athena Ring,0.00061,2493.32,1.5209
2026-09-06T18:05:11Z,245,Golden Chobo Ring,0.00069998,2493.32,1.7453
2026-09-06T18:05:11Z,246,Golden Crusader Ring,0.000569,2493.32,1.4187
2026-09-06T18:05:11Z,247,Golden Foxglove Ring,0.000549,2493.32,1.3688
2026-09-06T18:05:11Z,248,Golden Overseer Ring,0.00061999,2493.32,1.5458
2026-09-06T18:05:11Z,249,Golden Summoner Ring,0.00061999,2493.32,1.5458
2026-09-06T18:30:01Z,134,Chobo Silver Ring,7.6989e-05,2495.35,0.1921
2026-09-06T18:30:01Z,135,Crusader Silver Ring,6.9999e-05,2495.35,0.1747
2026-09-06T18:30:01Z,136,Overseer Silver Ring,6.5e-05,2495.35,0.1622
2026-09-06T18:30:01Z,137,Athena Silver Ring,7.99999e-05,2495.35,0.1996
2026-09-06T18:30:01Z,138,Archon Silver Ring,6.999e-05,2495.35,0.1746
2026-09-06T18:30:01Z,139,Foxglove Silver Ring,6.5e-05,2495.35,0.1622
2026-09-06T18:30:01Z,140,Summoner Silver Ring,6.499999e-05,2495.35,0.1622
2026-09-06T18:30:01Z,243,Golden Archon Ring,0.0006,2495.35,1.4972
2026-09-06T18:30:01Z,244,Golden Athena Ring,0.00061,2495.35,1.5222
2026-09-06T18:30:01Z,245,Golden Chobo Ring,0.00069998,2495.35,1.7467
2026-09-06T18:30:01Z,246,Golden Crusader Ring,0.000569,2495.35,1.4199
2026-09-06T18:30:01Z,247,Golden Foxglove Ring,0.000549,2495.35,1.3699
2026-09-06T18:30:01Z,248,Golden Overseer Ring,0.00061999,2495.35,1.5471
2026-09-06T18:30:01Z,249,Golden Summoner Ring,0.00061999,2495.35,1.5471
2026-09-06T19:00:02Z,134,Chobo Silver Ring,7.6988e-05,2494.78,0.1921
2026-09-06T19:00:02Z,135,Crusader Silver Ring,6.2e-05,2494.78,0.1547
2026-09-06T19:00:02Z,136,Overseer Silver Ring,6.2e-05,2494.78,0.1547
2026-09-06T19:00:02Z,137,Athena Silver Ring,7.2999e-05,2494.78,0.1821
2026-09-06T19:00:02Z,138,Archon Silver Ring,6.1999e-05,2494.78,0.1547
2026-09-06T19:00:02Z,139,Foxglove Silver Ring,6.2e-05,2494.78,0.1547
2026-09-06T19:00:02Z,140,Summoner Silver Ring,6.2e-05,2494.78,0.1547
2026-09-06T19:00:02Z,243,Golden Archon Ring,0.00059999,2494.78,1.4968
2026-09-06T19:00:02Z,244,Golden Athena Ring,0.00060999,2494.78,1.5218
2026-09-06T19:00:02Z,245,Golden Chobo Ring,0.00069997,2494.78,1.7463
2026-09-06T19:00:02Z,246,Golden Crusader Ring,0.000569,2494.78,1.4195
2026-09-06T19:00:02Z,247,Golden Foxglove Ring,0.000549,2494.78,1.3696
2026-09-06T19:00:02Z,248,Golden Overseer Ring,0.00061999,2494.78,1.5467
2026-09-06T19:00:02Z,249,Golden Summoner Ring,0.00061998,2494.78,1.5467
2026-09-06T19:30:02Z,134,Chobo Silver Ring,7.69879e-05,2491.58,0.1918
2026-09-06T19:30:02Z,135,Crusader Silver Ring,6.1999e-05,2491.58,0.1545
2026-09-06T19:30:02Z,136,Overseer Silver Ring,6.19999e-05,2491.58,0.1545
2026-09-06T19:30:02Z,137,Athena Silver Ring,7.2999e-05,2491.58,0.1819
2026-09-06T19:30:02Z,138,Archon Silver Ring,6.1999e-05,2491.58,0.1545
2026-09-06T19:30:02Z,139,Foxglove Silver Ring,6.1999e-05,2491.58,0.1545
2026-09-06T19:30:02Z,140,Summoner Silver Ring,6.1999e-05,2491.58,0.1545
2026-09-06T19:30:02Z,243,Golden Archon Ring,0.0005999899899,2491.58,1.4949
2026-09-06T19:30:02Z,244,Golden Athena Ring,0.0006099899899,2491.58,1.5198
2026-09-06T19:30:02Z,245,Golden Chobo Ring,0.00069996999,2491.58,1.744
2026-09-06T19:30:02Z,246,Golden Crusader Ring,0.000568999,2491.58,1.4177
2026-09-06T19:30:02Z,247,Golden Foxglove Ring,0.000548999,2491.58,1.3679
2026-09-06T19:30:02Z,248,Golden Overseer Ring,0.0006199899,2491.58,1.5448
2026-09-06T19:30:02Z,249,Golden Summoner Ring,0.0006199799,2491.58,1.5447
2026-09-06T20:00:02Z,134,Chobo Silver Ring,7.69879e-05,2493.42,0.192
2026-09-06T20:00:02Z,135,Crusader Silver Ring,6.1999e-05,2493.42,0.1546
2026-09-06T20:00:02Z,136,Overseer Silver Ring,6.199989e-05,2493.42,0.1546
2026-09-06T20:00:02Z,137,Athena Silver Ring,7.29989e-05,2493.42,0.182
2026-09-06T20:00:02Z,138,Archon Silver Ring,6.1e-05,2493.42,0.1521
2026-09-06T20:00:02Z,139,Foxglove Silver Ring,6.19989e-05,2493.42,0.1546
2026-09-06T20:00:02Z,140,Summoner Silver Ring,6.19999e-05,2493.42,0.1546
2026-09-06T20:00:02Z,243,Golden Archon Ring,0.00055,2493.42,1.3714
2026-09-06T20:00:02Z,244,Golden Athena Ring,0.0006,2493.42,1.4961
2026-09-06T20:00:02Z,245,Golden Chobo Ring,0.00065,2493.42,1.6207
2026-09-06T20:00:02Z,246,Golden Crusader Ring,0.00055,2493.42,1.3714
2026-09-06T20:00:02Z,247,Golden Foxglove Ring,0.0005,2493.42,1.2467
2026-09-06T20:00:02Z,248,Golden Overseer Ring,0.0006,2493.42,1.4961
2026-09-06T20:00:02Z,249,Golden Summoner Ring,0.0006,2493.42,1.4961
2026-09-06T20:30:01Z,134,Chobo Silver Ring,7.69879e-05,2495.54,0.1921
2026-09-06T20:30:01Z,135,Crusader Silver Ring,6.1999e-05,2495.54,0.1547
2026-09-06T20:30:01Z,136,Overseer Silver Ring,6.199989e-05,2495.54,0.1547
2026-09-06T20:30:01Z,137,Athena Silver Ring,7.29989e-05,2495.54,0.1822
2026-09-06T20:30:01Z,138,Archon Silver Ring,6.2e-05,2495.54,0.1547
2026-09-06T20:30:01Z,139,Foxglove Silver Ring,6.19989e-05,2495.54,0.1547
2026-09-06T20:30:01Z,140,Summoner Silver Ring,6.19999e-05,2495.54,0.1547
2026-09-06T20:30:01Z,243,Golden Archon Ring,0.00055,2495.54,1.3725
2026-09-06T20:30:01Z,244,Golden Athena Ring,0.00058,2495.54,1.4474
2026-09-06T20:30:01Z,245,Golden Chobo Ring,0.00065,2495.54,1.6221
2026-09-06T20:30:01Z,246,Golden Crusader Ring,0.00053,2495.54,1.3226
2026-09-06T20:30:01Z,247,Golden Foxglove Ring,0.0005,2495.54,1.2478
2026-09-06T20:30:01Z,248,Golden Overseer Ring,0.00058,2495.54,1.4474
2026-09-06T20:30:01Z,249,Golden Summoner Ring,0.00058,2495.54,1.4474
2026-09-06T21:00:02Z,134,Chobo Silver Ring,7.69879e-05,2499.41,0.1924
2026-09-06T21:00:02Z,135,Crusader Silver Ring,6.1999e-05,2499.41,0.155
2026-09-06T21:00:02Z,136,Overseer Silver Ring,6.199989e-05,2499.41,0.155
2026-09-06T21:00:02Z,137,Athena Silver Ring,7.29989e-05,2499.41,0.1825
2026-09-06T21:00:02Z,138,Archon Silver Ring,6.2e-05,2499.41,0.155
2026-09-06T21:00:02Z,139,Foxglove Silver Ring,6.19989e-05,2499.41,0.155
2026-09-06T21:00:02Z,140,Summoner Silver Ring,6.19999e-05,2499.41,0.155
2026-09-06T21:00:02Z,243,Golden Archon Ring,0.0005999899899,2499.41,1.4996
2026-09-06T21:00:02Z,244,Golden Athena Ring,0.0006,2499.41,1.4996
2026-09-06T21:00:02Z,245,Golden Chobo Ring,0.00065,2499.41,1.6246
2026-09-06T21:00:02Z,246,Golden Crusader Ring,0.000568999,2499.41,1.4222
2026-09-06T21:00:02Z,247,Golden Foxglove Ring,0.0005,2499.41,1.2497
2026-09-06T21:00:02Z,248,Golden Overseer Ring,0.00058,2499.41,1.4497
2026-09-06T21:00:02Z,249,Golden Summoner Ring,0.00058,2499.41,1.4497
2026-09-06T21:30:02Z,134,Chobo Silver Ring,7.69879e-05,2511,0.1933
2026-09-06T21:30:02Z,135,Crusader Silver Ring,6.2e-05,2511,0.1557
2026-09-06T21:30:02Z,136,Overseer Silver Ring,6.199989e-05,2511,0.1557
2026-09-06T21:30:02Z,137,Athena Silver Ring,7.29989e-05,2511,0.1833
2026-09-06T21:30:02Z,138,Archon Silver Ring,6.2e-05,2511,0.1557
2026-09-06T21:30:02Z,139,Foxglove Silver Ring,6.19989e-05,2511,0.1557
2026-09-06T21:30:02Z,140,Summoner Silver Ring,6.19999e-05,2511,0.1557
2026-09-06T21:30:02Z,243,Golden Archon Ring,0.0005999899899,2511,1.5066
2026-09-06T21:30:02Z,244,Golden Athena Ring,0.0006,2511,1.5066
2026-09-06T21:30:02Z,245,Golden Chobo Ring,0.00065,2511,1.6321
2026-09-06T21:30:02Z,246,Golden Crusader Ring,0.000568999,2511,1.4288
2026-09-06T21:30:02Z,247,Golden Foxglove Ring,0.0005,2511,1.2555
2026-09-06T21:30:02Z,248,Golden Overseer Ring,0.0006,2511,1.5066
2026-09-06T21:30:02Z,249,Golden Summoner Ring,0.00058,2511,1.4564
2026-09-06T22:00:02Z,134,Chobo Silver Ring,7.69879e-05,2510.02,0.1932
2026-09-06T22:00:02Z,135,Crusader Silver Ring,6.2e-05,2510.02,0.1556
2026-09-06T22:00:02Z,136,Overseer Silver Ring,6.199989e-05,2510.02,0.1556
2026-09-06T22:00:02Z,137,Athena Silver Ring,7.29989e-05,2510.02,0.1832
2026-09-06T22:00:02Z,138,Archon Silver Ring,6.2e-05,2510.02,0.1556
2026-09-06T22:00:02Z,139,Foxglove Silver Ring,6.19989e-05,2510.02,0.1556
2026-09-06T22:00:02Z,140,Summoner Silver Ring,6.19999e-05,2510.02,0.1556
2026-09-06T22:00:02Z,243,Golden Archon Ring,0.0005999899899,2510.02,1.506
2026-09-06T22:00:02Z,244,Golden Athena Ring,0.0006,2510.02,1.506
2026-09-06T22:00:02Z,245,Golden Chobo Ring,0.00065,2510.02,1.6315
2026-09-06T22:00:02Z,246,Golden Crusader Ring,0.000568999,2510.02,1.4282
2026-09-06T22:00:02Z,247,Golden Foxglove Ring,0.0005,2510.02,1.255
2026-09-06T22:00:02Z,248,Golden Overseer Ring,0.0006199899,2510.02,1.5562
2026-09-06T22:00:02Z,249,Golden Summoner Ring,0.00058,2510.02,1.4558
2026-09-06T22:30:02Z,134,Chobo Silver Ring,7.69879e-05,2492.67,0.1919
2026-09-06T22:30:02Z,135,Crusader Silver Ring,7e-05,2492.67,0.1745
2026-09-06T22:30:02Z,136,Overseer Silver Ring,6.199989e-05,2492.67,0.1545
2026-09-06T22:30:02Z,137,Athena Silver Ring,7.2999e-05,2492.67,0.182
2026-09-06T22:30:02Z,138,Archon Silver Ring,6.99999e-05,2492.67,0.1745
2026-09-06T22:30:02Z,139,Foxglove Silver Ring,6.19989e-05,2492.67,0.1545
2026-09-06T22:30:02Z,140,Summoner Silver Ring,6.5e-05,2492.67,0.162
2026-09-06T22:30:02Z,243,Golden Archon Ring,0.0005999899899,2492.67,1.4956
2026-09-06T22:30:02Z,244,Golden Athena Ring,0.0006,2492.67,1.4956
2026-09-06T22:30:02Z,245,Golden Chobo Ring,0.00065,2492.67,1.6202
2026-09-06T22:30:02Z,246,Golden Crusader Ring,0.000568999,2492.67,1.4183
2026-09-06T22:30:02Z,247,Golden Foxglove Ring,0.0005,2492.67,1.2463
2026-09-06T22:30:02Z,248,Golden Overseer Ring,0.0006199899,2492.67,1.5454
2026-09-06T22:30:02Z,249,Golden Summoner Ring,0.00058,2492.67,1.4457
2026-09-06T23:00:02Z,134,Chobo Silver Ring,7.69879e-05,2508.73,0.1931
2026-09-06T23:00:02Z,135,Crusader Silver Ring,7e-05,2508.73,0.1756
2026-09-06T23:00:02Z,136,Overseer Silver Ring,6.199989e-05,2508.73,0.1555
2026-09-06T23:00:02Z,137,Athena Silver Ring,7.29989e-05,2508.73,0.1831
2026-09-06T23:00:02Z,138,Archon Silver Ring,6.99999e-05,2508.73,0.1756
2026-09-06T23:00:02Z,139,Foxglove Silver Ring,6.19989e-05,2508.73,0.1555
2026-09-06T23:00:02Z,140,Summoner Silver Ring,6.5e-05,2508.73,0.1631
2026-09-06T23:00:02Z,243,Golden Archon Ring,0.0005999899899,2508.73,1.5052
2026-09-06T23:00:02Z,244,Golden Athena Ring,0.0006,2508.73,1.5052
2026-09-06T23:00:02Z,245,Golden Chobo Ring,0.00065,2508.73,1.6307
2026-09-06T23:00:02Z,246,Golden Crusader Ring,0.000568999,2508.73,1.4275
2026-09-06T23:00:02Z,247,Golden Foxglove Ring,0.0005,2508.73,1.2544
2026-09-06T23:00:02Z,248,Golden Overseer Ring,0.0006199899,2508.73,1.5554
2026-09-06T23:00:02Z,249,Golden Summoner Ring,0.00058,2508.73,1.4551
2026-09-06T23:30:02Z,134,Chobo Silver Ring,7.69879e-05,2511.31,0.1933
2026-09-06T23:30:02Z,135,Crusader Silver Ring,7e-05,2511.31,0.1758
2026-09-06T23:30:02Z,136,Overseer Silver Ring,6.199989e-05,2511.31,0.1557
2026-09-06T23:30:02Z,137,Athena Silver Ring,7.29989e-05,2511.31,0.1833
2026-09-06T23:30:02Z,138,Archon Silver Ring,6.99999e-05,2511.31,0.1758
2026-09-06T23:30:02Z,139,Foxglove Silver Ring,6.19989e-05,2511.31,0.1557
2026-09-06T23:30:02Z,140,Summoner Silver Ring,6.5e-05,2511.31,0.1632
2026-09-06T23:30:02Z,243,Golden Archon Ring,0.000599989989,2511.31,1.5068
2026-09-06T23:30:02Z,244,Golden Athena Ring,0.0005999,2511.31,1.5065
2026-09-06T23:30:02Z,245,Golden Chobo Ring,0.00065,2511.31,1.6324
2026-09-06T23:30:02Z,246,Golden Crusader Ring,0.000568999,2511.31,1.4289
2026-09-06T23:30:02Z,247,Golden Foxglove Ring,0.0005,2511.31,1.2557
2026-09-06T23:30:02Z,248,Golden Overseer Ring,0.0006199899,2511.31,1.557
2026-09-06T23:30:02Z,249,Golden Summoner Ring,0.0005799,2511.31,1.4563
2026-09-07T00:00:02Z,134,Chobo Silver Ring,7.69879e-05,2514.86,0.1936
2026-09-07T00:00:02Z,135,Crusader Silver Ring,7e-05,2514.86,0.176
2026-09-07T00:00:02Z,136,Overseer Silver Ring,6.199989e-05,2514.86,0.1559
2026-09-07T00:00:02Z,137,Athena Silver Ring,7.29989e-05,2514.86,0.1836
2026-09-07T00:00:02Z,138,Archon Silver Ring,6.99999e-05,2514.86,0.176
2026-09-07T00:00:02Z,139,Foxglove Silver Ring,6.19989e-05,2514.86,0.1559
2026-09-07T00:00:02Z,140,Summoner Silver Ring,6.5e-05,2514.86,0.1635
2026-09-07T00:00:02Z,243,Golden Archon Ring,0.000599989989,2514.86,1.5089
2026-09-07T00:00:02Z,244,Golden Athena Ring,0.0005999,2514.86,1.5087
2026-09-07T00:00:02Z,245,Golden Chobo Ring,0.00065,2514.86,1.6347
2026-09-07T00:00:02Z,246,Golden Crusader Ring,0.000568999,2514.86,1.431
2026-09-07T00:00:02Z,247,Golden Foxglove Ring,0.0005,2514.86,1.2574
2026-09-07T00:00:02Z,248,Golden Overseer Ring,0.0006199899,2514.86,1.5592
2026-09-07T00:00:02Z,249,Golden Summoner Ring,0.0005799,2514.86,1.4584
2026-09-07T00:30:02Z,134,Chobo Silver Ring,7.69879e-05,2517.55,0.1938
2026-09-07T00:30:02Z,135,Crusader Silver Ring,7e-05,2517.55,0.1762
2026-09-07T00:30:02Z,136,Overseer Silver Ring,6.199989e-05,2517.55,0.1561
2026-09-07T00:30:02Z,137,Athena Silver Ring,7.29989e-05,2517.55,0.1838
2026-09-07T00:30:02Z,138,Archon Silver Ring,6.99999e-05,2517.55,0.1762
2026-09-07T00:30:02Z,139,Foxglove Silver Ring,6.19989e-05,2517.55,0.1561
2026-09-07T00:30:02Z,140,Summoner Silver Ring,6.5e-05,2517.55,0.1636
2026-09-07T00:30:02Z,243,Golden Archon Ring,0.000599989989,2517.55,1.5105
2026-09-07T00:30:02Z,244,Golden Athena Ring,0.0005999,2517.55,1.5103
2026-09-07T00:30:02Z,245,Golden Chobo Ring,0.00065,2517.55,1.6364
2026-09-07T00:30:02Z,246,Golden Crusader Ring,0.000568999,2517.55,1.4325
2026-09-07T00:30:02Z,247,Golden Foxglove Ring,0.0005,2517.55,1.2588
2026-09-07T00:30:02Z,248,Golden Overseer Ring,0.0006199899,2517.55,1.5609
2026-09-07T00:30:02Z,249,Golden Summoner Ring,0.0005799,2517.55,1.4599
2026-09-07T01:00:02Z,134,Chobo Silver Ring,7.69879e-05,2510.11,0.1932
2026-09-07T01:00:02Z,135,Crusader Silver Ring,7e-05,2510.11,0.1757
2026-09-07T01:00:02Z,136,Overseer Silver Ring,6.199989e-05,2510.11,0.1556
2026-09-07T01:00:02Z,137,Athena Silver Ring,7.29989e-05,2510.11,0.1832
2026-09-07T01:00:02Z,138,Archon Silver Ring,6.99999e-05,2510.11,0.1757
2026-09-07T01:00:02Z,139,Foxglove Silver Ring,6.19989e-05,2510.11,0.1556
2026-09-07T01:00:02Z,140,Summoner Silver Ring,6.5e-05,2510.11,0.1632
2026-09-07T01:00:02Z,243,Golden Archon Ring,0.00059999,2510.11,1.506
2026-09-07T01:00:02Z,244,Golden Athena Ring,0.000629,2510.11,1.5789
2026-09-07T01:00:02Z,245,Golden Chobo Ring,0.00065,2510.11,1.6316
2026-09-07T01:00:02Z,246,Golden Crusader Ring,0.000568999,2510.11,1.4283
2026-09-07T01:00:02Z,247,Golden Foxglove Ring,0.0005,2510.11,1.2551
2026-09-07T01:00:02Z,248,Golden Overseer Ring,0.0006199899,2510.11,1.5562
2026-09-07T01:00:02Z,249,Golden Summoner Ring,0.00069928,2510.11,1.7553
2026-09-07T01:30:02Z,134,Chobo Silver Ring,7.69879e-05,2502.85,0.1927
2026-09-07T01:30:02Z,135,Crusader Silver Ring,7e-05,2502.85,0.1752
2026-09-07T01:30:02Z,136,Overseer Silver Ring,6.199989e-05,2502.85,0.1552
2026-09-07T01:30:02Z,137,Athena Silver Ring,7.29989e-05,2502.85,0.1827
2026-09-07T01:30:02Z,138,Archon Silver Ring,6.99999e-05,2502.85,0.1752
2026-09-07T01:30:02Z,139,Foxglove Silver Ring,6.19989e-05,2502.85,0.1552
2026-09-07T01:30:02Z,140,Summoner Silver Ring,6.5e-05,2502.85,0.1627
2026-09-07T01:30:02Z,243,Golden Archon Ring,0.00059999,2502.85,1.5017
2026-09-07T01:30:02Z,244,Golden Athena Ring,0.000629,2502.85,1.5743
2026-09-07T01:30:02Z,245,Golden Chobo Ring,0.00065,2502.85,1.6269
2026-09-07T01:30:02Z,246,Golden Crusader Ring,0.000568999,2502.85,1.4241
2026-09-07T01:30:02Z,247,Golden Foxglove Ring,0.0005,2502.85,1.2514
2026-09-07T01:30:02Z,248,Golden Overseer Ring,0.0006199899,2502.85,1.5517
2026-09-07T01:30:02Z,249,Golden Summoner Ring,0.00069928,2502.85,1.7502
2026-09-07T02:00:02Z,134,Chobo Silver Ring,7.69879e-05,2504.6,0.1928
2026-09-07T02:00:02Z,135,Crusader Silver Ring,7e-05,2504.6,0.1753
2026-09-07T02:00:02Z,136,Overseer Silver Ring,6.199989e-05,2504.6,0.1553
2026-09-07T02:00:02Z,137,Athena Silver Ring,7.29989e-05,2504.6,0.1828
2026-09-07T02:00:02Z,138,Archon Silver Ring,6.99999e-05,2504.6,0.1753
2026-09-07T02:00:02Z,139,Foxglove Silver Ring,6.19989e-05,2504.6,0.1553
2026-09-07T02:00:02Z,140,Summoner Silver Ring,6.5e-05,2504.6,0.1628
2026-09-07T02:00:02Z,243,Golden Archon Ring,0.00059999,2504.6,1.5027
2026-09-07T02:00:02Z,244,Golden Athena Ring,0.000629,2504.6,1.5754
2026-09-07T02:00:02Z,245,Golden Chobo Ring,0.00065,2504.6,1.628
2026-09-07T02:00:02Z,246,Golden Crusader Ring,0.000568999,2504.6,1.4251
2026-09-07T02:00:02Z,247,Golden Foxglove Ring,0.0005,2504.6,1.2523
2026-09-07T02:00:02Z,248,Golden Overseer Ring,0.0006199899,2504.6,1.5528
2026-09-07T02:00:02Z,249,Golden Summoner Ring,0.00069928,2504.6,1.7514
2026-09-07T02:30:02Z,134,Chobo Silver Ring,7.69879e-05,2509.49,0.1932
2026-09-07T02:30:02Z,135,Crusader Silver Ring,7e-05,2509.49,0.1757
2026-09-07T02:30:02Z,136,Overseer Silver Ring,6.199989e-05,2509.49,0.1556
2026-09-07T02:30:02Z,137,Athena Silver Ring,7.29989e-05,2509.49,0.1832
2026-09-07T02:30:02Z,138,Archon Silver Ring,6.99999e-05,2509.49,0.1757
2026-09-07T02:30:02Z,139,Foxglove Silver Ring,6.19989e-05,2509.49,0.1556
2026-09-07T02:30:02Z,140,Summoner Silver Ring,6.5e-05,2509.49,0.1631
2026-09-07T02:30:02Z,243,Golden Archon Ring,0.00059999,2509.49,1.5057
2026-09-07T02:30:02Z,244,Golden Athena Ring,0.000629,2509.49,1.5785
2026-09-07T02:30:02Z,245,Golden Chobo Ring,0.00065,2509.49,1.6312
2026-09-07T02:30:02Z,246,Golden Crusader Ring,0.000568999,2509.49,1.4279
2026-09-07T02:30:02Z,247,Golden Foxglove Ring,0.0005,2509.49,1.2547
2026-09-07T02:30:02Z,248,Golden Overseer Ring,0.0006199899,2509.49,1.5559
2026-09-07T02:30:02Z,249,Golden Summoner Ring,0.00069928,2509.49,1.7548
2026-09-07T03:00:02Z,134,Chobo Silver Ring,7.69879e-05,2519.18,0.1939
2026-09-07T03:00:02Z,135,Crusader Silver Ring,7e-05,2519.18,0.1763
2026-09-07T03:00:02Z,136,Overseer Silver Ring,6.199989e-05,2519.18,0.1562
2026-09-07T03:00:02Z,137,Athena Silver Ring,7.29989e-05,2519.18,0.1839
2026-09-07T03:00:02Z,138,Archon Silver Ring,6.99999e-05,2519.18,0.1763
2026-09-07T03:00:02Z,139,Foxglove Silver Ring,6.19989e-05,2519.18,0.1562
2026-09-07T03:00:02Z,140,Summoner Silver Ring,6.5e-05,2519.18,0.1637
2026-09-07T03:00:02Z,243,Golden Archon Ring,0.00059999,2519.18,1.5115
2026-09-07T03:00:02Z,244,Golden Athena Ring,0.00067931,2519.18,1.7113
2026-09-07T03:00:02Z,245,Golden Chobo Ring,0.00065,2519.18,1.6375
2026-09-07T03:00:02Z,246,Golden Crusader Ring,0.00065,2519.18,1.6375
2026-09-07T03:00:02Z,247,Golden Foxglove Ring,0.00064998,2519.18,1.6374
2026-09-07T03:00:02Z,248,Golden Overseer Ring,0.0006199899,2519.18,1.5619
2026-09-07T03:00:02Z,249,Golden Summoner Ring,0.00069928,2519.18,1.7616
2026-09-07T03:30:02Z,134,Chobo Silver Ring,7.69879e-05,2505.36,0.1929
2026-09-07T03:30:02Z,135,Crusader Silver Ring,7e-05,2505.36,0.1754
2026-09-07T03:30:02Z,136,Overseer Silver Ring,6.199989e-05,2505.36,0.1553
2026-09-07T03:30:02Z,137,Athena Silver Ring,7.29989e-05,2505.36,0.1829
2026-09-07T03:30:02Z,138,Archon Silver Ring,6.99999e-05,2505.36,0.1754
2026-09-07T03:30:02Z,139,Foxglove Silver Ring,6.19989e-05,2505.36,0.1553
2026-09-07T03:30:02Z,140,Summoner Silver Ring,6.5e-05,2505.36,0.1628
2026-09-07T03:30:02Z,243,Golden Archon Ring,0.0005999,2505.36,1.503
2026-09-07T03:30:02Z,244,Golden Athena Ring,0.00067931,2505.36,1.7019
2026-09-07T03:30:02Z,245,Golden Chobo Ring,0.0006499,2505.36,1.6282
2026-09-07T03:30:02Z,246,Golden Crusader Ring,0.0006499,2505.36,1.6282
2026-09-07T03:30:02Z,247,Golden Foxglove Ring,0.0006499,2505.36,1.6282
2026-09-07T03:30:02Z,248,Golden Overseer Ring,0.0006199899,2505.36,1.5533
2026-09-07T03:30:02Z,249,Golden Summoner Ring,0.0006992,2505.36,1.7517
2026-09-07T04:00:02Z,134,Chobo Silver Ring,7.69879e-05,2499.49,0.1924
2026-09-07T04:00:02Z,135,Crusader Silver Ring,7e-05,2499.49,0.175
2026-09-07T04:00:02Z,136,Overseer Silver Ring,6.199989e-05,2499.49,0.155
2026-09-07T04:00:02Z,137,Athena Silver Ring,7.29989e-05,2499.49,0.1825
2026-09-07T04:00:02Z,138,Archon Silver Ring,6.99999e-05,2499.49,0.175
2026-09-07T04:00:02Z,139,Foxglove Silver Ring,6.19989e-05,2499.49,0.155
2026-09-07T04:00:02Z,140,Summoner Silver Ring,6.998e-05,2499.49,0.1749
2026-09-07T04:00:02Z,243,Golden Archon Ring,0.0005999,2499.49,1.4994
2026-09-07T04:00:02Z,244,Golden Athena Ring,0.00067931,2499.49,1.6979
2026-09-07T04:00:02Z,245,Golden Chobo Ring,0.0006499,2499.49,1.6244
2026-09-07T04:00:02Z,246,Golden Crusader Ring,0.0006499,2499.49,1.6244
2026-09-07T04:00:02Z,247,Golden Foxglove Ring,0.0006499,2499.49,1.6244
2026-09-07T04:00:02Z,248,Golden Overseer Ring,0.000619989,2499.49,1.5497
2026-09-07T04:00:02Z,249,Golden Summoner Ring,0.0006992,2499.49,1.7476
2026-09-07T04:30:02Z,134,Chobo Silver Ring,7.698791e-05,2496.98,0.1922
2026-09-07T04:30:02Z,135,Crusader Silver Ring,7e-05,2496.98,0.1748
2026-09-07T04:30:02Z,136,Overseer Silver Ring,6.199989e-05,2496.98,0.1548
2026-09-07T04:30:02Z,137,Athena Silver Ring,7.29989e-05,2496.98,0.1823
2026-09-07T04:30:02Z,138,Archon Silver Ring,6.99999e-05,2496.98,0.1748
2026-09-07T04:30:02Z,139,Foxglove Silver Ring,6.19989e-05,2496.98,0.1548
2026-09-07T04:30:02Z,140,Summoner Silver Ring,6.998e-05,2496.98,0.1747
2026-09-07T04:30:02Z,243,Golden Archon Ring,0.0005999,2496.98,1.4979
2026-09-07T04:30:02Z,244,Golden Athena Ring,0.00067931,2496.98,1.6962
2026-09-07T04:30:02Z,245,Golden Chobo Ring,0.0006499,2496.98,1.6228
2026-09-07T04:30:02Z,246,Golden Crusader Ring,0.0006499,2496.98,1.6228
2026-09-07T04:30:02Z,247,Golden Foxglove Ring,0.0006499,2496.98,1.6228
2026-09-07T04:30:02Z,248,Golden Overseer Ring,0.000619989,2496.98,1.5481
2026-09-07T04:30:02Z,249,Golden Summoner Ring,0.0006992,2496.98,1.7459
2026-09-07T05:00:02Z,134,Chobo Silver Ring,7.69879e-05,2495.95,0.1922
2026-09-07T05:00:02Z,135,Crusader Silver Ring,7e-05,2495.95,0.1747
2026-09-07T05:00:02Z,136,Overseer Silver Ring,6.19998e-05,2495.95,0.1547
2026-09-07T05:00:02Z,137,Athena Silver Ring,7.29989e-05,2495.95,0.1822
2026-09-07T05:00:02Z,138,Archon Silver Ring,6.99998e-05,2495.95,0.1747
2026-09-07T05:00:02Z,139,Foxglove Silver Ring,6.19988e-05,2495.95,0.1547
2026-09-07T05:00:02Z,140,Summoner Silver Ring,6.997e-05,2495.95,0.1746
2026-09-07T05:00:02Z,243,Golden Archon Ring,0.0005999,2495.95,1.4973
2026-09-07T05:00:02Z,244,Golden Athena Ring,0.00067931,2495.95,1.6955
2026-09-07T05:00:02Z,245,Golden Chobo Ring,0.0006499,2495.95,1.6221
2026-09-07T05:00:02Z,246,Golden Crusader Ring,0.0006499,2495.95,1.6221
2026-09-07T05:00:02Z,247,Golden Foxglove Ring,0.0006499,2495.95,1.6221
2026-09-07T05:00:02Z,248,Golden Overseer Ring,0.000619989,2495.95,1.5475
2026-09-07T05:00:02Z,249,Golden Summoner Ring,0.0006992,2495.95,1.7452
2026-09-07T05:30:02Z,134,Chobo Silver Ring,7.69879e-05,2511.78,0.1934
2026-09-07T05:30:02Z,135,Crusader Silver Ring,7e-05,2511.78,0.1758
2026-09-07T05:30:02Z,136,Overseer Silver Ring,6.19998e-05,2511.78,0.1557
2026-09-07T05:30:02Z,137,Athena Silver Ring,7.2998e-05,2511.78,0.1834
2026-09-07T05:30:02Z,138,Archon Silver Ring,6.99998e-05,2511.78,0.1758
2026-09-07T05:30:02Z,139,Foxglove Silver Ring,6.19988e-05,2511.78,0.1557
2026-09-07T05:30:02Z,140,Summoner Silver Ring,6.998e-05,2511.78,0.1758
2026-09-07T05:30:02Z,243,Golden Archon Ring,0.0005999,2511.78,1.5068
2026-09-07T05:30:02Z,244,Golden Athena Ring,0.00067931,2511.78,1.7063
2026-09-07T05:30:02Z,245,Golden Chobo Ring,0.0006499,2511.78,1.6324
2026-09-07T05:30:02Z,246,Golden Crusader Ring,0.0006499,2511.78,1.6324
2026-09-07T05:30:02Z,247,Golden Foxglove Ring,0.0006499,2511.78,1.6324
2026-09-07T05:30:02Z,248,Golden Overseer Ring,0.000619989,2511.78,1.5573
2026-09-07T05:30:02Z,249,Golden Summoner Ring,0.0006992,2511.78,1.7562
2026-09-07T06:00:02Z,134,Chobo Silver Ring,7.69879e-05,2506.38,0.193
2026-09-07T06:00:02Z,135,Crusader Silver Ring,7e-05,2506.38,0.1754
2026-09-07T06:00:02Z,136,Overseer Silver Ring,6.19998e-05,2506.38,0.1554
2026-09-07T06:00:02Z,137,Athena Silver Ring,7.2998e-05,2506.38,0.183
2026-09-07T06:00:02Z,138,Archon Silver Ring,6.99998e-05,2506.38,0.1754
2026-09-07T06:00:02Z,139,Foxglove Silver Ring,6.19988e-05,2506.38,0.1554
2026-09-07T06:00:02Z,140,Summoner Silver Ring,6.998e-05,2506.38,0.1754
2026-09-07T06:00:02Z,243,Golden Archon Ring,0.0005999,2506.38,1.5036
2026-09-07T06:00:02Z,244,Golden Athena Ring,0.00067931,2506.38,1.7026
2026-09-07T06:00:02Z,245,Golden Chobo Ring,0.0006499,2506.38,1.6289
2026-09-07T06:00:02Z,246,Golden Crusader Ring,0.0006499,2506.38,1.6289
2026-09-07T06:00:02Z,247,Golden Foxglove Ring,0.0006499,2506.38,1.6289
2026-09-07T06:00:02Z,248,Golden Overseer Ring,0.000619989,2506.38,1.5539
2026-09-07T06:00:02Z,249,Golden Summoner Ring,0.0006992,2506.38,1.7525
2026-09-07T06:30:02Z,134,Chobo Silver Ring,7.69879e-05,2505.01,0.1929
2026-09-07T06:30:02Z,135,Crusader Silver Ring,7e-05,2505.01,0.1754
2026-09-07T06:30:02Z,136,Overseer Silver Ring,6.19998e-05,2505.01,0.1553
2026-09-07T06:30:02Z,137,Athena Silver Ring,7.2998e-05,2505.01,0.1829
2026-09-07T06:30:02Z,138,Archon Silver Ring,6.99998e-05,2505.01,0.1754
2026-09-07T06:30:02Z,139,Foxglove Silver Ring,6.19988e-05,2505.01,0.1553
2026-09-07T06:30:02Z,140,Summoner Silver Ring,6.998e-05,2505.01,0.1753
2026-09-07T06:30:02Z,243,Golden Archon Ring,0.0005999,2505.01,1.5028
2026-09-07T06:30:02Z,244,Golden Athena Ring,0.00067931,2505.01,1.7017
2026-09-07T06:30:02Z,245,Golden Chobo Ring,0.0006499,2505.01,1.628
2026-09-07T06:30:02Z,246,Golden Crusader Ring,0.0006499,2505.01,1.628
2026-09-07T06:30:02Z,247,Golden Foxglove Ring,0.0006499,2505.01,1.628
2026-09-07T06:30:02Z,248,Golden Overseer Ring,0.000619989,2505.01,1.5531
2026-09-07T06:30:02Z,249,Golden Summoner Ring,0.0006992,2505.01,1.7515
2026-09-07T07:00:02Z,134,Chobo Silver Ring,7.2e-05,2498,0.1799
2026-09-07T07:00:02Z,135,Crusader Silver Ring,7e-05,2498,0.1749
2026-09-07T07:00:02Z,136,Overseer Silver Ring,6.19998e-05,2498,0.1549
2026-09-07T07:00:02Z,137,Athena Silver Ring,7.2998e-05,2498,0.1823
2026-09-07T07:00:02Z,138,Archon Silver Ring,6.99998e-05,2498,0.1749
2026-09-07T07:00:02Z,139,Foxglove Silver Ring,6e-05,2498,0.1499
2026-09-07T07:00:02Z,140,Summoner Silver Ring,6.7e-05,2498,0.1674
2026-09-07T07:00:02Z,243,Golden Archon Ring,0.00059999,2498,1.4988
2026-09-07T07:00:02Z,244,Golden Athena Ring,0.0006793099,2498,1.6969
2026-09-07T07:00:02Z,245,Golden Chobo Ring,0.0006498999,2498,1.6234
2026-09-07T07:00:02Z,246,Golden Crusader Ring,0.00065,2498,1.6237
2026-09-07T07:00:02Z,247,Golden Foxglove Ring,0.00064998,2498,1.6237
2026-09-07T07:00:02Z,248,Golden Overseer Ring,0.00061998899,2498,1.5487
2026-09-07T07:00:02Z,249,Golden Summoner Ring,0.00069928,2498,1.7468
2026-09-07T07:30:02Z,134,Chobo Silver Ring,7.199e-05,2491.78,0.1794
2026-09-07T07:30:02Z,135,Crusader Silver Ring,6.999e-05,2491.78,0.1744
2026-09-07T07:30:02Z,136,Overseer Silver Ring,6.19997e-05,2491.78,0.1545
2026-09-07T07:30:02Z,137,Athena Silver Ring,7.29989e-05,2491.78,0.1819
2026-09-07T07:30:02Z,138,Archon Silver Ring,6.99998e-05,2491.78,0.1744
2026-09-07T07:30:02Z,139,Foxglove Silver Ring,5.999e-05,2491.78,0.1495
2026-09-07T07:30:02Z,140,Summoner Silver Ring,6.699e-05,2491.78,0.1669
2026-09-07T07:30:02Z,243,Golden Archon Ring,0.00059999,2491.78,1.495
2026-09-07T07:30:02Z,244,Golden Athena Ring,0.0006793099,2491.78,1.6927
2026-09-07T07:30:02Z,245,Golden Chobo Ring,0.0006498999,2491.78,1.6194
2026-09-07T07:30:02Z,246,Golden Crusader Ring,0.00065,2491.78,1.6197
2026-09-07T07:30:02Z,247,Golden Foxglove Ring,0.00064998,2491.78,1.6196
2026-09-07T07:30:02Z,248,Golden Overseer Ring,0.00061998899,2491.78,1.5449
2026-09-07T07:30:02Z,249,Golden Summoner Ring,0.00069928,2491.78,1.7425
2026-09-07T08:00:02Z,134,Chobo Silver Ring,7.199e-05,2488.01,0.1791
2026-09-07T08:00:02Z,135,Crusader Silver Ring,6.999e-05,2488.01,0.1741
2026-09-07T08:00:02Z,136,Overseer Silver Ring,6.19997e-05,2488.01,0.1543
2026-09-07T08:00:02Z,137,Athena Silver Ring,7.2999e-05,2488.01,0.1816
2026-09-07T08:00:02Z,138,Archon Silver Ring,6.99998e-05,2488.01,0.1742
2026-09-07T08:00:02Z,139,Foxglove Silver Ring,5.999e-05,2488.01,0.1493
2026-09-07T08:00:02Z,140,Summoner Silver Ring,6.699e-05,2488.01,0.1667
2026-09-07T08:00:02Z,243,Golden Archon Ring,0.00059999,2488.01,1.4928
2026-09-07T08:00:02Z,244,Golden Athena Ring,0.0006793099,2488.01,1.6901
2026-09-07T08:00:02Z,245,Golden Chobo Ring,0.0006498999,2488.01,1.617
2026-09-07T08:00:02Z,246,Golden Crusader Ring,0.00065,2488.01,1.6172
2026-09-07T08:00:02Z,247,Golden Foxglove Ring,0.00064998,2488.01,1.6172
2026-09-07T08:00:02Z,248,Golden Overseer Ring,0.00061998899,2488.01,1.5425
2026-09-07T08:00:02Z,249,Golden Summoner Ring,0.00069928,2488.01,1.7398
2026-09-07T08:30:02Z,134,Chobo Silver Ring,7.199e-05,2489.45,0.1792
2026-09-07T08:30:02Z,135,Crusader Silver Ring,6.999e-05,2489.45,0.1742
2026-09-07T08:30:02Z,136,Overseer Silver Ring,6.19997e-05,2489.45,0.1543
2026-09-07T08:30:02Z,137,Athena Silver Ring,7.2999e-05,2489.45,0.1817
2026-09-07T08:30:02Z,138,Archon Silver Ring,6.99998e-05,2489.45,0.1743
2026-09-07T08:30:02Z,139,Foxglove Silver Ring,5.999e-05,2489.45,0.1493
2026-09-07T08:30:02Z,140,Summoner Silver Ring,6.699e-05,2489.45,0.1668
2026-09-07T08:30:02Z,243,Golden Archon Ring,0.00059999,2489.45,1.4936
2026-09-07T08:30:02Z,244,Golden Athena Ring,0.0006793099,2489.45,1.6911
2026-09-07T08:30:02Z,245,Golden Chobo Ring,0.0006498999,2489.45,1.6179
2026-09-07T08:30:02Z,246,Golden Crusader Ring,0.00065,2489.45,1.6181
2026-09-07T08:30:02Z,247,Golden Foxglove Ring,0.00064998,2489.45,1.6181
2026-09-07T08:30:02Z,248,Golden Overseer Ring,0.00061998899,2489.45,1.5434
2026-09-07T08:30:02Z,249,Golden Summoner Ring,0.00069928,2489.45,1.7408
2026-09-07T09:00:02Z,134,Chobo Silver Ring,7.199e-05,2491.91,0.1794
2026-09-07T09:00:02Z,135,Crusader Silver Ring,6.999e-05,2491.91,0.1744
2026-09-07T09:00:02Z,136,Overseer Silver Ring,6.19997e-05,2491.91,0.1545
2026-09-07T09:00:02Z,137,Athena Silver Ring,7.2999e-05,2491.91,0.1819
2026-09-07T09:00:02Z,138,Archon Silver Ring,6.99998e-05,2491.91,0.1744
2026-09-07T09:00:02Z,139,Foxglove Silver Ring,6e-05,2491.91,0.1495
2026-09-07T09:00:02Z,140,Summoner Silver Ring,6.699e-05,2491.91,0.1669
2026-09-07T09:00:02Z,243,Golden Archon Ring,0.00059999,2491.91,1.4951
2026-09-07T09:00:02Z,244,Golden Athena Ring,0.0006793099,2491.91,1.6928
2026-09-07T09:00:02Z,245,Golden Chobo Ring,0.0006498999,2491.91,1.6195
2026-09-07T09:00:02Z,246,Golden Crusader Ring,0.00065,2491.91,1.6197
2026-09-07T09:00:02Z,247,Golden Foxglove Ring,0.00064998,2491.91,1.6197
2026-09-07T09:00:02Z,248,Golden Overseer Ring,0.00061998899,2491.91,1.545
2026-09-07T09:00:02Z,249,Golden Summoner Ring,0.00069928,2491.91,1.7425
2026-09-07T09:30:02Z,134,Chobo Silver Ring,7.199e-05,2494.97,0.1796
2026-09-07T09:30:02Z,135,Crusader Silver Ring,6.999e-05,2494.97,0.1746
2026-09-07T09:30:02Z,136,Overseer Silver Ring,6.199e-05,2494.97,0.1547
2026-09-07T09:30:02Z,137,Athena Silver Ring,7.2999e-05,2494.97,0.1821
2026-09-07T09:30:02Z,138,Archon Silver Ring,6.999e-05,2494.97,0.1746
2026-09-07T09:30:02Z,139,Foxglove Silver Ring,6e-05,2494.97,0.1497
2026-09-07T09:30:02Z,140,Summoner Silver Ring,6.699e-05,2494.97,0.1671
2026-09-07T09:30:02Z,243,Golden Archon Ring,0.00059998,2494.97,1.4969
2026-09-07T09:30:02Z,244,Golden Athena Ring,0.0006793,2494.97,1.6948
2026-09-07T09:30:02Z,245,Golden Chobo Ring,0.0006498999,2494.97,1.6215
2026-09-07T09:30:02Z,246,Golden Crusader Ring,0.00065,2494.97,1.6217
2026-09-07T09:30:02Z,247,Golden Foxglove Ring,0.00064997,2494.97,1.6217
2026-09-07T09:30:02Z,248,Golden Overseer Ring,0.00061998899,2494.97,1.5469
2026-09-07T09:30:02Z,249,Golden Summoner Ring,0.00069928,2494.97,1.7447
2026-09-07T10:00:01Z,134,Chobo Silver Ring,7.199e-05,2485.97,0.179
2026-09-07T10:00:01Z,135,Crusader Silver Ring,6.998e-05,2485.97,0.174
2026-09-07T10:00:01Z,136,Overseer Silver Ring,6.198e-05,2485.97,0.1541
2026-09-07T10:00:01Z,137,Athena Silver Ring,7.299e-05,2485.97,0.1815
2026-09-07T10:00:01Z,138,Archon Silver Ring,6.998e-05,2485.97,0.174
2026-09-07T10:00:01Z,139,Foxglove Silver Ring,5.999e-05,2485.97,0.1491
2026-09-07T10:00:01Z,140,Summoner Silver Ring,6.699e-05,2485.97,0.1665
2026-09-07T10:00:01Z,243,Golden Archon Ring,0.0005993799,2485.97,1.49
2026-09-07T10:00:01Z,244,Golden Athena Ring,0.0006793,2485.97,1.6887
2026-09-07T10:00:01Z,245,Golden Chobo Ring,0.0006498999,2485.97,1.6156
2026-09-07T10:00:01Z,246,Golden Crusader Ring,0.00065,2485.97,1.6159
2026-09-07T10:00:01Z,247,Golden Foxglove Ring,0.00064997,2485.97,1.6158
2026-09-07T10:00:01Z,248,Golden Overseer Ring,0.00061998899,2485.97,1.5413
2026-09-07T10:00:01Z,249,Golden Summoner Ring,0.00059938,2485.97,1.49
2026-09-07T10:30:02Z,134,Chobo Silver Ring,7.199e-05,2489.97,0.1793
2026-09-07T10:30:02Z,135,Crusader Silver Ring,6.998e-05,2489.97,0.1742
2026-09-07T10:30:02Z,136,Overseer Silver Ring,6.198e-05,2489.97,0.1543
2026-09-07T10:30:02Z,137,Athena Silver Ring,7.299e-05,2489.97,0.1817
2026-09-07T10:30:02Z,138,Archon Silver Ring,6.998e-05,2489.97,0.1742
2026-09-07T10:30:02Z,139,Foxglove Silver Ring,5.999e-05,2489.97,0.1494
2026-09-07T10:30:02Z,140,Summoner Silver Ring,6.699e-05,2489.97,0.1668
2026-09-07T10:30:02Z,243,Golden Archon Ring,0.000598,2489.97,1.489
2026-09-07T10:30:02Z,244,Golden Athena Ring,0.000678,2489.97,1.6882
2026-09-07T10:30:02Z,245,Golden Chobo Ring,0.00064,2489.97,1.5936
2026-09-07T10:30:02Z,246,Golden Crusader Ring,0.00064,2489.97,1.5936
2026-09-07T10:30:02Z,247,Golden Foxglove Ring,0.00064997,2489.97,1.6184
2026-09-07T10:30:02Z,248,Golden Overseer Ring,0.0006,2489.97,1.494
2026-09-07T10:30:02Z,249,Golden Summoner Ring,0.00058,2489.97,1.4442
2026-09-07T11:00:02Z,134,Chobo Silver Ring,7.198e-05,2490.88,0.1793
2026-09-07T11:00:02Z,135,Crusader Silver Ring,6.998e-05,2490.88,0.1743
2026-09-07T11:00:02Z,136,Overseer Silver Ring,6.198e-05,2490.88,0.1544
2026-09-07T11:00:02Z,137,Athena Silver Ring,7e-05,2490.88,0.1744
2026-09-07T11:00:02Z,138,Archon Silver Ring,6.998e-05,2490.88,0.1743
2026-09-07T11:00:02Z,139,Foxglove Silver Ring,5.999e-05,2490.88,0.1494
2026-09-07T11:00:02Z,140,Summoner Silver Ring,6.699e-05,2490.88,0.1669
2026-09-07T11:00:02Z,243,Golden Archon Ring,0.000598,2490.88,1.4895
2026-09-07T11:00:02Z,244,Golden Athena Ring,0.000678,2490.88,1.6888
2026-09-07T11:00:02Z,245,Golden Chobo Ring,0.00064,2490.88,1.5942
2026-09-07T11:00:02Z,246,Golden Crusader Ring,0.00064,2490.88,1.5942
2026-09-07T11:00:02Z,247,Golden Foxglove Ring,0.00064997,2490.88,1.619
2026-09-07T11:00:02Z,248,Golden Overseer Ring,0.0006,2490.88,1.4945
2026-09-07T11:00:02Z,249,Golden Summoner Ring,0.00058,2490.88,1.4447
2026-09-07T11:30:02Z,134,Chobo Silver Ring,7.198e-05,2491.5,0.1793
2026-09-07T11:30:02Z,135,Crusader Silver Ring,6.998e-05,2491.5,0.1744
2026-09-07T11:30:02Z,136,Overseer Silver Ring,6.198e-05,2491.5,0.1544
2026-09-07T11:30:02Z,137,Athena Silver Ring,7e-05,2491.5,0.1744
2026-09-07T11:30:02Z,138,Archon Silver Ring,6.998e-05,2491.5,0.1744
2026-09-07T11:30:02Z,139,Foxglove Silver Ring,5.999e-05,2491.5,0.1495
2026-09-07T11:30:02Z,140,Summoner Silver Ring,6.699e-05,2491.5,0.1669
2026-09-07T11:30:02Z,243,Golden Archon Ring,0.0005979,2491.5,1.4897
2026-09-07T11:30:02Z,244,Golden Athena Ring,0.000678,2491.5,1.6892
2026-09-07T11:30:02Z,245,Golden Chobo Ring,0.00064,2491.5,1.5946
2026-09-07T11:30:02Z,246,Golden Crusader Ring,0.000639,2491.5,1.5921
2026-09-07T11:30:02Z,247,Golden Foxglove Ring,0.00064997,2491.5,1.6194
2026-09-07T11:30:02Z,248,Golden Overseer Ring,0.0005999,2491.5,1.4947
2026-09-07T11:30:02Z,249,Golden Summoner Ring,0.000579,2491.5,1.4426
2026-09-07T12:00:02Z,134,Chobo Silver Ring,7.198e-05,2489.12,0.1792
2026-09-07T12:00:02Z,135,Crusader Silver Ring,6.998e-05,2489.12,0.1742
2026-09-07T12:00:02Z,136,Overseer Silver Ring,6.198e-05,2489.12,0.1543
2026-09-07T12:00:02Z,137,Athena Silver Ring,7e-05,2489.12,0.1742
2026-09-07T12:00:02Z,138,Archon Silver Ring,6.998e-05,2489.12,0.1742
2026-09-07T12:00:02Z,139,Foxglove Silver Ring,5.999e-05,2489.12,0.1493
2026-09-07T12:00:02Z,140,Summoner Silver Ring,6.699e-05,2489.12,0.1667
2026-09-07T12:00:02Z,243,Golden Archon Ring,0.0005979,2489.12,1.4882
2026-09-07T12:00:02Z,244,Golden Athena Ring,0.000678,2489.12,1.6876
2026-09-07T12:00:02Z,245,Golden Chobo Ring,0.00064,2489.12,1.593
2026-09-07T12:00:02Z,246,Golden Crusader Ring,0.000639,2489.12,1.5905
2026-09-07T12:00:02Z,247,Golden Foxglove Ring,0.00064997,2489.12,1.6179
2026-09-07T12:00:02Z,248,Golden Overseer Ring,0.0005999,2489.12,1.4932
2026-09-07T12:00:02Z,249,Golden Summoner Ring,0.000579,2489.12,1.4412
2026-09-07T12:30:02Z,134,Chobo Silver Ring,6.47099e-05,2493.69,0.1614
2026-09-07T12:30:02Z,135,Crusader Silver Ring,6.998e-05,2493.69,0.1745
2026-09-07T12:30:02Z,136,Overseer Silver Ring,6.198e-05,2493.69,0.1546
2026-09-07T12:30:02Z,137,Athena Silver Ring,6.999e-05,2493.69,0.1745
2026-09-07T12:30:02Z,138,Archon Silver Ring,6.43099e-05,2493.69,0.1604
2026-09-07T12:30:02Z,139,Foxglove Silver Ring,5.999e-05,2493.69,0.1496
2026-09-07T12:30:02Z,140,Summoner Silver Ring,6.699e-05,2493.69,0.1671
2026-09-07T12:30:02Z,243,Golden Archon Ring,0.0005979,2493.69,1.491
2026-09-07T12:30:02Z,244,Golden Athena Ring,0.000678,2493.69,1.6907
2026-09-07T12:30:02Z,245,Golden Chobo Ring,0.00064,2493.69,1.596
2026-09-07T12:30:02Z,246,Golden Crusader Ring,0.000639,2493.69,1.5935
2026-09-07T12:30:02Z,247,Golden Foxglove Ring,0.00064997,2493.69,1.6208
2026-09-07T12:30:02Z,248,Golden Overseer Ring,0.0005999,2493.69,1.496
2026-09-07T12:30:02Z,249,Golden Summoner Ring,0.000579,2493.69,1.4438
2026-09-07T13:00:04Z,134,Chobo Silver Ring,6.47099e-05,2505.85,0.1622
2026-09-07T13:00:04Z,135,Crusader Silver Ring,6.999e-05,2505.85,0.1754
2026-09-07T13:00:04Z,136,Overseer Silver Ring,6.198e-05,2505.85,0.1553
2026-09-07T13:00:04Z,137,Athena Silver Ring,6.5e-05,2505.85,0.1629
2026-09-07T13:00:04Z,138,Archon Silver Ring,6e-05,2505.85,0.1504
2026-09-07T13:00:04Z,139,Foxglove Silver Ring,5.999e-05,2505.85,0.1503
2026-09-07T13:00:04Z,140,Summoner Silver Ring,6.699e-05,2505.85,0.1679
2026-09-07T13:00:04Z,243,Golden Archon Ring,0.0005979,2505.85,1.4982
2026-09-07T13:00:04Z,244,Golden Athena Ring,0.000678,2505.85,1.699
2026-09-07T13:00:04Z,245,Golden Chobo Ring,0.0006399,2505.85,1.6035
2026-09-07T13:00:04Z,246,Golden Crusader Ring,0.00063899,2505.85,1.6012
2026-09-07T13:00:04Z,247,Golden Foxglove Ring,0.00064997,2505.85,1.6287
2026-09-07T13:00:04Z,248,Golden Overseer Ring,0.000599,2505.85,1.501
2026-09-07T13:00:04Z,249,Golden Summoner Ring,0.000579,2505.85,1.4509
2026-09-07T13:30:02Z,134,Chobo Silver Ring,6.4e-05,2507.65,0.1605
2026-09-07T13:30:02Z,135,Crusader Silver Ring,6.999e-05,2507.65,0.1755
2026-09-07T13:30:02Z,136,Overseer Silver Ring,6.1e-05,2507.65,0.153
2026-09-07T13:30:02Z,137,Athena Silver Ring,6.5e-05,2507.65,0.163
2026-09-07T13:30:02Z,138,Archon Silver Ring,6e-05,2507.65,0.1505
2026-09-07T13:30:02Z,139,Foxglove Silver Ring,5.999e-05,2507.65,0.1504
2026-09-07T13:30:02Z,140,Summoner Silver Ring,6.699e-05,2507.65,0.168
2026-09-07T13:30:02Z,243,Golden Archon Ring,0.0005979,2507.65,1.4993
2026-09-07T13:30:02Z,244,Golden Athena Ring,0.00067799,2507.65,1.7002
2026-09-07T13:30:02Z,245,Golden Chobo Ring,0.0006399,2507.65,1.6046
2026-09-07T13:30:02Z,246,Golden Crusader Ring,0.00063899,2507.65,1.6024
2026-09-07T13:30:02Z,247,Golden Foxglove Ring,0.00064996,2507.65,1.6299
2026-09-07T13:30:02Z,248,Golden Overseer Ring,0.000598999999,2507.65,1.5021
2026-09-07T13:30:02Z,249,Golden Summoner Ring,0.000579,2507.65,1.4519
2026-09-07T14:00:02Z,134,Chobo Silver Ring,6.4e-05,2498.48,0.1599
2026-09-07T14:00:02Z,135,Crusader Silver Ring,6.999e-05,2498.48,0.1749
2026-09-07T14:00:02Z,136,Overseer Silver Ring,6.09999e-05,2498.48,0.1524
2026-09-07T14:00:02Z,137,Athena Silver Ring,6.49999e-05,2498.48,0.1624
2026-09-07T14:00:02Z,138,Archon Silver Ring,5.99999e-05,2498.48,0.1499
2026-09-07T14:00:02Z,139,Foxglove Silver Ring,5.999e-05,2498.48,0.1499
2026-09-07T14:00:02Z,140,Summoner Silver Ring,6.6989999999e-05,2498.48,0.1674
2026-09-07T14:00:02Z,243,Golden Archon Ring,0.0005979,2498.48,1.4938
2026-09-07T14:00:02Z,244,Golden Athena Ring,0.00067799,2498.48,1.6939
2026-09-07T14:00:02Z,245,Golden Chobo Ring,0.0006399,2498.48,1.5988
2026-09-07T14:00:02Z,246,Golden Crusader Ring,0.00063899,2498.48,1.5965
2026-09-07T14:00:02Z,247,Golden Foxglove Ring,0.00064996,2498.48,1.6239
2026-09-07T14:00:02Z,248,Golden Overseer Ring,0.00057,2498.48,1.4241
2026-09-07T14:00:02Z,249,Golden Summoner Ring,0.000579,2498.48,1.4466
2026-09-07T14:30:02Z,134,Chobo Silver Ring,6.4e-05,2484.63,0.159
2026-09-07T14:30:02Z,135,Crusader Silver Ring,6.999e-05,2484.63,0.1739
2026-09-07T14:30:02Z,136,Overseer Silver Ring,6.09999e-05,2484.63,0.1516
2026-09-07T14:30:02Z,137,Athena Silver Ring,6.49999e-05,2484.63,0.1615
2026-09-07T14:30:02Z,138,Archon Silver Ring,5.99999e-05,2484.63,0.1491
2026-09-07T14:30:02Z,139,Foxglove Silver Ring,5.998999999999e-05,2484.63,0.1491
2026-09-07T14:30:02Z,140,Summoner Silver Ring,6.6e-05,2484.63,0.164
2026-09-07T14:30:02Z,243,Golden Archon Ring,0.0005979,2484.63,1.4856
2026-09-07T14:30:02Z,244,Golden Athena Ring,0.00067798999,2484.63,1.6846
2026-09-07T14:30:02Z,245,Golden Chobo Ring,0.0006398999,2484.63,1.5899
2026-09-07T14:30:02Z,246,Golden Crusader Ring,0.00063899,2484.63,1.5877
2026-09-07T14:30:02Z,247,Golden Foxglove Ring,0.00064996,2484.63,1.6149
2026-09-07T14:30:02Z,248,Golden Overseer Ring,0.00057,2484.63,1.4162
2026-09-07T14:30:02Z,249,Golden Summoner Ring,0.000579,2484.63,1.4386
2026-09-07T15:00:02Z,134,Chobo Silver Ring,6.4e-05,2489.06,0.1593
2026-09-07T15:00:02Z,135,Crusader Silver Ring,6.999e-05,2489.06,0.1742
2026-09-07T15:00:02Z,136,Overseer Silver Ring,6.09999e-05,2489.06,0.1518
2026-09-07T15:00:02Z,137,Athena Silver Ring,6.49999e-05,2489.06,0.1618
2026-09-07T15:00:02Z,138,Archon Silver Ring,6e-05,2489.06,0.1493
2026-09-07T15:00:02Z,139,Foxglove Silver Ring,5.99899999999e-05,2489.06,0.1493
2026-09-07T15:00:02Z,140,Summoner Silver Ring,6.6e-05,2489.06,0.1643
2026-09-07T15:00:02Z,243,Golden Archon Ring,0.0005979,2489.06,1.4882
2026-09-07T15:00:02Z,244,Golden Athena Ring,0.00067798999,2489.06,1.6876
2026-09-07T15:00:02Z,245,Golden Chobo Ring,0.0006398999,2489.06,1.5927
2026-09-07T15:00:02Z,246,Golden Crusader Ring,0.00063899,2489.06,1.5905
2026-09-07T15:00:02Z,247,Golden Foxglove Ring,0.00064996,2489.06,1.6178
2026-09-07T15:00:02Z,248,Golden Overseer Ring,0.00056999,2489.06,1.4187
2026-09-07T15:00:02Z,249,Golden Summoner Ring,0.000579,2489.06,1.4412
2026-09-07T15:30:02Z,134,Chobo Silver Ring,6.4e-05,2484.92,0.159
2026-09-07T15:30:02Z,135,Crusader Silver Ring,6.999e-05,2484.92,0.1739
2026-09-07T15:30:02Z,136,Overseer Silver Ring,6.09999e-05,2484.92,0.1516
2026-09-07T15:30:02Z,137,Athena Silver Ring,6.49999e-05,2484.92,0.1615
2026-09-07T15:30:02Z,138,Archon Silver Ring,6e-05,2484.92,0.1491
2026-09-07T15:30:02Z,139,Foxglove Silver Ring,5.99899999999e-05,2484.92,0.1491
2026-09-07T15:30:02Z,140,Summoner Silver Ring,6.599999e-05,2484.92,0.164
2026-09-07T15:30:02Z,243,Golden Archon Ring,0.0005979,2484.92,1.4857
2026-09-07T15:30:02Z,244,Golden Athena Ring,0.00067798999,2484.92,1.6848
2026-09-07T15:30:02Z,245,Golden Chobo Ring,0.0006398999,2484.92,1.5901
2026-09-07T15:30:02Z,246,Golden Crusader Ring,0.00063899,2484.92,1.5878
2026-09-07T15:30:02Z,247,Golden Foxglove Ring,0.00064996,2484.92,1.6151
2026-09-07T15:30:02Z,248,Golden Overseer Ring,0.00056999,2484.92,1.4164
2026-09-07T15:30:02Z,249,Golden Summoner Ring,0.000579,2484.92,1.4388
2026-09-07T16:00:02Z,134,Chobo Silver Ring,6.4e-05,2469.71,0.1581
2026-09-07T16:00:02Z,135,Crusader Silver Ring,6.999e-05,2469.71,0.1729
2026-09-07T16:00:02Z,136,Overseer Silver Ring,6.09999e-05,2469.71,0.1507
2026-09-07T16:00:02Z,137,Athena Silver Ring,6.49999e-05,2469.71,0.1605
2026-09-07T16:00:02Z,138,Archon Silver Ring,6e-05,2469.71,0.1482
2026-09-07T16:00:02Z,139,Foxglove Silver Ring,5.99899999999e-05,2469.71,0.1482
2026-09-07T16:00:02Z,140,Summoner Silver Ring,6.599999e-05,2469.71,0.163
2026-09-07T16:00:02Z,243,Golden Archon Ring,0.00059,2469.71,1.4571
2026-09-07T16:00:02Z,244,Golden Athena Ring,0.000677,2469.71,1.672
2026-09-07T16:00:02Z,245,Golden Chobo Ring,0.0006398999,2469.71,1.5804
2026-09-07T16:00:02Z,246,Golden Crusader Ring,0.0006,2469.71,1.4818
2026-09-07T16:00:02Z,247,Golden Foxglove Ring,0.00064,2469.71,1.5806
2026-09-07T16:00:02Z,248,Golden Overseer Ring,0.00056999,2469.71,1.4077
2026-09-07T16:00:02Z,249,Golden Summoner Ring,0.0005,2469.71,1.2349
2026-09-07T16:30:02Z,134,Chobo Silver Ring,6.4e-05,2472.23,0.1582
2026-09-07T16:30:02Z,135,Crusader Silver Ring,6.999e-05,2472.23,0.173
2026-09-07T16:30:02Z,136,Overseer Silver Ring,6.09999e-05,2472.23,0.1508
2026-09-07T16:30:02Z,137,Athena Silver Ring,6.49999e-05,2472.23,0.1607
2026-09-07T16:30:02Z,138,Archon Silver Ring,6e-05,2472.23,0.1483
2026-09-07T16:30:02Z,139,Foxglove Silver Ring,5.99899999999e-05,2472.23,0.1483
2026-09-07T16:30:02Z,140,Summoner Silver Ring,6.599999e-05,2472.23,0.1632
2026-09-07T16:30:02Z,243,Golden Archon Ring,0.00059,2472.23,1.4586
2026-09-07T16:30:02Z,244,Golden Athena Ring,0.000677,2472.23,1.6737
2026-09-07T16:30:02Z,245,Golden Chobo Ring,0.0006398999,2472.23,1.582
2026-09-07T16:30:02Z,246,Golden Crusader Ring,0.0006,2472.23,1.4833
2026-09-07T16:30:02Z,247,Golden Foxglove Ring,0.00064,2472.23,1.5822
2026-09-07T16:30:02Z,248,Golden Overseer Ring,0.00056999,2472.23,1.4091
2026-09-07T16:30:02Z,249,Golden Summoner Ring,0.0005,2472.23,1.2361
2026-09-07T17:00:09Z,134,Chobo Silver Ring,6.399998e-05,2480.47,0.1588
2026-09-07T17:00:09Z,135,Crusader Silver Ring,6.99898e-05,2480.47,0.1736
2026-09-07T17:00:09Z,136,Overseer Silver Ring,6.197999e-05,2480.47,0.1537
2026-09-07T17:00:09Z,137,Athena Silver Ring,7.298e-05,2480.47,0.181
2026-09-07T17:00:09Z,138,Archon Silver Ring,6.9979998e-05,2480.47,0.1736
2026-09-07T17:00:09Z,139,Foxglove Silver Ring,5.998998e-05,2480.47,0.1488
2026-09-07T17:00:09Z,140,Summoner Silver Ring,6.698e-05,2480.47,0.1661
2026-09-07T17:00:09Z,243,Golden Archon Ring,0.00059,2480.47,1.4635
2026-09-07T17:00:09Z,244,Golden Athena Ring,0.000677,2480.47,1.6793
2026-09-07T17:00:09Z,245,Golden Chobo Ring,0.00069997,2480.47,1.7363
2026-09-07T17:00:09Z,246,Golden Crusader Ring,0.0006,2480.47,1.4883
2026-09-07T17:00:09Z,247,Golden Foxglove Ring,0.00064,2480.47,1.5875
2026-09-07T17:00:09Z,248,Golden Overseer Ring,0.00056999,2480.47,1.4138
2026-09-07T17:00:09Z,249,Golden Summoner Ring,0.0005,2480.47,1.2402
2026-09-07T17:30:02Z,134,Chobo Silver Ring,5.3e-05,2489.01,0.1319
2026-09-07T17:30:02Z,135,Crusader Silver Ring,6.899e-05,2489.01,0.1717
2026-09-07T17:30:02Z,136,Overseer Silver Ring,5.89999e-05,2489.01,0.1469
2026-09-07T17:30:02Z,137,Athena Silver Ring,7.19999e-05,2489.01,0.1792
2026-09-07T17:30:02Z,138,Archon Silver Ring,6.89999e-05,2489.01,0.1717
2026-09-07T17:30:02Z,139,Foxglove Silver Ring,5.89998e-05,2489.01,0.1469
2026-09-07T17:30:02Z,140,Summoner Silver Ring,6.697999e-05,2489.01,0.1667
2026-09-07T17:30:02Z,243,Golden Archon Ring,0.00059,2489.01,1.4685
2026-09-07T17:30:02Z,244,Golden Athena Ring,0.000677,2489.01,1.6851
2026-09-07T17:30:02Z,245,Golden Chobo Ring,0.00069997,2489.01,1.7422
2026-09-07T17:30:02Z,246,Golden Crusader Ring,0.0006,2489.01,1.4934
2026-09-07T17:30:02Z,247,Golden Foxglove Ring,0.00064,2489.01,1.593
2026-09-07T17:30:02Z,248,Golden Overseer Ring,0.00056999,2489.01,1.4187
2026-09-07T17:30:02Z,249,Golden Summoner Ring,0.0005,2489.01,1.2445
2026-09-07T18:00:02Z,134,Chobo Silver Ring,5.3e-05,2494.05,0.1322
2026-09-07T18:00:02Z,135,Crusader Silver Ring,6.899e-05,2494.05,0.1721
2026-09-07T18:00:02Z,136,Overseer Silver Ring,5.89999e-05,2494.05,0.1471
2026-09-07T18:00:02Z,137,Athena Silver Ring,7e-05,2494.05,0.1746
2026-09-07T18:00:02Z,138,Archon Silver Ring,6.7e-05,2494.05,0.1671
2026-09-07T18:00:02Z,139,Foxglove Silver Ring,5.89998e-05,2494.05,0.1471
2026-09-07T18:00:02Z,140,Summoner Silver Ring,6.697999e-05,2494.05,0.1671
2026-09-07T18:00:02Z,243,Golden Archon Ring,0.00059,2494.05,1.4715
2026-09-07T18:00:02Z,244,Golden Athena Ring,0.0006769999,2494.05,1.6885
2026-09-07T18:00:02Z,245,Golden Chobo Ring,0.00069997,2494.05,1.7458
2026-09-07T18:00:02Z,246,Golden Crusader Ring,0.0006,2494.05,1.4964
2026-09-07T18:00:02Z,247,Golden Foxglove Ring,0.00064,2494.05,1.5962
2026-09-07T18:00:02Z,248,Golden Overseer Ring,0.00053,2494.05,1.3218
2026-09-07T18:00:02Z,249,Golden Summoner Ring,0.00048,2494.05,1.1971
2026-09-07T18:05:13Z,134,Chobo Silver Ring,5.89999e-05,2496.79,0.1473
2026-09-07T18:05:13Z,135,Crusader Silver Ring,6.7e-05,2496.79,0.1673
2026-09-07T18:05:13Z,136,Overseer Silver Ring,5.89999e-05,2496.79,0.1473
2026-09-07T18:05:13Z,137,Athena Silver Ring,7e-05,2496.79,0.1748
2026-09-07T18:05:13Z,138,Archon Silver Ring,6.89999e-05,2496.79,0.1723
2026-09-07T18:05:13Z,139,Foxglove Silver Ring,5.89997999e-05,2496.79,0.1473
2026-09-07T18:05:13Z,140,Summoner Silver Ring,6.697e-05,2496.79,0.1672
2026-09-07T18:05:13Z,243,Golden Archon Ring,0.00059,2496.79,1.4731
2026-09-07T18:05:13Z,244,Golden Athena Ring,0.0006769999,2496.79,1.6903
2026-09-07T18:05:13Z,245,Golden Chobo Ring,0.00069997,2496.79,1.7477
2026-09-07T18:05:13Z,246,Golden Crusader Ring,0.0006,2496.79,1.4981
2026-09-07T18:05:13Z,247,Golden Foxglove Ring,0.00064,2496.79,1.5979
2026-09-07T18:05:13Z,248,Golden Overseer Ring,0.00053,2496.79,1.3233
2026-09-07T18:05:13Z,249,Golden Summoner Ring,0.00048,2496.79,1.1985
2026-09-07T18:30:02Z,134,Chobo Silver Ring,5.79999e-05,2491.6,0.1445
2026-09-07T18:30:02Z,135,Crusader Silver Ring,6.69998999e-05,2491.6,0.1669
2026-09-07T18:30:02Z,136,Overseer Silver Ring,5.89999e-05,2491.6,0.147
2026-09-07T18:30:02Z,137,Athena Silver Ring,6.99999999999e-05,2491.6,0.1744
2026-09-07T18:30:02Z,138,Archon Silver Ring,6.89999e-05,2491.6,0.1719
2026-09-07T18:30:02Z,139,Foxglove Silver Ring,5.799999e-05,2491.6,0.1445
2026-09-07T18:30:02Z,140,Summoner Silver Ring,6.49999e-05,2491.6,0.162
2026-09-07T18:30:02Z,243,Golden Archon Ring,0.00059,2491.6,1.47
2026-09-07T18:30:02Z,244,Golden Athena Ring,0.0006769999,2491.6,1.6868
2026-09-07T18:30:02Z,245,Golden Chobo Ring,0.0006999,2491.6,1.7439
2026-09-07T18:30:02Z,246,Golden Crusader Ring,0.0006,2491.6,1.495
2026-09-07T18:30:02Z,247,Golden Foxglove Ring,0.00064,2491.6,1.5946
2026-09-07T18:30:02Z,248,Golden Overseer Ring,0.00053,2491.6,1.3205
2026-09-07T18:30:02Z,249,Golden Summoner Ring,0.00048,2491.6,1.196
2026-09-07T19:00:02Z,134,Chobo Silver Ring,5.79999e-05,2493.34,0.1446
2026-09-07T19:00:02Z,135,Crusader Silver Ring,6.69998999e-05,2493.34,0.1671
2026-09-07T19:00:02Z,136,Overseer Silver Ring,5.89999e-05,2493.34,0.1471
2026-09-07T19:00:02Z,137,Athena Silver Ring,6.99999999999e-05,2493.34,0.1745
2026-09-07T19:00:02Z,138,Archon Silver Ring,6.89999e-05,2493.34,0.172
2026-09-07T19:00:02Z,139,Foxglove Silver Ring,5.799999e-05,2493.34,0.1446
2026-09-07T19:00:02Z,140,Summoner Silver Ring,6.49999e-05,2493.34,0.1621
2026-09-07T19:00:02Z,243,Golden Archon Ring,0.00059,2493.34,1.4711
2026-09-07T19:00:02Z,244,Golden Athena Ring,0.0006769998,2493.34,1.688
2026-09-07T19:00:02Z,245,Golden Chobo Ring,0.0006998,2493.34,1.7448
2026-09-07T19:00:02Z,246,Golden Crusader Ring,0.0006,2493.34,1.496
2026-09-07T19:00:02Z,247,Golden Foxglove Ring,0.00064,2493.34,1.5957
2026-09-07T19:00:02Z,248,Golden Overseer Ring,0.00053,2493.34,1.3215
2026-09-07T19:00:02Z,249,Golden Summoner Ring,0.00048,2493.34,1.1968
2026-09-07T19:30:02Z,134,Chobo Silver Ring,5.79999e-05,2491.49,0.1445
2026-09-07T19:30:02Z,135,Crusader Silver Ring,6.69998999e-05,2491.49,0.1669
2026-09-07T19:30:02Z,136,Overseer Silver Ring,5.89999e-05,2491.49,0.147
2026-09-07T19:30:02Z,137,Athena Silver Ring,6.9e-05,2491.49,0.1719
2026-09-07T19:30:02Z,138,Archon Silver Ring,6.89999e-05,2491.49,0.1719
2026-09-07T19:30:02Z,139,Foxglove Silver Ring,5.799999e-05,2491.49,0.1445
2026-09-07T19:30:02Z,140,Summoner Silver Ring,6.49999e-05,2491.49,0.1619
2026-09-07T19:30:02Z,243,Golden Archon Ring,0.00065,2491.49,1.6195
2026-09-07T19:30:02Z,244,Golden Athena Ring,0.0006769998,2491.49,1.6867
2026-09-07T19:30:02Z,245,Golden Chobo Ring,0.000699,2491.49,1.7416
2026-09-07T19:30:02Z,246,Golden Crusader Ring,0.000639,2491.49,1.5921
2026-09-07T19:30:02Z,247,Golden Foxglove Ring,0.0006399,2491.49,1.5943
2026-09-07T19:30:02Z,248,Golden Overseer Ring,0.0006885,2491.49,1.7154
2026-09-07T19:30:02Z,249,Golden Summoner Ring,0.000699,2491.49,1.7416
2026-09-07T20:00:01Z,134,Chobo Silver Ring,5.7999901e-05,2495.23,0.1447
2026-09-07T20:00:01Z,135,Crusader Silver Ring,6.69e-05,2495.23,0.1669
2026-09-07T20:00:01Z,136,Overseer Silver Ring,5.89999e-05,2495.23,0.1472
2026-09-07T20:00:01Z,137,Athena Silver Ring,6.9e-05,2495.23,0.1722
2026-09-07T20:00:01Z,138,Archon Silver Ring,6.89e-05,2495.23,0.1719
2026-09-07T20:00:01Z,139,Foxglove Silver Ring,5.8e-05,2495.23,0.1447
2026-09-07T20:00:01Z,140,Summoner Silver Ring,6.49999e-05,2495.23,0.1622
2026-09-07T20:00:01Z,243,Golden Archon Ring,0.000649999,2495.23,1.6219
2026-09-07T20:00:01Z,244,Golden Athena Ring,0.000676999799,2495.23,1.6893
2026-09-07T20:00:01Z,245,Golden Chobo Ring,0.000699,2495.23,1.7442
2026-09-07T20:00:01Z,246,Golden Crusader Ring,0.000639,2495.23,1.5945
2026-09-07T20:00:01Z,247,Golden Foxglove Ring,0.0006398999,2495.23,1.5967
2026-09-07T20:00:01Z,248,Golden Overseer Ring,0.0006884,2495.23,1.7177
2026-09-07T20:00:01Z,249,Golden Summoner Ring,0.0006989999,2495.23,1.7442
2026-09-07T20:30:02Z,134,Chobo Silver Ring,5.77e-05,2489,0.1436
2026-09-07T20:30:02Z,135,Crusader Silver Ring,6.6e-05,2489,0.1643
2026-09-07T20:30:02Z,136,Overseer Silver Ring,5.88e-05,2489,0.1464
2026-09-07T20:30:02Z,137,Athena Silver Ring,6.9e-05,2489,0.1717
2026-09-07T20:30:02Z,138,Archon Silver Ring,6.8e-05,2489,0.1693
2026-09-07T20:30:02Z,139,Foxglove Silver Ring,5.89e-05,2489,0.1466
2026-09-07T20:30:02Z,140,Summoner Silver Ring,6.3e-05,2489,0.1568
2026-09-07T20:30:02Z,243,Golden Archon Ring,0.000649999,2489,1.6178
2026-09-07T20:30:02Z,244,Golden Athena Ring,0.000676999799,2489,1.6851
2026-09-07T20:30:02Z,245,Golden Chobo Ring,0.00069896,2489,1.7397
2026-09-07T20:30:02Z,246,Golden Crusader Ring,0.000639,2489,1.5905
2026-09-07T20:30:02Z,247,Golden Foxglove Ring,0.0006398999,2489,1.5927
2026-09-07T20:30:02Z,248,Golden Overseer Ring,0.00072888789,2489,1.8142
2026-09-07T20:30:02Z,249,Golden Summoner Ring,0.000698999899,2489,1.7398
2026-09-07T21:00:02Z,134,Chobo Silver Ring,5.7999901e-05,2494.08,0.1447
2026-09-07T21:00:02Z,135,Crusader Silver Ring,6.6e-05,2494.08,0.1646
2026-09-07T21:00:02Z,136,Overseer Silver Ring,5.88e-05,2494.08,0.1467
2026-09-07T21:00:02Z,137,Athena Silver Ring,6.9e-05,2494.08,0.1721
2026-09-07T21:00:02Z,138,Archon Silver Ring,6.8e-05,2494.08,0.1696
2026-09-07T21:00:02Z,139,Foxglove Silver Ring,5.89e-05,2494.08,0.1469
2026-09-07T21:00:02Z,140,Summoner Silver Ring,6.3e-05,2494.08,0.1571
2026-09-07T21:00:02Z,243,Golden Archon Ring,0.000649999,2494.08,1.6211
2026-09-07T21:00:02Z,244,Golden Athena Ring,0.000676999799,2494.08,1.6885
2026-09-07T21:00:02Z,245,Golden Chobo Ring,0.00069896,2494.08,1.7433
2026-09-07T21:00:02Z,246,Golden Crusader Ring,0.000639,2494.08,1.5937
2026-09-07T21:00:02Z,247,Golden Foxglove Ring,0.0006398999,2494.08,1.596
2026-09-07T21:00:02Z,248,Golden Overseer Ring,0.00072888789,2494.08,1.8179
2026-09-07T21:00:02Z,249,Golden Summoner Ring,0.000698999899,2494.08,1.7434
2026-09-07T21:30:03Z,134,Chobo Silver Ring,5.7999901e-05,2495.31,0.1447
2026-09-07T21:30:03Z,135,Crusader Silver Ring,6.6e-05,2495.31,0.1647
2026-09-07T21:30:03Z,136,Overseer Silver Ring,5.88e-05,2495.31,0.1467
2026-09-07T21:30:03Z,137,Athena Silver Ring,6.9e-05,2495.31,0.1722
2026-09-07T21:30:03Z,138,Archon Silver Ring,6.8e-05,2495.31,0.1697
2026-09-07T21:30:03Z,139,Foxglove Silver Ring,5.89e-05,2495.31,0.147
2026-09-07T21:30:03Z,140,Summoner Silver Ring,6.3e-05,2495.31,0.1572
2026-09-07T21:30:03Z,243,Golden Archon Ring,0.000649999,2495.31,1.6219
2026-09-07T21:30:03Z,244,Golden Athena Ring,0.000676999799,2495.31,1.6893
2026-09-07T21:30:03Z,245,Golden Chobo Ring,0.00069896,2495.31,1.7441
2026-09-07T21:30:03Z,246,Golden Crusader Ring,0.0006,2495.31,1.4972
2026-09-07T21:30:03Z,247,Golden Foxglove Ring,0.0006398999,2495.31,1.5967
2026-09-07T21:30:03Z,248,Golden Overseer Ring,0.00072888789,2495.31,1.8188
2026-09-07T21:30:03Z,249,Golden Summoner Ring,0.00067,2495.31,1.6719
2026-09-07T22:00:02Z,134,Chobo Silver Ring,5.8e-05,2492.11,0.1445
2026-09-07T22:00:02Z,135,Crusader Silver Ring,6.69e-05,2492.11,0.1667
2026-09-07T22:00:02Z,136,Overseer Silver Ring,5.88e-05,2492.11,0.1465
2026-09-07T22:00:02Z,137,Athena Silver Ring,6.9e-05,2492.11,0.172
2026-09-07T22:00:02Z,138,Archon Silver Ring,6.8e-05,2492.11,0.1695
2026-09-07T22:00:02Z,139,Foxglove Silver Ring,5.89e-05,2492.11,0.1468
2026-09-07T22:00:02Z,140,Summoner Silver Ring,6.3e-05,2492.11,0.157
2026-09-07T22:00:02Z,243,Golden Archon Ring,0.00065,2492.11,1.6199
2026-09-07T22:00:02Z,244,Golden Athena Ring,0.000676999799,2492.11,1.6872
2026-09-07T22:00:02Z,245,Golden Chobo Ring,0.00069896,2492.11,1.7419
2026-09-07T22:00:02Z,246,Golden Crusader Ring,0.0006,2492.11,1.4953
2026-09-07T22:00:02Z,247,Golden Foxglove Ring,0.0006398999,2492.11,1.5947
2026-09-07T22:00:02Z,248,Golden Overseer Ring,0.00072888789,2492.11,1.8165
2026-09-07T22:00:02Z,249,Golden Summoner Ring,0.00067,2492.11,1.6697
2026-09-07T22:30:02Z,134,Chobo Silver Ring,5.8e-05,2490.87,0.1445
2026-09-07T22:30:02Z,135,Crusader Silver Ring,6.69e-05,2490.87,0.1666
2026-09-07T22:30:02Z,136,Overseer Silver Ring,5.88e-05,2490.87,0.1465
2026-09-07T22:30:02Z,137,Athena Silver Ring,6.9e-05,2490.87,0.1719
2026-09-07T22:30:02Z,138,Archon Silver Ring,6.8e-05,2490.87,0.1694
2026-09-07T22:30:02Z,139,Foxglove Silver Ring,5.89e-05,2490.87,0.1467
2026-09-07T22:30:02Z,140,Summoner Silver Ring,6.3e-05,2490.87,0.1569
2026-09-07T22:30:02Z,243,Golden Archon Ring,0.00065,2490.87,1.6191
2026-09-07T22:30:02Z,244,Golden Athena Ring,0.000676999799,2490.87,1.6863
2026-09-07T22:30:02Z,245,Golden Chobo Ring,0.00069896,2490.87,1.741
2026-09-07T22:30:02Z,246,Golden Crusader Ring,0.0006,2490.87,1.4945
2026-09-07T22:30:02Z,247,Golden Foxglove Ring,0.0006398999,2490.87,1.5939
2026-09-07T22:30:02Z,248,Golden Overseer Ring,0.00072888789,2490.87,1.8156
2026-09-07T22:30:02Z,249,Golden Summoner Ring,0.00067,2490.87,1.6689
2026-09-07T23:00:06Z,134,Chobo Silver Ring,5.8e-05,2482.84,0.144
2026-09-07T23:00:06Z,135,Crusader Silver Ring,6.69e-05,2482.84,0.1661
2026-09-07T23:00:06Z,136,Overseer Silver Ring,5.88e-05,2482.84,0.146
2026-09-07T23:00:06Z,137,Athena Silver Ring,6.9e-05,2482.84,0.1713
2026-09-07T23:00:06Z,138,Archon Silver Ring,6.8e-05,2482.84,0.1688
2026-09-07T23:00:06Z,139,Foxglove Silver Ring,5.89e-05,2482.84,0.1462
2026-09-07T23:00:06Z,140,Summoner Silver Ring,6.3e-05,2482.84,0.1564
2026-09-07T23:00:06Z,243,Golden Archon Ring,0.00065,2482.84,1.6138
2026-09-07T23:00:06Z,244,Golden Athena Ring,0.000676999799,2482.84,1.6809
2026-09-07T23:00:06Z,245,Golden Chobo Ring,0.00069896,2482.84,1.7354
2026-09-07T23:00:06Z,246,Golden Crusader Ring,0.0006,2482.84,1.4897
2026-09-07T23:00:06Z,247,Golden Foxglove Ring,0.0006398999,2482.84,1.5888
2026-09-07T23:00:06Z,248,Golden Overseer Ring,0.00072888789,2482.84,1.8097
2026-09-07T23:00:06Z,249,Golden Summoner Ring,0.00067,2482.84,1.6635
2026-09-07T23:30:02Z,134,Chobo Silver Ring,5.8e-05,2482.74,0.144
2026-09-07T23:30:02Z,135,Crusader Silver Ring,6.68e-05,2482.74,0.1658
2026-09-07T23:30:02Z,136,Overseer Silver Ring,5.87e-05,2482.74,0.1457
2026-09-07T23:30:02Z,137,Athena Silver Ring,6.8e-05,2482.74,0.1688
2026-09-07T23:30:02Z,138,Archon Silver Ring,6.7e-05,2482.74,0.1663
2026-09-07T23:30:02Z,139,Foxglove Silver Ring,5.88e-05,2482.74,0.146
2026-09-07T23:30:02Z,140,Summoner Silver Ring,6.2e-05,2482.74,0.1539
2026-09-07T23:30:02Z,243,Golden Archon Ring,0.00065,2482.74,1.6138
2026-09-07T23:30:02Z,244,Golden Athena Ring,0.000676999799,2482.74,1.6808
2026-09-07T23:30:02Z,245,Golden Chobo Ring,0.00069896,2482.74,1.7353
2026-09-07T23:30:02Z,246,Golden Crusader Ring,0.0006,2482.74,1.4896
2026-09-07T23:30:02Z,247,Golden Foxglove Ring,0.0006398999,2482.74,1.5887
2026-09-07T23:30:02Z,248,Golden Overseer Ring,0.00072888789,2482.74,1.8096
2026-09-07T23:30:02Z,249,Golden Summoner Ring,0.00067,2482.74,1.6634
2026-09-08T00:00:05Z,134,Chobo Silver Ring,5.8e-05,2490.53,0.1445
2026-09-08T00:00:05Z,135,Crusader Silver Ring,6.68e-05,2490.53,0.1664
2026-09-08T00:00:05Z,136,Overseer Silver Ring,5.87e-05,2490.53,0.1462
2026-09-08T00:00:05Z,137,Athena Silver Ring,6.8e-05,2490.53,0.1694
2026-09-08T00:00:05Z,138,Archon Silver Ring,6.7e-05,2490.53,0.1669
2026-09-08T00:00:05Z,139,Foxglove Silver Ring,5.88e-05,2490.53,0.1464
2026-09-08T00:00:05Z,140,Summoner Silver Ring,6.2e-05,2490.53,0.1544
2026-09-08T00:00:05Z,243,Golden Archon Ring,0.00065,2490.53,1.6188
2026-09-08T00:00:05Z,244,Golden Athena Ring,0.000676999799,2490.53,1.6861
2026-09-08T00:00:05Z,245,Golden Chobo Ring,0.00069896,2490.53,1.7408
2026-09-08T00:00:05Z,246,Golden Crusader Ring,0.000639,2490.53,1.5914
2026-09-08T00:00:05Z,247,Golden Foxglove Ring,0.00063926,2490.53,1.5921
2026-09-08T00:00:05Z,248,Golden Overseer Ring,0.00072816,2490.53,1.8135
2026-09-08T00:00:05Z,249,Golden Summoner Ring,0.00067,2490.53,1.6687
2026-09-08T00:30:02Z,134,Chobo Silver Ring,5.8e-05,2484.31,0.1441
2026-09-08T00:30:02Z,135,Crusader Silver Ring,6.68e-05,2484.31,0.166
2026-09-08T00:30:02Z,136,Overseer Silver Ring,5.87e-05,2484.31,0.1458
2026-09-08T00:30:02Z,137,Athena Silver Ring,6.8e-05,2484.31,0.1689
2026-09-08T00:30:02Z,138,Archon Silver Ring,6.7e-05,2484.31,0.1664
2026-09-08T00:30:02Z,139,Foxglove Silver Ring,5.88e-05,2484.31,0.1461
2026-09-08T00:30:02Z,140,Summoner Silver Ring,6.2e-05,2484.31,0.154
2026-09-08T00:30:02Z,243,Golden Archon Ring,0.00065,2484.31,1.6148
2026-09-08T00:30:02Z,244,Golden Athena Ring,0.000676999799,2484.31,1.6819
2026-09-08T00:30:02Z,245,Golden Chobo Ring,0.00069896,2484.31,1.7364
2026-09-08T00:30:02Z,246,Golden Crusader Ring,0.000639,2484.31,1.5875
2026-09-08T00:30:02Z,247,Golden Foxglove Ring,0.00063926,2484.31,1.5881
2026-09-08T00:30:02Z,248,Golden Overseer Ring,0.00072816,2484.31,1.809
2026-09-08T00:30:02Z,249,Golden Summoner Ring,0.00067,2484.31,1.6645
2026-09-08T01:00:05Z,134,Chobo Silver Ring,5.8e-05,2493.64,0.1446
2026-09-08T01:00:05Z,135,Crusader Silver Ring,6.68e-05,2493.64,0.1666
2026-09-08T01:00:05Z,136,Overseer Silver Ring,5.87e-05,2493.64,0.1464
2026-09-08T01:00:05Z,137,Athena Silver Ring,6.8e-05,2493.64,0.1696
2026-09-08T01:00:05Z,138,Archon Silver Ring,6.7e-05,2493.64,0.1671
2026-09-08T01:00:05Z,139,Foxglove Silver Ring,5.88e-05,2493.64,0.1466
2026-09-08T01:00:05Z,140,Summoner Silver Ring,6.2e-05,2493.64,0.1546
2026-09-08T01:00:05Z,243,Golden Archon Ring,0.00067998,2493.64,1.6956
2026-09-08T01:00:05Z,244,Golden Athena Ring,0.000676999799,2493.64,1.6882
2026-09-08T01:00:05Z,245,Golden Chobo Ring,0.000699,2493.64,1.7431
2026-09-08T01:00:05Z,246,Golden Crusader Ring,0.000786,2493.64,1.96
2026-09-08T01:00:05Z,247,Golden Foxglove Ring,0.00063926,2493.64,1.5941
2026-09-08T01:00:05Z,248,Golden Overseer Ring,0.0007288879,2493.64,1.8176
2026-09-08T01:00:05Z,249,Golden Summoner Ring,0.00067,2493.64,1.6707
2026-09-08T01:30:02Z,134,Chobo Silver Ring,5.8e-05,2504.629,0.1453
2026-09-08T01:30:02Z,135,Crusader Silver Ring,6.68e-05,2504.629,0.1673
2026-09-08T01:30:02Z,136,Overseer Silver Ring,5.87e-05,2504.629,0.147
2026-09-08T01:30:02Z,137,Athena Silver Ring,6.8e-05,2504.629,0.1703
2026-09-08T01:30:02Z,138,Archon Silver Ring,6.89999e-05,2504.629,0.1728
2026-09-08T01:30:02Z,139,Foxglove Silver Ring,5.88e-05,2504.629,0.1473
2026-09-08T01:30:02Z,140,Summoner Silver Ring,6.2e-05,2504.629,0.1553
2026-09-08T01:30:02Z,243,Golden Archon Ring,0.00067998,2504.629,1.7031
2026-09-08T01:30:02Z,244,Golden Athena Ring,0.000676999799,2504.629,1.6956
2026-09-08T01:30:02Z,245,Golden Chobo Ring,0.000699,2504.629,1.7507
2026-09-08T01:30:02Z,246,Golden Crusader Ring,0.000786,2504.629,1.9686
2026-09-08T01:30:02Z,247,Golden Foxglove Ring,0.00063926,2504.629,1.6011
2026-09-08T01:30:02Z,248,Golden Overseer Ring,0.0007288879,2504.629,1.8256
2026-09-08T01:30:02Z,249,Golden Summoner Ring,0.00067,2504.629,1.6781
2026-09-08T02:00:02Z,134,Chobo Silver Ring,5.8e-05,2502.56,0.1451
2026-09-08T02:00:02Z,135,Crusader Silver Ring,6.68e-05,2502.56,0.1672
2026-09-08T02:00:02Z,136,Overseer Silver Ring,5.87e-05,2502.56,0.1469
2026-09-08T02:00:02Z,137,Athena Silver Ring,6.8e-05,2502.56,0.1702
2026-09-08T02:00:02Z,138,Archon Silver Ring,6.89999e-05,2502.56,0.1727
2026-09-08T02:00:02Z,139,Foxglove Silver Ring,5.88e-05,2502.56,0.1472
2026-09-08T02:00:02Z,140,Summoner Silver Ring,5e-05,2502.56,0.1251
2026-09-08T02:00:02Z,243,Golden Archon Ring,0.00067998,2502.56,1.7017
2026-09-08T02:00:02Z,244,Golden Athena Ring,0.000676999799,2502.56,1.6942
2026-09-08T02:00:02Z,245,Golden Chobo Ring,0.000699,2502.56,1.7493
2026-09-08T02:00:02Z,246,Golden Crusader Ring,0.000786,2502.56,1.967
2026-09-08T02:00:02Z,247,Golden Foxglove Ring,0.00063926,2502.56,1.5998
2026-09-08T02:00:02Z,248,Golden Overseer Ring,0.0007288879,2502.56,1.8241
2026-09-08T02:00:02Z,249,Golden Summoner Ring,0.00067,2502.56,1.6767
2026-09-08T02:30:02Z,134,Chobo Silver Ring,5.8e-05,2498.49,0.1449
2026-09-08T02:30:02Z,135,Crusader Silver Ring,6.69999e-05,2498.49,0.1674
2026-09-08T02:30:02Z,136,Overseer Silver Ring,5.87e-05,2498.49,0.1467
2026-09-08T02:30:02Z,137,Athena Silver Ring,6.9e-05,2498.49,0.1724
2026-09-08T02:30:02Z,138,Archon Silver Ring,6.89999e-05,2498.49,0.1724
2026-09-08T02:30:02Z,139,Foxglove Silver Ring,5.88e-05,2498.49,0.1469
2026-09-08T02:30:02Z,140,Summoner Silver Ring,5e-05,2498.49,0.1249
2026-09-08T02:30:02Z,243,Golden Archon Ring,0.00068,2498.49,1.699
2026-09-08T02:30:02Z,244,Golden Athena Ring,0.000676999799,2498.49,1.6915
2026-09-08T02:30:02Z,245,Golden Chobo Ring,0.000548,2498.49,1.3692
2026-09-08T02:30:02Z,246,Golden Crusader Ring,0.000548,2498.49,1.3692
2026-09-08T02:30:02Z,247,Golden Foxglove Ring,0.00063926,2498.49,1.5972
2026-09-08T02:30:02Z,248,Golden Overseer Ring,0.0007288879,2498.49,1.8211
2026-09-08T02:30:02Z,249,Golden Summoner Ring,0.00067,2498.49,1.674
2026-09-08T03:00:03Z,134,Chobo Silver Ring,5.8e-05,2484.61,0.1441
2026-09-08T03:00:03Z,135,Crusader Silver Ring,6.69999e-05,2484.61,0.1665
2026-09-08T03:00:03Z,136,Overseer Silver Ring,5.87e-05,2484.61,0.1458
2026-09-08T03:00:03Z,137,Athena Silver Ring,6.9e-05,2484.61,0.1714
2026-09-08T03:00:03Z,138,Archon Silver Ring,6.89999e-05,2484.61,0.1714
2026-09-08T03:00:03Z,139,Foxglove Silver Ring,5.88e-05,2484.61,0.1461
2026-09-08T03:00:03Z,140,Summoner Silver Ring,5e-05,2484.61,0.1242
2026-09-08T03:00:03Z,243,Golden Archon Ring,0.00068,2484.61,1.6895
2026-09-08T03:00:03Z,244,Golden Athena Ring,0.000676999799,2484.61,1.6821
2026-09-08T03:00:03Z,245,Golden Chobo Ring,0.000548,2484.61,1.3616
2026-09-08T03:00:03Z,246,Golden Crusader Ring,0.000548,2484.61,1.3616
2026-09-08T03:00:03Z,247,Golden Foxglove Ring,0.00063926,2484.61,1.5883
2026-09-08T03:00:03Z,248,Golden Overseer Ring,0.0007288879,2484.61,1.811
2026-09-08T03:00:03Z,249,Golden Summoner Ring,0.00067,2484.61,1.6647
2026-09-08T03:30:02Z,134,Chobo Silver Ring,5.8999899e-05,2482.23,0.1465
2026-09-08T03:30:02Z,135,Crusader Silver Ring,6.69998e-05,2482.23,0.1663
2026-09-08T03:30:02Z,136,Overseer Silver Ring,5.8e-05,2482.23,0.144
2026-09-08T03:30:02Z,137,Athena Silver Ring,6.899e-05,2482.23,0.1712
2026-09-08T03:30:02Z,138,Archon Silver Ring,6.89999e-05,2482.23,0.1713
2026-09-08T03:30:02Z,139,Foxglove Silver Ring,5.8799e-05,2482.23,0.146
2026-09-08T03:30:02Z,140,Summoner Silver Ring,5e-05,2482.23,0.1241
2026-09-08T03:30:02Z,243,Golden Archon Ring,0.00077,2482.23,1.9113
2026-09-08T03:30:02Z,244,Golden Athena Ring,0.000763989,2482.23,1.8964
2026-09-08T03:30:02Z,245,Golden Chobo Ring,0.000699,2482.23,1.7351
2026-09-08T03:30:02Z,246,Golden Crusader Ring,0.0007872,2482.23,1.954
2026-09-08T03:30:02Z,247,Golden Foxglove Ring,0.00063926,2482.23,1.5868
2026-09-08T03:30:02Z,248,Golden Overseer Ring,0.0007288879,2482.23,1.8093
2026-09-08T03:30:02Z,249,Golden Summoner Ring,0.00067,2482.23,1.6631
2026-09-08T04:00:02Z,134,Chobo Silver Ring,5.8999899e-05,2486.49,0.1467
2026-09-08T04:00:02Z,135,Crusader Silver Ring,5e-05,2486.49,0.1243
2026-09-08T04:00:02Z,136,Overseer Silver Ring,5e-05,2486.49,0.1243
2026-09-08T04:00:02Z,137,Athena Silver Ring,5e-05,2486.49,0.1243
2026-09-08T04:00:02Z,138,Archon Silver Ring,6.89999e-05,2486.49,0.1716
2026-09-08T04:00:02Z,139,Foxglove Silver Ring,5e-05,2486.49,0.1243
2026-09-08T04:00:02Z,140,Summoner Silver Ring,5e-05,2486.49,0.1243
2026-09-08T04:00:02Z,243,Golden Archon Ring,0.00077,2486.49,1.9146
2026-09-08T04:00:02Z,244,Golden Athena Ring,0.000763989,2486.49,1.8997
2026-09-08T04:00:02Z,245,Golden Chobo Ring,0.000699,2486.49,1.7381
2026-09-08T04:00:02Z,246,Golden Crusader Ring,0.0007872,2486.49,1.9574
2026-09-08T04:00:02Z,247,Golden Foxglove Ring,0.00063926,2486.49,1.5895
2026-09-08T04:00:02Z,248,Golden Overseer Ring,0.0007288879,2486.49,1.8124
2026-09-08T04:00:02Z,249,Golden Summoner Ring,0.00067,2486.49,1.6659
2026-09-08T04:30:02Z,134,Chobo Silver Ring,5.8999899e-05,2480.71,0.1464
2026-09-08T04:30:02Z,135,Crusader Silver Ring,5e-05,2480.71,0.124
2026-09-08T04:30:02Z,136,Overseer Silver Ring,5e-05,2480.71,0.124
2026-09-08T04:30:02Z,137,Athena Silver Ring,5e-05,2480.71,0.124
2026-09-08T04:30:02Z,138,Archon Silver Ring,6.89999e-05,2480.71,0.1712
2026-09-08T04:30:02Z,139,Foxglove Silver Ring,5e-05,2480.71,0.124
2026-09-08T04:30:02Z,140,Summoner Silver Ring,5e-05,2480.71,0.124
2026-09-08T04:30:02Z,243,Golden Archon Ring,0.00077,2480.71,1.9101
2026-09-08T04:30:02Z,244,Golden Athena Ring,0.000763989,2480.71,1.8952
2026-09-08T04:30:02Z,245,Golden Chobo Ring,0.000699,2480.71,1.734
2026-09-08T04:30:02Z,246,Golden Crusader Ring,0.0007872,2480.71,1.9528
2026-09-08T04:30:02Z,247,Golden Foxglove Ring,0.00063926,2480.71,1.5858
2026-09-08T04:30:02Z,248,Golden Overseer Ring,0.0007288879,2480.71,1.8082
2026-09-08T04:30:02Z,249,Golden Summoner Ring,0.00067,2480.71,1.6621
2026-09-08T05:00:02Z,134,Chobo Silver Ring,5.8999899e-05,2479.8,0.1463
2026-09-08T05:00:02Z,135,Crusader Silver Ring,5e-05,2479.8,0.124
2026-09-08T05:00:02Z,136,Overseer Silver Ring,5e-05,2479.8,0.124
2026-09-08T05:00:02Z,137,Athena Silver Ring,6.899e-05,2479.8,0.1711
2026-09-08T05:00:02Z,138,Archon Silver Ring,6.89999e-05,2479.8,0.1711
2026-09-08T05:00:02Z,139,Foxglove Silver Ring,5e-05,2479.8,0.124
2026-09-08T05:00:02Z,140,Summoner Silver Ring,5e-05,2479.8,0.124
2026-09-08T05:00:02Z,243,Golden Archon Ring,0.00077,2479.8,1.9094
2026-09-08T05:00:02Z,244,Golden Athena Ring,0.000763989,2479.8,1.8945
2026-09-08T05:00:02Z,245,Golden Chobo Ring,0.000699,2479.8,1.7334
2026-09-08T05:00:02Z,246,Golden Crusader Ring,0.0007872,2479.8,1.9521
2026-09-08T05:00:02Z,247,Golden Foxglove Ring,0.0006398999,2479.8,1.5868
2026-09-08T05:00:02Z,248,Golden Overseer Ring,0.0007288879,2479.8,1.8075
2026-09-08T05:00:02Z,249,Golden Summoner Ring,0.00067,2479.8,1.6615
2026-09-08T05:30:02Z,134,Chobo Silver Ring,5.8999899e-05,2482.89,0.1465
2026-09-08T05:30:02Z,135,Crusader Silver Ring,5e-05,2482.89,0.1241
2026-09-08T05:30:02Z,136,Overseer Silver Ring,5e-05,2482.89,0.1241
2026-09-08T05:30:02Z,137,Athena Silver Ring,6.899e-05,2482.89,0.1713
2026-09-08T05:30:02Z,138,Archon Silver Ring,6.89999e-05,2482.89,0.1713
2026-09-08T05:30:02Z,139,Foxglove Silver Ring,5e-05,2482.89,0.1241
2026-09-08T05:30:02Z,140,Summoner Silver Ring,5e-05,2482.89,0.1241
2026-09-08T05:30:02Z,243,Golden Archon Ring,0.00077,2482.89,1.9118
2026-09-08T05:30:02Z,244,Golden Athena Ring,0.000763989,2482.89,1.8969
2026-09-08T05:30:02Z,245,Golden Chobo Ring,0.000699,2482.89,1.7355
2026-09-08T05:30:02Z,246,Golden Crusader Ring,0.0007872,2482.89,1.9545
2026-09-08T05:30:02Z,247,Golden Foxglove Ring,0.0006398999,2482.89,1.5888
2026-09-08T05:30:02Z,248,Golden Overseer Ring,0.0007288879,2482.89,1.8097
2026-09-08T05:30:02Z,249,Golden Summoner Ring,0.00067,2482.89,1.6635
2026-09-08T06:00:02Z,134,Chobo Silver Ring,5.89999e-05,2472.11,0.1459
2026-09-08T06:00:02Z,135,Crusader Silver Ring,6.6999e-05,2472.11,0.1656
2026-09-08T06:00:02Z,136,Overseer Silver Ring,5.8e-05,2472.11,0.1434
2026-09-08T06:00:02Z,137,Athena Silver Ring,6.899e-05,2472.11,0.1706
2026-09-08T06:00:02Z,138,Archon Silver Ring,6.89999e-05,2472.11,0.1706
2026-09-08T06:00:02Z,139,Foxglove Silver Ring,5.8799e-05,2472.11,0.1454
2026-09-08T06:00:02Z,140,Summoner Silver Ring,6.2e-05,2472.11,0.1533
2026-09-08T06:00:02Z,243,Golden Archon Ring,0.000769,2472.11,1.9011
2026-09-08T06:00:02Z,244,Golden Athena Ring,0.00076398,2472.11,1.8886
2026-09-08T06:00:02Z,245,Golden Chobo Ring,0.000699,2472.11,1.728
2026-09-08T06:00:02Z,246,Golden Crusader Ring,0.0007871,2472.11,1.9458
2026-09-08T06:00:02Z,247,Golden Foxglove Ring,0.0006398999,2472.11,1.5819
2026-09-08T06:00:02Z,248,Golden Overseer Ring,0.0007288879,2472.11,1.8019
2026-09-08T06:00:02Z,249,Golden Summoner Ring,0.00067,2472.11,1.6563
2026-09-08T06:30:02Z,134,Chobo Silver Ring,5.89998e-05,2466.42,0.1455
2026-09-08T06:30:02Z,135,Crusader Silver Ring,6.6998e-05,2466.42,0.1652
2026-09-08T06:30:02Z,136,Overseer Silver Ring,5.79e-05,2466.42,0.1428
2026-09-08T06:30:02Z,137,Athena Silver Ring,6.898e-05,2466.42,0.1701
2026-09-08T06:30:02Z,138,Archon Silver Ring,6.89998e-05,2466.42,0.1702
2026-09-08T06:30:02Z,139,Foxglove Silver Ring,5.8798e-05,2466.42,0.145
2026-09-08T06:30:02Z,140,Summoner Silver Ring,6.19e-05,2466.42,0.1527
2026-09-08T06:30:02Z,243,Golden Archon Ring,0.000769,2466.42,1.8967
2026-09-08T06:30:02Z,244,Golden Athena Ring,0.00076398,2466.42,1.8843
2026-09-08T06:30:02Z,245,Golden Chobo Ring,0.000699,2466.42,1.724
2026-09-08T06:30:02Z,246,Golden Crusader Ring,0.0007871,2466.42,1.9413
2026-09-08T06:30:02Z,247,Golden Foxglove Ring,0.0006398999,2466.42,1.5783
2026-09-08T06:30:02Z,248,Golden Overseer Ring,0.0007288879,2466.42,1.7977
2026-09-08T06:30:02Z,249,Golden Summoner Ring,0.00066999999,2466.42,1.6525
2026-09-08T07:00:02Z,134,Chobo Silver Ring,5.89997e-05,2467.52,0.1456
2026-09-08T07:00:02Z,135,Crusader Silver Ring,6.6997e-05,2467.52,0.1653
2026-09-08T07:00:02Z,136,Overseer Silver Ring,5.78999999e-05,2467.52,0.1429
2026-09-08T07:00:02Z,137,Athena Silver Ring,6.897e-05,2467.52,0.1702
2026-09-08T07:00:02Z,138,Archon Silver Ring,6.8999901e-05,2467.52,0.1703
2026-09-08T07:00:02Z,139,Foxglove Silver Ring,5.8797e-05,2467.52,0.1451
2026-09-08T07:00:02Z,140,Summoner Silver Ring,6.18999999e-05,2467.52,0.1527
2026-09-08T07:00:02Z,243,Golden Archon Ring,0.0007689999,2467.52,1.8975
2026-09-08T07:00:02Z,244,Golden Athena Ring,0.0007639799,2467.52,1.8851
2026-09-08T07:00:02Z,245,Golden Chobo Ring,0.000699,2467.52,1.7248
2026-09-08T07:00:02Z,246,Golden Crusader Ring,0.0007870999,2467.52,1.9422
2026-09-08T07:00:02Z,247,Golden Foxglove Ring,0.0006398999,2467.52,1.579
2026-09-08T07:00:02Z,248,Golden Overseer Ring,0.0007288879,2467.52,1.7985
2026-09-08T07:00:02Z,249,Golden Summoner Ring,0.000548,2467.52,1.3522
2026-09-08T07:30:06Z,134,Chobo Silver Ring,5.89997e-05,2477.85,0.1462
2026-09-08T07:30:06Z,135,Crusader Silver Ring,6.6997e-05,2477.85,0.166
2026-09-08T07:30:06Z,136,Overseer Silver Ring,5.78999999e-05,2477.85,0.1435
2026-09-08T07:30:06Z,137,Athena Silver Ring,6.897e-05,2477.85,0.1709
2026-09-08T07:30:06Z,138,Archon Silver Ring,6.8999901e-05,2477.85,0.171
2026-09-08T07:30:06Z,139,Foxglove Silver Ring,5.8797e-05,2477.85,0.1457
2026-09-08T07:30:06Z,140,Summoner Silver Ring,6.18999999e-05,2477.85,0.1534
2026-09-08T07:30:06Z,243,Golden Archon Ring,0.0007689999,2477.85,1.9055
2026-09-08T07:30:06Z,244,Golden Athena Ring,0.0007639799,2477.85,1.893
2026-09-08T07:30:06Z,245,Golden Chobo Ring,0.000699,2477.85,1.732
2026-09-08T07:30:06Z,246,Golden Crusader Ring,0.0007870999,2477.85,1.9503
2026-09-08T07:30:06Z,247,Golden Foxglove Ring,0.0006398999,2477.85,1.5856
2026-09-08T07:30:06Z,248,Golden Overseer Ring,0.0007288879,2477.85,1.8061
2026-09-08T07:30:06Z,249,Golden Summoner Ring,0.000548,2477.85,1.3579
2026-09-08T08:00:02Z,134,Chobo Silver Ring,5.89997e-05,2475.51,0.1461
2026-09-08T08:00:02Z,135,Crusader Silver Ring,6.6997e-05,2475.51,0.1659
2026-09-08T08:00:02Z,136,Overseer Silver Ring,5.78999999e-05,2475.51,0.1433
2026-09-08T08:00:02Z,137,Athena Silver Ring,6.897e-05,2475.51,0.1707
2026-09-08T08:00:02Z,138,Archon Silver Ring,6.89999e-05,2475.51,0.1708
2026-09-08T08:00:02Z,139,Foxglove Silver Ring,5.8797e-05,2475.51,0.1456
2026-09-08T08:00:02Z,140,Summoner Silver Ring,6.18999999e-05,2475.51,0.1532
2026-09-08T08:00:02Z,243,Golden Archon Ring,0.00075,2475.51,1.8566
2026-09-08T08:00:02Z,244,Golden Athena Ring,0.0007639799,2475.51,1.8912
2026-09-08T08:00:02Z,245,Golden Chobo Ring,0.000699,2475.51,1.7304
2026-09-08T08:00:02Z,246,Golden Crusader Ring,0.0007870999,2475.51,1.9485
2026-09-08T08:00:02Z,247,Golden Foxglove Ring,0.0006398999,2475.51,1.5841
2026-09-08T08:00:02Z,248,Golden Overseer Ring,0.0007288879,2475.51,1.8044
2026-09-08T08:00:02Z,249,Golden Summoner Ring,0.000548,2475.51,1.3566
2026-09-08T08:30:02Z,134,Chobo Silver Ring,5.89997e-05,2473.46,0.1459
2026-09-08T08:30:02Z,135,Crusader Silver Ring,6.6997e-05,2473.46,0.1657
2026-09-08T08:30:02Z,136,Overseer Silver Ring,5.78999999e-05,2473.46,0.1432
2026-09-08T08:30:02Z,137,Athena Silver Ring,6.897e-05,2473.46,0.1706
2026-09-08T08:30:02Z,138,Archon Silver Ring,6.89998e-05,2473.46,0.1707
2026-09-08T08:30:02Z,139,Foxglove Silver Ring,5.8797e-05,2473.46,0.1454
2026-09-08T08:30:02Z,140,Summoner Silver Ring,6.18999999e-05,2473.46,0.1531
2026-09-08T08:30:02Z,243,Golden Archon Ring,0.00075,2473.46,1.8551
2026-09-08T08:30:02Z,244,Golden Athena Ring,0.0007639799,2473.46,1.8897
2026-09-08T08:30:02Z,245,Golden Chobo Ring,0.000699,2473.46,1.7289
2026-09-08T08:30:02Z,246,Golden Crusader Ring,0.0007870999,2473.46,1.9469
2026-09-08T08:30:02Z,247,Golden Foxglove Ring,0.0006398999,2473.46,1.5828
2026-09-08T08:30:02Z,248,Golden Overseer Ring,0.0007288879,2473.46,1.8029
2026-09-08T08:30:02Z,249,Golden Summoner Ring,0.000548,2473.46,1.3555
2026-09-08T09:00:02Z,134,Chobo Silver Ring,5.89997e-05,2477.82,0.1462
2026-09-08T09:00:02Z,135,Crusader Silver Ring,6.6997e-05,2477.82,0.166
2026-09-08T09:00:02Z,136,Overseer Silver Ring,5.8e-05,2477.82,0.1437
2026-09-08T09:00:02Z,137,Athena Silver Ring,6.897e-05,2477.82,0.1709
2026-09-08T09:00:02Z,138,Archon Silver Ring,6.89998e-05,2477.82,0.171
2026-09-08T09:00:02Z,139,Foxglove Silver Ring,5.8797e-05,2477.82,0.1457
2026-09-08T09:00:02Z,140,Summoner Silver Ring,6.18999999e-05,2477.82,0.1534
2026-09-08T09:00:02Z,243,Golden Archon Ring,0.00075,2477.82,1.8584
2026-09-08T09:00:02Z,244,Golden Athena Ring,0.0007639799,2477.82,1.893
2026-09-08T09:00:02Z,245,Golden Chobo Ring,0.00069899999,2477.82,1.732
2026-09-08T09:00:02Z,246,Golden Crusader Ring,0.0007870999,2477.82,1.9503
2026-09-08T09:00:02Z,247,Golden Foxglove Ring,0.0006398999,2477.82,1.5856
2026-09-08T09:00:02Z,248,Golden Overseer Ring,0.0007288879,2477.82,1.8061
2026-09-08T09:00:02Z,249,Golden Summoner Ring,0.000548,2477.82,1.3578
2026-09-08T09:30:02Z,134,Chobo Silver Ring,5.3e-05,2479.13,0.1314
2026-09-08T09:30:02Z,135,Crusader Silver Ring,5.3e-05,2479.13,0.1314
2026-09-08T09:30:02Z,136,Overseer Silver Ring,5.3e-05,2479.13,0.1314
2026-09-08T09:30:02Z,137,Athena Silver Ring,6.5e-05,2479.13,0.1611
2026-09-08T09:30:02Z,138,Archon Silver Ring,6.5e-05,2479.13,0.1611
2026-09-08T09:30:02Z,139,Foxglove Silver Ring,5.3e-05,2479.13,0.1314
2026-09-08T09:30:02Z,140,Summoner Silver Ring,5.3e-05,2479.13,0.1314
2026-09-08T09:30:02Z,243,Golden Archon Ring,0.00075,2479.13,1.8593
2026-09-08T09:30:02Z,244,Golden Athena Ring,0.0007639799,2479.13,1.894
2026-09-08T09:30:02Z,245,Golden Chobo Ring,0.00069899999,2479.13,1.7329
2026-09-08T09:30:02Z,246,Golden Crusader Ring,0.0007870999,2479.13,1.9513
2026-09-08T09:30:02Z,247,Golden Foxglove Ring,0.0006398999,2479.13,1.5864
2026-09-08T09:30:02Z,248,Golden Overseer Ring,0.0007288879,2479.13,1.807
2026-09-08T09:30:02Z,249,Golden Summoner Ring,0.000548,2479.13,1.3586
2026-09-08T10:00:02Z,134,Chobo Silver Ring,5.3e-05,2491.09,0.132
2026-09-08T10:00:02Z,135,Crusader Silver Ring,5.3e-05,2491.09,0.132
2026-09-08T10:00:02Z,136,Overseer Silver Ring,5.3e-05,2491.09,0.132
2026-09-08T10:00:02Z,137,Athena Silver Ring,5.3e-05,2491.09,0.132
2026-09-08T10:00:02Z,138,Archon Silver Ring,5.3e-05,2491.09,0.132
2026-09-08T10:00:02Z,139,Foxglove Silver Ring,5.3e-05,2491.09,0.132
2026-09-08T10:00:02Z,140,Summoner Silver Ring,5.3e-05,2491.09,0.132
2026-09-08T10:00:02Z,243,Golden Archon Ring,0.00075,2491.09,1.8683
2026-09-08T10:00:02Z,244,Golden Athena Ring,0.0007639799,2491.09,1.9031
2026-09-08T10:00:02Z,245,Golden Chobo Ring,0.00069899999,2491.09,1.7413
2026-09-08T10:00:02Z,246,Golden Crusader Ring,0.0007870999,2491.09,1.9607
2026-09-08T10:00:02Z,247,Golden Foxglove Ring,0.0006398999,2491.09,1.594
2026-09-08T10:00:02Z,248,Golden Overseer Ring,0.0007288879,2491.09,1.8157
2026-09-08T10:00:02Z,249,Golden Summoner Ring,0.000548,2491.09,1.3651
2026-09-08T10:30:02Z,134,Chobo Silver Ring,5.3e-05,2490.89,0.132
2026-09-08T10:30:02Z,135,Crusader Silver Ring,5.3e-05,2490.89,0.132
2026-09-08T10:30:02Z,136,Overseer Silver Ring,5.3e-05,2490.89,0.132
2026-09-08T10:30:02Z,137,Athena Silver Ring,5.3e-05,2490.89,0.132
2026-09-08T10:30:02Z,138,Archon Silver Ring,5.3e-05,2490.89,0.132
2026-09-08T10:30:02Z,139,Foxglove Silver Ring,5.3e-05,2490.89,0.132
2026-09-08T10:30:02Z,140,Summoner Silver Ring,5.3e-05,2490.89,0.132
2026-09-08T10:30:02Z,243,Golden Archon Ring,0.00075,2490.89,1.8682
2026-09-08T10:30:02Z,244,Golden Athena Ring,0.0007639799,2490.89,1.903
2026-09-08T10:30:02Z,245,Golden Chobo Ring,0.00069899999,2490.89,1.7411
2026-09-08T10:30:02Z,246,Golden Crusader Ring,0.0007870999,2490.89,1.9606
2026-09-08T10:30:02Z,247,Golden Foxglove Ring,0.0006398999,2490.89,1.5939
2026-09-08T10:30:02Z,248,Golden Overseer Ring,0.0007288879,2490.89,1.8156
2026-09-08T10:30:02Z,249,Golden Summoner Ring,0.00066999999,2490.89,1.6689
2026-09-08T11:00:02Z,134,Chobo Silver Ring,5.3e-05,2482.26,0.1316
2026-09-08T11:00:02Z,135,Crusader Silver Ring,5.3e-05,2482.26,0.1316
2026-09-08T11:00:02Z,136,Overseer Silver Ring,5.3e-05,2482.26,0.1316
2026-09-08T11:00:02Z,137,Athena Silver Ring,5.3e-05,2482.26,0.1316
2026-09-08T11:00:02Z,138,Archon Silver Ring,5.3e-05,2482.26,0.1316
2026-09-08T11:00:02Z,139,Foxglove Silver Ring,5.3e-05,2482.26,0.1316
2026-09-08T11:00:02Z,140,Summoner Silver Ring,5.3e-05,2482.26,0.1316
2026-09-08T11:00:02Z,243,Golden Archon Ring,0.00075,2482.26,1.8617
2026-09-08T11:00:02Z,244,Golden Athena Ring,0.0007639799,2482.26,1.8964
2026-09-08T11:00:02Z,245,Golden Chobo Ring,0.00069899999,2482.26,1.7351
2026-09-08T11:00:02Z,246,Golden Crusader Ring,0.0007870999,2482.26,1.9538
2026-09-08T11:00:02Z,247,Golden Foxglove Ring,0.0006399,2482.26,1.5884
2026-09-08T11:00:02Z,248,Golden Overseer Ring,0.0007288879,2482.26,1.8093
2026-09-08T11:00:02Z,249,Golden Summoner Ring,0.00066999999,2482.26,1.6631
2026-09-08T11:30:02Z,134,Chobo Silver Ring,5.2999e-05,2475.25,0.1312
2026-09-08T11:30:02Z,135,Crusader Silver Ring,5.2999e-05,2475.25,0.1312
2026-09-08T11:30:02Z,136,Overseer Silver Ring,5.2999e-05,2475.25,0.1312
2026-09-08T11:30:02Z,137,Athena Silver Ring,5.2999e-05,2475.25,0.1312
2026-09-08T11:30:02Z,138,Archon Silver Ring,5.2999e-05,2475.25,0.1312
2026-09-08T11:30:02Z,139,Foxglove Silver Ring,5.2999e-05,2475.25,0.1312
2026-09-08T11:30:02Z,140,Summoner Silver Ring,6.18999e-05,2475.25,0.1532
2026-09-08T11:30:02Z,243,Golden Archon Ring,0.00075,2475.25,1.8564
2026-09-08T11:30:02Z,244,Golden Athena Ring,0.0007639799,2475.25,1.891
2026-09-08T11:30:02Z,245,Golden Chobo Ring,0.00069899999,2475.25,1.7302
2026-09-08T11:30:02Z,246,Golden Crusader Ring,0.0007870999,2475.25,1.9483
2026-09-08T11:30:02Z,247,Golden Foxglove Ring,0.0006399,2475.25,1.5839
2026-09-08T11:30:02Z,248,Golden Overseer Ring,0.0007288879,2475.25,1.8042
2026-09-08T11:30:02Z,249,Golden Summoner Ring,0.00066999999,2475.25,1.6584
2026-09-08T12:00:02Z,134,Chobo Silver Ring,5e-05,2475.05,0.1238
2026-09-08T12:00:02Z,135,Crusader Silver Ring,5.2999e-05,2475.05,0.1312
2026-09-08T12:00:02Z,136,Overseer Silver Ring,5e-05,2475.05,0.1238
2026-09-08T12:00:02Z,137,Athena Silver Ring,5e-05,2475.05,0.1238
2026-09-08T12:00:02Z,138,Archon Silver Ring,5e-05,2475.05,0.1238
2026-09-08T12:00:02Z,139,Foxglove Silver Ring,5e-05,2475.05,0.1238
2026-09-08T12:00:02Z,140,Summoner Silver Ring,6.18e-05,2475.05,0.153
2026-09-08T12:00:02Z,243,Golden Archon Ring,0.00075,2475.05,1.8563
2026-09-08T12:00:02Z,244,Golden Athena Ring,0.0007639799,2475.05,1.8909
2026-09-08T12:00:02Z,245,Golden Chobo Ring,0.00069899,2475.05,1.73
2026-09-08T12:00:02Z,246,Golden Crusader Ring,0.00078709,2475.05,1.9481
2026-09-08T12:00:02Z,247,Golden Foxglove Ring,0.0006399,2475.05,1.5838
2026-09-08T12:00:02Z,248,Golden Overseer Ring,0.0007288879,2475.05,1.804
2026-09-08T12:00:02Z,249,Golden Summoner Ring,0.00066999999,2475.05,1.6583
2026-09-08T12:30:02Z,134,Chobo Silver Ring,5e-05,2474.81,0.1237
2026-09-08T12:30:02Z,135,Crusader Silver Ring,5.2999e-05,2474.81,0.1312
2026-09-08T12:30:02Z,136,Overseer Silver Ring,5e-05,2474.81,0.1237
2026-09-08T12:30:02Z,137,Athena Silver Ring,5e-05,2474.81,0.1237
2026-09-08T12:30:02Z,138,Archon Silver Ring,5.2999e-05,2474.81,0.1312
2026-09-08T12:30:02Z,139,Foxglove Silver Ring,5e-05,2474.81,0.1237
2026-09-08T12:30:02Z,140,Summoner Silver Ring,6.17999e-05,2474.81,0.1529
2026-09-08T12:30:02Z,243,Golden Archon Ring,0.00075,2474.81,1.8561
2026-09-08T12:30:02Z,244,Golden Athena Ring,0.0007639799,2474.81,1.8907
2026-09-08T12:30:02Z,245,Golden Chobo Ring,0.00069899,2474.81,1.7299
2026-09-08T12:30:02Z,246,Golden Crusader Ring,0.00078709,2474.81,1.9479
2026-09-08T12:30:02Z,247,Golden Foxglove Ring,0.00064996,2474.81,1.6085
2026-09-08T12:30:02Z,248,Golden Overseer Ring,0.0007288879,2474.81,1.8039
2026-09-08T12:30:02Z,249,Golden Summoner Ring,0.00066999999,2474.81,1.6581
2026-09-08T13:00:02Z,134,Chobo Silver Ring,5e-05,2471.57,0.1236
2026-09-08T13:00:02Z,135,Crusader Silver Ring,5.2999e-05,2471.57,0.131
2026-09-08T13:00:02Z,136,Overseer Silver Ring,4.994999998e-05,2471.57,0.1235
2026-09-08T13:00:02Z,137,Athena Silver Ring,4.989999999e-05,2471.57,0.1233
2026-09-08T13:00:02Z,138,Archon Silver Ring,5.28999999e-05,2471.57,0.1307
2026-09-08T13:00:02Z,139,Foxglove Silver Ring,5e-05,2471.57,0.1236
2026-09-08T13:00:02Z,140,Summoner Silver Ring,6.17999e-05,2471.57,0.1527
2026-09-08T13:00:02Z,243,Golden Archon Ring,0.00075,2471.57,1.8537
2026-09-08T13:00:02Z,244,Golden Athena Ring,0.0007639799,2471.57,1.8882
2026-09-08T13:00:02Z,245,Golden Chobo Ring,0.00069899,2471.57,1.7276
2026-09-08T13:00:02Z,246,Golden Crusader Ring,0.00078709,2471.57,1.9453
2026-09-08T13:00:02Z,247,Golden Foxglove Ring,0.00064996,2471.57,1.6064
2026-09-08T13:00:02Z,248,Golden Overseer Ring,0.0007288879,2471.57,1.8015
2026-09-08T13:00:02Z,249,Golden Summoner Ring,0.00066999999,2471.57,1.656
2026-09-08T13:30:02Z,134,Chobo Silver Ring,5e-05,2472.12,0.1236
2026-09-08T13:30:02Z,135,Crusader Silver Ring,5.2999e-05,2472.12,0.131
2026-09-08T13:30:02Z,136,Overseer Silver Ring,4.994999998e-05,2472.12,0.1235
2026-09-08T13:30:02Z,137,Athena Silver Ring,4.8e-05,2472.12,0.1187
2026-09-08T13:30:02Z,138,Archon Silver Ring,5.28999999e-05,2472.12,0.1308
2026-09-08T13:30:02Z,139,Foxglove Silver Ring,5.8797e-05,2472.12,0.1454
2026-09-08T13:30:02Z,140,Summoner Silver Ring,6.174e-05,2472.12,0.1526
2026-09-08T13:30:02Z,243,Golden Archon Ring,0.00075,2472.12,1.8541
2026-09-08T13:30:02Z,244,Golden Athena Ring,0.0007639799,2472.12,1.8886
2026-09-08T13:30:02Z,245,Golden Chobo Ring,0.00069899,2472.12,1.728
2026-09-08T13:30:02Z,246,Golden Crusader Ring,0.00078709,2472.12,1.9458
2026-09-08T13:30:02Z,247,Golden Foxglove Ring,0.00064996,2472.12,1.6068
2026-09-08T13:30:02Z,248,Golden Overseer Ring,0.0007288879,2472.12,1.8019
2026-09-08T13:30:02Z,249,Golden Summoner Ring,0.00066999999,2472.12,1.6563
2026-09-08T14:00:02Z,134,Chobo Silver Ring,5e-05,2458.57,0.1229
2026-09-08T14:00:02Z,135,Crusader Silver Ring,5.2999e-05,2458.57,0.1303
2026-09-08T14:00:02Z,136,Overseer Silver Ring,4.994999998e-05,2458.57,0.1228
2026-09-08T14:00:02Z,137,Athena Silver Ring,4.8e-05,2458.57,0.118
2026-09-08T14:00:02Z,138,Archon Silver Ring,5.28999999e-05,2458.57,0.1301
2026-09-08T14:00:02Z,139,Foxglove Silver Ring,5.8797e-05,2458.57,0.1446
2026-09-08T14:00:02Z,140,Summoner Silver Ring,6.1739999e-05,2458.57,0.1518
2026-09-08T14:00:02Z,243,Golden Archon Ring,0.00075,2458.57,1.8439
2026-09-08T14:00:02Z,244,Golden Athena Ring,0.0007639799,2458.57,1.8783
2026-09-08T14:00:02Z,245,Golden Chobo Ring,0.00069899,2458.57,1.7185
2026-09-08T14:00:02Z,246,Golden Crusader Ring,0.00078709,2458.57,1.9351
2026-09-08T14:00:02Z,247,Golden Foxglove Ring,0.00064996,2458.57,1.598
2026-09-08T14:00:02Z,248,Golden Overseer Ring,0.0007288879,2458.57,1.792
2026-09-08T14:00:02Z,249,Golden Summoner Ring,0.00066999999,2458.57,1.6472
2026-09-08T14:30:02Z,134,Chobo Silver Ring,5e-05,2478.78,0.1239
2026-09-08T14:30:02Z,135,Crusader Silver Ring,5.2999e-05,2478.78,0.1314
2026-09-08T14:30:02Z,136,Overseer Silver Ring,4.994999998e-05,2478.78,0.1238
2026-09-08T14:30:02Z,137,Athena Silver Ring,4.989999999e-05,2478.78,0.1237
2026-09-08T14:30:02Z,138,Archon Silver Ring,5.28999999e-05,2478.78,0.1311
2026-09-08T14:30:02Z,139,Foxglove Silver Ring,5.8797e-05,2478.78,0.1457
2026-09-08T14:30:02Z,140,Summoner Silver Ring,6.099999e-05,2478.78,0.1512
2026-09-08T14:30:02Z,243,Golden Archon Ring,0.00075,2478.78,1.8591
2026-09-08T14:30:02Z,244,Golden Athena Ring,0.0007639799,2478.78,1.8937
2026-09-08T14:30:02Z,245,Golden Chobo Ring,0.00069899,2478.78,1.7326
2026-09-08T14:30:02Z,246,Golden Crusader Ring,0.00078709,2478.78,1.951
2026-09-08T14:30:02Z,247,Golden Foxglove Ring,0.00064996,2478.78,1.6111
2026-09-08T14:30:02Z,248,Golden Overseer Ring,0.0007288879,2478.78,1.8068
2026-09-08T14:30:02Z,249,Golden Summoner Ring,0.00066999999,2478.78,1.6608
2026-09-08T15:00:02Z,134,Chobo Silver Ring,4.999999e-05,2483.98,0.1242
2026-09-08T15:00:02Z,135,Crusader Silver Ring,5.2997999e-05,2483.98,0.1316
2026-09-08T15:00:02Z,136,Overseer Silver Ring,4.994999998e-05,2483.98,0.1241
2026-09-08T15:00:02Z,137,Athena Silver Ring,4.989999997e-05,2483.98,0.124
2026-09-08T15:00:02Z,138,Archon Silver Ring,5.28999999e-05,2483.98,0.1314
2026-09-08T15:00:02Z,139,Foxglove Silver Ring,5.87969999999e-05,2483.98,0.1461
2026-09-08T15:00:02Z,140,Summoner Silver Ring,6.099998e-05,2483.98,0.1515
2026-09-08T15:00:02Z,243,Golden Archon Ring,0.00074999,2483.98,1.863
2026-09-08T15:00:02Z,244,Golden Athena Ring,0.00076396,2483.98,1.8977
2026-09-08T15:00:02Z,245,Golden Chobo Ring,0.00069899,2483.98,1.7363
2026-09-08T15:00:02Z,246,Golden Crusader Ring,0.00078709,2483.98,1.9551
2026-09-08T15:00:02Z,247,Golden Foxglove Ring,0.00064995,2483.98,1.6145
2026-09-08T15:00:02Z,248,Golden Overseer Ring,0.0007288879,2483.98,1.8105
2026-09-08T15:00:02Z,249,Golden Summoner Ring,0.00066999,2483.98,1.6642
2026-09-08T15:30:02Z,134,Chobo Silver Ring,4.99999899e-05,2487.43,0.1244
2026-09-08T15:30:02Z,135,Crusader Silver Ring,5.2997999e-05,2487.43,0.1318
2026-09-08T15:30:02Z,136,Overseer Silver Ring,4.994999998e-05,2487.43,0.1242
2026-09-08T15:30:02Z,137,Athena Silver Ring,4.989999997e-05,2487.43,0.1241
2026-09-08T15:30:02Z,138,Archon Silver Ring,5.28999999e-05,2487.43,0.1316
2026-09-08T15:30:02Z,139,Foxglove Silver Ring,5.87969999999e-05,2487.43,0.1463
2026-09-08T15:30:02Z,140,Summoner Silver Ring,6.099998e-05,2487.43,0.1517
2026-09-08T15:30:02Z,243,Golden Archon Ring,0.00074999,2487.43,1.8655
2026-09-08T15:30:02Z,244,Golden Athena Ring,0.00076396,2487.43,1.9003
2026-09-08T15:30:02Z,245,Golden Chobo Ring,0.00069899,2487.43,1.7387
2026-09-08T15:30:02Z,246,Golden Crusader Ring,0.00078709,2487.43,1.9578
2026-09-08T15:30:02Z,247,Golden Foxglove Ring,0.00064995,2487.43,1.6167
2026-09-08T15:30:02Z,248,Golden Overseer Ring,0.0007288879,2487.43,1.8131
2026-09-08T15:30:02Z,249,Golden Summoner Ring,0.00066999,2487.43,1.6666
2026-09-08T16:00:02Z,134,Chobo Silver Ring,4.99999899e-05,2497.75,0.1249
2026-09-08T16:00:02Z,135,Crusader Silver Ring,5e-05,2497.75,0.1249
2026-09-08T16:00:02Z,136,Overseer Silver Ring,4.994999998e-05,2497.75,0.1248
2026-09-08T16:00:02Z,137,Athena Silver Ring,4.989999997e-05,2497.75,0.1246
2026-09-08T16:00:02Z,138,Archon Silver Ring,5e-05,2497.75,0.1249
2026-09-08T16:00:02Z,139,Foxglove Silver Ring,5e-05,2497.75,0.1249
2026-09-08T16:00:02Z,140,Summoner Silver Ring,5.99999e-05,2497.75,0.1499
2026-09-08T16:00:02Z,243,Golden Archon Ring,0.00074999,2497.75,1.8733
2026-09-08T16:00:02Z,244,Golden Athena Ring,0.00076396,2497.75,1.9082
2026-09-08T16:00:02Z,245,Golden Chobo Ring,0.00069899,2497.75,1.7459
2026-09-08T16:00:02Z,246,Golden Crusader Ring,0.00078709,2497.75,1.966
2026-09-08T16:00:02Z,247,Golden Foxglove Ring,0.00064995,2497.75,1.6234
2026-09-08T16:00:02Z,248,Golden Overseer Ring,0.0007288879,2497.75,1.8206
2026-09-08T16:00:02Z,249,Golden Summoner Ring,0.00066999,2497.75,1.6735
2026-09-08T16:30:02Z,134,Chobo Silver Ring,4.99999899e-05,2488.99,0.1244
2026-09-08T16:30:02Z,135,Crusader Silver Ring,5e-05,2488.99,0.1244
2026-09-08T16:30:02Z,136,Overseer Silver Ring,4.9e-05,2488.99,0.122
2026-09-08T16:30:02Z,137,Athena Silver Ring,4.989999997e-05,2488.99,0.1242
2026-09-08T16:30:02Z,138,Archon Silver Ring,5e-05,2488.99,0.1244
2026-09-08T16:30:02Z,139,Foxglove Silver Ring,5e-05,2488.99,0.1244
2026-09-08T16:30:02Z,140,Summoner Silver Ring,5.99999e-05,2488.99,0.1493
2026-09-08T16:30:02Z,243,Golden Archon Ring,0.00074999,2488.99,1.8667
2026-09-08T16:30:02Z,244,Golden Athena Ring,0.0007639599,2488.99,1.9015
2026-09-08T16:30:02Z,245,Golden Chobo Ring,0.00069899,2488.99,1.7398
2026-09-08T16:30:02Z,246,Golden Crusader Ring,0.00078709,2488.99,1.9591
2026-09-08T16:30:02Z,247,Golden Foxglove Ring,0.00064995,2488.99,1.6177
2026-09-08T16:30:02Z,248,Golden Overseer Ring,0.0007288879,2488.99,1.8142
2026-09-08T16:30:02Z,249,Golden Summoner Ring,0.00066999,2488.99,1.6676
2026-09-08T17:00:02Z,134,Chobo Silver Ring,4.99999899e-05,2496.9,0.1248
2026-09-08T17:00:02Z,135,Crusader Silver Ring,5e-05,2496.9,0.1248
2026-09-08T17:00:02Z,136,Overseer Silver Ring,4.9e-05,2496.9,0.1223
2026-09-08T17:00:02Z,137,Athena Silver Ring,4.989999997e-05,2496.9,0.1246
2026-09-08T17:00:02Z,138,Archon Silver Ring,5.28999999e-05,2496.9,0.1321
2026-09-08T17:00:02Z,139,Foxglove Silver Ring,5e-05,2496.9,0.1248
2026-09-08T17:00:02Z,140,Summoner Silver Ring,5.99999e-05,2496.9,0.1498
2026-09-08T17:00:02Z,243,Golden Archon Ring,0.00074999,2496.9,1.8727
2026-09-08T17:00:02Z,244,Golden Athena Ring,0.0007639599,2496.9,1.9075
2026-09-08T17:00:02Z,245,Golden Chobo Ring,0.00069899,2496.9,1.7453
2026-09-08T17:00:02Z,246,Golden Crusader Ring,0.00078709,2496.9,1.9653
2026-09-08T17:00:02Z,247,Golden Foxglove Ring,0.00064995,2496.9,1.6229
2026-09-08T17:00:02Z,248,Golden Overseer Ring,0.0007288879,2496.9,1.82
2026-09-08T17:00:02Z,249,Golden Summoner Ring,0.00066999,2496.9,1.6729
2026-09-08T17:30:02Z,134,Chobo Silver Ring,4.99999899e-05,2496.05,0.1248
2026-09-08T17:30:02Z,135,Crusader Silver Ring,5e-05,2496.05,0.1248
2026-09-08T17:30:02Z,136,Overseer Silver Ring,4.9e-05,2496.05,0.1223
2026-09-08T17:30:02Z,137,Athena Silver Ring,4.989999997e-05,2496.05,0.1246
2026-09-08T17:30:02Z,138,Archon Silver Ring,5.28999999e-05,2496.05,0.132
2026-09-08T17:30:02Z,139,Foxglove Silver Ring,5.799999e-05,2496.05,0.1448
2026-09-08T17:30:02Z,140,Summoner Silver Ring,5.99999e-05,2496.05,0.1498
2026-09-08T17:30:02Z,243,Golden Archon Ring,0.00074999,2496.05,1.872
2026-09-08T17:30:02Z,244,Golden Athena Ring,0.0007639599,2496.05,1.9069
2026-09-08T17:30:02Z,245,Golden Chobo Ring,0.00069899999,2496.05,1.7447
2026-09-08T17:30:02Z,246,Golden Crusader Ring,0.00078709,2496.05,1.9646
2026-09-08T17:30:02Z,247,Golden Foxglove Ring,0.00064996,2496.05,1.6223
2026-09-08T17:30:02Z,248,Golden Overseer Ring,0.0007288879,2496.05,1.8193
2026-09-08T17:30:02Z,249,Golden Summoner Ring,0.00066999,2496.05,1.6723
2026-09-08T18:00:02Z,134,Chobo Silver Ring,4.99999898e-05,2487.88,0.1244
2026-09-08T18:00:02Z,135,Crusader Silver Ring,4.99999e-05,2487.88,0.1244
2026-09-08T18:00:02Z,136,Overseer Silver Ring,4.89999e-05,2487.88,0.1219
2026-09-08T18:00:02Z,137,Athena Silver Ring,4.989999996e-05,2487.88,0.1241
2026-09-08T18:00:02Z,138,Archon Silver Ring,5.28999999e-05,2487.88,0.1316
2026-09-08T18:00:02Z,139,Foxglove Silver Ring,5.5e-05,2487.88,0.1368
2026-09-08T18:00:02Z,140,Summoner Silver Ring,5.99998e-05,2487.88,0.1493
2026-09-08T18:00:02Z,243,Golden Archon Ring,0.00074,2487.88,1.841
2026-09-08T18:00:02Z,244,Golden Athena Ring,0.0007639599,2487.88,1.9006
2026-09-08T18:00:02Z,245,Golden Chobo Ring,0.00068,2487.88,1.6918
2026-09-08T18:00:02Z,246,Golden Crusader Ring,0.00078709,2487.88,1.9582
2026-09-08T18:00:02Z,247,Golden Foxglove Ring,0.00064996,2487.88,1.617
2026-09-08T18:00:02Z,248,Golden Overseer Ring,0.000728,2487.88,1.8112
2026-09-08T18:00:02Z,249,Golden Summoner Ring,0.00066999,2487.88,1.6669
2026-09-08T18:05:13Z,134,Chobo Silver Ring,4.99999898e-05,2489.78,0.1245
2026-09-08T18:05:13Z,135,Crusader Silver Ring,4.99999e-05,2489.78,0.1245
2026-09-08T18:05:13Z,136,Overseer Silver Ring,4.89999e-05,2489.78,0.122
2026-09-08T18:05:13Z,137,Athena Silver Ring,4.989999996e-05,2489.78,0.1242
2026-09-08T18:05:13Z,138,Archon Silver Ring,5.28999999e-05,2489.78,0.1317
2026-09-08T18:05:13Z,139,Foxglove Silver Ring,5.5e-05,2489.78,0.1369
2026-09-08T18:05:13Z,140,Summoner Silver Ring,5.99998e-05,2489.78,0.1494
2026-09-08T18:05:13Z,243,Golden Archon Ring,0.00074,2489.78,1.8424
2026-09-08T18:05:13Z,244,Golden Athena Ring,0.0007639599,2489.78,1.9021
2026-09-08T18:05:13Z,245,Golden Chobo Ring,0.00068,2489.78,1.6931
2026-09-08T18:05:13Z,246,Golden Crusader Ring,0.00078709,2489.78,1.9597
2026-09-08T18:05:13Z,247,Golden Foxglove Ring,0.00064996,2489.78,1.6183
2026-09-08T18:05:13Z,248,Golden Overseer Ring,0.000728,2489.78,1.8126
2026-09-08T18:05:13Z,249,Golden Summoner Ring,0.00066999,2489.78,1.6681
2026-09-08T18:30:02Z,134,Chobo Silver Ring,5.2999e-05,2500.24,0.1325
2026-09-08T18:30:02Z,135,Crusader Silver Ring,4.99999e-05,2500.24,0.125
2026-09-08T18:30:02Z,136,Overseer Silver Ring,4.994999998e-05,2500.24,0.1249
2026-09-08T18:30:02Z,137,Athena Silver Ring,4.9e-05,2500.24,0.1225
2026-09-08T18:30:02Z,138,Archon Silver Ring,5.28999999e-05,2500.24,0.1323
2026-09-08T18:30:02Z,139,Foxglove Silver Ring,5.5e-05,2500.24,0.1375
2026-09-08T18:30:02Z,140,Summoner Silver Ring,5.89999e-05,2500.24,0.1475
2026-09-08T18:30:02Z,243,Golden Archon Ring,0.00074,2500.24,1.8502
2026-09-08T18:30:02Z,244,Golden Athena Ring,0.00067864,2500.24,1.6968
2026-09-08T18:30:02Z,245,Golden Chobo Ring,0.00067932,2500.24,1.6985
2026-09-08T18:30:02Z,246,Golden Crusader Ring,0.0007863,2500.24,1.9659
2026-09-08T18:30:02Z,247,Golden Foxglove Ring,0.00064996,2500.24,1.6251
2026-09-08T18:30:02Z,248,Golden Overseer Ring,0.00066865,2500.24,1.6718
2026-09-08T18:30:02Z,249,Golden Summoner Ring,0.00066865,2500.24,1.6718
2026-09-08T19:00:02Z,134,Chobo Silver Ring,5.2e-05,2484.17,0.1292
2026-09-08T19:00:02Z,135,Crusader Silver Ring,5.299e-05,2484.17,0.1316
2026-09-08T19:00:02Z,136,Overseer Silver Ring,4.994999998e-05,2484.17,0.1241
2026-09-08T19:00:02Z,137,Athena Silver Ring,4.499e-05,2484.17,0.1118
2026-09-08T19:00:02Z,138,Archon Silver Ring,5.28999999e-05,2484.17,0.1314
2026-09-08T19:00:02Z,139,Foxglove Silver Ring,5.699e-05,2484.17,0.1416
2026-09-08T19:00:02Z,140,Summoner Silver Ring,5.499e-05,2484.17,0.1366
2026-09-08T19:00:02Z,243,Golden Archon Ring,0.0007399,2484.17,1.838
2026-09-08T19:00:02Z,244,Golden Athena Ring,0.00067864,2484.17,1.6859
2026-09-08T19:00:02Z,245,Golden Chobo Ring,0.00067932,2484.17,1.6875
2026-09-08T19:00:02Z,246,Golden Crusader Ring,0.000786,2484.17,1.9526
2026-09-08T19:00:02Z,247,Golden Foxglove Ring,0.00064994,2484.17,1.6146
2026-09-08T19:00:02Z,248,Golden Overseer Ring,0.00066865,2484.17,1.661
2026-09-08T19:00:02Z,249,Golden Summoner Ring,0.0006686499,2484.17,1.661
2026-09-08T19:30:02Z,134,Chobo Silver Ring,5.2e-05,2482.88,0.1291
2026-09-08T19:30:02Z,135,Crusader Silver Ring,5.299e-05,2482.88,0.1316
2026-09-08T19:30:02Z,136,Overseer Silver Ring,4.994999997e-05,2482.88,0.124
2026-09-08T19:30:02Z,137,Athena Silver Ring,4.5e-05,2482.88,0.1117
2026-09-08T19:30:02Z,138,Archon Silver Ring,5.28999999e-05,2482.88,0.1313
2026-09-08T19:30:02Z,139,Foxglove Silver Ring,5.4e-05,2482.88,0.1341
2026-09-08T19:30:02Z,140,Summoner Silver Ring,5.4e-05,2482.88,0.1341
2026-09-08T19:30:02Z,243,Golden Archon Ring,0.0007399,2482.88,1.8371
2026-09-08T19:30:02Z,244,Golden Athena Ring,0.00067864,2482.88,1.685
2026-09-08T19:30:02Z,245,Golden Chobo Ring,0.00067932,2482.88,1.6867
2026-09-08T19:30:02Z,246,Golden Crusader Ring,0.000786,2482.88,1.9515
2026-09-08T19:30:02Z,247,Golden Foxglove Ring,0.00064994,2482.88,1.6137
2026-09-08T19:30:02Z,248,Golden Overseer Ring,0.00066865,2482.88,1.6602
2026-09-08T19:30:02Z,249,Golden Summoner Ring,0.0006686499,2482.88,1.6602
2026-09-08T20:00:02Z,134,Chobo Silver Ring,5.2e-05,2478.98,0.1289
2026-09-08T20:00:02Z,135,Crusader Silver Ring,5.2997999e-05,2478.98,0.1314
2026-09-08T20:00:02Z,136,Overseer Silver Ring,4.994999997e-05,2478.98,0.1238
2026-09-08T20:00:02Z,137,Athena Silver Ring,4.9e-05,2478.98,0.1215
2026-09-08T20:00:02Z,138,Archon Silver Ring,5.28999999e-05,2478.98,0.1311
2026-09-08T20:00:02Z,139,Foxglove Silver Ring,5.4e-05,2478.98,0.1339
2026-09-08T20:00:02Z,140,Summoner Silver Ring,5.4e-05,2478.98,0.1339
2026-09-08T20:00:02Z,243,Golden Archon Ring,0.0007399,2478.98,1.8342
2026-09-08T20:00:02Z,244,Golden Athena Ring,0.000678639,2478.98,1.6823
2026-09-08T20:00:02Z,245,Golden Chobo Ring,0.000679319,2478.98,1.684
2026-09-08T20:00:02Z,246,Golden Crusader Ring,0.000785999,2478.98,1.9485
2026-09-08T20:00:02Z,247,Golden Foxglove Ring,0.000649939,2478.98,1.6112
2026-09-08T20:00:02Z,248,Golden Overseer Ring,0.00066865,2478.98,1.6576
2026-09-08T20:00:02Z,249,Golden Summoner Ring,0.0006686499,2478.98,1.6576
2026-09-08T20:30:03Z,134,Chobo Silver Ring,5.2e-05,2485.47,0.1292
2026-09-08T20:30:03Z,135,Crusader Silver Ring,5.2997999e-05,2485.47,0.1317
2026-09-08T20:30:03Z,136,Overseer Silver Ring,4.994999998e-05,2485.47,0.1241
2026-09-08T20:30:03Z,137,Athena Silver Ring,4.989999998e-05,2485.47,0.124
2026-09-08T20:30:03Z,138,Archon Silver Ring,5.28999999e-05,2485.47,0.1315
2026-09-08T20:30:03Z,139,Foxglove Silver Ring,5.4e-05,2485.47,0.1342
2026-09-08T20:30:03Z,140,Summoner Silver Ring,5.4e-05,2485.47,0.1342
2026-09-08T20:30:03Z,243,Golden Archon Ring,0.0007,2485.47,1.7398
2026-09-08T20:30:03Z,244,Golden Athena Ring,0.00065,2485.47,1.6156
2026-09-08T20:30:03Z,245,Golden Chobo Ring,0.00065,2485.47,1.6156
2026-09-08T20:30:03Z,246,Golden Crusader Ring,0.00077,2485.47,1.9138
2026-09-08T20:30:03Z,247,Golden Foxglove Ring,0.00064,2485.47,1.5907
2026-09-08T20:30:03Z,248,Golden Overseer Ring,0.00065,2485.47,1.6156
2026-09-08T20:30:03Z,249,Golden Summoner Ring,0.00068,2485.47,1.6901
2026-09-08T21:00:02Z,134,Chobo Silver Ring,5.2e-05,2486.06,0.1293
2026-09-08T21:00:02Z,135,Crusader Silver Ring,5.2999e-05,2486.06,0.1318
2026-09-08T21:00:02Z,136,Overseer Silver Ring,4.994999998e-05,2486.06,0.1242
2026-09-08T21:00:02Z,137,Athena Silver Ring,4.989999999e-05,2486.06,0.1241
2026-09-08T21:00:02Z,138,Archon Silver Ring,5.28999999e-05,2486.06,0.1315
2026-09-08T21:00:02Z,139,Foxglove Silver Ring,5.4e-05,2486.06,0.1342
2026-09-08T21:00:02Z,140,Summoner Silver Ring,5.4e-05,2486.06,0.1342
2026-09-08T21:00:02Z,243,Golden Archon Ring,0.000699999,2486.06,1.7402
2026-09-08T21:00:02Z,244,Golden Athena Ring,0.00065,2486.06,1.6159
2026-09-08T21:00:02Z,245,Golden Chobo Ring,0.00064999,2486.06,1.6159
2026-09-08T21:00:02Z,246,Golden Crusader Ring,0.00077,2486.06,1.9143
2026-09-08T21:00:02Z,247,Golden Foxglove Ring,0.00064,2486.06,1.5911
2026-09-08T21:00:02Z,248,Golden Overseer Ring,0.0006499,2486.06,1.6157
2026-09-08T21:00:02Z,249,Golden Summoner Ring,0.00067999,2486.06,1.6905
2026-09-08T21:30:02Z,134,Chobo Silver Ring,5.2e-05,2482.62,0.1291
2026-09-08T21:30:02Z,135,Crusader Silver Ring,5.2999e-05,2482.62,0.1316
2026-09-08T21:30:02Z,136,Overseer Silver Ring,4.994999999e-05,2482.62,0.124
2026-09-08T21:30:02Z,137,Athena Silver Ring,4.9e-05,2482.62,0.1216
2026-09-08T21:30:02Z,138,Archon Silver Ring,5.2e-05,2482.62,0.1291
2026-09-08T21:30:02Z,139,Foxglove Silver Ring,5.3e-05,2482.62,0.1316
2026-09-08T21:30:02Z,140,Summoner Silver Ring,5.3e-05,2482.62,0.1316
2026-09-08T21:30:02Z,243,Golden Archon Ring,0.000699999,2482.62,1.7378
2026-09-08T21:30:02Z,244,Golden Athena Ring,0.00065,2482.62,1.6137
2026-09-08T21:30:02Z,245,Golden Chobo Ring,0.00064999,2482.62,1.6137
2026-09-08T21:30:02Z,246,Golden Crusader Ring,0.00076999,2482.62,1.9116
2026-09-08T21:30:02Z,247,Golden Foxglove Ring,0.00064,2482.62,1.5889
2026-09-08T21:30:02Z,248,Golden Overseer Ring,0.0007288879,2482.62,1.8096
2026-09-08T21:30:02Z,249,Golden Summoner Ring,0.00067996,2482.62,1.6881
2026-09-08T22:00:02Z,134,Chobo Silver Ring,5.2e-05,2480.42,0.129
2026-09-08T22:00:02Z,135,Crusader Silver Ring,5.2999e-05,2480.42,0.1315
2026-09-08T22:00:02Z,136,Overseer Silver Ring,4.994999999e-05,2480.42,0.1239
2026-09-08T22:00:02Z,137,Athena Silver Ring,4.9e-05,2480.42,0.1215
2026-09-08T22:00:02Z,138,Archon Silver Ring,5.2e-05,2480.42,0.129
2026-09-08T22:00:02Z,139,Foxglove Silver Ring,5.3e-05,2480.42,0.1315
2026-09-08T22:00:02Z,140,Summoner Silver Ring,5.3e-05,2480.42,0.1315
2026-09-08T22:00:02Z,243,Golden Archon Ring,0.000699999,2480.42,1.7363
2026-09-08T22:00:02Z,244,Golden Athena Ring,0.00065,2480.42,1.6123
2026-09-08T22:00:02Z,245,Golden Chobo Ring,0.00064999,2480.42,1.6122
2026-09-08T22:00:02Z,246,Golden Crusader Ring,0.00076999,2480.42,1.9099
2026-09-08T22:00:02Z,247,Golden Foxglove Ring,0.00064,2480.42,1.5875
2026-09-08T22:00:02Z,248,Golden Overseer Ring,0.0007288879,2480.42,1.8079
2026-09-08T22:00:02Z,249,Golden Summoner Ring,0.00067996,2480.42,1.6866
2026-09-08T22:30:03Z,134,Chobo Silver Ring,5.2e-05,2483.77,0.1292
2026-09-08T22:30:03Z,135,Crusader Silver Ring,5.29989999e-05,2483.77,0.1316
2026-09-08T22:30:03Z,136,Overseer Silver Ring,4.994999999e-05,2483.77,0.1241
2026-09-08T22:30:03Z,137,Athena Silver Ring,4.9e-05,2483.77,0.1217
2026-09-08T22:30:03Z,138,Archon Silver Ring,5.2e-05,2483.77,0.1292
2026-09-08T22:30:03Z,139,Foxglove Silver Ring,5.3e-05,2483.77,0.1316
2026-09-08T22:30:03Z,140,Summoner Silver Ring,5.3e-05,2483.77,0.1316
2026-09-08T22:30:03Z,243,Golden Archon Ring,0.000699999,2483.77,1.7386
2026-09-08T22:30:03Z,244,Golden Athena Ring,0.000649899,2483.77,1.6142
2026-09-08T22:30:03Z,245,Golden Chobo Ring,0.00064999,2483.77,1.6144
2026-09-08T22:30:03Z,246,Golden Crusader Ring,0.00076999,2483.77,1.9125
2026-09-08T22:30:03Z,247,Golden Foxglove Ring,0.00064,2483.77,1.5896
2026-09-08T22:30:03Z,248,Golden Overseer Ring,0.00072888789,2483.77,1.8104
2026-09-08T22:30:03Z,249,Golden Summoner Ring,0.00067996,2483.77,1.6889
2026-09-08T23:00:02Z,134,Chobo Silver Ring,5.2e-05,2488.57,0.1294
2026-09-08T23:00:02Z,135,Crusader Silver Ring,5.2999e-05,2488.57,0.1319
2026-09-08T23:00:02Z,136,Overseer Silver Ring,4.994999999e-05,2488.57,0.1243
2026-09-08T23:00:02Z,137,Athena Silver Ring,4.9e-05,2488.57,0.1219
2026-09-08T23:00:02Z,138,Archon Silver Ring,5.2e-05,2488.57,0.1294
2026-09-08T23:00:02Z,139,Foxglove Silver Ring,5.3e-05,2488.57,0.1319
2026-09-08T23:00:02Z,140,Summoner Silver Ring,5.3e-05,2488.57,0.1319
2026-09-08T23:00:02Z,243,Golden Archon Ring,0.000699999,2488.57,1.742
2026-09-08T23:00:02Z,244,Golden Athena Ring,0.000649899,2488.57,1.6173
2026-09-08T23:00:02Z,245,Golden Chobo Ring,0.00064999,2488.57,1.6175
2026-09-08T23:00:02Z,246,Golden Crusader Ring,0.00076999,2488.57,1.9162
2026-09-08T23:00:02Z,247,Golden Foxglove Ring,0.00063999,2488.57,1.5927
2026-09-08T23:00:02Z,248,Golden Overseer Ring,0.00072888789,2488.57,1.8139
2026-09-08T23:00:02Z,249,Golden Summoner Ring,0.00067996,2488.57,1.6921
2026-09-08T23:30:02Z,134,Chobo Silver Ring,5.2e-05,2482.62,0.1291
2026-09-08T23:30:02Z,135,Crusader Silver Ring,5.2999e-05,2482.62,0.1316
2026-09-08T23:30:02Z,136,Overseer Silver Ring,4.994999999e-05,2482.62,0.124
2026-09-08T23:30:02Z,137,Athena Silver Ring,4.9e-05,2482.62,0.1216
2026-09-08T23:30:02Z,138,Archon Silver Ring,5.2e-05,2482.62,0.1291
2026-09-08T23:30:02Z,139,Foxglove Silver Ring,5.3e-05,2482.62,0.1316
2026-09-08T23:30:02Z,140,Summoner Silver Ring,5.3e-05,2482.62,0.1316
2026-09-08T23:30:02Z,243,Golden Archon Ring,0.000699999,2482.62,1.7378
2026-09-08T23:30:02Z,244,Golden Athena Ring,0.00065,2482.62,1.6137
2026-09-08T23:30:02Z,245,Golden Chobo Ring,0.00064999,2482.62,1.6137
2026-09-08T23:30:02Z,246,Golden Crusader Ring,0.00076999,2482.62,1.9116
2026-09-08T23:30:02Z,247,Golden Foxglove Ring,0.00063999,2482.62,1.5889
2026-09-08T23:30:02Z,248,Golden Overseer Ring,0.00072888789,2482.62,1.8096
2026-09-08T23:30:02Z,249,Golden Summoner Ring,0.00067996,2482.62,1.6881
2026-09-09T00:00:03Z,134,Chobo Silver Ring,5.2e-05,2485.31,0.1292
2026-09-09T00:00:03Z,135,Crusader Silver Ring,5.2999e-05,2485.31,0.1317
2026-09-09T00:00:03Z,136,Overseer Silver Ring,4.994999999e-05,2485.31,0.1241
2026-09-09T00:00:03Z,137,Athena Silver Ring,4.899999999e-05,2485.31,0.1218
2026-09-09T00:00:03Z,138,Archon Silver Ring,5.19999999999e-05,2485.31,0.1292
2026-09-09T00:00:03Z,139,Foxglove Silver Ring,5.299999999e-05,2485.31,0.1317
2026-09-09T00:00:03Z,140,Summoner Silver Ring,5.2999999999e-05,2485.31,0.1317
2026-09-09T00:00:03Z,243,Golden Archon Ring,0.000699999,2485.31,1.7397
2026-09-09T00:00:03Z,244,Golden Athena Ring,0.0007639599,2485.31,1.8987
2026-09-09T00:00:03Z,245,Golden Chobo Ring,0.00067932,2485.31,1.6883
2026-09-09T00:00:03Z,246,Golden Crusader Ring,0.00076999,2485.31,1.9137
2026-09-09T00:00:03Z,247,Golden Foxglove Ring,0.00064997,2485.31,1.6154
2026-09-09T00:00:03Z,248,Golden Overseer Ring,0.00072888789,2485.31,1.8115
2026-09-09T00:00:03Z,249,Golden Summoner Ring,0.00067996,2485.31,1.6899
2026-09-09T00:30:03Z,134,Chobo Silver Ring,5.2e-05,2494.57,0.1297
2026-09-09T00:30:03Z,135,Crusader Silver Ring,5.3e-05,2494.57,0.1322
2026-09-09T00:30:03Z,136,Overseer Silver Ring,4.994999999e-05,2494.57,0.1246
2026-09-09T00:30:03Z,137,Athena Silver Ring,4.899999999e-05,2494.57,0.1222
2026-09-09T00:30:03Z,138,Archon Silver Ring,5.195e-05,2494.57,0.1296
2026-09-09T00:30:03Z,139,Foxglove Silver Ring,5.299999999e-05,2494.57,0.1322
2026-09-09T00:30:03Z,140,Summoner Silver Ring,5.2999999999e-05,2494.57,0.1322
2026-09-09T00:30:03Z,243,Golden Archon Ring,0.000699999,2494.57,1.7462
2026-09-09T00:30:03Z,244,Golden Athena Ring,0.0007639599,2494.57,1.9058
2026-09-09T00:30:03Z,245,Golden Chobo Ring,0.00067932,2494.57,1.6946
2026-09-09T00:30:03Z,246,Golden Crusader Ring,0.00076999,2494.57,1.9208
2026-09-09T00:30:03Z,247,Golden Foxglove Ring,0.00064997,2494.57,1.6214
2026-09-09T00:30:03Z,248,Golden Overseer Ring,0.0007889997,2494.57,1.9682
2026-09-09T00:30:03Z,249,Golden Summoner Ring,0.00067996,2494.57,1.6962
2026-09-09T01:00:02Z,134,Chobo Silver Ring,5.2e-05,2495.97,0.1298
2026-09-09T01:00:02Z,135,Crusader Silver Ring,5.3e-05,2495.97,0.1323
2026-09-09T01:00:02Z,136,Overseer Silver Ring,4.994999999e-05,2495.97,0.1247
2026-09-09T01:00:02Z,137,Athena Silver Ring,4.899999999e-05,2495.97,0.1223
2026-09-09T01:00:02Z,138,Archon Silver Ring,5.195e-05,2495.97,0.1297
2026-09-09T01:00:02Z,139,Foxglove Silver Ring,5.299999999e-05,2495.97,0.1323
2026-09-09T01:00:02Z,140,Summoner Silver Ring,5.2999999999e-05,2495.97,0.1323
2026-09-09T01:00:02Z,243,Golden Archon Ring,0.000699999,2495.97,1.7472
2026-09-09T01:00:02Z,244,Golden Athena Ring,0.0007639599,2495.97,1.9068
2026-09-09T01:00:02Z,245,Golden Chobo Ring,0.00067932,2495.97,1.6956
2026-09-09T01:00:02Z,246,Golden Crusader Ring,0.00076999,2495.97,1.9219
2026-09-09T01:00:02Z,247,Golden Foxglove Ring,0.00064997,2495.97,1.6223
2026-09-09T01:00:02Z,248,Golden Overseer Ring,0.0007889997,2495.97,1.9693
2026-09-09T01:00:02Z,249,Golden Summoner Ring,0.00067996,2495.97,1.6972
2026-09-09T01:30:02Z,134,Chobo Silver Ring,5.2e-05,2493.01,0.1296
2026-09-09T01:30:02Z,135,Crusader Silver Ring,5.3e-05,2493.01,0.1321
2026-09-09T01:30:02Z,136,Overseer Silver Ring,4.994999999e-05,2493.01,0.1245
2026-09-09T01:30:02Z,137,Athena Silver Ring,4.899999999e-05,2493.01,0.1222
2026-09-09T01:30:02Z,138,Archon Silver Ring,5.195e-05,2493.01,0.1295
2026-09-09T01:30:02Z,139,Foxglove Silver Ring,5.299999999e-05,2493.01,0.1321
2026-09-09T01:30:02Z,140,Summoner Silver Ring,5.2999999999e-05,2493.01,0.1321
2026-09-09T01:30:02Z,243,Golden Archon Ring,0.0006999989,2493.01,1.7451
2026-09-09T01:30:02Z,244,Golden Athena Ring,0.00076395989,2493.01,1.9046
2026-09-09T01:30:02Z,245,Golden Chobo Ring,0.00067864,2493.01,1.6919
2026-09-09T01:30:02Z,246,Golden Crusader Ring,0.00076999,2493.01,1.9196
2026-09-09T01:30:02Z,247,Golden Foxglove Ring,0.00064997,2493.01,1.6204
2026-09-09T01:30:02Z,248,Golden Overseer Ring,0.00067864,2493.01,1.6919
2026-09-09T01:30:02Z,249,Golden Summoner Ring,0.000679959,2493.01,1.6951
2026-09-09T02:00:01Z,134,Chobo Silver Ring,5.2e-05,2497.71,0.1299
2026-09-09T02:00:01Z,135,Crusader Silver Ring,5.3e-05,2497.71,0.1324
2026-09-09T02:00:01Z,136,Overseer Silver Ring,4.994999999e-05,2497.71,0.1248
2026-09-09T02:00:01Z,137,Athena Silver Ring,4.899999999e-05,2497.71,0.1224
2026-09-09T02:00:01Z,138,Archon Silver Ring,5.19999999999e-05,2497.71,0.1299
2026-09-09T02:00:01Z,139,Foxglove Silver Ring,5.299999999e-05,2497.71,0.1324
2026-09-09T02:00:01Z,140,Summoner Silver Ring,5.2999999999e-05,2497.71,0.1324
2026-09-09T02:00:01Z,243,Golden Archon Ring,0.0006999989,2497.71,1.7484
2026-09-09T02:00:01Z,244,Golden Athena Ring,0.00076395989,2497.71,1.9082
2026-09-09T02:00:01Z,245,Golden Chobo Ring,0.00067864,2497.71,1.695
2026-09-09T02:00:01Z,246,Golden Crusader Ring,0.000786,2497.71,1.9632
2026-09-09T02:00:01Z,247,Golden Foxglove Ring,0.00064997,2497.71,1.6234
2026-09-09T02:00:01Z,248,Golden Overseer Ring,0.00067864,2497.71,1.695
2026-09-09T02:00:01Z,249,Golden Summoner Ring,0.000679959,2497.71,1.6983
2026-09-09T02:30:02Z,134,Chobo Silver Ring,5.2e-05,2496.63,0.1298
2026-09-09T02:30:02Z,135,Crusader Silver Ring,5.3e-05,2496.63,0.1323
2026-09-09T02:30:02Z,136,Overseer Silver Ring,4.994999999e-05,2496.63,0.1247
2026-09-09T02:30:02Z,137,Athena Silver Ring,4.8999999999e-05,2496.63,0.1223
2026-09-09T02:30:02Z,138,Archon Silver Ring,5.19999999999e-05,2496.63,0.1298
2026-09-09T02:30:02Z,139,Foxglove Silver Ring,5.299999999e-05,2496.63,0.1323
2026-09-09T02:30:02Z,140,Summoner Silver Ring,5.2999999999e-05,2496.63,0.1323
2026-09-09T02:30:02Z,243,Golden Archon Ring,0.0006999989,2496.63,1.7476
2026-09-09T02:30:02Z,244,Golden Athena Ring,0.00076395989,2496.63,1.9073
2026-09-09T02:30:02Z,245,Golden Chobo Ring,0.00067864,2496.63,1.6943
2026-09-09T02:30:02Z,246,Golden Crusader Ring,0.000786,2496.63,1.9624
2026-09-09T02:30:02Z,247,Golden Foxglove Ring,0.00064997,2496.63,1.6227
2026-09-09T02:30:02Z,248,Golden Overseer Ring,0.00067864,2496.63,1.6943
2026-09-09T02:30:02Z,249,Golden Summoner Ring,0.000679959,2496.63,1.6976
2026-09-09T03:00:02Z,134,Chobo Silver Ring,5.2e-05,2494.57,0.1297
2026-09-09T03:00:02Z,135,Crusader Silver Ring,5.3e-05,2494.57,0.1322
2026-09-09T03:00:02Z,136,Overseer Silver Ring,4.994999999e-05,2494.57,0.1246
2026-09-09T03:00:02Z,137,Athena Silver Ring,4.8999999999e-05,2494.57,0.1222
2026-09-09T03:00:02Z,138,Archon Silver Ring,5.19999999999e-05,2494.57,0.1297
2026-09-09T03:00:02Z,139,Foxglove Silver Ring,5.299999999e-05,2494.57,0.1322
2026-09-09T03:00:02Z,140,Summoner Silver Ring,5.2999999997e-05,2494.57,0.1322
2026-09-09T03:00:02Z,243,Golden Archon Ring,0.0006999989,2494.57,1.7462
2026-09-09T03:00:02Z,244,Golden Athena Ring,0.00057,2494.57,1.4219
2026-09-09T03:00:02Z,245,Golden Chobo Ring,0.00057,2494.57,1.4219
2026-09-09T03:00:02Z,246,Golden Crusader Ring,0.000786,2494.57,1.9607
2026-09-09T03:00:02Z,247,Golden Foxglove Ring,0.00057,2494.57,1.4219
2026-09-09T03:00:02Z,248,Golden Overseer Ring,0.00057,2494.57,1.4219
2026-09-09T03:00:02Z,249,Golden Summoner Ring,0.000679959,2494.57,1.6962
2026-09-09T03:30:02Z,134,Chobo Silver Ring,5.2e-05,2488.05,0.1294
2026-09-09T03:30:02Z,135,Crusader Silver Ring,5.3e-05,2488.05,0.1319
2026-09-09T03:30:02Z,136,Overseer Silver Ring,4.994999999e-05,2488.05,0.1243
2026-09-09T03:30:02Z,137,Athena Silver Ring,4.8999999999e-05,2488.05,0.1219
2026-09-09T03:30:02Z,138,Archon Silver Ring,5.19999999999e-05,2488.05,0.1294
2026-09-09T03:30:02Z,139,Foxglove Silver Ring,5.299999999e-05,2488.05,0.1319
2026-09-09T03:30:02Z,140,Summoner Silver Ring,5.2999999997e-05,2488.05,0.1319
2026-09-09T03:30:02Z,243,Golden Archon Ring,0.0006999989,2488.05,1.7416
2026-09-09T03:30:02Z,244,Golden Athena Ring,0.00057,2488.05,1.4182
2026-09-09T03:30:02Z,245,Golden Chobo Ring,0.00057,2488.05,1.4182
2026-09-09T03:30:02Z,246,Golden Crusader Ring,0.000786,2488.05,1.9556
2026-09-09T03:30:02Z,247,Golden Foxglove Ring,0.00057,2488.05,1.4182
2026-09-09T03:30:02Z,248,Golden Overseer Ring,0.00057,2488.05,1.4182
2026-09-09T03:30:02Z,249,Golden Summoner Ring,0.000679959,2488.05,1.6918
2026-09-09T04:00:11Z,134,Chobo Silver Ring,5.2e-05,2487.99,0.1294
2026-09-09T04:00:11Z,135,Crusader Silver Ring,6.6997e-05,2487.99,0.1667
2026-09-09T04:00:11Z,136,Overseer Silver Ring,4.994999999e-05,2487.99,0.1243
2026-09-09T04:00:11Z,137,Athena Silver Ring,4.8999999999e-05,2487.99,0.1219
2026-09-09T04:00:11Z,138,Archon Silver Ring,5.19999999999e-05,2487.99,0.1294
2026-09-09T04:00:11Z,139,Foxglove Silver Ring,5.299999999e-05,2487.99,0.1319
2026-09-09T04:00:11Z,140,Summoner Silver Ring,5.2999999997e-05,2487.99,0.1319
2026-09-09T04:00:11Z,243,Golden Archon Ring,0.0006999989,2487.99,1.7416
2026-09-09T04:00:11Z,244,Golden Athena Ring,0.00057,2487.99,1.4182
2026-09-09T04:00:11Z,245,Golden Chobo Ring,0.00057,2487.99,1.4182
2026-09-09T04:00:11Z,246,Golden Crusader Ring,0.000786,2487.99,1.9556
2026-09-09T04:00:11Z,247,Golden Foxglove Ring,0.00057,2487.99,1.4182
2026-09-09T04:00:11Z,248,Golden Overseer Ring,0.00057,2487.99,1.4182
2026-09-09T04:00:11Z,249,Golden Summoner Ring,0.000679959,2487.99,1.6917
2026-09-09T04:30:02Z,134,Chobo Silver Ring,5.2e-05,2496.16,0.1298
2026-09-09T04:30:02Z,135,Crusader Silver Ring,6.6997e-05,2496.16,0.1672
2026-09-09T04:30:02Z,136,Overseer Silver Ring,4.994999999e-05,2496.16,0.1247
2026-09-09T04:30:02Z,137,Athena Silver Ring,4.8999999999e-05,2496.16,0.1223
2026-09-09T04:30:02Z,138,Archon Silver Ring,5.19999999999e-05,2496.16,0.1298
2026-09-09T04:30:02Z,139,Foxglove Silver Ring,5.299999999e-05,2496.16,0.1323
2026-09-09T04:30:02Z,140,Summoner Silver Ring,5.2999999997e-05,2496.16,0.1323
2026-09-09T04:30:02Z,243,Golden Archon Ring,0.0006999989,2496.16,1.7473
2026-09-09T04:30:02Z,244,Golden Athena Ring,0.00057,2496.16,1.4228
2026-09-09T04:30:02Z,245,Golden Chobo Ring,0.00057,2496.16,1.4228
2026-09-09T04:30:02Z,246,Golden Crusader Ring,0.000786,2496.16,1.962
2026-09-09T04:30:02Z,247,Golden Foxglove Ring,0.00057,2496.16,1.4228
2026-09-09T04:30:02Z,248,Golden Overseer Ring,0.00057,2496.16,1.4228
2026-09-09T04:30:02Z,249,Golden Summoner Ring,0.000679959,2496.16,1.6973
2026-09-09T05:00:02Z,134,Chobo Silver Ring,5.29999999999e-05,2509.71,0.133
2026-09-09T05:00:02Z,135,Crusader Silver Ring,6.499999999e-05,2509.71,0.1631
2026-09-09T05:00:02Z,136,Overseer Silver Ring,4.89999999999e-05,2509.71,0.123
2026-09-09T05:00:02Z,137,Athena Silver Ring,4.8999999999e-05,2509.71,0.123
2026-09-09T05:00:02Z,138,Archon Silver Ring,5.19999999999e-05,2509.71,0.1305
2026-09-09T05:00:02Z,139,Foxglove Silver Ring,5.299999999e-05,2509.71,0.133
2026-09-09T05:00:02Z,140,Summoner Silver Ring,4.9999999999e-05,2509.71,0.1255
2026-09-09T05:00:02Z,243,Golden Archon Ring,0.0006999989,2509.71,1.7568
2026-09-09T05:00:02Z,244,Golden Athena Ring,0.00057,2509.71,1.4305
2026-09-09T05:00:02Z,245,Golden Chobo Ring,0.00057,2509.71,1.4305
2026-09-09T05:00:02Z,246,Golden Crusader Ring,0.000786,2509.71,1.9726
2026-09-09T05:00:02Z,247,Golden Foxglove Ring,0.00057,2509.71,1.4305
2026-09-09T05:00:02Z,248,Golden Overseer Ring,0.000537,2509.71,1.3477
2026-09-09T05:00:02Z,249,Golden Summoner Ring,0.000679959,2509.71,1.7065
2026-09-09T05:30:02Z,134,Chobo Silver Ring,5.29999999998e-05,2502.51,0.1326
2026-09-09T05:30:02Z,135,Crusader Silver Ring,6.499999998e-05,2502.51,0.1627
2026-09-09T05:30:02Z,136,Overseer Silver Ring,4.89999999997e-05,2502.51,0.1226
2026-09-09T05:30:02Z,137,Athena Silver Ring,4.8999999997e-05,2502.51,0.1226
2026-09-09T05:30:02Z,138,Archon Silver Ring,5.19999999997e-05,2502.51,0.1301
2026-09-09T05:30:02Z,139,Foxglove Silver Ring,5.299999997e-05,2502.51,0.1326
2026-09-09T05:30:02Z,140,Summoner Silver Ring,4.9999999997e-05,2502.51,0.1251
2026-09-09T05:30:02Z,243,Golden Archon Ring,0.0006999989,2502.51,1.7518
2026-09-09T05:30:02Z,244,Golden Athena Ring,0.00057,2502.51,1.4264
2026-09-09T05:30:02Z,245,Golden Chobo Ring,0.00057,2502.51,1.4264
2026-09-09T05:30:02Z,246,Golden Crusader Ring,0.000786,2502.51,1.967
2026-09-09T05:30:02Z,247,Golden Foxglove Ring,0.00057,2502.51,1.4264
2026-09-09T05:30:02Z,248,Golden Overseer Ring,0.000537,2502.51,1.3438
2026-09-09T05:30:02Z,249,Golden Summoner Ring,0.000679959,2502.51,1.7016
2026-09-09T06:00:02Z,134,Chobo Silver Ring,5.19999999997e-05,2493.42,0.1297
2026-09-09T06:00:02Z,135,Crusader Silver Ring,6.499999998e-05,2493.42,0.1621
2026-09-09T06:00:02Z,136,Overseer Silver Ring,4.89999999997e-05,2493.42,0.1222
2026-09-09T06:00:02Z,137,Athena Silver Ring,4.8999999997e-05,2493.42,0.1222
2026-09-09T06:00:02Z,138,Archon Silver Ring,5.18999999996e-05,2493.42,0.1294
2026-09-09T06:00:02Z,139,Foxglove Silver Ring,5.299999997e-05,2493.42,0.1322
2026-09-09T06:00:02Z,140,Summoner Silver Ring,4.9899999997e-05,2493.42,0.1244
2026-09-09T06:00:02Z,243,Golden Archon Ring,0.0006999989,2493.42,1.7454
2026-09-09T06:00:02Z,244,Golden Athena Ring,0.00057,2493.42,1.4212
2026-09-09T06:00:02Z,245,Golden Chobo Ring,0.00057,2493.42,1.4212
2026-09-09T06:00:02Z,246,Golden Crusader Ring,0.000786,2493.42,1.9598
2026-09-09T06:00:02Z,247,Golden Foxglove Ring,0.00057,2493.42,1.4212
2026-09-09T06:00:02Z,248,Golden Overseer Ring,0.000537,2493.42,1.339
2026-09-09T06:00:02Z,249,Golden Summoner Ring,0.000679959,2493.42,1.6954
2026-09-09T06:30:02Z,134,Chobo Silver Ring,5.19999999997e-05,2501.55,0.1301
2026-09-09T06:30:02Z,135,Crusader Silver Ring,6.499999999001e-05,2501.55,0.1626
2026-09-09T06:30:02Z,136,Overseer Silver Ring,4.899999e-05,2501.55,0.1226
2026-09-09T06:30:02Z,137,Athena Silver Ring,4.8999999997e-05,2501.55,0.1226
2026-09-09T06:30:02Z,138,Archon Silver Ring,5.18999999996e-05,2501.55,0.1298
2026-09-09T06:30:02Z,139,Foxglove Silver Ring,5.299999999e-05,2501.55,0.1326
2026-09-09T06:30:02Z,140,Summoner Silver Ring,4.9999999999e-05,2501.55,0.1251
2026-09-09T06:30:02Z,243,Golden Archon Ring,0.00069999889,2501.55,1.7511
2026-09-09T06:30:02Z,244,Golden Athena Ring,0.00057,2501.55,1.4259
2026-09-09T06:30:02Z,245,Golden Chobo Ring,0.00057,2501.55,1.4259
2026-09-09T06:30:02Z,246,Golden Crusader Ring,0.0007859999,2501.55,1.9662
2026-09-09T06:30:02Z,247,Golden Foxglove Ring,0.00057,2501.55,1.4259
2026-09-09T06:30:02Z,248,Golden Overseer Ring,0.000537,2501.55,1.3433
2026-09-09T06:30:02Z,249,Golden Summoner Ring,0.0006799589,2501.55,1.701
2026-09-09T07:00:02Z,134,Chobo Silver Ring,5.19999999997e-05,2499.53,0.13
2026-09-09T07:00:02Z,135,Crusader Silver Ring,6.499999999001e-05,2499.53,0.1625
2026-09-09T07:00:02Z,136,Overseer Silver Ring,4.899999e-05,2499.53,0.1225
2026-09-09T07:00:02Z,137,Athena Silver Ring,4.8999999997e-05,2499.53,0.1225
2026-09-09T07:00:02Z,138,Archon Silver Ring,5.18999999996e-05,2499.53,0.1297
2026-09-09T07:00:02Z,139,Foxglove Silver Ring,5.299999999e-05,2499.53,0.1325
2026-09-09T07:00:02Z,140,Summoner Silver Ring,4.9999999999e-05,2499.53,0.125
2026-09-09T07:00:02Z,243,Golden Archon Ring,0.00069999889,2499.53,1.7497
2026-09-09T07:00:02Z,244,Golden Athena Ring,0.00057,2499.53,1.4247
2026-09-09T07:00:02Z,245,Golden Chobo Ring,0.00057,2499.53,1.4247
2026-09-09T07:00:02Z,246,Golden Crusader Ring,0.0007859999,2499.53,1.9646
2026-09-09T07:00:02Z,247,Golden Foxglove Ring,0.00057,2499.53,1.4247
2026-09-09T07:00:02Z,248,Golden Overseer Ring,0.000537,2499.53,1.3422
2026-09-09T07:00:02Z,249,Golden Summoner Ring,0.0006799589,2499.53,1.6996
2026-09-09T07:30:04Z,134,Chobo Silver Ring,5.19999999996e-05,2514.12,0.1307
2026-09-09T07:30:04Z,135,Crusader Silver Ring,6.499999999e-05,2514.12,0.1634
2026-09-09T07:30:04Z,136,Overseer Silver Ring,4.899998e-05,2514.12,0.1232
2026-09-09T07:30:04Z,137,Athena Silver Ring,4.8999999996e-05,2514.12,0.1232
2026-09-09T07:30:04Z,138,Archon Silver Ring,5.18999999995e-05,2514.12,0.1305
2026-09-09T07:30:04Z,139,Foxglove Silver Ring,5.299999998e-05,2514.12,0.1332
2026-09-09T07:30:04Z,140,Summoner Silver Ring,4.9999999998e-05,2514.12,0.1257
2026-09-09T07:30:04Z,243,Golden Archon Ring,0.00069999889,2514.12,1.7599
2026-09-09T07:30:04Z,244,Golden Athena Ring,0.00057,2514.12,1.433
2026-09-09T07:30:04Z,245,Golden Chobo Ring,0.00057,2514.12,1.433
2026-09-09T07:30:04Z,246,Golden Crusader Ring,0.0007859999,2514.12,1.9761
2026-09-09T07:30:04Z,247,Golden Foxglove Ring,0.00057,2514.12,1.433
2026-09-09T07:30:04Z,248,Golden Overseer Ring,0.000537,2514.12,1.3501
2026-09-09T07:30:04Z,249,Golden Summoner Ring,0.0006799589,2514.12,1.7095
2026-09-09T08:00:02Z,134,Chobo Silver Ring,5.19999999997e-05,2512.05,0.1306
2026-09-09T08:00:02Z,135,Crusader Silver Ring,6.499999999e-05,2512.05,0.1633
2026-09-09T08:00:02Z,136,Overseer Silver Ring,4.899998e-05,2512.05,0.1231
2026-09-09T08:00:02Z,137,Athena Silver Ring,4.8999999996e-05,2512.05,0.1231
2026-09-09T08:00:02Z,138,Archon Silver Ring,5.18999999995e-05,2512.05,0.1304
2026-09-09T08:00:02Z,139,Foxglove Silver Ring,5.299999998e-05,2512.05,0.1331
2026-09-09T08:00:02Z,140,Summoner Silver Ring,4.9999999998e-05,2512.05,0.1256
2026-09-09T08:00:02Z,243,Golden Archon Ring,0.00069999889,2512.05,1.7584
2026-09-09T08:00:02Z,244,Golden Athena Ring,0.00057,2512.05,1.4319
2026-09-09T08:00:02Z,245,Golden Chobo Ring,0.00057,2512.05,1.4319
2026-09-09T08:00:02Z,246,Golden Crusader Ring,0.0007859998,2512.05,1.9745
2026-09-09T08:00:02Z,247,Golden Foxglove Ring,0.00057,2512.05,1.4319
2026-09-09T08:00:02Z,248,Golden Overseer Ring,0.000537,2512.05,1.349
2026-09-09T08:00:02Z,249,Golden Summoner Ring,0.0006799589,2512.05,1.7081
2026-09-09T08:30:02Z,134,Chobo Silver Ring,5.19999999997e-05,2518.97,0.131
2026-09-09T08:30:02Z,135,Crusader Silver Ring,6.499999999e-05,2518.97,0.1637
2026-09-09T08:30:02Z,136,Overseer Silver Ring,4.899998e-05,2518.97,0.1234
2026-09-09T08:30:02Z,137,Athena Silver Ring,4.8999999996e-05,2518.97,0.1234
2026-09-09T08:30:02Z,138,Archon Silver Ring,5.18999999995e-05,2518.97,0.1307
2026-09-09T08:30:02Z,139,Foxglove Silver Ring,5.299999998e-05,2518.97,0.1335
2026-09-09T08:30:02Z,140,Summoner Silver Ring,4.999e-05,2518.97,0.1259
2026-09-09T08:30:02Z,243,Golden Archon Ring,0.00069999889,2518.97,1.7633
2026-09-09T08:30:02Z,244,Golden Athena Ring,0.00057,2518.97,1.4358
2026-09-09T08:30:02Z,245,Golden Chobo Ring,0.00057,2518.97,1.4358
2026-09-09T08:30:02Z,246,Golden Crusader Ring,0.00078599979,2518.97,1.9799
2026-09-09T08:30:02Z,247,Golden Foxglove Ring,0.00057,2518.97,1.4358
2026-09-09T08:30:02Z,248,Golden Overseer Ring,0.000537,2518.97,1.3527
2026-09-09T08:30:02Z,249,Golden Summoner Ring,0.0006799589,2518.97,1.7128
2026-09-09T09:00:02Z,134,Chobo Silver Ring,5.19999999997e-05,2520.96,0.1311
2026-09-09T09:00:02Z,135,Crusader Silver Ring,6.49999999e-05,2520.96,0.1639
2026-09-09T09:00:02Z,136,Overseer Silver Ring,4.8999979e-05,2520.96,0.1235
2026-09-09T09:00:02Z,137,Athena Silver Ring,4.8999999997e-05,2520.96,0.1235
2026-09-09T09:00:02Z,138,Archon Silver Ring,5.18999999995e-05,2520.96,0.1308
2026-09-09T09:00:02Z,139,Foxglove Silver Ring,5.299999997e-05,2520.96,0.1336
2026-09-09T09:00:02Z,140,Summoner Silver Ring,4.999e-05,2520.96,0.126
2026-09-09T09:00:02Z,243,Golden Archon Ring,0.00069999889,2520.96,1.7647
2026-09-09T09:00:02Z,244,Golden Athena Ring,0.00057,2520.96,1.4369
2026-09-09T09:00:02Z,245,Golden Chobo Ring,0.00057,2520.96,1.4369
2026-09-09T09:00:02Z,246,Golden Crusader Ring,0.000785,2520.96,1.979
2026-09-09T09:00:02Z,247,Golden Foxglove Ring,0.00057,2520.96,1.4369
2026-09-09T09:00:02Z,248,Golden Overseer Ring,0.000537,2520.96,1.3538
2026-09-09T09:00:02Z,249,Golden Summoner Ring,0.0006799589,2520.96,1.7141
2026-09-09T09:30:02Z,134,Chobo Silver Ring,5.19999999997e-05,2509.12,0.1305
2026-09-09T09:30:02Z,135,Crusader Silver Ring,6.49999e-05,2509.12,0.1631
2026-09-09T09:30:02Z,136,Overseer Silver Ring,4.89e-05,2509.12,0.1227
2026-09-09T09:30:02Z,137,Athena Silver Ring,4.89999e-05,2509.12,0.1229
2026-09-09T09:30:02Z,138,Archon Silver Ring,5.18999999996e-05,2509.12,0.1302
2026-09-09T09:30:02Z,139,Foxglove Silver Ring,5.2e-05,2509.12,0.1305
2026-09-09T09:30:02Z,140,Summoner Silver Ring,4.99e-05,2509.12,0.1252
2026-09-09T09:30:02Z,243,Golden Archon Ring,0.00069999889,2509.12,1.7564
2026-09-09T09:30:02Z,244,Golden Athena Ring,0.00057,2509.12,1.4302
2026-09-09T09:30:02Z,245,Golden Chobo Ring,0.00057,2509.12,1.4302
2026-09-09T09:30:02Z,246,Golden Crusader Ring,0.000785,2509.12,1.9697
2026-09-09T09:30:02Z,247,Golden Foxglove Ring,0.00057,2509.12,1.4302
2026-09-09T09:30:02Z,248,Golden Overseer Ring,0.000537,2509.12,1.3474
2026-09-09T09:30:02Z,249,Golden Summoner Ring,0.0006799589,2509.12,1.7061
2026-09-09T10:00:02Z,134,Chobo Silver Ring,5.19999999997e-05,2491.58,0.1296
2026-09-09T10:00:02Z,135,Crusader Silver Ring,6.499989e-05,2491.58,0.162
2026-09-09T10:00:02Z,136,Overseer Silver Ring,4.88999e-05,2491.58,0.1218
2026-09-09T10:00:02Z,137,Athena Silver Ring,4.899989e-05,2491.58,0.1221
2026-09-09T10:00:02Z,138,Archon Silver Ring,5.18999999996e-05,2491.58,0.1293
2026-09-09T10:00:02Z,139,Foxglove Silver Ring,5.19999e-05,2491.58,0.1296
2026-09-09T10:00:02Z,140,Summoner Silver Ring,4.99e-05,2491.58,0.1243
2026-09-09T10:00:02Z,243,Golden Archon Ring,0.00069999889,2491.58,1.7441
2026-09-09T10:00:02Z,244,Golden Athena Ring,0.00057,2491.58,1.4202
2026-09-09T10:00:02Z,245,Golden Chobo Ring,0.00057,2491.58,1.4202
2026-09-09T10:00:02Z,246,Golden Crusader Ring,0.000785,2491.58,1.9559
2026-09-09T10:00:02Z,247,Golden Foxglove Ring,0.00057,2491.58,1.4202
2026-09-09T10:00:02Z,248,Golden Overseer Ring,0.000537,2491.58,1.338
2026-09-09T10:00:02Z,249,Golden Summoner Ring,0.0006799589,2491.58,1.6942
2026-09-09T10:30:02Z,134,Chobo Silver Ring,5.19999999997e-05,2492.64,0.1296
2026-09-09T10:30:02Z,135,Crusader Silver Ring,6.499989e-05,2492.64,0.162
2026-09-09T10:30:02Z,136,Overseer Silver Ring,4.88999e-05,2492.64,0.1219
2026-09-09T10:30:02Z,137,Athena Silver Ring,4.899989e-05,2492.64,0.1221
2026-09-09T10:30:02Z,138,Archon Silver Ring,5.18999999996e-05,2492.64,0.1294
2026-09-09T10:30:02Z,139,Foxglove Silver Ring,5.19999e-05,2492.64,0.1296
2026-09-09T10:30:02Z,140,Summoner Silver Ring,4.99e-05,2492.64,0.1244
2026-09-09T10:30:02Z,243,Golden Archon Ring,0.00069999889,2492.64,1.7448
2026-09-09T10:30:02Z,244,Golden Athena Ring,0.00057,2492.64,1.4208
2026-09-09T10:30:02Z,245,Golden Chobo Ring,0.00057,2492.64,1.4208
2026-09-09T10:30:02Z,246,Golden Crusader Ring,0.000785,2492.64,1.9567
2026-09-09T10:30:02Z,247,Golden Foxglove Ring,0.00057,2492.64,1.4208
2026-09-09T10:30:02Z,248,Golden Overseer Ring,0.000537,2492.64,1.3385
2026-09-09T10:30:02Z,249,Golden Summoner Ring,0.0006799589,2492.64,1.6949
2026-09-09T11:00:02Z,134,Chobo Silver Ring,5.19999999997e-05,2487.28,0.1293
2026-09-09T11:00:02Z,135,Crusader Silver Ring,6.499989e-05,2487.28,0.1617
2026-09-09T11:00:02Z,136,Overseer Silver Ring,4.88999e-05,2487.28,0.1216
2026-09-09T11:00:02Z,137,Athena Silver Ring,4.899989e-05,2487.28,0.1219
2026-09-09T11:00:02Z,138,Archon Silver Ring,5.18999999996e-05,2487.28,0.1291
2026-09-09T11:00:02Z,139,Foxglove Silver Ring,5.19999e-05,2487.28,0.1293
2026-09-09T11:00:02Z,140,Summoner Silver Ring,4.99e-05,2487.28,0.1241
2026-09-09T11:00:02Z,243,Golden Archon Ring,0.0006999988,2487.28,1.7411
2026-09-09T11:00:02Z,244,Golden Athena Ring,0.00057,2487.28,1.4177
2026-09-09T11:00:02Z,245,Golden Chobo Ring,0.00057,2487.28,1.4177
2026-09-09T11:00:02Z,246,Golden Crusader Ring,0.000784,2487.28,1.95
2026-09-09T11:00:02Z,247,Golden Foxglove Ring,0.00057,2487.28,1.4177
2026-09-09T11:00:02Z,248,Golden Overseer Ring,0.000537,2487.28,1.3357
2026-09-09T11:00:02Z,249,Golden Summoner Ring,0.0006799589,2487.28,1.6912
2026-09-09T11:30:02Z,134,Chobo Silver Ring,5.19999999997e-05,2491.59,0.1296
2026-09-09T11:30:02Z,135,Crusader Silver Ring,6.499989e-05,2491.59,0.162
2026-09-09T11:30:02Z,136,Overseer Silver Ring,4.6e-05,2491.59,0.1146
2026-09-09T11:30:02Z,137,Athena Silver Ring,4.899989e-05,2491.59,0.1221
2026-09-09T11:30:02Z,138,Archon Silver Ring,5.18999999996e-05,2491.59,0.1293
2026-09-09T11:30:02Z,139,Foxglove Silver Ring,5.1e-05,2491.59,0.1271
2026-09-09T11:30:02Z,140,Summoner Silver Ring,4.99e-05,2491.59,0.1243
2026-09-09T11:30:02Z,243,Golden Archon Ring,0.0006999988,2491.59,1.7441
2026-09-09T11:30:02Z,244,Golden Athena Ring,0.00057,2491.59,1.4202
2026-09-09T11:30:02Z,245,Golden Chobo Ring,0.00057,2491.59,1.4202
2026-09-09T11:30:02Z,246,Golden Crusader Ring,0.000784,2491.59,1.9534
2026-09-09T11:30:02Z,247,Golden Foxglove Ring,0.00057,2491.59,1.4202
2026-09-09T11:30:02Z,248,Golden Overseer Ring,0.000537,2491.59,1.338
2026-09-09T11:30:02Z,249,Golden Summoner Ring,0.0006799589,2491.59,1.6942
2026-09-09T12:00:02Z,134,Chobo Silver Ring,5.19999999997e-05,2502.21,0.1301
2026-09-09T12:00:02Z,135,Crusader Silver Ring,6.499989e-05,2502.21,0.1626
2026-09-09T12:00:02Z,136,Overseer Silver Ring,4.6e-05,2502.21,0.1151
2026-09-09T12:00:02Z,137,Athena Silver Ring,4.899989e-05,2502.21,0.1226
2026-09-09T12:00:02Z,138,Archon Silver Ring,5.18999999996e-05,2502.21,0.1299
2026-09-09T12:00:02Z,139,Foxglove Silver Ring,5.1e-05,2502.21,0.1276
2026-09-09T12:00:02Z,140,Summoner Silver Ring,4.99e-05,2502.21,0.1249
2026-09-09T12:00:02Z,243,Golden Archon Ring,0.00069999869,2502.21,1.7515
2026-09-09T12:00:02Z,244,Golden Athena Ring,0.00057,2502.21,1.4263
2026-09-09T12:00:02Z,245,Golden Chobo Ring,0.00057,2502.21,1.4263
2026-09-09T12:00:02Z,246,Golden Crusader Ring,0.000784,2502.21,1.9617
2026-09-09T12:00:02Z,247,Golden Foxglove Ring,0.00056999,2502.21,1.4262
2026-09-09T12:00:02Z,248,Golden Overseer Ring,0.000537,2502.21,1.3437
2026-09-09T12:00:02Z,249,Golden Summoner Ring,0.00077,2502.21,1.9267
2026-09-09T12:30:02Z,134,Chobo Silver Ring,5.19999999997e-05,2500.2,0.13
2026-09-09T12:30:02Z,135,Crusader Silver Ring,6.499989e-05,2500.2,0.1625
2026-09-09T12:30:02Z,136,Overseer Silver Ring,4.6e-05,2500.2,0.115
2026-09-09T12:30:02Z,137,Athena Silver Ring,4.899989e-05,2500.2,0.1225
2026-09-09T12:30:02Z,138,Archon Silver Ring,5.18999999996e-05,2500.2,0.1298
2026-09-09T12:30:02Z,139,Foxglove Silver Ring,5.1e-05,2500.2,0.1275
2026-09-09T12:30:02Z,140,Summoner Silver Ring,4.99e-05,2500.2,0.1248
2026-09-09T12:30:02Z,243,Golden Archon Ring,0.00069999869,2500.2,1.7501
2026-09-09T12:30:02Z,244,Golden Athena Ring,0.00057,2500.2,1.4251
2026-09-09T12:30:02Z,245,Golden Chobo Ring,0.00057,2500.2,1.4251
2026-09-09T12:30:02Z,246,Golden Crusader Ring,0.000784,2500.2,1.9602
2026-09-09T12:30:02Z,247,Golden Foxglove Ring,0.00056999,2500.2,1.4251
2026-09-09T12:30:02Z,248,Golden Overseer Ring,0.00057,2500.2,1.4251
2026-09-09T12:30:02Z,249,Golden Summoner Ring,0.00077,2500.2,1.9252
2026-09-09T13:00:02Z,134,Chobo Silver Ring,5.19999999995e-05,2511.69,0.1306
2026-09-09T13:00:02Z,135,Crusader Silver Ring,6.499989e-05,2511.69,0.1633
2026-09-09T13:00:02Z,136,Overseer Silver Ring,4.599998e-05,2511.69,0.1155
2026-09-09T13:00:02Z,137,Athena Silver Ring,4.899988e-05,2511.69,0.1231
2026-09-09T13:00:02Z,138,Archon Silver Ring,5.18999999994e-05,2511.69,0.1304
2026-09-09T13:00:02Z,139,Foxglove Silver Ring,5.09999998e-05,2511.69,0.1281
2026-09-09T13:00:02Z,140,Summoner Silver Ring,4.99e-05,2511.69,0.1253
2026-09-09T13:00:02Z,243,Golden Archon Ring,0.00069999869,2511.69,1.7582
2026-09-09T13:00:02Z,244,Golden Athena Ring,0.00057,2511.69,1.4317
2026-09-09T13:00:02Z,245,Golden Chobo Ring,0.00057,2511.69,1.4317
2026-09-09T13:00:02Z,246,Golden Crusader Ring,0.000784,2511.69,1.9692
2026-09-09T13:00:02Z,247,Golden Foxglove Ring,0.00056999,2511.69,1.4316
2026-09-09T13:00:02Z,248,Golden Overseer Ring,0.00057,2511.69,1.4317
2026-09-09T13:00:02Z,249,Golden Summoner Ring,0.00077,2511.69,1.934
2026-09-09T13:30:02Z,134,Chobo Silver Ring,5.19999999995e-05,2511.65,0.1306
2026-09-09T13:30:02Z,135,Crusader Silver Ring,6.499989e-05,2511.65,0.1633
2026-09-09T13:30:02Z,136,Overseer Silver Ring,4.599998e-05,2511.65,0.1155
2026-09-09T13:30:02Z,137,Athena Silver Ring,4.899988e-05,2511.65,0.1231
2026-09-09T13:30:02Z,138,Archon Silver Ring,5.18999999994e-05,2511.65,0.1304
2026-09-09T13:30:02Z,139,Foxglove Silver Ring,5.09999998e-05,2511.65,0.1281
2026-09-09T13:30:02Z,140,Summoner Silver Ring,4.99e-05,2511.65,0.1253
2026-09-09T13:30:02Z,243,Golden Archon Ring,0.00069999869,2511.65,1.7582
2026-09-09T13:30:02Z,244,Golden Athena Ring,0.00057,2511.65,1.4316
2026-09-09T13:30:02Z,245,Golden Chobo Ring,0.00057,2511.65,1.4316
2026-09-09T13:30:02Z,246,Golden Crusader Ring,0.000784,2511.65,1.9691
2026-09-09T13:30:02Z,247,Golden Foxglove Ring,0.00056999,2511.65,1.4316
2026-09-09T13:30:02Z,248,Golden Overseer Ring,0.00057,2511.65,1.4316
2026-09-09T13:30:02Z,249,Golden Summoner Ring,0.00077,2511.65,1.934
2026-09-09T14:00:02Z,134,Chobo Silver Ring,5.19999999994e-05,2506.74,0.1304
2026-09-09T14:00:02Z,135,Crusader Silver Ring,6.499989e-05,2506.74,0.1629
2026-09-09T14:00:02Z,136,Overseer Silver Ring,4.599998e-05,2506.74,0.1153
2026-09-09T14:00:02Z,137,Athena Silver Ring,4.899988e-05,2506.74,0.1228
2026-09-09T14:00:02Z,138,Archon Silver Ring,5.18999999994e-05,2506.74,0.1301
2026-09-09T14:00:02Z,139,Foxglove Silver Ring,5.09999997e-05,2506.74,0.1278
2026-09-09T14:00:02Z,140,Summoner Silver Ring,4.99e-05,2506.74,0.1251
2026-09-09T14:00:02Z,243,Golden Archon Ring,0.00069999869,2506.74,1.7547
2026-09-09T14:00:02Z,244,Golden Athena Ring,0.00057,2506.74,1.4288
2026-09-09T14:00:02Z,245,Golden Chobo Ring,0.00057,2506.74,1.4288
2026-09-09T14:00:02Z,246,Golden Crusader Ring,0.0007859998,2506.74,1.9703
2026-09-09T14:00:02Z,247,Golden Foxglove Ring,0.00056999,2506.74,1.4288
2026-09-09T14:00:02Z,248,Golden Overseer Ring,0.00057,2506.74,1.4288
2026-09-09T14:00:02Z,249,Golden Summoner Ring,0.00077,2506.74,1.9302
2026-09-09T14:30:02Z,134,Chobo Silver Ring,5.19999999994e-05,2497.63,0.1299
2026-09-09T14:30:02Z,135,Crusader Silver Ring,6.499989e-05,2497.63,0.1623
2026-09-09T14:30:02Z,136,Overseer Silver Ring,4.599998e-05,2497.63,0.1149
2026-09-09T14:30:02Z,137,Athena Silver Ring,4.899988e-05,2497.63,0.1224
2026-09-09T14:30:02Z,138,Archon Silver Ring,5.18999999994e-05,2497.63,0.1296
2026-09-09T14:30:02Z,139,Foxglove Silver Ring,5.09999998e-05,2497.63,0.1274
2026-09-09T14:30:02Z,140,Summoner Silver Ring,4.99e-05,2497.63,0.1246
2026-09-09T14:30:02Z,243,Golden Archon Ring,0.00069999869,2497.63,1.7483
2026-09-09T14:30:02Z,244,Golden Athena Ring,0.00057,2497.63,1.4236
2026-09-09T14:30:02Z,245,Golden Chobo Ring,0.00057,2497.63,1.4236
2026-09-09T14:30:02Z,246,Golden Crusader Ring,0.0007859998,2497.63,1.9631
2026-09-09T14:30:02Z,247,Golden Foxglove Ring,0.00056999,2497.63,1.4236
2026-09-09T14:30:02Z,248,Golden Overseer Ring,0.00057,2497.63,1.4236
2026-09-09T14:30:02Z,249,Golden Summoner Ring,0.00077,2497.63,1.9232
2026-09-09T15:00:02Z,134,Chobo Silver Ring,5.19999999994e-05,2499.04,0.13
2026-09-09T15:00:02Z,135,Crusader Silver Ring,6.4999889e-05,2499.04,0.1624
2026-09-09T15:00:02Z,136,Overseer Silver Ring,4.5999979e-05,2499.04,0.115
2026-09-09T15:00:02Z,137,Athena Silver Ring,4.899988e-05,2499.04,0.1225
2026-09-09T15:00:02Z,138,Archon Silver Ring,5.18999999994e-05,2499.04,0.1297
2026-09-09T15:00:02Z,139,Foxglove Silver Ring,5.09999998e-05,2499.04,0.1275
2026-09-09T15:00:02Z,140,Summoner Silver Ring,4.99e-05,2499.04,0.1247
2026-09-09T15:00:02Z,243,Golden Archon Ring,0.000699998689,2499.04,1.7493
2026-09-09T15:00:02Z,244,Golden Athena Ring,0.00057,2499.04,1.4245
2026-09-09T15:00:02Z,245,Golden Chobo Ring,0.00057,2499.04,1.4245
2026-09-09T15:00:02Z,246,Golden Crusader Ring,0.0007859998,2499.04,1.9642
2026-09-09T15:00:02Z,247,Golden Foxglove Ring,0.00056999,2499.04,1.4244
2026-09-09T15:00:02Z,248,Golden Overseer Ring,0.00057,2499.04,1.4245
2026-09-09T15:00:02Z,249,Golden Summoner Ring,0.00077,2499.04,1.9243
2026-09-09T15:30:02Z,134,Chobo Silver Ring,5.19999999994e-05,2476.7,0.1288
2026-09-09T15:30:02Z,135,Crusader Silver Ring,6.4999889e-05,2476.7,0.161
2026-09-09T15:30:02Z,136,Overseer Silver Ring,4.5999979e-05,2476.7,0.1139
2026-09-09T15:30:02Z,137,Athena Silver Ring,4.899988e-05,2476.7,0.1214
2026-09-09T15:30:02Z,138,Archon Silver Ring,5.18999999994e-05,2476.7,0.1285
2026-09-09T15:30:02Z,139,Foxglove Silver Ring,5.09999998e-05,2476.7,0.1263
2026-09-09T15:30:02Z,140,Summoner Silver Ring,4.99e-05,2476.7,0.1236
2026-09-09T15:30:02Z,243,Golden Archon Ring,0.000699998689,2476.7,1.7337
2026-09-09T15:30:02Z,244,Golden Athena Ring,0.00057,2476.7,1.4117
2026-09-09T15:30:02Z,245,Golden Chobo Ring,0.00057,2476.7,1.4117
2026-09-09T15:30:02Z,246,Golden Crusader Ring,0.0007859998,2476.7,1.9467
2026-09-09T15:30:02Z,247,Golden Foxglove Ring,0.00056999,2476.7,1.4117
2026-09-09T15:30:02Z,248,Golden Overseer Ring,0.00057,2476.7,1.4117
2026-09-09T15:30:02Z,249,Golden Summoner Ring,0.00076923,2476.7,1.9052
2026-09-09T16:00:04Z,134,Chobo Silver Ring,5.19999999993e-05,2490.12,0.1295
2026-09-09T16:00:04Z,135,Crusader Silver Ring,6.4999889e-05,2490.12,0.1619
2026-09-09T16:00:04Z,136,Overseer Silver Ring,4.5999979e-05,2490.12,0.1145
2026-09-09T16:00:04Z,137,Athena Silver Ring,4.899987e-05,2490.12,0.122
2026-09-09T16:00:04Z,138,Archon Silver Ring,5.18999999994e-05,2490.12,0.1292
2026-09-09T16:00:04Z,139,Foxglove Silver Ring,5.09999998e-05,2490.12,0.127
2026-09-09T16:00:04Z,140,Summoner Silver Ring,4.99e-05,2490.12,0.1243
2026-09-09T16:00:04Z,243,Golden Archon Ring,0.000699998689,2490.12,1.7431
2026-09-09T16:00:04Z,244,Golden Athena Ring,0.00057,2490.12,1.4194
2026-09-09T16:00:04Z,245,Golden Chobo Ring,0.00057,2490.12,1.4194
2026-09-09T16:00:04Z,246,Golden Crusader Ring,0.0007859998,2490.12,1.9572
2026-09-09T16:00:04Z,247,Golden Foxglove Ring,0.00056999,2490.12,1.4193
2026-09-09T16:00:04Z,248,Golden Overseer Ring,0.00057,2490.12,1.4194
2026-09-09T16:00:04Z,249,Golden Summoner Ring,0.00076923,2490.12,1.9155
2026-09-09T16:30:02Z,134,Chobo Silver Ring,4.999e-05,2489.51,0.1245
2026-09-09T16:30:02Z,135,Crusader Silver Ring,6.4999889e-05,2489.51,0.1618
2026-09-09T16:30:02Z,136,Overseer Silver Ring,4.599998e-05,2489.51,0.1145
2026-09-09T16:30:02Z,137,Athena Silver Ring,4.899e-05,2489.51,0.122
2026-09-09T16:30:02Z,138,Archon Silver Ring,5.18999999994e-05,2489.51,0.1292
2026-09-09T16:30:02Z,139,Foxglove Silver Ring,5.09999998e-05,2489.51,0.127
2026-09-09T16:30:02Z,140,Summoner Silver Ring,4.99e-05,2489.51,0.1242
2026-09-09T16:30:02Z,243,Golden Archon Ring,0.000699998689,2489.51,1.7427
2026-09-09T16:30:02Z,244,Golden Athena Ring,0.00057,2489.51,1.419
2026-09-09T16:30:02Z,245,Golden Chobo Ring,0.00057,2489.51,1.419
2026-09-09T16:30:02Z,246,Golden Crusader Ring,0.0007859998,2489.51,1.9568
2026-09-09T16:30:02Z,247,Golden Foxglove Ring,0.00056999,2489.51,1.419
2026-09-09T16:30:02Z,248,Golden Overseer Ring,0.00057,2489.51,1.419
2026-09-09T16:30:02Z,249,Golden Summoner Ring,0.00076923,2489.51,1.915
2026-09-09T17:00:02Z,134,Chobo Silver Ring,4.999e-05,2498.64,0.1249
2026-09-09T17:00:02Z,135,Crusader Silver Ring,6.4999888e-05,2498.64,0.1624
2026-09-09T17:00:02Z,136,Overseer Silver Ring,4.599997e-05,2498.64,0.1149
2026-09-09T17:00:02Z,137,Athena Silver Ring,4.8989e-05,2498.64,0.1224
2026-09-09T17:00:02Z,138,Archon Silver Ring,5.1889e-05,2498.64,0.1297
2026-09-09T17:00:02Z,139,Foxglove Silver Ring,4.8e-05,2498.64,0.1199
2026-09-09T17:00:02Z,140,Summoner Silver Ring,4.8e-05,2498.64,0.1199
2026-09-09T17:00:02Z,243,Golden Archon Ring,0.000699998689,2498.64,1.749
2026-09-09T17:00:02Z,244,Golden Athena Ring,0.00057,2498.64,1.4242
2026-09-09T17:00:02Z,245,Golden Chobo Ring,0.00057,2498.64,1.4242
2026-09-09T17:00:02Z,246,Golden Crusader Ring,0.0007859998,2498.64,1.9639
2026-09-09T17:00:02Z,247,Golden Foxglove Ring,0.00056999,2498.64,1.4242
2026-09-09T17:00:02Z,248,Golden Overseer Ring,0.00057,2498.64,1.4242
2026-09-09T17:00:02Z,249,Golden Summoner Ring,0.00076923,2498.64,1.922
2026-09-09T17:30:02Z,134,Chobo Silver Ring,4.999e-05,2497.09,0.1248
2026-09-09T17:30:02Z,135,Crusader Silver Ring,6.4999888e-05,2497.09,0.1623
2026-09-09T17:30:02Z,136,Overseer Silver Ring,4.599997e-05,2497.09,0.1149
2026-09-09T17:30:02Z,137,Athena Silver Ring,4.8989e-05,2497.09,0.1223
2026-09-09T17:30:02Z,138,Archon Silver Ring,5.1889e-05,2497.09,0.1296
2026-09-09T17:30:02Z,139,Foxglove Silver Ring,4.8e-05,2497.09,0.1199
2026-09-09T17:30:02Z,140,Summoner Silver Ring,4.8e-05,2497.09,0.1199
2026-09-09T17:30:02Z,243,Golden Archon Ring,0.000699998689,2497.09,1.748
2026-09-09T17:30:02Z,244,Golden Athena Ring,0.00057,2497.09,1.4233
2026-09-09T17:30:02Z,245,Golden Chobo Ring,0.00057,2497.09,1.4233
2026-09-09T17:30:02Z,246,Golden Crusader Ring,0.0007859998,2497.09,1.9627
2026-09-09T17:30:02Z,247,Golden Foxglove Ring,0.00056999,2497.09,1.4233
2026-09-09T17:30:02Z,248,Golden Overseer Ring,0.00057,2497.09,1.4233
2026-09-09T17:30:02Z,249,Golden Summoner Ring,0.00076923,2497.09,1.9208
2026-09-09T18:00:03Z,134,Chobo Silver Ring,4.999e-05,2494.65,0.1247
2026-09-09T18:00:03Z,135,Crusader Silver Ring,6.4999888e-05,2494.65,0.1622
2026-09-09T18:00:03Z,136,Overseer Silver Ring,4.599997e-05,2494.65,0.1148
2026-09-09T18:00:03Z,137,Athena Silver Ring,4.8989e-05,2494.65,0.1222
2026-09-09T18:00:03Z,138,Archon Silver Ring,5.18999999994e-05,2494.65,0.1295
2026-09-09T18:00:03Z,139,Foxglove Silver Ring,4.8e-05,2494.65,0.1197
2026-09-09T18:00:03Z,140,Summoner Silver Ring,4.8e-05,2494.65,0.1197
2026-09-09T18:00:03Z,243,Golden Archon Ring,0.00069999868,2494.65,1.7463
2026-09-09T18:00:03Z,244,Golden Athena Ring,0.00076395989,2494.65,1.9058
2026-09-09T18:00:03Z,245,Golden Chobo Ring,0.00067864,2494.65,1.693
2026-09-09T18:00:03Z,246,Golden Crusader Ring,0.0007859998,2494.65,1.9608
2026-09-09T18:00:03Z,247,Golden Foxglove Ring,0.00057,2494.65,1.422
2026-09-09T18:00:03Z,248,Golden Overseer Ring,0.00067864,2494.65,1.693
2026-09-09T18:00:03Z,249,Golden Summoner Ring,0.00076923,2494.65,1.919
2026-09-09T18:05:12Z,134,Chobo Silver Ring,4.999e-05,2494.07,0.1247
2026-09-09T18:05:12Z,135,Crusader Silver Ring,6.4999888e-05,2494.07,0.1621
2026-09-09T18:05:12Z,136,Overseer Silver Ring,4.599997e-05,2494.07,0.1147
2026-09-09T18:05:12Z,137,Athena Silver Ring,4.8989e-05,2494.07,0.1222
2026-09-09T18:05:12Z,138,Archon Silver Ring,5.18999999994e-05,2494.07,0.1294
2026-09-09T18:05:12Z,139,Foxglove Silver Ring,4.8e-05,2494.07,0.1197
2026-09-09T18:05:12Z,140,Summoner Silver Ring,4.8e-05,2494.07,0.1197
2026-09-09T18:05:12Z,243,Golden Archon Ring,0.00069999868,2494.07,1.7458
2026-09-09T18:05:12Z,244,Golden Athena Ring,0.00076395989,2494.07,1.9054
2026-09-09T18:05:12Z,245,Golden Chobo Ring,0.00067864,2494.07,1.6926
2026-09-09T18:05:12Z,246,Golden Crusader Ring,0.0007859998,2494.07,1.9603
2026-09-09T18:05:12Z,247,Golden Foxglove Ring,0.00057,2494.07,1.4216
2026-09-09T18:05:12Z,248,Golden Overseer Ring,0.00067864,2494.07,1.6926
2026-09-09T18:05:12Z,249,Golden Summoner Ring,0.00076923,2494.07,1.9185
2026-09-09T18:30:02Z,134,Chobo Silver Ring,4.99899e-05,2490.77,0.1245
2026-09-09T18:30:02Z,135,Crusader Silver Ring,6.4999887e-05,2490.77,0.1619
2026-09-09T18:30:02Z,136,Overseer Silver Ring,4.599998e-05,2490.77,0.1146
2026-09-09T18:30:02Z,137,Athena Silver Ring,4.8988e-05,2490.77,0.122
2026-09-09T18:30:02Z,138,Archon Silver Ring,5.18999999994e-05,2490.77,0.1293
2026-09-09T18:30:02Z,139,Foxglove Silver Ring,4.8e-05,2490.77,0.1196
2026-09-09T18:30:02Z,140,Summoner Silver Ring,4.9989e-05,2490.77,0.1245
2026-09-09T18:30:02Z,243,Golden Archon Ring,0.00069999868,2490.77,1.7435
2026-09-09T18:30:02Z,244,Golden Athena Ring,0.00076395985,2490.77,1.9028
2026-09-09T18:30:02Z,245,Golden Chobo Ring,0.00067864,2490.77,1.6903
2026-09-09T18:30:02Z,246,Golden Crusader Ring,0.0007859998,2490.77,1.9577
2026-09-09T18:30:02Z,247,Golden Foxglove Ring,0.00057,2490.77,1.4197
2026-09-09T18:30:02Z,248,Golden Overseer Ring,0.00067864,2490.77,1.6903
2026-09-09T18:30:02Z,249,Golden Summoner Ring,0.00076922,2490.77,1.916
2026-09-09T19:00:02Z,134,Chobo Silver Ring,4e-05,2488.62,0.0995
2026-09-09T19:00:02Z,135,Crusader Silver Ring,6e-05,2488.62,0.1493
2026-09-09T19:00:02Z,136,Overseer Silver Ring,4.499e-05,2488.62,0.112
2026-09-09T19:00:02Z,137,Athena Silver Ring,4e-05,2488.62,0.0995
2026-09-09T19:00:02Z,138,Archon Silver Ring,5.099e-05,2488.62,0.1269
2026-09-09T19:00:02Z,139,Foxglove Silver Ring,4.7e-05,2488.62,0.117
2026-09-09T19:00:02Z,140,Summoner Silver Ring,4.89999e-05,2488.62,0.1219
2026-09-09T19:00:02Z,243,Golden Archon Ring,0.00069999868,2488.62,1.742
2026-09-09T19:00:02Z,244,Golden Athena Ring,0.00076395985,2488.62,1.9012
2026-09-09T19:00:02Z,245,Golden Chobo Ring,0.00067864,2488.62,1.6889
2026-09-09T19:00:02Z,246,Golden Crusader Ring,0.0007859997,2488.62,1.9561
2026-09-09T19:00:02Z,247,Golden Foxglove Ring,0.00057,2488.62,1.4185
2026-09-09T19:00:02Z,248,Golden Overseer Ring,0.00067864,2488.62,1.6889
2026-09-09T19:00:02Z,249,Golden Summoner Ring,0.00076922,2488.62,1.9143
2026-09-09T19:30:02Z,134,Chobo Silver Ring,4.89999e-05,2482.6,0.1216
2026-09-09T19:30:02Z,135,Crusader Silver Ring,5.9999e-05,2482.6,0.149
2026-09-09T19:30:02Z,136,Overseer Silver Ring,4e-05,2482.6,0.0993
2026-09-09T19:30:02Z,137,Athena Silver Ring,4.8988e-05,2482.6,0.1216
2026-09-09T19:30:02Z,138,Archon Silver Ring,5.099e-05,2482.6,0.1266
2026-09-09T19:30:02Z,139,Foxglove Silver Ring,4.7e-05,2482.6,0.1167
2026-09-09T19:30:02Z,140,Summoner Silver Ring,4.89999e-05,2482.6,0.1216
2026-09-09T19:30:02Z,243,Golden Archon Ring,0.00065,2482.6,1.6137
2026-09-09T19:30:02Z,244,Golden Athena Ring,0.00072,2482.6,1.7875
2026-09-09T19:30:02Z,245,Golden Chobo Ring,0.00065,2482.6,1.6137
2026-09-09T19:30:02Z,246,Golden Crusader Ring,0.00074,2482.6,1.8371
2026-09-09T19:30:02Z,247,Golden Foxglove Ring,0.00054,2482.6,1.3406
2026-09-09T19:30:02Z,248,Golden Overseer Ring,0.00064,2482.6,1.5889
2026-09-09T19:30:02Z,249,Golden Summoner Ring,0.00076922,2482.6,1.9097
2026-09-09T20:00:03Z,134,Chobo Silver Ring,4.89999e-05,2465.19,0.1208
2026-09-09T20:00:03Z,135,Crusader Silver Ring,6.4999886e-05,2465.19,0.1602
2026-09-09T20:00:03Z,136,Overseer Silver Ring,4.499e-05,2465.19,0.1109
2026-09-09T20:00:03Z,137,Athena Silver Ring,4.8988e-05,2465.19,0.1208
2026-09-09T20:00:03Z,138,Archon Silver Ring,5.099e-05,2465.19,0.1257
2026-09-09T20:00:03Z,139,Foxglove Silver Ring,4.7e-05,2465.19,0.1159
2026-09-09T20:00:03Z,140,Summoner Silver Ring,4.89999e-05,2465.19,0.1208
2026-09-09T20:00:03Z,243,Golden Archon Ring,0.0006499,2465.19,1.6021
2026-09-09T20:00:03Z,244,Golden Athena Ring,0.00071999,2465.19,1.7749
2026-09-09T20:00:03Z,245,Golden Chobo Ring,0.0006499,2465.19,1.6021
2026-09-09T20:00:03Z,246,Golden Crusader Ring,0.00074,2465.19,1.8242
2026-09-09T20:00:03Z,247,Golden Foxglove Ring,0.00054,2465.19,1.3312
2026-09-09T20:00:03Z,248,Golden Overseer Ring,0.00064,2465.19,1.5777
2026-09-09T20:00:03Z,249,Golden Summoner Ring,0.00076922,2465.19,1.8963
2026-09-09T20:30:02Z,134,Chobo Silver Ring,4.89999e-05,2463.36,0.1207
2026-09-09T20:30:02Z,135,Crusader Silver Ring,6.4999886e-05,2463.36,0.1601
2026-09-09T20:30:02Z,136,Overseer Silver Ring,4.49999e-05,2463.36,0.1109
2026-09-09T20:30:02Z,137,Athena Silver Ring,4.8988e-05,2463.36,0.1207
2026-09-09T20:30:02Z,138,Archon Silver Ring,5.099e-05,2463.36,0.1256
2026-09-09T20:30:02Z,139,Foxglove Silver Ring,4.69999999e-05,2463.36,0.1158
2026-09-09T20:30:02Z,140,Summoner Silver Ring,4.89999e-05,2463.36,0.1207
2026-09-09T20:30:02Z,243,Golden Archon Ring,0.0006499,2463.36,1.6009
2026-09-09T20:30:02Z,244,Golden Athena Ring,0.00071999,2463.36,1.7736
2026-09-09T20:30:02Z,245,Golden Chobo Ring,0.0006499,2463.36,1.6009
2026-09-09T20:30:02Z,246,Golden Crusader Ring,0.00074,2463.36,1.8229
2026-09-09T20:30:02Z,247,Golden Foxglove Ring,0.00054,2463.36,1.3302
2026-09-09T20:30:02Z,248,Golden Overseer Ring,0.00064,2463.36,1.5766
2026-09-09T20:30:02Z,249,Golden Summoner Ring,0.00077,2463.36,1.8968
2026-09-09T21:00:02Z,134,Chobo Silver Ring,4.8999999999e-05,2469.69,0.121
2026-09-09T21:00:02Z,135,Crusader Silver Ring,6.4999888e-05,2469.69,0.1605
2026-09-09T21:00:02Z,136,Overseer Silver Ring,4.599998e-05,2469.69,0.1136
2026-09-09T21:00:02Z,137,Athena Silver Ring,4.899988e-05,2469.69,0.121
2026-09-09T21:00:02Z,138,Archon Silver Ring,5.099e-05,2469.69,0.1259
2026-09-09T21:00:02Z,139,Foxglove Silver Ring,5.0999999801e-05,2469.69,0.126
2026-09-09T21:00:02Z,140,Summoner Silver Ring,4.899999999e-05,2469.69,0.121
2026-09-09T21:00:02Z,243,Golden Archon Ring,0.00064999,2469.69,1.6053
2026-09-09T21:00:02Z,244,Golden Athena Ring,0.00072,2469.69,1.7782
2026-09-09T21:00:02Z,245,Golden Chobo Ring,0.00065,2469.69,1.6053
2026-09-09T21:00:02Z,246,Golden Crusader Ring,0.00074,2469.69,1.8276
2026-09-09T21:00:02Z,247,Golden Foxglove Ring,0.00057,2469.69,1.4077
2026-09-09T21:00:02Z,248,Golden Overseer Ring,0.000789,2469.69,1.9486
2026-09-09T21:00:02Z,249,Golden Summoner Ring,0.00077,2469.69,1.9017
2026-09-09T21:30:02Z,134,Chobo Silver Ring,4.8999999999e-05,2470.45,0.1211
2026-09-09T21:30:02Z,135,Crusader Silver Ring,6.4999888e-05,2470.45,0.1606
2026-09-09T21:30:02Z,136,Overseer Silver Ring,4.599998e-05,2470.45,0.1136
2026-09-09T21:30:02Z,137,Athena Silver Ring,4.899988e-05,2470.45,0.1211
2026-09-09T21:30:02Z,138,Archon Silver Ring,5.099e-05,2470.45,0.126
2026-09-09T21:30:02Z,139,Foxglove Silver Ring,5.0999999801e-05,2470.45,0.126
2026-09-09T21:30:02Z,140,Summoner Silver Ring,4.899999999e-05,2470.45,0.1211
2026-09-09T21:30:02Z,243,Golden Archon Ring,0.00064999,2470.45,1.6058
2026-09-09T21:30:02Z,244,Golden Athena Ring,0.00072,2470.45,1.7787
2026-09-09T21:30:02Z,245,Golden Chobo Ring,0.00065,2470.45,1.6058
2026-09-09T21:30:02Z,246,Golden Crusader Ring,0.00074,2470.45,1.8281
2026-09-09T21:30:02Z,247,Golden Foxglove Ring,0.000729999,2470.45,1.8034
2026-09-09T21:30:02Z,248,Golden Overseer Ring,0.000789,2470.45,1.9492
2026-09-09T21:30:02Z,249,Golden Summoner Ring,0.00077,2470.45,1.9022
2026-09-09T22:00:02Z,134,Chobo Silver Ring,4.8999999999e-05,2460.21,0.1206
2026-09-09T22:00:02Z,135,Crusader Silver Ring,6.4999888e-05,2460.21,0.1599
2026-09-09T22:00:02Z,136,Overseer Silver Ring,4.599998e-05,2460.21,0.1132
2026-09-09T22:00:02Z,137,Athena Silver Ring,4.899988e-05,2460.21,0.1205
2026-09-09T22:00:02Z,138,Archon Silver Ring,5.099e-05,2460.21,0.1254
2026-09-09T22:00:02Z,139,Foxglove Silver Ring,5.0999999801e-05,2460.21,0.1255
2026-09-09T22:00:02Z,140,Summoner Silver Ring,4.899999999e-05,2460.21,0.1206
2026-09-09T22:00:02Z,243,Golden Archon Ring,0.00064999,2460.21,1.5991
2026-09-09T22:00:02Z,244,Golden Athena Ring,0.00072,2460.21,1.7714
2026-09-09T22:00:02Z,245,Golden Chobo Ring,0.000699,2460.21,1.7197
2026-09-09T22:00:02Z,246,Golden Crusader Ring,0.00074,2460.21,1.8206
2026-09-09T22:00:02Z,247,Golden Foxglove Ring,0.00072999899,2460.21,1.796
2026-09-09T22:00:02Z,248,Golden Overseer Ring,0.000789,2460.21,1.9411
2026-09-09T22:00:02Z,249,Golden Summoner Ring,0.00077,2460.21,1.8944
2026-09-09T22:30:02Z,134,Chobo Silver Ring,4.8999999999e-05,2454.17,0.1203
2026-09-09T22:30:02Z,135,Crusader Silver Ring,6.4999888e-05,2454.17,0.1595
2026-09-09T22:30:02Z,136,Overseer Silver Ring,4.599998e-05,2454.17,0.1129
2026-09-09T22:30:02Z,137,Athena Silver Ring,4.899988e-05,2454.17,0.1203
2026-09-09T22:30:02Z,138,Archon Silver Ring,5.099e-05,2454.17,0.1251
2026-09-09T22:30:02Z,139,Foxglove Silver Ring,5.0999999801e-05,2454.17,0.1252
2026-09-09T22:30:02Z,140,Summoner Silver Ring,4.899999999e-05,2454.17,0.1203
2026-09-09T22:30:02Z,243,Golden Archon Ring,0.00064999,2454.17,1.5952
2026-09-09T22:30:02Z,244,Golden Athena Ring,0.00072,2454.17,1.767
2026-09-09T22:30:02Z,245,Golden Chobo Ring,0.000699,2454.17,1.7155
2026-09-09T22:30:02Z,246,Golden Crusader Ring,0.00074,2454.17,1.8161
2026-09-09T22:30:02Z,247,Golden Foxglove Ring,0.00072999899,2454.17,1.7915
2026-09-09T22:30:02Z,248,Golden Overseer Ring,0.000789,2454.17,1.9363
2026-09-09T22:30:02Z,249,Golden Summoner Ring,0.00077,2454.17,1.8897
2026-09-09T23:00:03Z,134,Chobo Silver Ring,4.8999999998e-05,2451.02,0.1201
2026-09-09T23:00:03Z,135,Crusader Silver Ring,6.399999999999e-05,2451.02,0.1569
2026-09-09T23:00:03Z,136,Overseer Silver Ring,4.4999999999999e-05,2451.02,0.1103
2026-09-09T23:00:03Z,137,Athena Silver Ring,4.899986e-05,2451.02,0.1201
2026-09-09T23:00:03Z,138,Archon Silver Ring,5.098999999e-05,2451.02,0.125
2026-09-09T23:00:03Z,139,Foxglove Silver Ring,5.088999999999e-05,2451.02,0.1247
2026-09-09T23:00:03Z,140,Summoner Silver Ring,4.699989999e-05,2451.02,0.1152
2026-09-09T23:00:03Z,243,Golden Archon Ring,0.00064999,2451.02,1.5931
2026-09-09T23:00:03Z,244,Golden Athena Ring,0.0007199,2451.02,1.7645
2026-09-09T23:00:03Z,245,Golden Chobo Ring,0.000699,2451.02,1.7133
2026-09-09T23:00:03Z,246,Golden Crusader Ring,0.00074,2451.02,1.8138
2026-09-09T23:00:03Z,247,Golden Foxglove Ring,0.0007299989,2451.02,1.7892
2026-09-09T23:00:03Z,248,Golden Overseer Ring,0.000789,2451.02,1.9339
2026-09-09T23:00:03Z,249,Golden Summoner Ring,0.00077,2451.02,1.8873
2026-09-09T23:30:02Z,134,Chobo Silver Ring,4.8999999998e-05,2459.86,0.1205
2026-09-09T23:30:02Z,135,Crusader Silver Ring,6.399999999999e-05,2459.86,0.1574
2026-09-09T23:30:02Z,136,Overseer Silver Ring,4.4999999999999e-05,2459.86,0.1107
2026-09-09T23:30:02Z,137,Athena Silver Ring,4.899986e-05,2459.86,0.1205
2026-09-09T23:30:02Z,138,Archon Silver Ring,5.098999999e-05,2459.86,0.1254
2026-09-09T23:30:02Z,139,Foxglove Silver Ring,5.088999999999e-05,2459.86,0.1252
2026-09-09T23:30:02Z,140,Summoner Silver Ring,4.699989999e-05,2459.86,0.1156
2026-09-09T23:30:02Z,243,Golden Archon Ring,0.00064999,2459.86,1.5989
2026-09-09T23:30:02Z,244,Golden Athena Ring,0.0007199,2459.86,1.7709
2026-09-09T23:30:02Z,245,Golden Chobo Ring,0.000699,2459.86,1.7194
2026-09-09T23:30:02Z,246,Golden Crusader Ring,0.00074,2459.86,1.8203
2026-09-09T23:30:02Z,247,Golden Foxglove Ring,0.0007299989,2459.86,1.7957
2026-09-09T23:30:02Z,248,Golden Overseer Ring,0.000789,2459.86,1.9408
2026-09-09T23:30:02Z,249,Golden Summoner Ring,0.00077,2459.86,1.8941
2026-09-10T00:00:03Z,134,Chobo Silver Ring,4.8999999998e-05,2467.5,0.1209
2026-09-10T00:00:03Z,135,Crusader Silver Ring,6.399999999999e-05,2467.5,0.1579
2026-09-10T00:00:03Z,136,Overseer Silver Ring,4.59999801e-05,2467.5,0.1135
2026-09-10T00:00:03Z,137,Athena Silver Ring,4.899986e-05,2467.5,0.1209
2026-09-10T00:00:03Z,138,Archon Silver Ring,5.098999999e-05,2467.5,0.1258
2026-09-10T00:00:03Z,139,Foxglove Silver Ring,4.4e-05,2467.5,0.1086
2026-09-10T00:00:03Z,140,Summoner Silver Ring,4.699989999e-05,2467.5,0.116
2026-09-10T00:00:03Z,243,Golden Archon Ring,0.000649989,2467.5,1.6038
2026-09-10T00:00:03Z,244,Golden Athena Ring,0.00071989,2467.5,1.7763
2026-09-10T00:00:03Z,245,Golden Chobo Ring,0.000699,2467.5,1.7248
2026-09-10T00:00:03Z,246,Golden Crusader Ring,0.00074,2467.5,1.8259
2026-09-10T00:00:03Z,247,Golden Foxglove Ring,0.0007299989,2467.5,1.8013
2026-09-10T00:00:03Z,248,Golden Overseer Ring,0.000789,2467.5,1.9469
2026-09-10T00:00:03Z,249,Golden Summoner Ring,0.00077,2467.5,1.9
2026-09-10T00:30:02Z,134,Chobo Silver Ring,4.8999999998e-05,2469.45,0.121
2026-09-10T00:30:02Z,135,Crusader Silver Ring,6.399999999999e-05,2469.45,0.158
2026-09-10T00:30:02Z,136,Overseer Silver Ring,4.5e-05,2469.45,0.1111
2026-09-10T00:30:02Z,137,Athena Silver Ring,3.9e-05,2469.45,0.0963
2026-09-10T00:30:02Z,138,Archon Silver Ring,4.2e-05,2469.45,0.1037
2026-09-10T00:30:02Z,139,Foxglove Silver Ring,5e-05,2469.45,0.1235
2026-09-10T00:30:02Z,140,Summoner Silver Ring,3.9e-05,2469.45,0.0963
2026-09-10T00:30:02Z,243,Golden Archon Ring,0.000649989,2469.45,1.6051
2026-09-10T00:30:02Z,244,Golden Athena Ring,0.00071989,2469.45,1.7777
2026-09-10T00:30:02Z,245,Golden Chobo Ring,0.000699,2469.45,1.7261
2026-09-10T00:30:02Z,246,Golden Crusader Ring,0.00074,2469.45,1.8274
2026-09-10T00:30:02Z,247,Golden Foxglove Ring,0.0007299989,2469.45,1.8027
2026-09-10T00:30:02Z,248,Golden Overseer Ring,0.000789,2469.45,1.9484
2026-09-10T00:30:02Z,249,Golden Summoner Ring,0.00077,2469.45,1.9015
2026-09-10T01:00:03Z,134,Chobo Silver Ring,4.8999999999e-05,2466.17,0.1208
2026-09-10T01:00:03Z,135,Crusader Silver Ring,6.4999889e-05,2466.17,0.1603
2026-09-10T01:00:03Z,136,Overseer Silver Ring,4.599998e-05,2466.17,0.1134
2026-09-10T01:00:03Z,137,Athena Silver Ring,4.899988e-05,2466.17,0.1208
2026-09-10T01:00:03Z,138,Archon Silver Ring,5.09999e-05,2466.17,0.1258
2026-09-10T01:00:03Z,139,Foxglove Silver Ring,5.088999999999e-05,2466.17,0.1255
2026-09-10T01:00:03Z,140,Summoner Silver Ring,4.699989999e-05,2466.17,0.1159
2026-09-10T01:00:03Z,243,Golden Archon Ring,0.000649989,2466.17,1.603
2026-09-10T01:00:03Z,244,Golden Athena Ring,0.00071989,2466.17,1.7754
2026-09-10T01:00:03Z,245,Golden Chobo Ring,0.000699,2466.17,1.7239
2026-09-10T01:00:03Z,246,Golden Crusader Ring,0.00074,2466.17,1.825
2026-09-10T01:00:03Z,247,Golden Foxglove Ring,0.0007299989,2466.17,1.8003
2026-09-10T01:00:03Z,248,Golden Overseer Ring,0.000789,2466.17,1.9458
2026-09-10T01:00:03Z,249,Golden Summoner Ring,0.00077,2466.17,1.899
2026-09-10T01:30:03Z,134,Chobo Silver Ring,4.99899e-05,2465.48,0.1232
2026-09-10T01:30:03Z,135,Crusader Silver Ring,6.4999889e-05,2465.48,0.1603
2026-09-10T01:30:03Z,136,Overseer Silver Ring,4.599998e-05,2465.48,0.1134
2026-09-10T01:30:03Z,137,Athena Silver Ring,4.899988e-05,2465.48,0.1208
2026-09-10T01:30:03Z,138,Archon Silver Ring,5.0999901e-05,2465.48,0.1257
2026-09-10T01:30:03Z,139,Foxglove Silver Ring,5.088999999999e-05,2465.48,0.1255
2026-09-10T01:30:03Z,140,Summoner Silver Ring,4.699989999e-05,2465.48,0.1159
2026-09-10T01:30:03Z,243,Golden Archon Ring,0.000649989,2465.48,1.6025
2026-09-10T01:30:03Z,244,Golden Athena Ring,0.00071989,2465.48,1.7749
2026-09-10T01:30:03Z,245,Golden Chobo Ring,0.000699,2465.48,1.7234
2026-09-10T01:30:03Z,246,Golden Crusader Ring,0.00074,2465.48,1.8245
2026-09-10T01:30:03Z,247,Golden Foxglove Ring,0.0007299989,2465.48,1.7998
2026-09-10T01:30:03Z,248,Golden Overseer Ring,0.000789,2465.48,1.9453
2026-09-10T01:30:03Z,249,Golden Summoner Ring,0.00076923,2465.48,1.8965
2026-09-10T02:00:03Z,134,Chobo Silver Ring,4.99899e-05,2462.2,0.1231
2026-09-10T02:00:03Z,135,Crusader Silver Ring,6.4999889e-05,2462.2,0.16
2026-09-10T02:00:03Z,136,Overseer Silver Ring,4.599998e-05,2462.2,0.1133
2026-09-10T02:00:03Z,137,Athena Silver Ring,4.89998801e-05,2462.2,0.1206
2026-09-10T02:00:03Z,138,Archon Silver Ring,4e-05,2462.2,0.0985
2026-09-10T02:00:03Z,139,Foxglove Silver Ring,5.0999999801e-05,2462.2,0.1256
2026-09-10T02:00:03Z,140,Summoner Silver Ring,4e-05,2462.2,0.0985
2026-09-10T02:00:03Z,243,Golden Archon Ring,0.000649989,2462.2,1.6004
2026-09-10T02:00:03Z,244,Golden Athena Ring,0.00071,2462.2,1.7482
2026-09-10T02:00:03Z,245,Golden Chobo Ring,0.000699,2462.2,1.7211
2026-09-10T02:00:03Z,246,Golden Crusader Ring,0.00074,2462.2,1.822
2026-09-10T02:00:03Z,247,Golden Foxglove Ring,0.0007299989,2462.2,1.7974
2026-09-10T02:00:03Z,248,Golden Overseer Ring,0.000789,2462.2,1.9427
2026-09-10T02:00:03Z,249,Golden Summoner Ring,0.00076923,2462.2,1.894
2026-09-10T02:30:03Z,134,Chobo Silver Ring,4.99899e-05,2460,0.123
2026-09-10T02:30:03Z,135,Crusader Silver Ring,6.4999889e-05,2460,0.1599
2026-09-10T02:30:03Z,136,Overseer Silver Ring,4.599998e-05,2460,0.1132
2026-09-10T02:30:03Z,137,Athena Silver Ring,4.89998801e-05,2460,0.1205
2026-09-10T02:30:03Z,138,Archon Silver Ring,4e-05,2460,0.0984
2026-09-10T02:30:03Z,139,Foxglove Silver Ring,5.0999999801e-05,2460,0.1255
2026-09-10T02:30:03Z,140,Summoner Silver Ring,4e-05,2460,0.0984
2026-09-10T02:30:03Z,243,Golden Archon Ring,0.000649989,2460,1.599
2026-09-10T02:30:03Z,244,Golden Athena Ring,0.00071,2460,1.7466
2026-09-10T02:30:03Z,245,Golden Chobo Ring,0.000699,2460,1.7195
2026-09-10T02:30:03Z,246,Golden Crusader Ring,0.00074,2460,1.8204
2026-09-10T02:30:03Z,247,Golden Foxglove Ring,0.0007299989,2460,1.7958
2026-09-10T02:30:03Z,248,Golden Overseer Ring,0.000789,2460,1.9409
2026-09-10T02:30:03Z,249,Golden Summoner Ring,0.00076923,2460,1.8923
2026-09-10T03:00:02Z,134,Chobo Silver Ring,4.99899e-05,2473.55,0.1237
2026-09-10T03:00:02Z,135,Crusader Silver Ring,6.4999889e-05,2473.55,0.1608
2026-09-10T03:00:02Z,136,Overseer Silver Ring,4.599998e-05,2473.55,0.1138
2026-09-10T03:00:02Z,137,Athena Silver Ring,4.89998801e-05,2473.55,0.1212
2026-09-10T03:00:02Z,138,Archon Silver Ring,4e-05,2473.55,0.0989
2026-09-10T03:00:02Z,139,Foxglove Silver Ring,5.0999999801e-05,2473.55,0.1262
2026-09-10T03:00:02Z,140,Summoner Silver Ring,4.69998999901e-05,2473.55,0.1163
2026-09-10T03:00:02Z,243,Golden Archon Ring,0.000649989,2473.55,1.6078
2026-09-10T03:00:02Z,244,Golden Athena Ring,0.00071,2473.55,1.7562
2026-09-10T03:00:02Z,245,Golden Chobo Ring,0.000699,2473.55,1.729
2026-09-10T03:00:02Z,246,Golden Crusader Ring,0.00074,2473.55,1.8304
2026-09-10T03:00:02Z,247,Golden Foxglove Ring,0.0007299989,2473.55,1.8057
2026-09-10T03:00:02Z,248,Golden Overseer Ring,0.00079999,2473.55,1.9788
2026-09-10T03:00:02Z,249,Golden Summoner Ring,0.00076923,2473.55,1.9027
2026-09-10T03:30:04Z,134,Chobo Silver Ring,4.99899e-05,2475.61,0.1238
2026-09-10T03:30:04Z,135,Crusader Silver Ring,6.4999889e-05,2475.61,0.1609
2026-09-10T03:30:04Z,136,Overseer Silver Ring,4.599998e-05,2475.61,0.1139
2026-09-10T03:30:04Z,137,Athena Silver Ring,4.899989999999e-05,2475.61,0.1213
2026-09-10T03:30:04Z,138,Archon Silver Ring,5.099999999999e-05,2475.61,0.1263
2026-09-10T03:30:04Z,139,Foxglove Silver Ring,5.0999999801e-05,2475.61,0.1263
2026-09-10T03:30:04Z,140,Summoner Silver Ring,4.899999999e-05,2475.61,0.1213
2026-09-10T03:30:04Z,243,Golden Archon Ring,0.000649989,2475.61,1.6091
2026-09-10T03:30:04Z,244,Golden Athena Ring,0.00071,2475.61,1.7577
2026-09-10T03:30:04Z,245,Golden Chobo Ring,0.000699,2475.61,1.7305
2026-09-10T03:30:04Z,246,Golden Crusader Ring,0.00074,2475.61,1.832
2026-09-10T03:30:04Z,247,Golden Foxglove Ring,0.0007299989,2475.61,1.8072
2026-09-10T03:30:04Z,248,Golden Overseer Ring,0.00079999,2475.61,1.9805
2026-09-10T03:30:04Z,249,Golden Summoner Ring,0.00076923,2475.61,1.9043
2026-09-10T04:00:03Z,134,Chobo Silver Ring,4.99899e-05,2476.48,0.1238
2026-09-10T04:00:03Z,135,Crusader Silver Ring,6.4999889e-05,2476.48,0.161
2026-09-10T04:00:03Z,136,Overseer Silver Ring,4.599998e-05,2476.48,0.1139
2026-09-10T04:00:03Z,137,Athena Silver Ring,4.899989999999e-05,2476.48,0.1213
2026-09-10T04:00:03Z,138,Archon Silver Ring,5.099999999999e-05,2476.48,0.1263
2026-09-10T04:00:03Z,139,Foxglove Silver Ring,5.0999999801e-05,2476.48,0.1263
2026-09-10T04:00:03Z,140,Summoner Silver Ring,4.899999999e-05,2476.48,0.1213
2026-09-10T04:00:03Z,243,Golden Archon Ring,0.00064,2476.48,1.5849
2026-09-10T04:00:03Z,244,Golden Athena Ring,0.0007,2476.48,1.7335
2026-09-10T04:00:03Z,245,Golden Chobo Ring,0.00068,2476.48,1.684
2026-09-10T04:00:03Z,246,Golden Crusader Ring,0.00074,2476.48,1.8326
2026-09-10T04:00:03Z,247,Golden Foxglove Ring,0.0007299989,2476.48,1.8078
2026-09-10T04:00:03Z,248,Golden Overseer Ring,0.00079999,2476.48,1.9812
2026-09-10T04:00:03Z,249,Golden Summoner Ring,0.00076,2476.48,1.8821
2026-09-10T04:30:02Z,134,Chobo Silver Ring,4.99899e-05,2477.28,0.1238
2026-09-10T04:30:02Z,135,Crusader Silver Ring,6.4999889e-05,2477.28,0.161
2026-09-10T04:30:02Z,136,Overseer Silver Ring,4.599998e-05,2477.28,0.114
2026-09-10T04:30:02Z,137,Athena Silver Ring,4.899989999999e-05,2477.28,0.1214
2026-09-10T04:30:02Z,138,Archon Silver Ring,5.099999999999e-05,2477.28,0.1263
2026-09-10T04:30:02Z,139,Foxglove Silver Ring,5.0999999801e-05,2477.28,0.1263
2026-09-10T04:30:02Z,140,Summoner Silver Ring,4.899999999e-05,2477.28,0.1214
2026-09-10T04:30:02Z,243,Golden Archon Ring,0.00064,2477.28,1.5855
2026-09-10T04:30:02Z,244,Golden Athena Ring,0.0007,2477.28,1.7341
2026-09-10T04:30:02Z,245,Golden Chobo Ring,0.00068,2477.28,1.6846
2026-09-10T04:30:02Z,246,Golden Crusader Ring,0.00074,2477.28,1.8332
2026-09-10T04:30:02Z,247,Golden Foxglove Ring,0.0007299989,2477.28,1.8084
2026-09-10T04:30:02Z,248,Golden Overseer Ring,0.00079999,2477.28,1.9818
2026-09-10T04:30:02Z,249,Golden Summoner Ring,0.00076,2477.28,1.8827
2026-09-10T05:00:02Z,134,Chobo Silver Ring,4.99899e-05,2478.36,0.1239
2026-09-10T05:00:02Z,135,Crusader Silver Ring,6.4999889e-05,2478.36,0.1611
2026-09-10T05:00:02Z,136,Overseer Silver Ring,4.599998e-05,2478.36,0.114
2026-09-10T05:00:02Z,137,Athena Silver Ring,4.899989999999e-05,2478.36,0.1214
2026-09-10T05:00:02Z,138,Archon Silver Ring,5.099999999999e-05,2478.36,0.1264
2026-09-10T05:00:02Z,139,Foxglove Silver Ring,5.0999999801e-05,2478.36,0.1264
2026-09-10T05:00:02Z,140,Summoner Silver Ring,4.899999999e-05,2478.36,0.1214
2026-09-10T05:00:02Z,243,Golden Archon Ring,0.00064,2478.36,1.5862
2026-09-10T05:00:02Z,244,Golden Athena Ring,0.0007,2478.36,1.7349
2026-09-10T05:00:02Z,245,Golden Chobo Ring,0.00068,2478.36,1.6853
2026-09-10T05:00:02Z,246,Golden Crusader Ring,0.00074,2478.36,1.834
2026-09-10T05:00:02Z,247,Golden Foxglove Ring,0.0007299989,2478.36,1.8092
2026-09-10T05:00:02Z,248,Golden Overseer Ring,0.00079999,2478.36,1.9827
2026-09-10T05:00:02Z,249,Golden Summoner Ring,0.00076,2478.36,1.8836
2026-09-10T05:30:03Z,134,Chobo Silver Ring,4.99899e-05,2478.17,0.1239
2026-09-10T05:30:03Z,135,Crusader Silver Ring,6.4999889e-05,2478.17,0.1611
2026-09-10T05:30:03Z,136,Overseer Silver Ring,4.599998e-05,2478.17,0.114
2026-09-10T05:30:03Z,137,Athena Silver Ring,4.899989999999e-05,2478.17,0.1214
2026-09-10T05:30:03Z,138,Archon Silver Ring,5.099999999999e-05,2478.17,0.1264
2026-09-10T05:30:03Z,139,Foxglove Silver Ring,5.0999999801001e-05,2478.17,0.1264
2026-09-10T05:30:03Z,140,Summoner Silver Ring,4.899999999e-05,2478.17,0.1214
2026-09-10T05:30:03Z,243,Golden Archon Ring,0.00057,2478.17,1.4126
2026-09-10T05:30:03Z,244,Golden Athena Ring,0.0007,2478.17,1.7347
2026-09-10T05:30:03Z,245,Golden Chobo Ring,0.00068,2478.17,1.6852
2026-09-10T05:30:03Z,246,Golden Crusader Ring,0.00074,2478.17,1.8338
2026-09-10T05:30:03Z,247,Golden Foxglove Ring,0.0007299989,2478.17,1.8091
2026-09-10T05:30:03Z,248,Golden Overseer Ring,0.00079999,2478.17,1.9825
2026-09-10T05:30:03Z,249,Golden Summoner Ring,0.00076,2478.17,1.8834
2026-09-10T06:00:02Z,134,Chobo Silver Ring,4.99899e-05,2482.24,0.1241
2026-09-10T06:00:02Z,135,Crusader Silver Ring,6.4999889e-05,2482.24,0.1613
2026-09-10T06:00:02Z,136,Overseer Silver Ring,4.599998e-05,2482.24,0.1142
2026-09-10T06:00:02Z,137,Athena Silver Ring,4.899989999999e-05,2482.24,0.1216
2026-09-10T06:00:02Z,138,Archon Silver Ring,5.099999999999e-05,2482.24,0.1266
2026-09-10T06:00:02Z,139,Foxglove Silver Ring,5.0999999801001e-05,2482.24,0.1266
2026-09-10T06:00:02Z,140,Summoner Silver Ring,4.899999999e-05,2482.24,0.1216
2026-09-10T06:00:02Z,243,Golden Archon Ring,0.00057,2482.24,1.4149
2026-09-10T06:00:02Z,244,Golden Athena Ring,0.0007,2482.24,1.7376
2026-09-10T06:00:02Z,245,Golden Chobo Ring,0.00068,2482.24,1.6879
2026-09-10T06:00:02Z,246,Golden Crusader Ring,0.00074,2482.24,1.8369
2026-09-10T06:00:02Z,247,Golden Foxglove Ring,0.0007299989,2482.24,1.812
2026-09-10T06:00:02Z,248,Golden Overseer Ring,0.00079999,2482.24,1.9858
2026-09-10T06:00:02Z,249,Golden Summoner Ring,0.00076,2482.24,1.8865
2026-09-10T06:30:03Z,134,Chobo Silver Ring,4.99899e-05,2473.75,0.1237
2026-09-10T06:30:03Z,135,Crusader Silver Ring,6.4999889e-05,2473.75,0.1608
2026-09-10T06:30:03Z,136,Overseer Silver Ring,4.599998e-05,2473.75,0.1138
2026-09-10T06:30:03Z,137,Athena Silver Ring,4.899989999999e-05,2473.75,0.1212
2026-09-10T06:30:03Z,138,Archon Silver Ring,5.099999999999e-05,2473.75,0.1262
2026-09-10T06:30:03Z,139,Foxglove Silver Ring,5.0999999801001e-05,2473.75,0.1262
2026-09-10T06:30:03Z,140,Summoner Silver Ring,4.899999999e-05,2473.75,0.1212
2026-09-10T06:30:03Z,243,Golden Archon Ring,0.00074,2473.75,1.8306
2026-09-10T06:30:03Z,244,Golden Athena Ring,0.0007,2473.75,1.7316
2026-09-10T06:30:03Z,245,Golden Chobo Ring,0.00068,2473.75,1.6822
2026-09-10T06:30:03Z,246,Golden Crusader Ring,0.00074,2473.75,1.8306
2026-09-10T06:30:03Z,247,Golden Foxglove Ring,0.0007299989,2473.75,1.8058
2026-09-10T06:30:03Z,248,Golden Overseer Ring,0.00079999,2473.75,1.979
2026-09-10T06:30:03Z,249,Golden Summoner Ring,0.00076,2473.75,1.88
2026-09-10T07:00:02Z,134,Chobo Silver Ring,4.99899e-05,2483.22,0.1241
2026-09-10T07:00:02Z,135,Crusader Silver Ring,6.4999889e-05,2483.22,0.1614
2026-09-10T07:00:02Z,136,Overseer Silver Ring,4.599998e-05,2483.22,0.1142
2026-09-10T07:00:02Z,137,Athena Silver Ring,4.899989999999e-05,2483.22,0.1217
2026-09-10T07:00:02Z,138,Archon Silver Ring,5.099999999999e-05,2483.22,0.1266
2026-09-10T07:00:02Z,139,Foxglove Silver Ring,5.0999999801001e-05,2483.22,0.1266
2026-09-10T07:00:02Z,140,Summoner Silver Ring,4.899999999e-05,2483.22,0.1217
2026-09-10T07:00:02Z,243,Golden Archon Ring,0.00074,2483.22,1.8376
2026-09-10T07:00:02Z,244,Golden Athena Ring,0.0007,2483.22,1.7383
2026-09-10T07:00:02Z,245,Golden Chobo Ring,0.00068,2483.22,1.6886
2026-09-10T07:00:02Z,246,Golden Crusader Ring,0.00074,2483.22,1.8376
2026-09-10T07:00:02Z,247,Golden Foxglove Ring,0.0007299989,2483.22,1.8127
2026-09-10T07:00:02Z,248,Golden Overseer Ring,0.00079999,2483.22,1.9866
2026-09-10T07:00:02Z,249,Golden Summoner Ring,0.00076,2483.22,1.8872
2026-09-10T07:30:02Z,134,Chobo Silver Ring,4.99899e-05,2467.06,0.1233
2026-09-10T07:30:02Z,135,Crusader Silver Ring,6.4999889e-05,2467.06,0.1604
2026-09-10T07:30:02Z,136,Overseer Silver Ring,4.599998e-05,2467.06,0.1135
2026-09-10T07:30:02Z,137,Athena Silver Ring,4.899989999999e-05,2467.06,0.1209
2026-09-10T07:30:02Z,138,Archon Silver Ring,5.099999999999e-05,2467.06,0.1258
2026-09-10T07:30:02Z,139,Foxglove Silver Ring,5.0999999801001e-05,2467.06,0.1258
2026-09-10T07:30:02Z,140,Summoner Silver Ring,4.899999999e-05,2467.06,0.1209
2026-09-10T07:30:02Z,243,Golden Archon Ring,0.00074,2467.06,1.8256
2026-09-10T07:30:02Z,244,Golden Athena Ring,0.0007,2467.06,1.7269
2026-09-10T07:30:02Z,245,Golden Chobo Ring,0.00068,2467.06,1.6776
2026-09-10T07:30:02Z,246,Golden Crusader Ring,0.00074,2467.06,1.8256
2026-09-10T07:30:02Z,247,Golden Foxglove Ring,0.0007299989,2467.06,1.801
2026-09-10T07:30:02Z,248,Golden Overseer Ring,0.00079999,2467.06,1.9736
2026-09-10T07:30:02Z,249,Golden Summoner Ring,0.00076,2467.06,1.875
2026-09-10T08:00:03Z,134,Chobo Silver Ring,4.99899e-05,2471.47,0.1235
2026-09-10T08:00:03Z,135,Crusader Silver Ring,6.4999889e-05,2471.47,0.1606
2026-09-10T08:00:03Z,136,Overseer Silver Ring,4.599998e-05,2471.47,0.1137
2026-09-10T08:00:03Z,137,Athena Silver Ring,4.899989999999e-05,2471.47,0.1211
2026-09-10T08:00:03Z,138,Archon Silver Ring,5.099999999999e-05,2471.47,0.126
2026-09-10T08:00:03Z,139,Foxglove Silver Ring,5.0999999801001e-05,2471.47,0.126
2026-09-10T08:00:03Z,140,Summoner Silver Ring,4.899999999e-05,2471.47,0.1211
2026-09-10T08:00:03Z,243,Golden Archon Ring,0.00074999,2471.47,1.8536
2026-09-10T08:00:03Z,244,Golden Athena Ring,0.00071989,2471.47,1.7792
2026-09-10T08:00:03Z,245,Golden Chobo Ring,0.00068,2471.47,1.6806
2026-09-10T08:00:03Z,246,Golden Crusader Ring,0.00074,2471.47,1.8289
2026-09-10T08:00:03Z,247,Golden Foxglove Ring,0.0007299989,2471.47,1.8042
2026-09-10T08:00:03Z,248,Golden Overseer Ring,0.00079999,2471.47,1.9772
2026-09-10T08:00:03Z,249,Golden Summoner Ring,0.00076,2471.47,1.8783
2026-09-10T08:30:02Z,134,Chobo Silver Ring,4.99899e-05,2472.81,0.1236
2026-09-10T08:30:02Z,135,Crusader Silver Ring,6.4999889e-05,2472.81,0.1607
2026-09-10T08:30:02Z,136,Overseer Silver Ring,4.599998e-05,2472.81,0.1137
2026-09-10T08:30:02Z,137,Athena Silver Ring,4.899989999999e-05,2472.81,0.1212
2026-09-10T08:30:02Z,138,Archon Silver Ring,5.099999999999e-05,2472.81,0.1261
2026-09-10T08:30:02Z,139,Foxglove Silver Ring,5.0999999801001e-05,2472.81,0.1261
2026-09-10T08:30:02Z,140,Summoner Silver Ring,4.899999999e-05,2472.81,0.1212
2026-09-10T08:30:02Z,243,Golden Archon Ring,0.00074999,2472.81,1.8546
2026-09-10T08:30:02Z,244,Golden Athena Ring,0.00071989,2472.81,1.7802
2026-09-10T08:30:02Z,245,Golden Chobo Ring,0.00068,2472.81,1.6815
2026-09-10T08:30:02Z,246,Golden Crusader Ring,0.00074,2472.81,1.8299
2026-09-10T08:30:02Z,247,Golden Foxglove Ring,0.0007299989,2472.81,1.8051
2026-09-10T08:30:02Z,248,Golden Overseer Ring,0.00079999,2472.81,1.9782
2026-09-10T08:30:02Z,249,Golden Summoner Ring,0.00076,2472.81,1.8793
2026-09-10T09:00:02Z,134,Chobo Silver Ring,4.998e-05,2472.22,0.1236
2026-09-10T09:00:02Z,135,Crusader Silver Ring,6.49999998e-05,2472.22,0.1607
2026-09-10T09:00:02Z,136,Overseer Silver Ring,4.599997e-05,2472.22,0.1137
2026-09-10T09:00:02Z,137,Athena Silver Ring,4.89e-05,2472.22,0.1209
2026-09-10T09:00:02Z,138,Archon Silver Ring,5.09999e-05,2472.22,0.1261
2026-09-10T09:00:02Z,139,Foxglove Silver Ring,5.0999999801e-05,2472.22,0.1261
2026-09-10T09:00:02Z,140,Summoner Silver Ring,4.899999998e-05,2472.22,0.1211
2026-09-10T09:00:02Z,243,Golden Archon Ring,0.00074999,2472.22,1.8541
2026-09-10T09:00:02Z,244,Golden Athena Ring,0.00071989,2472.22,1.7797
2026-09-10T09:00:02Z,245,Golden Chobo Ring,0.00068,2472.22,1.6811
2026-09-10T09:00:02Z,246,Golden Crusader Ring,0.00074,2472.22,1.8294
2026-09-10T09:00:02Z,247,Golden Foxglove Ring,0.0007299989,2472.22,1.8047
2026-09-10T09:00:02Z,248,Golden Overseer Ring,0.00079999,2472.22,1.9778
2026-09-10T09:00:02Z,249,Golden Summoner Ring,0.00076,2472.22,1.8789
2026-09-10T09:30:02Z,134,Chobo Silver Ring,4.99e-05,2475.89,0.1235
2026-09-10T09:30:02Z,135,Crusader Silver Ring,6.49999e-05,2475.89,0.1609
2026-09-10T09:30:02Z,136,Overseer Silver Ring,4.59999e-05,2475.89,0.1139
2026-09-10T09:30:02Z,137,Athena Silver Ring,4.8e-05,2475.89,0.1188
2026-09-10T09:30:02Z,138,Archon Silver Ring,5.09999e-05,2475.89,0.1263
2026-09-10T09:30:02Z,139,Foxglove Silver Ring,5.0999999801e-05,2475.89,0.1263
2026-09-10T09:30:02Z,140,Summoner Silver Ring,4.899999999e-05,2475.89,0.1213
2026-09-10T09:30:02Z,243,Golden Archon Ring,0.00074999,2475.89,1.8569
2026-09-10T09:30:02Z,244,Golden Athena Ring,0.00071989,2475.89,1.7824
2026-09-10T09:30:02Z,245,Golden Chobo Ring,0.00068,2475.89,1.6836
2026-09-10T09:30:02Z,246,Golden Crusader Ring,0.00074,2475.89,1.8322
2026-09-10T09:30:02Z,247,Golden Foxglove Ring,0.0007299989,2475.89,1.8074
2026-09-10T09:30:02Z,248,Golden Overseer Ring,0.00077,2475.89,1.9064
2026-09-10T09:30:02Z,249,Golden Summoner Ring,0.00076,2475.89,1.8817
2026-09-10T10:00:02Z,134,Chobo Silver Ring,4.99e-05,2470.43,0.1233
2026-09-10T10:00:02Z,135,Crusader Silver Ring,6.49999e-05,2470.43,0.1606
2026-09-10T10:00:02Z,136,Overseer Silver Ring,4.59999e-05,2470.43,0.1136
2026-09-10T10:00:02Z,137,Athena Silver Ring,4.8e-05,2470.43,0.1186
2026-09-10T10:00:02Z,138,Archon Silver Ring,5.09999e-05,2470.43,0.126
2026-09-10T10:00:02Z,139,Foxglove Silver Ring,5.0999999801e-05,2470.43,0.126
2026-09-10T10:00:02Z,140,Summoner Silver Ring,4.899999999e-05,2470.43,0.1211
2026-09-10T10:00:02Z,243,Golden Archon Ring,0.00074999,2470.43,1.8528
2026-09-10T10:00:02Z,244,Golden Athena Ring,0.00071989,2470.43,1.7784
2026-09-10T10:00:02Z,245,Golden Chobo Ring,0.00068,2470.43,1.6799
2026-09-10T10:00:02Z,246,Golden Crusader Ring,0.00073999,2470.43,1.8281
2026-09-10T10:00:02Z,247,Golden Foxglove Ring,0.0007299989,2470.43,1.8034
2026-09-10T10:00:02Z,248,Golden Overseer Ring,0.00077,2470.43,1.9022
2026-09-10T10:00:02Z,249,Golden Summoner Ring,0.00076,2470.43,1.8775
2026-09-10T10:30:02Z,134,Chobo Silver Ring,4.98999e-05,2471.22,0.1233
2026-09-10T10:30:02Z,135,Crusader Silver Ring,6.49998e-05,2471.22,0.1606
2026-09-10T10:30:02Z,136,Overseer Silver Ring,4.59999e-05,2471.22,0.1137
2026-09-10T10:30:02Z,137,Athena Silver Ring,4.7999e-05,2471.22,0.1186
2026-09-10T10:30:02Z,138,Archon Silver Ring,5.099989e-05,2471.22,0.126
2026-09-10T10:30:02Z,139,Foxglove Silver Ring,5.09999998e-05,2471.22,0.126
2026-09-10T10:30:02Z,140,Summoner Silver Ring,4.899999999e-05,2471.22,0.1211
2026-09-10T10:30:02Z,243,Golden Archon Ring,0.00074999,2471.22,1.8534
2026-09-10T10:30:02Z,244,Golden Athena Ring,0.00071989,2471.22,1.779
2026-09-10T10:30:02Z,245,Golden Chobo Ring,0.00068,2471.22,1.6804
2026-09-10T10:30:02Z,246,Golden Crusader Ring,0.00073999,2471.22,1.8287
2026-09-10T10:30:02Z,247,Golden Foxglove Ring,0.0007299989,2471.22,1.804
2026-09-10T10:30:02Z,248,Golden Overseer Ring,0.00077,2471.22,1.9028
2026-09-10T10:30:02Z,249,Golden Summoner Ring,0.00076,2471.22,1.8781
2026-09-10T11:00:02Z,134,Chobo Silver Ring,4.98999e-05,2466.6,0.1231
2026-09-10T11:00:02Z,135,Crusader Silver Ring,6.49998e-05,2466.6,0.1603
2026-09-10T11:00:02Z,136,Overseer Silver Ring,4.59999e-05,2466.6,0.1135
2026-09-10T11:00:02Z,137,Athena Silver Ring,4.7999e-05,2466.6,0.1184
2026-09-10T11:00:02Z,138,Archon Silver Ring,5.09e-05,2466.6,0.1255
2026-09-10T11:00:02Z,139,Foxglove Silver Ring,5.09999998e-05,2466.6,0.1258
2026-09-10T11:00:02Z,140,Summoner Silver Ring,4.899999999e-05,2466.6,0.1209
2026-09-10T11:00:02Z,243,Golden Archon Ring,0.00074999,2466.6,1.8499
2026-09-10T11:00:02Z,244,Golden Athena Ring,0.00071989,2466.6,1.7757
2026-09-10T11:00:02Z,245,Golden Chobo Ring,0.00068,2466.6,1.6773
2026-09-10T11:00:02Z,246,Golden Crusader Ring,0.00073999,2466.6,1.8253
2026-09-10T11:00:02Z,247,Golden Foxglove Ring,0.0007299989,2466.6,1.8006
2026-09-10T11:00:02Z,248,Golden Overseer Ring,0.00077,2466.6,1.8993
2026-09-10T11:00:02Z,249,Golden Summoner Ring,0.00076,2466.6,1.8746
2026-09-10T11:30:02Z,134,Chobo Silver Ring,4.98999e-05,2467.36,0.1231
2026-09-10T11:30:02Z,135,Crusader Silver Ring,6.49998e-05,2467.36,0.1604
2026-09-10T11:30:02Z,136,Overseer Silver Ring,4.599989e-05,2467.36,0.1135
2026-09-10T11:30:02Z,137,Athena Silver Ring,4.7999e-05,2467.36,0.1184
2026-09-10T11:30:02Z,138,Archon Silver Ring,5.099989e-05,2467.36,0.1258
2026-09-10T11:30:02Z,139,Foxglove Silver Ring,5.09999998e-05,2467.36,0.1258
2026-09-10T11:30:02Z,140,Summoner Silver Ring,4.899999999e-05,2467.36,0.1209
2026-09-10T11:30:02Z,243,Golden Archon Ring,0.00074999,2467.36,1.8505
2026-09-10T11:30:02Z,244,Golden Athena Ring,0.00071989,2467.36,1.7762
2026-09-10T11:30:02Z,245,Golden Chobo Ring,0.00068,2467.36,1.6778
2026-09-10T11:30:02Z,246,Golden Crusader Ring,0.00073999,2467.36,1.8258
2026-09-10T11:30:02Z,247,Golden Foxglove Ring,0.0007299989,2467.36,1.8012
2026-09-10T11:30:02Z,248,Golden Overseer Ring,0.00077,2467.36,1.8999
2026-09-10T11:30:02Z,249,Golden Summoner Ring,0.00076,2467.36,1.8752
2026-09-10T12:00:02Z,134,Chobo Silver Ring,4e-05,2463.1,0.0985
2026-09-10T12:00:02Z,135,Crusader Silver Ring,6e-05,2463.1,0.1478
2026-09-10T12:00:02Z,136,Overseer Silver Ring,4e-05,2463.1,0.0985
2026-09-10T12:00:02Z,137,Athena Silver Ring,4e-05,2463.1,0.0985
2026-09-10T12:00:02Z,138,Archon Silver Ring,4.5e-05,2463.1,0.1108
2026-09-10T12:00:02Z,139,Foxglove Silver Ring,4.5e-05,2463.1,0.1108
2026-09-10T12:00:02Z,140,Summoner Silver Ring,4e-05,2463.1,0.0985
2026-09-10T12:00:02Z,243,Golden Archon Ring,0.00074999,2463.1,1.8473
2026-09-10T12:00:02Z,244,Golden Athena Ring,0.00071917,2463.1,1.7714
2026-09-10T12:00:02Z,245,Golden Chobo Ring,0.00068,2463.1,1.6749
2026-09-10T12:00:02Z,246,Golden Crusader Ring,0.00073925,2463.1,1.8208
2026-09-10T12:00:02Z,247,Golden Foxglove Ring,0.0007299989,2463.1,1.7981
2026-09-10T12:00:02Z,248,Golden Overseer Ring,0.00077,2463.1,1.8966
2026-09-10T12:00:02Z,249,Golden Summoner Ring,0.00076,2463.1,1.872
2026-09-10T12:30:02Z,134,Chobo Silver Ring,4e-05,2456.97,0.0983
2026-09-10T12:30:02Z,135,Crusader Silver Ring,5e-05,2456.97,0.1228
2026-09-10T12:30:02Z,136,Overseer Silver Ring,4e-05,2456.97,0.0983
2026-09-10T12:30:02Z,137,Athena Silver Ring,4e-05,2456.97,0.0983
2026-09-10T12:30:02Z,138,Archon Silver Ring,4.5e-05,2456.97,0.1106
2026-09-10T12:30:02Z,139,Foxglove Silver Ring,4.5e-05,2456.97,0.1106
2026-09-10T12:30:02Z,140,Summoner Silver Ring,3.5e-05,2456.97,0.086
2026-09-10T12:30:02Z,243,Golden Archon Ring,0.00074999,2456.97,1.8427
2026-09-10T12:30:02Z,244,Golden Athena Ring,0.00069,2456.97,1.6953
2026-09-10T12:30:02Z,245,Golden Chobo Ring,0.00065,2456.97,1.597
2026-09-10T12:30:02Z,246,Golden Crusader Ring,0.00071,2456.97,1.7444
2026-09-10T12:30:02Z,247,Golden Foxglove Ring,0.0007,2456.97,1.7199
2026-09-10T12:30:02Z,248,Golden Overseer Ring,0.00077,2456.97,1.8919
2026-09-10T12:30:02Z,249,Golden Summoner Ring,0.00076,2456.97,1.8673
2026-09-10T13:00:02Z,134,Chobo Silver Ring,3.7e-05,2417.39,0.0894
2026-09-10T13:00:02Z,135,Crusader Silver Ring,4.5e-05,2417.39,0.1088
2026-09-10T13:00:02Z,136,Overseer Silver Ring,3.99e-05,2417.39,0.0965
2026-09-10T13:00:02Z,137,Athena Silver Ring,3.9e-05,2417.39,0.0943
2026-09-10T13:00:02Z,138,Archon Silver Ring,4.5e-05,2417.39,0.1088
2026-09-10T13:00:02Z,139,Foxglove Silver Ring,4.5e-05,2417.39,0.1088
2026-09-10T13:00:02Z,140,Summoner Silver Ring,3.99e-05,2417.39,0.0965
2026-09-10T13:00:02Z,243,Golden Archon Ring,0.00074999,2417.39,1.813
2026-09-10T13:00:02Z,244,Golden Athena Ring,0.00068931,2417.39,1.6663
2026-09-10T13:00:02Z,245,Golden Chobo Ring,0.00065,2417.39,1.5713
2026-09-10T13:00:02Z,246,Golden Crusader Ring,0.00071,2417.39,1.7163
2026-09-10T13:00:02Z,247,Golden Foxglove Ring,0.0007,2417.39,1.6922
2026-09-10T13:00:02Z,248,Golden Overseer Ring,0.00076923,2417.39,1.8595
2026-09-10T13:00:02Z,249,Golden Summoner Ring,0.00076,2417.39,1.8372
2026-09-10T13:30:02Z,134,Chobo Silver Ring,3.7e-05,2417.94,0.0895
2026-09-10T13:30:02Z,135,Crusader Silver Ring,4.5e-05,2417.94,0.1088
2026-09-10T13:30:02Z,136,Overseer Silver Ring,3.99e-05,2417.94,0.0965
2026-09-10T13:30:02Z,137,Athena Silver Ring,3.9e-05,2417.94,0.0943
2026-09-10T13:30:02Z,138,Archon Silver Ring,4.5e-05,2417.94,0.1088
2026-09-10T13:30:02Z,139,Foxglove Silver Ring,4.5e-05,2417.94,0.1088
2026-09-10T13:30:02Z,140,Summoner Silver Ring,3.99e-05,2417.94,0.0965
2026-09-10T13:30:02Z,243,Golden Archon Ring,0.00074999,2417.94,1.8134
2026-09-10T13:30:02Z,244,Golden Athena Ring,0.00068861,2417.94,1.665
2026-09-10T13:30:02Z,245,Golden Chobo Ring,0.00064935,2417.94,1.5701
2026-09-10T13:30:02Z,246,Golden Crusader Ring,0.00071,2417.94,1.7167
2026-09-10T13:30:02Z,247,Golden Foxglove Ring,0.0007,2417.94,1.6926
2026-09-10T13:30:02Z,248,Golden Overseer Ring,0.00079999,2417.94,1.9343
2026-09-10T13:30:02Z,249,Golden Summoner Ring,0.00076,2417.94,1.8376
2026-09-10T14:00:02Z,134,Chobo Silver Ring,3.7e-05,2435.5,0.0901
2026-09-10T14:00:02Z,135,Crusader Silver Ring,4.5e-05,2435.5,0.1096
2026-09-10T14:00:02Z,136,Overseer Silver Ring,3.99e-05,2435.5,0.0972
2026-09-10T14:00:02Z,137,Athena Silver Ring,3.9e-05,2435.5,0.095
2026-09-10T14:00:02Z,138,Archon Silver Ring,4.5e-05,2435.5,0.1096
2026-09-10T14:00:02Z,139,Foxglove Silver Ring,4.5e-05,2435.5,0.1096
2026-09-10T14:00:02Z,140,Summoner Silver Ring,4.899999999e-05,2435.5,0.1193
2026-09-10T14:00:02Z,243,Golden Archon Ring,0.00074999,2435.5,1.8266
2026-09-10T14:00:02Z,244,Golden Athena Ring,0.00068861,2435.5,1.6771
2026-09-10T14:00:02Z,245,Golden Chobo Ring,0.00064935,2435.5,1.5815
2026-09-10T14:00:02Z,246,Golden Crusader Ring,0.00071,2435.5,1.7292
2026-09-10T14:00:02Z,247,Golden Foxglove Ring,0.0007,2435.5,1.7048
2026-09-10T14:00:02Z,248,Golden Overseer Ring,0.00079999,2435.5,1.9484
2026-09-10T14:00:02Z,249,Golden Summoner Ring,0.00076,2435.5,1.851
2026-09-10T14:30:02Z,134,Chobo Silver Ring,3.7e-05,2443.15,0.0904
2026-09-10T14:30:02Z,135,Crusader Silver Ring,4.5e-05,2443.15,0.1099
2026-09-10T14:30:02Z,136,Overseer Silver Ring,3.99e-05,2443.15,0.0975
2026-09-10T14:30:02Z,137,Athena Silver Ring,3.9e-05,2443.15,0.0953
2026-09-10T14:30:02Z,138,Archon Silver Ring,4.5e-05,2443.15,0.1099
2026-09-10T14:30:02Z,139,Foxglove Silver Ring,4.5e-05,2443.15,0.1099
2026-09-10T14:30:02Z,140,Summoner Silver Ring,4.899999999e-05,2443.15,0.1197
2026-09-10T14:30:02Z,243,Golden Archon Ring,0.00074999,2443.15,1.8323
2026-09-10T14:30:02Z,244,Golden Athena Ring,0.00068861,2443.15,1.6824
2026-09-10T14:30:02Z,245,Golden Chobo Ring,0.00064935,2443.15,1.5865
2026-09-10T14:30:02Z,246,Golden Crusader Ring,0.00071,2443.15,1.7346
2026-09-10T14:30:02Z,247,Golden Foxglove Ring,0.0007,2443.15,1.7102
2026-09-10T14:30:02Z,248,Golden Overseer Ring,0.00079999,2443.15,1.9545
2026-09-10T14:30:02Z,249,Golden Summoner Ring,0.00076,2443.15,1.8568
2026-09-10T15:00:02Z,134,Chobo Silver Ring,3.7e-05,2440.68,0.0903
2026-09-10T15:00:02Z,135,Crusader Silver Ring,5e-05,2440.68,0.122
2026-09-10T15:00:02Z,136,Overseer Silver Ring,3.99e-05,2440.68,0.0974
2026-09-10T15:00:02Z,137,Athena Silver Ring,3.9e-05,2440.68,0.0952
2026-09-10T15:00:02Z,138,Archon Silver Ring,4.5e-05,2440.68,0.1098
2026-09-10T15:00:02Z,139,Foxglove Silver Ring,4.5e-05,2440.68,0.1098
2026-09-10T15:00:02Z,140,Summoner Silver Ring,4.899999999e-05,2440.68,0.1196
2026-09-10T15:00:02Z,243,Golden Archon Ring,0.00074999,2440.68,1.8305
2026-09-10T15:00:02Z,244,Golden Athena Ring,0.00068861,2440.68,1.6807
2026-09-10T15:00:02Z,245,Golden Chobo Ring,0.00064935,2440.68,1.5849
2026-09-10T15:00:02Z,246,Golden Crusader Ring,0.00071,2440.68,1.7329
2026-09-10T15:00:02Z,247,Golden Foxglove Ring,0.0007,2440.68,1.7085
2026-09-10T15:00:02Z,248,Golden Overseer Ring,0.00079999,2440.68,1.9525
2026-09-10T15:00:02Z,249,Golden Summoner Ring,0.00076,2440.68,1.8549
2026-09-10T15:30:02Z,134,Chobo Silver Ring,3.7e-05,2434.26,0.0901
2026-09-10T15:30:02Z,135,Crusader Silver Ring,5e-05,2434.26,0.1217
2026-09-10T15:30:02Z,136,Overseer Silver Ring,3.99e-05,2434.26,0.0971
2026-09-10T15:30:02Z,137,Athena Silver Ring,3.89e-05,2434.26,0.0947
2026-09-10T15:30:02Z,138,Archon Silver Ring,4.5e-05,2434.26,0.1095
2026-09-10T15:30:02Z,139,Foxglove Silver Ring,4.5e-05,2434.26,0.1095
2026-09-10T15:30:02Z,140,Summoner Silver Ring,4.899999999e-05,2434.26,0.1193
2026-09-10T15:30:02Z,243,Golden Archon Ring,0.00074999,2434.26,1.8257
2026-09-10T15:30:02Z,244,Golden Athena Ring,0.00068861,2434.26,1.6763
2026-09-10T15:30:02Z,245,Golden Chobo Ring,0.00064935,2434.26,1.5807
2026-09-10T15:30:02Z,246,Golden Crusader Ring,0.00071,2434.26,1.7283
2026-09-10T15:30:02Z,247,Golden Foxglove Ring,0.0007,2434.26,1.704
2026-09-10T15:30:02Z,248,Golden Overseer Ring,0.00079999,2434.26,1.9474
2026-09-10T15:30:02Z,249,Golden Summoner Ring,0.00076,2434.26,1.85
2026-09-10T16:00:02Z,134,Chobo Silver Ring,4e-05,2441.56,0.0977
2026-09-10T16:00:02Z,135,Crusader Silver Ring,5e-05,2441.56,0.1221
2026-09-10T16:00:02Z,136,Overseer Silver Ring,4.599989e-05,2441.56,0.1123
2026-09-10T16:00:02Z,137,Athena Silver Ring,3.9e-05,2441.56,0.0952
2026-09-10T16:00:02Z,138,Archon Silver Ring,4.5e-05,2441.56,0.1099
2026-09-10T16:00:02Z,139,Foxglove Silver Ring,4.5e-05,2441.56,0.1099
2026-09-10T16:00:02Z,140,Summoner Silver Ring,4.89e-05,2441.56,0.1194
2026-09-10T16:00:02Z,243,Golden Archon Ring,0.00074999,2441.56,1.8311
2026-09-10T16:00:02Z,244,Golden Athena Ring,0.00068861,2441.56,1.6813
2026-09-10T16:00:02Z,245,Golden Chobo Ring,0.00064935,2441.56,1.5854
2026-09-10T16:00:02Z,246,Golden Crusader Ring,0.00071,2441.56,1.7335
2026-09-10T16:00:02Z,247,Golden Foxglove Ring,0.0007,2441.56,1.7091
2026-09-10T16:00:02Z,248,Golden Overseer Ring,0.0007999899,2441.56,1.9532
2026-09-10T16:00:02Z,249,Golden Summoner Ring,0.00076,2441.56,1.8556
2026-09-10T16:30:02Z,134,Chobo Silver Ring,4.98999e-05,2437.8,0.1216
2026-09-10T16:30:02Z,135,Crusader Silver Ring,5e-05,2437.8,0.1219
2026-09-10T16:30:02Z,136,Overseer Silver Ring,4.599989e-05,2437.8,0.1121
2026-09-10T16:30:02Z,137,Athena Silver Ring,4e-05,2437.8,0.0975
2026-09-10T16:30:02Z,138,Archon Silver Ring,4.499999e-05,2437.8,0.1097
2026-09-10T16:30:02Z,139,Foxglove Silver Ring,4.5e-05,2437.8,0.1097
2026-09-10T16:30:02Z,140,Summoner Silver Ring,4.4e-05,2437.8,0.1073
2026-09-10T16:30:02Z,243,Golden Archon Ring,0.00074999,2437.8,1.8283
2026-09-10T16:30:02Z,244,Golden Athena Ring,0.0006893,2437.8,1.6804
2026-09-10T16:30:02Z,245,Golden Chobo Ring,0.00064935,2437.8,1.583
2026-09-10T16:30:02Z,246,Golden Crusader Ring,0.00071,2437.8,1.7308
2026-09-10T16:30:02Z,247,Golden Foxglove Ring,0.0007,2437.8,1.7065
2026-09-10T16:30:02Z,248,Golden Overseer Ring,0.0007999899,2437.8,1.9502
2026-09-10T16:30:02Z,249,Golden Summoner Ring,0.00076,2437.8,1.8527
2026-09-10T17:00:03Z,134,Chobo Silver Ring,4.98999e-05,2445.37,0.122
2026-09-10T17:00:03Z,135,Crusader Silver Ring,5e-05,2445.37,0.1223
2026-09-10T17:00:03Z,136,Overseer Silver Ring,4.599989e-05,2445.37,0.1125
2026-09-10T17:00:03Z,137,Athena Silver Ring,4e-05,2445.37,0.0978
2026-09-10T17:00:03Z,138,Archon Silver Ring,4.499999e-05,2445.37,0.11
2026-09-10T17:00:03Z,139,Foxglove Silver Ring,4.5e-05,2445.37,0.11
2026-09-10T17:00:03Z,140,Summoner Silver Ring,4.4e-05,2445.37,0.1076
2026-09-10T17:00:03Z,243,Golden Archon Ring,0.0007499,2445.37,1.8338
2026-09-10T17:00:03Z,244,Golden Athena Ring,0.0006892,2445.37,1.6853
2026-09-10T17:00:03Z,245,Golden Chobo Ring,0.0006493,2445.37,1.5878
2026-09-10T17:00:03Z,246,Golden Crusader Ring,0.0007099,2445.37,1.736
2026-09-10T17:00:03Z,247,Golden Foxglove Ring,0.0006999,2445.37,1.7115
2026-09-10T17:00:03Z,248,Golden Overseer Ring,0.00079998,2445.37,1.9562
2026-09-10T17:00:03Z,249,Golden Summoner Ring,0.00076,2445.37,1.8585
2026-09-10T17:30:02Z,134,Chobo Silver Ring,4.98999e-05,2459.16,0.1227
2026-09-10T17:30:02Z,135,Crusader Silver Ring,5e-05,2459.16,0.123
2026-09-10T17:30:02Z,136,Overseer Silver Ring,4.599989e-05,2459.16,0.1131
2026-09-10T17:30:02Z,137,Athena Silver Ring,4e-05,2459.16,0.0984
2026-09-10T17:30:02Z,138,Archon Silver Ring,4.499999e-05,2459.16,0.1107
2026-09-10T17:30:02Z,139,Foxglove Silver Ring,4.5e-05,2459.16,0.1107
2026-09-10T17:30:02Z,140,Summoner Silver Ring,4.4e-05,2459.16,0.1082
2026-09-10T17:30:02Z,243,Golden Archon Ring,0.0007499,2459.16,1.8441
2026-09-10T17:30:02Z,244,Golden Athena Ring,0.0006892,2459.16,1.6949
2026-09-10T17:30:02Z,245,Golden Chobo Ring,0.0006493,2459.16,1.5967
2026-09-10T17:30:02Z,246,Golden Crusader Ring,0.0007099,2459.16,1.7458
2026-09-10T17:30:02Z,247,Golden Foxglove Ring,0.0006999,2459.16,1.7212
2026-09-10T17:30:02Z,248,Golden Overseer Ring,0.00079998,2459.16,1.9673
2026-09-10T17:30:02Z,249,Golden Summoner Ring,0.00076,2459.16,1.869
2026-09-10T18:00:02Z,134,Chobo Silver Ring,4e-05,2470.5,0.0988
2026-09-10T18:00:02Z,135,Crusader Silver Ring,4e-05,2470.5,0.0988
2026-09-10T18:00:02Z,136,Overseer Silver Ring,4.599988e-05,2470.5,0.1136
2026-09-10T18:00:02Z,137,Athena Silver Ring,4e-05,2470.5,0.0988
2026-09-10T18:00:02Z,138,Archon Silver Ring,4.499999e-05,2470.5,0.1112
2026-09-10T18:00:02Z,139,Foxglove Silver Ring,4e-05,2470.5,0.0988
2026-09-10T18:00:02Z,140,Summoner Silver Ring,4e-05,2470.5,0.0988
2026-09-10T18:00:02Z,243,Golden Archon Ring,0.0007499,2470.5,1.8526
2026-09-10T18:00:02Z,244,Golden Athena Ring,0.0006892,2470.5,1.7027
2026-09-10T18:00:02Z,245,Golden Chobo Ring,0.0006493,2470.5,1.6041
2026-09-10T18:00:02Z,246,Golden Crusader Ring,0.0007099,2470.5,1.7538
2026-09-10T18:00:02Z,247,Golden Foxglove Ring,0.0006999,2470.5,1.7291
2026-09-10T18:00:02Z,248,Golden Overseer Ring,0.00079998,2470.5,1.9764
2026-09-10T18:00:02Z,249,Golden Summoner Ring,0.00076,2470.5,1.8776
2026-09-10T18:05:12Z,134,Chobo Silver Ring,4e-05,2460.16,0.0984
2026-09-10T18:05:12Z,135,Crusader Silver Ring,4e-05,2460.16,0.0984
2026-09-10T18:05:12Z,136,Overseer Silver Ring,4.599988e-05,2460.16,0.1132
2026-09-10T18:05:12Z,137,Athena Silver Ring,4e-05,2460.16,0.0984
2026-09-10T18:05:12Z,138,Archon Silver Ring,5.099989e-05,2460.16,0.1255
2026-09-10T18:05:12Z,139,Foxglove Silver Ring,4e-05,2460.16,0.0984
2026-09-10T18:05:12Z,140,Summoner Silver Ring,4e-05,2460.16,0.0984
2026-09-10T18:05:12Z,243,Golden Archon Ring,0.0007499,2460.16,1.8449
2026-09-10T18:05:12Z,244,Golden Athena Ring,0.0006892,2460.16,1.6955
2026-09-10T18:05:12Z,245,Golden Chobo Ring,0.0006493,2460.16,1.5974
2026-09-10T18:05:12Z,246,Golden Crusader Ring,0.0007099,2460.16,1.7465
2026-09-10T18:05:12Z,247,Golden Foxglove Ring,0.0006999,2460.16,1.7219
2026-09-10T18:05:12Z,248,Golden Overseer Ring,0.00079998,2460.16,1.9681
2026-09-10T18:05:12Z,249,Golden Summoner Ring,0.00076,2460.16,1.8697
2026-09-10T18:30:02Z,134,Chobo Silver Ring,4.98999e-05,2461.1,0.1228
2026-09-10T18:30:02Z,135,Crusader Silver Ring,5e-05,2461.1,0.1231
2026-09-10T18:30:02Z,136,Overseer Silver Ring,4.599988e-05,2461.1,0.1132
2026-09-10T18:30:02Z,137,Athena Silver Ring,4e-05,2461.1,0.0984
2026-09-10T18:30:02Z,138,Archon Silver Ring,5.099989e-05,2461.1,0.1255
2026-09-10T18:30:02Z,139,Foxglove Silver Ring,4.5e-05,2461.1,0.1107
2026-09-10T18:30:02Z,140,Summoner Silver Ring,4e-05,2461.1,0.0984
2026-09-10T18:30:02Z,243,Golden Archon Ring,0.00074989999,2461.1,1.8456
2026-09-10T18:30:02Z,244,Golden Athena Ring,0.0006892,2461.1,1.6962
2026-09-10T18:30:02Z,245,Golden Chobo Ring,0.00064935,2461.1,1.5981
2026-09-10T18:30:02Z,246,Golden Crusader Ring,0.0007098999,2461.1,1.7471
2026-09-10T18:30:02Z,247,Golden Foxglove Ring,0.0006998999,2461.1,1.7225
2026-09-10T18:30:02Z,248,Golden Overseer Ring,0.0007999799,2461.1,1.9688
2026-09-10T18:30:02Z,249,Golden Summoner Ring,0.00076,2461.1,1.8704
2026-09-10T19:00:03Z,134,Chobo Silver Ring,4.989e-05,2466.77,0.1231
2026-09-10T19:00:03Z,135,Crusader Silver Ring,6e-05,2466.77,0.148
2026-09-10T19:00:03Z,136,Overseer Silver Ring,4.599989e-05,2466.77,0.1135
2026-09-10T19:00:03Z,137,Athena Silver Ring,4.7999e-05,2466.77,0.1184
2026-09-10T19:00:03Z,138,Archon Silver Ring,5.09998901e-05,2466.77,0.1258
2026-09-10T19:00:03Z,139,Foxglove Silver Ring,4.5e-05,2466.77,0.111
2026-09-10T19:00:03Z,140,Summoner Silver Ring,4e-05,2466.77,0.0987
2026-09-10T19:00:03Z,243,Golden Archon Ring,0.00074989999,2466.77,1.8498
2026-09-10T19:00:03Z,244,Golden Athena Ring,0.000689,2466.77,1.6996
2026-09-10T19:00:03Z,245,Golden Chobo Ring,0.00064935,2466.77,1.6018
2026-09-10T19:00:03Z,246,Golden Crusader Ring,0.0007098999,2466.77,1.7512
2026-09-10T19:00:03Z,247,Golden Foxglove Ring,0.0006992,2466.77,1.7248
2026-09-10T19:00:03Z,248,Golden Overseer Ring,0.0007999799,2466.77,1.9734
2026-09-10T19:00:03Z,249,Golden Summoner Ring,0.00076,2466.77,1.8747
2026-09-10T19:30:02Z,134,Chobo Silver Ring,4.989e-05,2465.2,0.123
2026-09-10T19:30:02Z,135,Crusader Silver Ring,6.492e-05,2465.2,0.16
2026-09-10T19:30:02Z,136,Overseer Silver Ring,4.594e-05,2465.2,0.1133
2026-09-10T19:30:02Z,137,Athena Silver Ring,4.7999e-05,2465.2,0.1183
2026-09-10T19:30:02Z,138,Archon Silver Ring,5.09998901e-05,2465.2,0.1257
2026-09-10T19:30:02Z,139,Foxglove Silver Ring,5.09999998e-05,2465.2,0.1257
2026-09-10T19:30:02Z,140,Summoner Silver Ring,4.394e-05,2465.2,0.1083
2026-09-10T19:30:02Z,243,Golden Archon Ring,0.0007,2465.2,1.7256
2026-09-10T19:30:02Z,244,Golden Athena Ring,0.00062,2465.2,1.5284
2026-09-10T19:30:02Z,245,Golden Chobo Ring,0.00064,2465.2,1.5777
2026-09-10T19:30:02Z,246,Golden Crusader Ring,0.00070989,2465.2,1.75
2026-09-10T19:30:02Z,247,Golden Foxglove Ring,0.00065,2465.2,1.6024
2026-09-10T19:30:02Z,248,Golden Overseer Ring,0.00079997,2465.2,1.9721
2026-09-10T19:30:02Z,249,Golden Summoner Ring,0.00075999,2465.2,1.8735
2026-09-10T20:00:02Z,134,Chobo Silver Ring,4.989e-05,2462.16,0.1228
2026-09-10T20:00:02Z,135,Crusader Silver Ring,6.492e-05,2462.16,0.1598
2026-09-10T20:00:02Z,136,Overseer Silver Ring,4.589e-05,2462.16,0.113
2026-09-10T20:00:02Z,137,Athena Silver Ring,4.7999e-05,2462.16,0.1182
2026-09-10T20:00:02Z,138,Archon Silver Ring,5.09998901e-05,2462.16,0.1256
2026-09-10T20:00:02Z,139,Foxglove Silver Ring,5.09999998e-05,2462.16,0.1256
2026-09-10T20:00:02Z,140,Summoner Silver Ring,4.394e-05,2462.16,0.1082
2026-09-10T20:00:02Z,243,Golden Archon Ring,0.000699,2462.16,1.721
2026-09-10T20:00:02Z,244,Golden Athena Ring,0.0006885,2462.16,1.6952
2026-09-10T20:00:02Z,245,Golden Chobo Ring,0.0006399,2462.16,1.5755
2026-09-10T20:00:02Z,246,Golden Crusader Ring,0.00070989,2462.16,1.7479
2026-09-10T20:00:02Z,247,Golden Foxglove Ring,0.0006,2462.16,1.4773
2026-09-10T20:00:02Z,248,Golden Overseer Ring,0.000799969,2462.16,1.9697
2026-09-10T20:00:02Z,249,Golden Summoner Ring,0.00075998,2462.16,1.8712
2026-09-10T20:30:02Z,134,Chobo Silver Ring,4.989e-05,2466.72,0.1231
2026-09-10T20:30:02Z,135,Crusader Silver Ring,6.492e-05,2466.72,0.1601
2026-09-10T20:30:02Z,136,Overseer Silver Ring,4.589e-05,2466.72,0.1132
2026-09-10T20:30:02Z,137,Athena Silver Ring,4.7999e-05,2466.72,0.1184
2026-09-10T20:30:02Z,138,Archon Silver Ring,5.09998901e-05,2466.72,0.1258
2026-09-10T20:30:02Z,139,Foxglove Silver Ring,5.09999998e-05,2466.72,0.1258
2026-09-10T20:30:02Z,140,Summoner Silver Ring,4.393e-05,2466.72,0.1084
2026-09-10T20:30:02Z,243,Golden Archon Ring,0.000699,2466.72,1.7242
2026-09-10T20:30:02Z,244,Golden Athena Ring,0.0006885,2466.72,1.6983
2026-09-10T20:30:02Z,245,Golden Chobo Ring,0.0006399,2466.72,1.5785
2026-09-10T20:30:02Z,246,Golden Crusader Ring,0.00070989,2466.72,1.7511
2026-09-10T20:30:02Z,247,Golden Foxglove Ring,0.00065,2466.72,1.6034
2026-09-10T20:30:02Z,248,Golden Overseer Ring,0.000799969,2466.72,1.9733
2026-09-10T20:30:02Z,249,Golden Summoner Ring,0.00075998,2466.72,1.8747
2026-09-10T21:00:03Z,134,Chobo Silver Ring,4.989e-05,2461.03,0.1228
2026-09-10T21:00:03Z,135,Crusader Silver Ring,6.492e-05,2461.03,0.1598
2026-09-10T21:00:03Z,136,Overseer Silver Ring,4.599999e-05,2461.03,0.1132
2026-09-10T21:00:03Z,137,Athena Silver Ring,4.7999e-05,2461.03,0.1181
2026-09-10T21:00:03Z,138,Archon Silver Ring,5.09998901e-05,2461.03,0.1255
2026-09-10T21:00:03Z,139,Foxglove Silver Ring,5.09999998e-05,2461.03,0.1255
2026-09-10T21:00:03Z,140,Summoner Silver Ring,4.393e-05,2461.03,0.1081
2026-09-10T21:00:03Z,243,Golden Archon Ring,0.0006989,2461.03,1.72
2026-09-10T21:00:03Z,244,Golden Athena Ring,0.0006884999,2461.03,1.6944
2026-09-10T21:00:03Z,245,Golden Chobo Ring,0.0006398,2461.03,1.5746
2026-09-10T21:00:03Z,246,Golden Crusader Ring,0.00070989,2461.03,1.7471
2026-09-10T21:00:03Z,247,Golden Foxglove Ring,0.00064999,2461.03,1.5996
2026-09-10T21:00:03Z,248,Golden Overseer Ring,0.000799969,2461.03,1.9687
2026-09-10T21:00:03Z,249,Golden Summoner Ring,0.00075998,2461.03,1.8703
2026-09-10T21:30:02Z,134,Chobo Silver Ring,4.989e-05,2460.89,0.1228
2026-09-10T21:30:02Z,135,Crusader Silver Ring,6.492e-05,2460.89,0.1598
2026-09-10T21:30:02Z,136,Overseer Silver Ring,4.599999e-05,2460.89,0.1132
2026-09-10T21:30:02Z,137,Athena Silver Ring,4.7999e-05,2460.89,0.1181
2026-09-10T21:30:02Z,138,Archon Silver Ring,5.09998901e-05,2460.89,0.1255
2026-09-10T21:30:02Z,139,Foxglove Silver Ring,5.09999998e-05,2460.89,0.1255
2026-09-10T21:30:02Z,140,Summoner Silver Ring,4.394e-05,2460.89,0.1081
2026-09-10T21:30:02Z,243,Golden Archon Ring,0.000639,2460.89,1.5725
2026-09-10T21:30:02Z,244,Golden Athena Ring,0.000635,2460.89,1.5627
2026-09-10T21:30:02Z,245,Golden Chobo Ring,0.000639,2460.89,1.5725
2026-09-10T21:30:02Z,246,Golden Crusader Ring,0.000639,2460.89,1.5725
2026-09-10T21:30:02Z,247,Golden Foxglove Ring,0.000635,2460.89,1.5627
2026-09-10T21:30:02Z,248,Golden Overseer Ring,0.00071,2460.89,1.7472
2026-09-10T21:30:02Z,249,Golden Summoner Ring,0.00075998,2460.89,1.8702
2026-09-10T22:00:02Z,134,Chobo Silver Ring,4.989e-05,2458.25,0.1226
2026-09-10T22:00:02Z,135,Crusader Silver Ring,6.492e-05,2458.25,0.1596
2026-09-10T22:00:02Z,136,Overseer Silver Ring,4.599999e-05,2458.25,0.1131
2026-09-10T22:00:02Z,137,Athena Silver Ring,4.7999e-05,2458.25,0.118
2026-09-10T22:00:02Z,138,Archon Silver Ring,5.09998901e-05,2458.25,0.1254
2026-09-10T22:00:02Z,139,Foxglove Silver Ring,5.09999998e-05,2458.25,0.1254
2026-09-10T22:00:02Z,140,Summoner Silver Ring,4.394e-05,2458.25,0.108
2026-09-10T22:00:02Z,243,Golden Archon Ring,0.0006989,2458.25,1.7181
2026-09-10T22:00:02Z,244,Golden Athena Ring,0.000635,2458.25,1.561
2026-09-10T22:00:02Z,245,Golden Chobo Ring,0.0006398,2458.25,1.5728
2026-09-10T22:00:02Z,246,Golden Crusader Ring,0.00070989,2458.25,1.7451
2026-09-10T22:00:02Z,247,Golden Foxglove Ring,0.000635,2458.25,1.561
2026-09-10T22:00:02Z,248,Golden Overseer Ring,0.000799969,2458.25,1.9665
2026-09-10T22:00:02Z,249,Golden Summoner Ring,0.00075999,2458.25,1.8682
2026-09-10T22:30:02Z,134,Chobo Silver Ring,4.989e-05,2453.96,0.1224
2026-09-10T22:30:02Z,135,Crusader Silver Ring,6.49998e-05,2453.96,0.1595
2026-09-10T22:30:02Z,136,Overseer Silver Ring,4.599999e-05,2453.96,0.1129
2026-09-10T22:30:02Z,137,Athena Silver Ring,4.7999e-05,2453.96,0.1178
2026-09-10T22:30:02Z,138,Archon Silver Ring,5.09998901e-05,2453.96,0.1252
2026-09-10T22:30:02Z,139,Foxglove Silver Ring,5.09999998e-05,2453.96,0.1252
2026-09-10T22:30:02Z,140,Summoner Silver Ring,4.394e-05,2453.96,0.1078
2026-09-10T22:30:02Z,243,Golden Archon Ring,0.0006989,2453.96,1.7151
2026-09-10T22:30:02Z,244,Golden Athena Ring,0.000635,2453.96,1.5583
2026-09-10T22:30:02Z,245,Golden Chobo Ring,0.0006398,2453.96,1.57
2026-09-10T22:30:02Z,246,Golden Crusader Ring,0.00070989,2453.96,1.742
2026-09-10T22:30:02Z,247,Golden Foxglove Ring,0.000635,2453.96,1.5583
2026-09-10T22:30:02Z,248,Golden Overseer Ring,0.000799969,2453.96,1.9631
2026-09-10T22:30:02Z,249,Golden Summoner Ring,0.00075999,2453.96,1.865
2026-09-10T23:00:02Z,134,Chobo Silver Ring,4.989e-05,2443.54,0.1219
2026-09-10T23:00:02Z,135,Crusader Silver Ring,6.49997e-05,2443.54,0.1588
2026-09-10T23:00:02Z,136,Overseer Silver Ring,4.599999e-05,2443.54,0.1124
2026-09-10T23:00:02Z,137,Athena Silver Ring,4.7999e-05,2443.54,0.1173
2026-09-10T23:00:02Z,138,Archon Silver Ring,5.09998901e-05,2443.54,0.1246
2026-09-10T23:00:02Z,139,Foxglove Silver Ring,5.09999998e-05,2443.54,0.1246
2026-09-10T23:00:02Z,140,Summoner Silver Ring,4.394e-05,2443.54,0.1074
2026-09-10T23:00:02Z,243,Golden Archon Ring,0.0006989,2443.54,1.7078
2026-09-10T23:00:02Z,244,Golden Athena Ring,0.0007639599,2443.54,1.8668
2026-09-10T23:00:02Z,245,Golden Chobo Ring,0.0006398,2443.54,1.5634
2026-09-10T23:00:02Z,246,Golden Crusader Ring,0.00070989,2443.54,1.7346
2026-09-10T23:00:02Z,247,Golden Foxglove Ring,0.000635,2443.54,1.5516
2026-09-10T23:00:02Z,248,Golden Overseer Ring,0.000799969,2443.54,1.9548
2026-09-10T23:00:02Z,249,Golden Summoner Ring,0.00075999,2443.54,1.8571
2026-09-10T23:30:02Z,134,Chobo Silver Ring,4.989e-05,2445.92,0.122
2026-09-10T23:30:02Z,135,Crusader Silver Ring,6.49997e-05,2445.92,0.159
2026-09-10T23:30:02Z,136,Overseer Silver Ring,4.599999e-05,2445.92,0.1125
2026-09-10T23:30:02Z,137,Athena Silver Ring,4.7999e-05,2445.92,0.1174
2026-09-10T23:30:02Z,138,Archon Silver Ring,5.09998901e-05,2445.92,0.1247
2026-09-10T23:30:02Z,139,Foxglove Silver Ring,5.09999998e-05,2445.92,0.1247
2026-09-10T23:30:02Z,140,Summoner Silver Ring,4.394e-05,2445.92,0.1075
2026-09-10T23:30:02Z,243,Golden Archon Ring,0.000699,2445.92,1.7097
2026-09-10T23:30:02Z,244,Golden Athena Ring,0.00076396,2445.92,1.8686
2026-09-10T23:30:02Z,245,Golden Chobo Ring,0.0006398,2445.92,1.5649
2026-09-10T23:30:02Z,246,Golden Crusader Ring,0.0007098999,2445.92,1.7364
2026-09-10T23:30:02Z,247,Golden Foxglove Ring,0.000635,2445.92,1.5532
2026-09-10T23:30:02Z,248,Golden Overseer Ring,0.00079997,2445.92,1.9567
2026-09-10T23:30:02Z,249,Golden Summoner Ring,0.00076,2445.92,1.8589
2026-09-11T00:00:02Z,134,Chobo Silver Ring,4.989e-05,2437.92,0.1216
2026-09-11T00:00:02Z,135,Crusader Silver Ring,6.49997e-05,2437.92,0.1585
2026-09-11T00:00:02Z,136,Overseer Silver Ring,4.5e-05,2437.92,0.1097
2026-09-11T00:00:02Z,137,Athena Silver Ring,4.7999e-05,2437.92,0.117
2026-09-11T00:00:02Z,138,Archon Silver Ring,5.09998901e-05,2437.92,0.1243
2026-09-11T00:00:02Z,139,Foxglove Silver Ring,5.09999998e-05,2437.92,0.1243
2026-09-11T00:00:02Z,140,Summoner Silver Ring,4.59999e-05,2437.92,0.1121
2026-09-11T00:00:02Z,243,Golden Archon Ring,0.000699,2437.92,1.7041
2026-09-11T00:00:02Z,244,Golden Athena Ring,0.00076396,2437.92,1.8625
2026-09-11T00:00:02Z,245,Golden Chobo Ring,0.0006398,2437.92,1.5598
2026-09-11T00:00:02Z,246,Golden Crusader Ring,0.0007098999,2437.92,1.7307
2026-09-11T00:00:02Z,247,Golden Foxglove Ring,0.000635,2437.92,1.5481
2026-09-11T00:00:02Z,248,Golden Overseer Ring,0.00079997,2437.92,1.9503
2026-09-11T00:00:02Z,249,Golden Summoner Ring,0.00076,2437.92,1.8528
2026-09-11T00:30:02Z,134,Chobo Silver Ring,4.989e-05,2451.45,0.1223
2026-09-11T00:30:02Z,135,Crusader Silver Ring,6.49997e-05,2451.45,0.1593
2026-09-11T00:30:02Z,136,Overseer Silver Ring,4.5e-05,2451.45,0.1103
2026-09-11T00:30:02Z,137,Athena Silver Ring,4.7999e-05,2451.45,0.1177
2026-09-11T00:30:02Z,138,Archon Silver Ring,5.09998901e-05,2451.45,0.125
2026-09-11T00:30:02Z,139,Foxglove Silver Ring,5.09999998e-05,2451.45,0.125
2026-09-11T00:30:02Z,140,Summoner Silver Ring,4.59999e-05,2451.45,0.1128
2026-09-11T00:30:02Z,243,Golden Archon Ring,0.000699,2451.45,1.7136
2026-09-11T00:30:02Z,244,Golden Athena Ring,0.00076396,2451.45,1.8728
2026-09-11T00:30:02Z,245,Golden Chobo Ring,0.0006398,2451.45,1.5684
2026-09-11T00:30:02Z,246,Golden Crusader Ring,0.0007098999,2451.45,1.7403
2026-09-11T00:30:02Z,247,Golden Foxglove Ring,0.000635,2451.45,1.5567
2026-09-11T00:30:02Z,248,Golden Overseer Ring,0.00079997,2451.45,1.9611
2026-09-11T00:30:02Z,249,Golden Summoner Ring,0.00076,2451.45,1.8631
2026-09-11T01:00:02Z,134,Chobo Silver Ring,4e-05,2457.14,0.0983
2026-09-11T01:00:02Z,135,Crusader Silver Ring,6e-05,2457.14,0.1474
2026-09-11T01:00:02Z,136,Overseer Silver Ring,4.5e-05,2457.14,0.1106
2026-09-11T01:00:02Z,137,Athena Silver Ring,4.7998e-05,2457.14,0.1179
2026-09-11T01:00:02Z,138,Archon Silver Ring,5.099989e-05,2457.14,0.1253
2026-09-11T01:00:02Z,139,Foxglove Silver Ring,5.09999998e-05,2457.14,0.1253
2026-09-11T01:00:02Z,140,Summoner Silver Ring,4.59999e-05,2457.14,0.113
2026-09-11T01:00:02Z,243,Golden Archon Ring,0.000699,2457.14,1.7175
2026-09-11T01:00:02Z,244,Golden Athena Ring,0.00076396,2457.14,1.8772
2026-09-11T01:00:02Z,245,Golden Chobo Ring,0.0006398,2457.14,1.5721
2026-09-11T01:00:02Z,246,Golden Crusader Ring,0.0007098999,2457.14,1.7443
2026-09-11T01:00:02Z,247,Golden Foxglove Ring,0.000635,2457.14,1.5603
2026-09-11T01:00:02Z,248,Golden Overseer Ring,0.00079997,2457.14,1.9656
2026-09-11T01:00:02Z,249,Golden Summoner Ring,0.00076,2457.14,1.8674
2026-09-11T01:30:02Z,134,Chobo Silver Ring,4e-05,2453.28,0.0981
2026-09-11T01:30:02Z,135,Crusader Silver Ring,6e-05,2453.28,0.1472
2026-09-11T01:30:02Z,136,Overseer Silver Ring,4.5e-05,2453.28,0.1104
2026-09-11T01:30:02Z,137,Athena Silver Ring,4.7998e-05,2453.28,0.1178
2026-09-11T01:30:02Z,138,Archon Silver Ring,5.099989e-05,2453.28,0.1251
2026-09-11T01:30:02Z,139,Foxglove Silver Ring,5.09999998e-05,2453.28,0.1251
2026-09-11T01:30:02Z,140,Summoner Silver Ring,4.59999e-05,2453.28,0.1129
2026-09-11T01:30:02Z,243,Golden Archon Ring,0.000699,2453.28,1.7148
2026-09-11T01:30:02Z,244,Golden Athena Ring,0.00076396,2453.28,1.8742
2026-09-11T01:30:02Z,245,Golden Chobo Ring,0.0006398,2453.28,1.5696
2026-09-11T01:30:02Z,246,Golden Crusader Ring,0.0007098999,2453.28,1.7416
2026-09-11T01:30:02Z,247,Golden Foxglove Ring,0.000635,2453.28,1.5578
2026-09-11T01:30:02Z,248,Golden Overseer Ring,0.0007999,2453.28,1.9624
2026-09-11T01:30:02Z,249,Golden Summoner Ring,0.00076,2453.28,1.8645
2026-09-11T02:00:02Z,134,Chobo Silver Ring,4e-05,2452.92,0.0981
2026-09-11T02:00:02Z,135,Crusader Silver Ring,6e-05,2452.92,0.1472
2026-09-11T02:00:02Z,136,Overseer Silver Ring,4.5e-05,2452.92,0.1104
2026-09-11T02:00:02Z,137,Athena Silver Ring,4.8e-05,2452.92,0.1177
2026-09-11T02:00:02Z,138,Archon Silver Ring,5.099989e-05,2452.92,0.1251
2026-09-11T02:00:02Z,139,Foxglove Silver Ring,5.09999998e-05,2452.92,0.1251
2026-09-11T02:00:02Z,140,Summoner Silver Ring,4.59999e-05,2452.92,0.1128
2026-09-11T02:00:02Z,243,Golden Archon Ring,0.000699,2452.92,1.7146
2026-09-11T02:00:02Z,244,Golden Athena Ring,0.00076396,2452.92,1.8739
2026-09-11T02:00:02Z,245,Golden Chobo Ring,0.0006398,2452.92,1.5694
2026-09-11T02:00:02Z,246,Golden Crusader Ring,0.0007098999,2452.92,1.7413
2026-09-11T02:00:02Z,247,Golden Foxglove Ring,0.000635,2452.92,1.5576
2026-09-11T02:00:02Z,248,Golden Overseer Ring,0.0007999,2452.92,1.9621
2026-09-11T02:00:02Z,249,Golden Summoner Ring,0.00076,2452.92,1.8642
2026-09-11T02:30:02Z,134,Chobo Silver Ring,4e-05,2446.76,0.0979
2026-09-11T02:30:02Z,135,Crusader Silver Ring,6e-05,2446.76,0.1468
2026-09-11T02:30:02Z,136,Overseer Silver Ring,4.5e-05,2446.76,0.1101
2026-09-11T02:30:02Z,137,Athena Silver Ring,4.8e-05,2446.76,0.1174
2026-09-11T02:30:02Z,138,Archon Silver Ring,5.099989e-05,2446.76,0.1248
2026-09-11T02:30:02Z,139,Foxglove Silver Ring,4.595e-05,2446.76,0.1124
2026-09-11T02:30:02Z,140,Summoner Silver Ring,4.595e-05,2446.76,0.1124
2026-09-11T02:30:02Z,243,Golden Archon Ring,0.0006983,2446.76,1.7086
2026-09-11T02:30:02Z,244,Golden Athena Ring,0.00076396,2446.76,1.8692
2026-09-11T02:30:02Z,245,Golden Chobo Ring,0.00063916,2446.76,1.5639
2026-09-11T02:30:02Z,246,Golden Crusader Ring,0.00070919,2446.76,1.7352
2026-09-11T02:30:02Z,247,Golden Foxglove Ring,0.00063437,2446.76,1.5522
2026-09-11T02:30:02Z,248,Golden Overseer Ring,0.00063437,2446.76,1.5522
2026-09-11T02:30:02Z,249,Golden Summoner Ring,0.00075924,2446.76,1.8577
2026-09-11T03:00:02Z,134,Chobo Silver Ring,4e-05,2446.49,0.0979
2026-09-11T03:00:02Z,135,Crusader Silver Ring,6e-05,2446.49,0.1468
2026-09-11T03:00:02Z,136,Overseer Silver Ring,4.5e-05,2446.49,0.1101
2026-09-11T03:00:02Z,137,Athena Silver Ring,4.8e-05,2446.49,0.1174
2026-09-11T03:00:02Z,138,Archon Silver Ring,5.099988e-05,2446.49,0.1248
2026-09-11T03:00:02Z,139,Foxglove Silver Ring,4.595e-05,2446.49,0.1124
2026-09-11T03:00:02Z,140,Summoner Silver Ring,4.59499999e-05,2446.49,0.1124
2026-09-11T03:00:02Z,243,Golden Archon Ring,0.0006983,2446.49,1.7084
2026-09-11T03:00:02Z,244,Golden Athena Ring,0.00076396,2446.49,1.869
2026-09-11T03:00:02Z,245,Golden Chobo Ring,0.00063916,2446.49,1.5637
2026-09-11T03:00:02Z,246,Golden Crusader Ring,0.00070919,2446.49,1.735
2026-09-11T03:00:02Z,247,Golden Foxglove Ring,0.0006999,2446.49,1.7123
2026-09-11T03:00:02Z,248,Golden Overseer Ring,0.00063437,2446.49,1.552
2026-09-11T03:00:02Z,249,Golden Summoner Ring,0.00075924,2446.49,1.8575
2026-09-11T03:30:02Z,134,Chobo Silver Ring,4e-05,2442.5,0.0977
2026-09-11T03:30:02Z,135,Crusader Silver Ring,6e-05,2442.5,0.1466
2026-09-11T03:30:02Z,136,Overseer Silver Ring,4.5e-05,2442.5,0.1099
2026-09-11T03:30:02Z,137,Athena Silver Ring,4.8e-05,2442.5,0.1172
2026-09-11T03:30:02Z,138,Archon Silver Ring,5.099988e-05,2442.5,0.1246
2026-09-11T03:30:02Z,139,Foxglove Silver Ring,4.595e-05,2442.5,0.1122
2026-09-11T03:30:02Z,140,Summoner Silver Ring,4.59499999e-05,2442.5,0.1122
2026-09-11T03:30:02Z,243,Golden Archon Ring,0.00069,2442.5,1.6853
2026-09-11T03:30:02Z,244,Golden Athena Ring,0.00076396,2442.5,1.866
2026-09-11T03:30:02Z,245,Golden Chobo Ring,0.00063,2442.5,1.5388
2026-09-11T03:30:02Z,246,Golden Crusader Ring,0.0007,2442.5,1.7097
2026-09-11T03:30:02Z,247,Golden Foxglove Ring,0.00068,2442.5,1.6609
2026-09-11T03:30:02Z,248,Golden Overseer Ring,0.00062,2442.5,1.5144
2026-09-11T03:30:02Z,249,Golden Summoner Ring,0.00072,2442.5,1.7586
2026-09-11T04:00:02Z,134,Chobo Silver Ring,4e-05,2445.85,0.0978
2026-09-11T04:00:02Z,135,Crusader Silver Ring,6.499e-05,2445.85,0.159
2026-09-11T04:00:02Z,136,Overseer Silver Ring,4.5e-05,2445.85,0.1101
2026-09-11T04:00:02Z,137,Athena Silver Ring,4.8e-05,2445.85,0.1174
2026-09-11T04:00:02Z,138,Archon Silver Ring,5.099988e-05,2445.85,0.1247
2026-09-11T04:00:02Z,139,Foxglove Silver Ring,4.595e-05,2445.85,0.1124
2026-09-11T04:00:02Z,140,Summoner Silver Ring,4.59499999e-05,2445.85,0.1124
2026-09-11T04:00:02Z,243,Golden Archon Ring,0.00069,2445.85,1.6876
2026-09-11T04:00:02Z,244,Golden Athena Ring,0.00076396,2445.85,1.8685
2026-09-11T04:00:02Z,245,Golden Chobo Ring,0.00063,2445.85,1.5409
2026-09-11T04:00:02Z,246,Golden Crusader Ring,0.0007,2445.85,1.7121
2026-09-11T04:00:02Z,247,Golden Foxglove Ring,0.00068,2445.85,1.6632
2026-09-11T04:00:02Z,248,Golden Overseer Ring,0.00062,2445.85,1.5164
2026-09-11T04:00:02Z,249,Golden Summoner Ring,0.00072,2445.85,1.761
2026-09-11T04:30:02Z,134,Chobo Silver Ring,4e-05,2461.97,0.0985
2026-09-11T04:30:02Z,135,Crusader Silver Ring,6.499e-05,2461.97,0.16
2026-09-11T04:30:02Z,136,Overseer Silver Ring,4.6e-05,2461.97,0.1133
2026-09-11T04:30:02Z,137,Athena Silver Ring,4.8e-05,2461.97,0.1182
2026-09-11T04:30:02Z,138,Archon Silver Ring,5.099988e-05,2461.97,0.1256
2026-09-11T04:30:02Z,139,Foxglove Silver Ring,4.595e-05,2461.97,0.1131
2026-09-11T04:30:02Z,140,Summoner Silver Ring,4.59499999e-05,2461.97,0.1131
2026-09-11T04:30:02Z,243,Golden Archon Ring,0.00069,2461.97,1.6988
2026-09-11T04:30:02Z,244,Golden Athena Ring,0.00076396,2461.97,1.8808
2026-09-11T04:30:02Z,245,Golden Chobo Ring,0.00063,2461.97,1.551
2026-09-11T04:30:02Z,246,Golden Crusader Ring,0.0007,2461.97,1.7234
2026-09-11T04:30:02Z,247,Golden Foxglove Ring,0.00068,2461.97,1.6741
2026-09-11T04:30:02Z,248,Golden Overseer Ring,0.00062,2461.97,1.5264
2026-09-11T04:30:02Z,249,Golden Summoner Ring,0.00072,2461.97,1.7726
2026-09-11T05:00:02Z,134,Chobo Silver Ring,4e-05,2458.5,0.0983
2026-09-11T05:00:02Z,135,Crusader Silver Ring,6.499e-05,2458.5,0.1598
2026-09-11T05:00:02Z,136,Overseer Silver Ring,4.6e-05,2458.5,0.1131
2026-09-11T05:00:02Z,137,Athena Silver Ring,4.8e-05,2458.5,0.118
2026-09-11T05:00:02Z,138,Archon Silver Ring,5.099988e-05,2458.5,0.1254
2026-09-11T05:00:02Z,139,Foxglove Silver Ring,4.595e-05,2458.5,0.113
2026-09-11T05:00:02Z,140,Summoner Silver Ring,4.59499999e-05,2458.5,0.113
2026-09-11T05:00:02Z,243,Golden Archon Ring,0.00069,2458.5,1.6964
2026-09-11T05:00:02Z,244,Golden Athena Ring,0.00076396,2458.5,1.8782
2026-09-11T05:00:02Z,245,Golden Chobo Ring,0.00063,2458.5,1.5489
2026-09-11T05:00:02Z,246,Golden Crusader Ring,0.0007,2458.5,1.7209
2026-09-11T05:00:02Z,247,Golden Foxglove Ring,0.00068,2458.5,1.6718
2026-09-11T05:00:02Z,248,Golden Overseer Ring,0.00062,2458.5,1.5243
2026-09-11T05:00:02Z,249,Golden Summoner Ring,0.00072,2458.5,1.7701
2026-09-11T05:30:02Z,134,Chobo Silver Ring,4.988e-05,2459.09,0.1227
2026-09-11T05:30:02Z,135,Crusader Silver Ring,6.499e-05,2459.09,0.1598
2026-09-11T05:30:02Z,136,Overseer Silver Ring,4.6e-05,2459.09,0.1131
2026-09-11T05:30:02Z,137,Athena Silver Ring,4.8e-05,2459.09,0.118
2026-09-11T05:30:02Z,138,Archon Silver Ring,5.099988e-05,2459.09,0.1254
2026-09-11T05:30:02Z,139,Foxglove Silver Ring,4.595e-05,2459.09,0.113
2026-09-11T05:30:02Z,140,Summoner Silver Ring,4.59499999e-05,2459.09,0.113
2026-09-11T05:30:02Z,243,Golden Archon Ring,0.00069,2459.09,1.6968
2026-09-11T05:30:02Z,244,Golden Athena Ring,0.00076396,2459.09,1.8786
2026-09-11T05:30:02Z,245,Golden Chobo Ring,0.00063,2459.09,1.5492
2026-09-11T05:30:02Z,246,Golden Crusader Ring,0.0007,2459.09,1.7214
2026-09-11T05:30:02Z,247,Golden Foxglove Ring,0.00068,2459.09,1.6722
2026-09-11T05:30:02Z,248,Golden Overseer Ring,0.00062,2459.09,1.5246
2026-09-11T05:30:02Z,249,Golden Summoner Ring,0.00072,2459.09,1.7705
2026-09-11T06:00:02Z,134,Chobo Silver Ring,4.988e-05,2466.81,0.123
2026-09-11T06:00:02Z,135,Crusader Silver Ring,6.499e-05,2466.81,0.1603
2026-09-11T06:00:02Z,136,Overseer Silver Ring,4.6e-05,2466.81,0.1135
2026-09-11T06:00:02Z,137,Athena Silver Ring,4.8e-05,2466.81,0.1184
2026-09-11T06:00:02Z,138,Archon Silver Ring,5.099988e-05,2466.81,0.1258
2026-09-11T06:00:02Z,139,Foxglove Silver Ring,4.595e-05,2466.81,0.1133
2026-09-11T06:00:02Z,140,Summoner Silver Ring,4.59499999e-05,2466.81,0.1133
2026-09-11T06:00:02Z,243,Golden Archon Ring,0.00069,2466.81,1.7021
2026-09-11T06:00:02Z,244,Golden Athena Ring,0.00076396,2466.81,1.8845
2026-09-11T06:00:02Z,245,Golden Chobo Ring,0.00063,2466.81,1.5541
2026-09-11T06:00:02Z,246,Golden Crusader Ring,0.0007,2466.81,1.7268
2026-09-11T06:00:02Z,247,Golden Foxglove Ring,0.00068,2466.81,1.6774
2026-09-11T06:00:02Z,248,Golden Overseer Ring,0.00062,2466.81,1.5294
2026-09-11T06:00:02Z,249,Golden Summoner Ring,0.00072,2466.81,1.7761
2026-09-11T06:30:02Z,134,Chobo Silver Ring,4.988e-05,2465.14,0.123
2026-09-11T06:30:02Z,135,Crusader Silver Ring,6.499e-05,2465.14,0.1602
2026-09-11T06:30:02Z,136,Overseer Silver Ring,4.6e-05,2465.14,0.1134
2026-09-11T06:30:02Z,137,Athena Silver Ring,4.8e-05,2465.14,0.1183
2026-09-11T06:30:02Z,138,Archon Silver Ring,5.099988e-05,2465.14,0.1257
2026-09-11T06:30:02Z,139,Foxglove Silver Ring,4.595e-05,2465.14,0.1133
2026-09-11T06:30:02Z,140,Summoner Silver Ring,4.59499999e-05,2465.14,0.1133
2026-09-11T06:30:02Z,243,Golden Archon Ring,0.00069,2465.14,1.7009
2026-09-11T06:30:02Z,244,Golden Athena Ring,0.00076396,2465.14,1.8833
2026-09-11T06:30:02Z,245,Golden Chobo Ring,0.00063,2465.14,1.553
2026-09-11T06:30:02Z,246,Golden Crusader Ring,0.0007,2465.14,1.7256
2026-09-11T06:30:02Z,247,Golden Foxglove Ring,0.00068,2465.14,1.6763
2026-09-11T06:30:02Z,248,Golden Overseer Ring,0.00062,2465.14,1.5284
2026-09-11T06:30:02Z,249,Golden Summoner Ring,0.00072,2465.14,1.7749
2026-09-11T07:00:02Z,134,Chobo Silver Ring,4.988e-05,2466.07,0.123
2026-09-11T07:00:02Z,135,Crusader Silver Ring,6.499e-05,2466.07,0.1603
2026-09-11T07:00:02Z,136,Overseer Silver Ring,4.6e-05,2466.07,0.1134
2026-09-11T07:00:02Z,137,Athena Silver Ring,4.8e-05,2466.07,0.1184
2026-09-11T07:00:02Z,138,Archon Silver Ring,5.099988e-05,2466.07,0.1258
2026-09-11T07:00:02Z,139,Foxglove Silver Ring,4.595e-05,2466.07,0.1133
2026-09-11T07:00:02Z,140,Summoner Silver Ring,4.59499999e-05,2466.07,0.1133
2026-09-11T07:00:02Z,243,Golden Archon Ring,0.00069,2466.07,1.7016
2026-09-11T07:00:02Z,244,Golden Athena Ring,0.00076396,2466.07,1.884
2026-09-11T07:00:02Z,245,Golden Chobo Ring,0.00063916,2466.07,1.5762
2026-09-11T07:00:02Z,246,Golden Crusader Ring,0.0007,2466.07,1.7262
2026-09-11T07:00:02Z,247,Golden Foxglove Ring,0.0006999,2466.07,1.726
2026-09-11T07:00:02Z,248,Golden Overseer Ring,0.00063437,2466.07,1.5644
2026-09-11T07:00:02Z,249,Golden Summoner Ring,0.0007,2466.07,1.7262
2026-09-11T07:30:02Z,134,Chobo Silver Ring,4.988e-05,2468.46,0.1231
2026-09-11T07:30:02Z,135,Crusader Silver Ring,6.499e-05,2468.46,0.1604
2026-09-11T07:30:02Z,136,Overseer Silver Ring,4.6e-05,2468.46,0.1135
2026-09-11T07:30:02Z,137,Athena Silver Ring,4.8e-05,2468.46,0.1185
2026-09-11T07:30:02Z,138,Archon Silver Ring,5.099988e-05,2468.46,0.1259
2026-09-11T07:30:02Z,139,Foxglove Silver Ring,4.595e-05,2468.46,0.1134
2026-09-11T07:30:02Z,140,Summoner Silver Ring,4.59499999e-05,2468.46,0.1134
2026-09-11T07:30:02Z,243,Golden Archon Ring,0.00069,2468.46,1.7032
2026-09-11T07:30:02Z,244,Golden Athena Ring,0.00076396,2468.46,1.8858
2026-09-11T07:30:02Z,245,Golden Chobo Ring,0.00063916,2468.46,1.5777
2026-09-11T07:30:02Z,246,Golden Crusader Ring,0.0007,2468.46,1.7279
2026-09-11T07:30:02Z,247,Golden Foxglove Ring,0.0006999,2468.46,1.7277
2026-09-11T07:30:02Z,248,Golden Overseer Ring,0.00063437,2468.46,1.5659
2026-09-11T07:30:02Z,249,Golden Summoner Ring,0.0007,2468.46,1.7279
2026-09-11T08:00:02Z,134,Chobo Silver Ring,4.988e-05,2467.49,0.1231
2026-09-11T08:00:02Z,135,Crusader Silver Ring,6.499e-05,2467.49,0.1604
2026-09-11T08:00:02Z,136,Overseer Silver Ring,4.6e-05,2467.49,0.1135
2026-09-11T08:00:02Z,137,Athena Silver Ring,4.8e-05,2467.49,0.1184
2026-09-11T08:00:02Z,138,Archon Silver Ring,5.099988e-05,2467.49,0.1258
2026-09-11T08:00:02Z,139,Foxglove Silver Ring,4.595e-05,2467.49,0.1134
2026-09-11T08:00:02Z,140,Summoner Silver Ring,4.59499999e-05,2467.49,0.1134
2026-09-11T08:00:02Z,243,Golden Archon Ring,0.00069,2467.49,1.7026
2026-09-11T08:00:02Z,244,Golden Athena Ring,0.00076396,2467.49,1.8851
2026-09-11T08:00:02Z,245,Golden Chobo Ring,0.00063916,2467.49,1.5771
2026-09-11T08:00:02Z,246,Golden Crusader Ring,0.0007,2467.49,1.7272
2026-09-11T08:00:02Z,247,Golden Foxglove Ring,0.0006999,2467.49,1.727
2026-09-11T08:00:02Z,248,Golden Overseer Ring,0.00063437,2467.49,1.5653
2026-09-11T08:00:02Z,249,Golden Summoner Ring,0.0007,2467.49,1.7272
2026-09-11T08:30:02Z,134,Chobo Silver Ring,4.988e-05,2473.69,0.1234
2026-09-11T08:30:02Z,135,Crusader Silver Ring,6.499e-05,2473.69,0.1608
2026-09-11T08:30:02Z,136,Overseer Silver Ring,4.6e-05,2473.69,0.1138
2026-09-11T08:30:02Z,137,Athena Silver Ring,4.88e-05,2473.69,0.1207
2026-09-11T08:30:02Z,138,Archon Silver Ring,5.099988e-05,2473.69,0.1262
2026-09-11T08:30:02Z,139,Foxglove Silver Ring,4.595e-05,2473.69,0.1137
2026-09-11T08:30:02Z,140,Summoner Silver Ring,4.59499999e-05,2473.69,0.1137
2026-09-11T08:30:02Z,243,Golden Archon Ring,0.00069,2473.69,1.7068
2026-09-11T08:30:02Z,244,Golden Athena Ring,0.00076396,2473.69,1.8898
2026-09-11T08:30:02Z,245,Golden Chobo Ring,0.00063916,2473.69,1.5811
2026-09-11T08:30:02Z,246,Golden Crusader Ring,0.0007,2473.69,1.7316
2026-09-11T08:30:02Z,247,Golden Foxglove Ring,0.0006999,2473.69,1.7313
2026-09-11T08:30:02Z,248,Golden Overseer Ring,0.00063437,2473.69,1.5692
2026-09-11T08:30:02Z,249,Golden Summoner Ring,0.0007,2473.69,1.7316
2026-09-11T09:00:02Z,134,Chobo Silver Ring,4.988e-05,2475.65,0.1235
2026-09-11T09:00:02Z,135,Crusader Silver Ring,6.499e-05,2475.65,0.1609
2026-09-11T09:00:02Z,136,Overseer Silver Ring,4.68e-05,2475.65,0.1159
2026-09-11T09:00:02Z,137,Athena Silver Ring,4.88e-05,2475.65,0.1208
2026-09-11T09:00:02Z,138,Archon Silver Ring,5.099988e-05,2475.65,0.1263
2026-09-11T09:00:02Z,139,Foxglove Silver Ring,4.595e-05,2475.65,0.1138
2026-09-11T09:00:02Z,140,Summoner Silver Ring,4.59499999e-05,2475.65,0.1138
2026-09-11T09:00:02Z,243,Golden Archon Ring,0.00069,2475.65,1.7082
2026-09-11T09:00:02Z,244,Golden Athena Ring,0.00076396,2475.65,1.8913
2026-09-11T09:00:02Z,245,Golden Chobo Ring,0.00064935,2475.65,1.6076
2026-09-11T09:00:02Z,246,Golden Crusader Ring,0.0007,2475.65,1.733
2026-09-11T09:00:02Z,247,Golden Foxglove Ring,0.0006999,2475.65,1.7327
2026-09-11T09:00:02Z,248,Golden Overseer Ring,0.00063437,2475.65,1.5705
2026-09-11T09:00:02Z,249,Golden Summoner Ring,0.0007,2475.65,1.733
2026-09-11T09:30:02Z,134,Chobo Silver Ring,4.988e-05,2471.92,0.1233
2026-09-11T09:30:02Z,135,Crusader Silver Ring,6.499e-05,2471.92,0.1607
2026-09-11T09:30:02Z,136,Overseer Silver Ring,4.68e-05,2471.92,0.1157
2026-09-11T09:30:02Z,137,Athena Silver Ring,4.88e-05,2471.92,0.1206
2026-09-11T09:30:02Z,138,Archon Silver Ring,5.099988e-05,2471.92,0.1261
2026-09-11T09:30:02Z,139,Foxglove Silver Ring,4.595e-05,2471.92,0.1136
2026-09-11T09:30:02Z,140,Summoner Silver Ring,4.59499999e-05,2471.92,0.1136
2026-09-11T09:30:02Z,243,Golden Archon Ring,0.00065,2471.92,1.6067
2026-09-11T09:30:02Z,244,Golden Athena Ring,0.0007,2471.92,1.7303
2026-09-11T09:30:02Z,245,Golden Chobo Ring,0.0006,2471.92,1.4832
2026-09-11T09:30:02Z,246,Golden Crusader Ring,0.0007,2471.92,1.7303
2026-09-11T09:30:02Z,247,Golden Foxglove Ring,0.0006999,2471.92,1.7301
2026-09-11T09:30:02Z,248,Golden Overseer Ring,0.0006,2471.92,1.4832
2026-09-11T09:30:02Z,249,Golden Summoner Ring,0.00065,2471.92,1.6067
2026-09-11T10:00:02Z,134,Chobo Silver Ring,4.988e-05,2470.21,0.1232
2026-09-11T10:00:02Z,135,Crusader Silver Ring,6.499e-05,2470.21,0.1605
2026-09-11T10:00:02Z,136,Overseer Silver Ring,4.68e-05,2470.21,0.1156
2026-09-11T10:00:02Z,137,Athena Silver Ring,4.88e-05,2470.21,0.1205
2026-09-11T10:00:02Z,138,Archon Silver Ring,5.099988e-05,2470.21,0.126
2026-09-11T10:00:02Z,139,Foxglove Silver Ring,4.594999e-05,2470.21,0.1135
2026-09-11T10:00:02Z,140,Summoner Silver Ring,4.59499999e-05,2470.21,0.1135
2026-09-11T10:00:02Z,243,Golden Archon Ring,0.00065,2470.21,1.6056
2026-09-11T10:00:02Z,244,Golden Athena Ring,0.0007,2470.21,1.7291
2026-09-11T10:00:02Z,245,Golden Chobo Ring,0.0006,2470.21,1.4821
2026-09-11T10:00:02Z,246,Golden Crusader Ring,0.0007,2470.21,1.7291
2026-09-11T10:00:02Z,247,Golden Foxglove Ring,0.0006999,2470.21,1.7289
2026-09-11T10:00:02Z,248,Golden Overseer Ring,0.0006,2470.21,1.4821
2026-09-11T10:00:02Z,249,Golden Summoner Ring,0.00065,2470.21,1.6056
2026-09-11T10:30:02Z,134,Chobo Silver Ring,4.988e-05,2467.03,0.1231
2026-09-11T10:30:02Z,135,Crusader Silver Ring,6.499e-05,2467.03,0.1603
2026-09-11T10:30:02Z,136,Overseer Silver Ring,4.68e-05,2467.03,0.1155
2026-09-11T10:30:02Z,137,Athena Silver Ring,4.88e-05,2467.03,0.1204
2026-09-11T10:30:02Z,138,Archon Silver Ring,5.099988e-05,2467.03,0.1258
2026-09-11T10:30:02Z,139,Foxglove Silver Ring,4.594999e-05,2467.03,0.1134
2026-09-11T10:30:02Z,140,Summoner Silver Ring,4.59499999e-05,2467.03,0.1134
2026-09-11T10:30:02Z,243,Golden Archon Ring,0.00065,2467.03,1.6036
2026-09-11T10:30:02Z,244,Golden Athena Ring,0.0007,2467.03,1.7269
2026-09-11T10:30:02Z,245,Golden Chobo Ring,0.0006,2467.03,1.4802
2026-09-11T10:30:02Z,246,Golden Crusader Ring,0.00069999999,2467.03,1.7269
2026-09-11T10:30:02Z,247,Golden Foxglove Ring,0.00069989999,2467.03,1.7267
2026-09-11T10:30:02Z,248,Golden Overseer Ring,0.0006,2467.03,1.4802
2026-09-11T10:30:02Z,249,Golden Summoner Ring,0.00064999999,2467.03,1.6036
2026-09-11T11:00:02Z,134,Chobo Silver Ring,4.987e-05,2462.17,0.1228
2026-09-11T11:00:02Z,135,Crusader Silver Ring,6.498e-05,2462.17,0.16
2026-09-11T11:00:02Z,136,Overseer Silver Ring,4.68e-05,2462.17,0.1152
2026-09-11T11:00:02Z,137,Athena Silver Ring,4.88e-05,2462.17,0.1202
2026-09-11T11:00:02Z,138,Archon Silver Ring,5.099988e-05,2462.17,0.1256
2026-09-11T11:00:02Z,139,Foxglove Silver Ring,4.594999e-05,2462.17,0.1131
2026-09-11T11:00:02Z,140,Summoner Silver Ring,4.59499999e-05,2462.17,0.1131
2026-09-11T11:00:02Z,243,Golden Archon Ring,0.00065,2462.17,1.6004
2026-09-11T11:00:02Z,244,Golden Athena Ring,0.0007,2462.17,1.7235
2026-09-11T11:00:02Z,245,Golden Chobo Ring,0.0006,2462.17,1.4773
2026-09-11T11:00:02Z,246,Golden Crusader Ring,0.00069999999,2462.17,1.7235
2026-09-11T11:00:02Z,247,Golden Foxglove Ring,0.00069989999,2462.17,1.7233
2026-09-11T11:00:02Z,248,Golden Overseer Ring,0.0006,2462.17,1.4773
2026-09-11T11:00:02Z,249,Golden Summoner Ring,0.00064999999,2462.17,1.6004
2026-09-11T11:30:02Z,134,Chobo Silver Ring,4.987e-05,2454.34,0.1224
2026-09-11T11:30:02Z,135,Crusader Silver Ring,6.498e-05,2454.34,0.1595
2026-09-11T11:30:02Z,136,Overseer Silver Ring,4.68e-05,2454.34,0.1149
2026-09-11T11:30:02Z,137,Athena Silver Ring,4.88e-05,2454.34,0.1198
2026-09-11T11:30:02Z,138,Archon Silver Ring,5.099988e-05,2454.34,0.1252
2026-09-11T11:30:02Z,139,Foxglove Silver Ring,4.594999e-05,2454.34,0.1128
2026-09-11T11:30:02Z,140,Summoner Silver Ring,4.59499999e-05,2454.34,0.1128
2026-09-11T11:30:02Z,243,Golden Archon Ring,0.00065,2454.34,1.5953
2026-09-11T11:30:02Z,244,Golden Athena Ring,0.0007,2454.34,1.718
2026-09-11T11:30:02Z,245,Golden Chobo Ring,0.0006,2454.34,1.4726
2026-09-11T11:30:02Z,246,Golden Crusader Ring,0.00069999999,2454.34,1.718
2026-09-11T11:30:02Z,247,Golden Foxglove Ring,0.00069989999,2454.34,1.7178
2026-09-11T11:30:02Z,248,Golden Overseer Ring,0.0006,2454.34,1.4726
2026-09-11T11:30:02Z,249,Golden Summoner Ring,0.00064999999,2454.34,1.5953
2026-09-11T12:00:02Z,134,Chobo Silver Ring,4.987e-05,2456.1,0.1225
2026-09-11T12:00:02Z,135,Crusader Silver Ring,6.498e-05,2456.1,0.1596
2026-09-11T12:00:02Z,136,Overseer Silver Ring,4.68e-05,2456.1,0.1149
2026-09-11T12:00:02Z,137,Athena Silver Ring,4.88e-05,2456.1,0.1199
2026-09-11T12:00:02Z,138,Archon Silver Ring,5.099988e-05,2456.1,0.1253
2026-09-11T12:00:02Z,139,Foxglove Silver Ring,4.594999e-05,2456.1,0.1129
2026-09-11T12:00:02Z,140,Summoner Silver Ring,4.59499999e-05,2456.1,0.1129
2026-09-11T12:00:02Z,243,Golden Archon Ring,0.00065,2456.1,1.5965
2026-09-11T12:00:02Z,244,Golden Athena Ring,0.0007,2456.1,1.7193
2026-09-11T12:00:02Z,245,Golden Chobo Ring,0.0006,2456.1,1.4737
2026-09-11T12:00:02Z,246,Golden Crusader Ring,0.00069999999,2456.1,1.7193
2026-09-11T12:00:02Z,247,Golden Foxglove Ring,0.00069989999,2456.1,1.719
2026-09-11T12:00:02Z,248,Golden Overseer Ring,0.0006,2456.1,1.4737
2026-09-11T12:00:02Z,249,Golden Summoner Ring,0.00064999999,2456.1,1.5965
2026-09-11T12:30:05Z,134,Chobo Silver Ring,4.987e-05,2457.52,0.1226
2026-09-11T12:30:05Z,135,Crusader Silver Ring,6.498e-05,2457.52,0.1597
2026-09-11T12:30:05Z,136,Overseer Silver Ring,4.68e-05,2457.52,0.115
2026-09-11T12:30:05Z,137,Athena Silver Ring,4.88e-05,2457.52,0.1199
2026-09-11T12:30:05Z,138,Archon Silver Ring,5.099988e-05,2457.52,0.1253
2026-09-11T12:30:05Z,139,Foxglove Silver Ring,4.594999e-05,2457.52,0.1129
2026-09-11T12:30:05Z,140,Summoner Silver Ring,4.59499999e-05,2457.52,0.1129
2026-09-11T12:30:05Z,243,Golden Archon Ring,0.00065,2457.52,1.5974
2026-09-11T12:30:05Z,244,Golden Athena Ring,0.0007,2457.52,1.7203
2026-09-11T12:30:05Z,245,Golden Chobo Ring,0.0006,2457.52,1.4745
2026-09-11T12:30:05Z,246,Golden Crusader Ring,0.00069999999,2457.52,1.7203
2026-09-11T12:30:05Z,247,Golden Foxglove Ring,0.0006998999899,2457.52,1.72
2026-09-11T12:30:05Z,248,Golden Overseer Ring,0.0006,2457.52,1.4745
2026-09-11T12:30:05Z,249,Golden Summoner Ring,0.00064999999,2457.52,1.5974
2026-09-11T13:00:02Z,134,Chobo Silver Ring,4.987e-05,2511.75,0.1253
2026-09-11T13:00:02Z,135,Crusader Silver Ring,6.499e-05,2511.75,0.1632
2026-09-11T13:00:02Z,136,Overseer Silver Ring,4.68e-05,2511.75,0.1175
2026-09-11T13:00:02Z,137,Athena Silver Ring,4.88e-05,2511.75,0.1226
2026-09-11T13:00:02Z,138,Archon Silver Ring,5.099988e-05,2511.75,0.1281
2026-09-11T13:00:02Z,139,Foxglove Silver Ring,4.595e-05,2511.75,0.1154
2026-09-11T13:00:02Z,140,Summoner Silver Ring,4.594999989e-05,2511.75,0.1154
2026-09-11T13:00:02Z,243,Golden Archon Ring,0.00065,2511.75,1.6326
2026-09-11T13:00:02Z,244,Golden Athena Ring,0.0007,2511.75,1.7582
2026-09-11T13:00:02Z,245,Golden Chobo Ring,0.0006,2511.75,1.507
2026-09-11T13:00:02Z,246,Golden Crusader Ring,0.00069999999,2511.75,1.7582
2026-09-11T13:00:02Z,247,Golden Foxglove Ring,0.0006998999899,2511.75,1.758
2026-09-11T13:00:02Z,248,Golden Overseer Ring,0.0006,2511.75,1.507
2026-09-11T13:00:02Z,249,Golden Summoner Ring,0.000778999,2511.75,1.9567
2026-09-11T13:30:01Z,134,Chobo Silver Ring,4.987e-05,2501.31,0.1247
2026-09-11T13:30:01Z,135,Crusader Silver Ring,6.499e-05,2501.31,0.1626
2026-09-11T13:30:01Z,136,Overseer Silver Ring,4.89e-05,2501.31,0.1223
2026-09-11T13:30:01Z,137,Athena Silver Ring,4.88e-05,2501.31,0.1221
2026-09-11T13:30:01Z,138,Archon Silver Ring,5.099988e-05,2501.31,0.1276
2026-09-11T13:30:01Z,139,Foxglove Silver Ring,4.595e-05,2501.31,0.1149
2026-09-11T13:30:01Z,140,Summoner Silver Ring,4.594999989e-05,2501.31,0.1149
2026-09-11T13:30:01Z,243,Golden Archon Ring,0.00065,2501.31,1.6259
2026-09-11T13:30:01Z,244,Golden Athena Ring,0.0007,2501.31,1.7509
2026-09-11T13:30:01Z,245,Golden Chobo Ring,0.0006,2501.31,1.5008
2026-09-11T13:30:01Z,246,Golden Crusader Ring,0.00069999999,2501.31,1.7509
2026-09-11T13:30:01Z,247,Golden Foxglove Ring,0.0006998999899,2501.31,1.7507
2026-09-11T13:30:01Z,248,Golden Overseer Ring,0.0006,2501.31,1.5008
2026-09-11T13:30:01Z,249,Golden Summoner Ring,0.000778999,2501.31,1.9485
2026-09-11T14:00:02Z,134,Chobo Silver Ring,4.987e-05,2618.3,0.1306
2026-09-11T14:00:02Z,135,Crusader Silver Ring,6.499e-05,2618.3,0.1702
2026-09-11T14:00:02Z,136,Overseer Silver Ring,4.89e-05,2618.3,0.128
2026-09-11T14:00:02Z,137,Athena Silver Ring,4.88e-05,2618.3,0.1278
2026-09-11T14:00:02Z,138,Archon Silver Ring,5.099988e-05,2618.3,0.1335
2026-09-11T14:00:02Z,139,Foxglove Silver Ring,4.595e-05,2618.3,0.1203
2026-09-11T14:00:02Z,140,Summoner Silver Ring,4.594999989e-05,2618.3,0.1203
2026-09-11T14:00:02Z,243,Golden Archon Ring,0.00064999,2618.3,1.7019
2026-09-11T14:00:02Z,244,Golden Athena Ring,0.0007,2618.3,1.8328
2026-09-11T14:00:02Z,245,Golden Chobo Ring,0.0006,2618.3,1.571
2026-09-11T14:00:02Z,246,Golden Crusader Ring,0.0006999999,2618.3,1.8328
2026-09-11T14:00:02Z,247,Golden Foxglove Ring,0.0006998999899,2618.3,1.8325
2026-09-11T14:00:02Z,248,Golden Overseer Ring,0.0006,2618.3,1.571
2026-09-11T14:00:02Z,249,Golden Summoner Ring,0.00077822,2618.3,2.0376
2026-09-11T14:30:02Z,134,Chobo Silver Ring,4.987e-05,2623.84,0.1309
2026-09-11T14:30:02Z,135,Crusader Silver Ring,6.499e-05,2623.84,0.1705
2026-09-11T14:30:02Z,136,Overseer Silver Ring,4.89e-05,2623.84,0.1283
2026-09-11T14:30:02Z,137,Athena Silver Ring,4.88e-05,2623.84,0.128
2026-09-11T14:30:02Z,138,Archon Silver Ring,5.099988e-05,2623.84,0.1338
2026-09-11T14:30:02Z,139,Foxglove Silver Ring,4.595e-05,2623.84,0.1206
2026-09-11T14:30:02Z,140,Summoner Silver Ring,4.5949999889e-05,2623.84,0.1206
2026-09-11T14:30:02Z,243,Golden Archon Ring,0.00064999,2623.84,1.7055
2026-09-11T14:30:02Z,244,Golden Athena Ring,0.0007,2623.84,1.8367
2026-09-11T14:30:02Z,245,Golden Chobo Ring,0.0006,2623.84,1.5743
2026-09-11T14:30:02Z,246,Golden Crusader Ring,0.0006999999,2623.84,1.8367
2026-09-11T14:30:02Z,247,Golden Foxglove Ring,0.0006998999899,2623.84,1.8364
2026-09-11T14:30:02Z,248,Golden Overseer Ring,0.0006,2623.84,1.5743
2026-09-11T14:30:02Z,249,Golden Summoner Ring,0.00077822,2623.84,2.0419
2026-09-11T15:00:02Z,134,Chobo Silver Ring,4.987e-05,2606.01,0.13
2026-09-11T15:00:02Z,135,Crusader Silver Ring,6.492e-05,2606.01,0.1692
2026-09-11T15:00:02Z,136,Overseer Silver Ring,4.884e-05,2606.01,0.1273
2026-09-11T15:00:02Z,137,Athena Silver Ring,4.88e-05,2606.01,0.1272
2026-09-11T15:00:02Z,138,Archon Silver Ring,5.099988e-05,2606.01,0.1329
2026-09-11T15:00:02Z,139,Foxglove Silver Ring,4.595e-05,2606.01,0.1197
2026-09-11T15:00:02Z,140,Summoner Silver Ring,4.5949999889e-05,2606.01,0.1197
2026-09-11T15:00:02Z,243,Golden Archon Ring,0.00064999,2606.01,1.6939
2026-09-11T15:00:02Z,244,Golden Athena Ring,0.0007,2606.01,1.8242
2026-09-11T15:00:02Z,245,Golden Chobo Ring,0.0006,2606.01,1.5636
2026-09-11T15:00:02Z,246,Golden Crusader Ring,0.0006999999,2606.01,1.8242
2026-09-11T15:00:02Z,247,Golden Foxglove Ring,0.0006998999899,2606.01,1.8239
2026-09-11T15:00:02Z,248,Golden Overseer Ring,0.0006,2606.01,1.5636
2026-09-11T15:00:02Z,249,Golden Summoner Ring,0.00077822,2606.01,2.028
2026-09-11T15:30:02Z,134,Chobo Silver Ring,4.9e-05,2613.15,0.128
2026-09-11T15:30:02Z,135,Crusader Silver Ring,6.492e-05,2613.15,0.1696
2026-09-11T15:30:02Z,136,Overseer Silver Ring,4.8e-05,2613.15,0.1254
2026-09-11T15:30:02Z,137,Athena Silver Ring,4.8e-05,2613.15,0.1254
2026-09-11T15:30:02Z,138,Archon Silver Ring,5e-05,2613.15,0.1307
2026-09-11T15:30:02Z,139,Foxglove Silver Ring,4.595e-05,2613.15,0.1201
2026-09-11T15:30:02Z,140,Summoner Silver Ring,4.5949999889e-05,2613.15,0.1201
2026-09-11T15:30:02Z,243,Golden Archon Ring,0.00064999,2613.15,1.6985
2026-09-11T15:30:02Z,244,Golden Athena Ring,0.0007,2613.15,1.8292
2026-09-11T15:30:02Z,245,Golden Chobo Ring,0.0006,2613.15,1.5679
2026-09-11T15:30:02Z,246,Golden Crusader Ring,0.0006999999,2613.15,1.8292
2026-09-11T15:30:02Z,247,Golden Foxglove Ring,0.0006998999899,2613.15,1.8289
2026-09-11T15:30:02Z,248,Golden Overseer Ring,0.0006,2613.15,1.5679
2026-09-11T15:30:02Z,249,Golden Summoner Ring,0.00077821,2613.15,2.0336
2026-09-11T16:00:02Z,134,Chobo Silver Ring,4.9e-05,2554.39,0.1252
2026-09-11T16:00:02Z,135,Crusader Silver Ring,6.491999e-05,2554.39,0.1658
2026-09-11T16:00:02Z,136,Overseer Silver Ring,4.799999e-05,2554.39,0.1226
2026-09-11T16:00:02Z,137,Athena Silver Ring,4.8e-05,2554.39,0.1226
2026-09-11T16:00:02Z,138,Archon Silver Ring,5e-05,2554.39,0.1277
2026-09-11T16:00:02Z,139,Foxglove Silver Ring,4.594999e-05,2554.39,0.1174
2026-09-11T16:00:02Z,140,Summoner Silver Ring,4.5949999889e-05,2554.39,0.1174
2026-09-11T16:00:02Z,243,Golden Archon Ring,0.00064999,2554.39,1.6603
2026-09-11T16:00:02Z,244,Golden Athena Ring,0.0007,2554.39,1.7881
2026-09-11T16:00:02Z,245,Golden Chobo Ring,0.0006,2554.39,1.5326
2026-09-11T16:00:02Z,246,Golden Crusader Ring,0.0006999999,2554.39,1.7881
2026-09-11T16:00:02Z,247,Golden Foxglove Ring,0.0006998999899,2554.39,1.7878
2026-09-11T16:00:02Z,248,Golden Overseer Ring,0.0006,2554.39,1.5326
2026-09-11T16:00:02Z,249,Golden Summoner Ring,0.00077821,2554.39,1.9879
2026-09-11T16:30:01Z,134,Chobo Silver Ring,4.899999e-05,2564.72,0.1257
2026-09-11T16:30:01Z,135,Crusader Silver Ring,6.491999e-05,2564.72,0.1665
2026-09-11T16:30:01Z,136,Overseer Silver Ring,4.799999e-05,2564.72,0.1231
2026-09-11T16:30:01Z,137,Athena Silver Ring,4.79999e-05,2564.72,0.1231
2026-09-11T16:30:01Z,138,Archon Silver Ring,4.999999e-05,2564.72,0.1282
2026-09-11T16:30:01Z,139,Foxglove Silver Ring,4.594999e-05,2564.72,0.1178
2026-09-11T16:30:01Z,140,Summoner Silver Ring,4.5e-05,2564.72,0.1154
2026-09-11T16:30:01Z,243,Golden Archon Ring,0.00064999,2564.72,1.667
2026-09-11T16:30:01Z,244,Golden Athena Ring,0.0007,2564.72,1.7953
2026-09-11T16:30:01Z,245,Golden Chobo Ring,0.0006,2564.72,1.5388
2026-09-11T16:30:01Z,246,Golden Crusader Ring,0.0006999999,2564.72,1.7953
2026-09-11T16:30:01Z,247,Golden Foxglove Ring,0.0006998999899,2564.72,1.795
2026-09-11T16:30:01Z,248,Golden Overseer Ring,0.0006,2564.72,1.5388
2026-09-11T16:30:01Z,249,Golden Summoner Ring,0.00077821,2564.72,1.9959
2026-09-11T17:00:07Z,134,Chobo Silver Ring,4.899999e-05,2579.22,0.1264
2026-09-11T17:00:07Z,135,Crusader Silver Ring,6.2e-05,2579.22,0.1599
2026-09-11T17:00:07Z,136,Overseer Silver Ring,4.799999e-05,2579.22,0.1238
2026-09-11T17:00:07Z,137,Athena Silver Ring,4.79999e-05,2579.22,0.1238
2026-09-11T17:00:07Z,138,Archon Silver Ring,4.999999e-05,2579.22,0.129
2026-09-11T17:00:07Z,139,Foxglove Silver Ring,4.595e-05,2579.22,0.1185
2026-09-11T17:00:07Z,140,Summoner Silver Ring,4.5e-05,2579.22,0.1161
2026-09-11T17:00:07Z,243,Golden Archon Ring,0.00065,2579.22,1.6765
2026-09-11T17:00:07Z,244,Golden Athena Ring,0.0007,2579.22,1.8055
2026-09-11T17:00:07Z,245,Golden Chobo Ring,0.0006,2579.22,1.5475
2026-09-11T17:00:07Z,246,Golden Crusader Ring,0.0006999999,2579.22,1.8055
2026-09-11T17:00:07Z,247,Golden Foxglove Ring,0.0006998999899,2579.22,1.8052
2026-09-11T17:00:07Z,248,Golden Overseer Ring,0.00063437,2579.22,1.6362
2026-09-11T17:00:07Z,249,Golden Summoner Ring,0.00077821,2579.22,2.0072
2026-09-11T17:30:02Z,134,Chobo Silver Ring,4.899999e-05,2576.66,0.1263
2026-09-11T17:30:02Z,135,Crusader Silver Ring,6e-05,2576.66,0.1546
2026-09-11T17:30:02Z,136,Overseer Silver Ring,4.883999e-05,2576.66,0.1258
2026-09-11T17:30:02Z,137,Athena Silver Ring,4.8799989999e-05,2576.66,0.1257
2026-09-11T17:30:02Z,138,Archon Silver Ring,5.0999879e-05,2576.66,0.1314
2026-09-11T17:30:02Z,139,Foxglove Silver Ring,5e-05,2576.66,0.1288
2026-09-11T17:30:02Z,140,Summoner Silver Ring,4.594999e-05,2576.66,0.1184
2026-09-11T17:30:02Z,243,Golden Archon Ring,0.00065,2576.66,1.6748
2026-09-11T17:30:02Z,244,Golden Athena Ring,0.0007,2576.66,1.8037
2026-09-11T17:30:02Z,245,Golden Chobo Ring,0.0006,2576.66,1.546
2026-09-11T17:30:02Z,246,Golden Crusader Ring,0.0006999999,2576.66,1.8037
2026-09-11T17:30:02Z,247,Golden Foxglove Ring,0.0006998999899,2576.66,1.8034
2026-09-11T17:30:02Z,248,Golden Overseer Ring,0.00063437,2576.66,1.6346
2026-09-11T17:30:02Z,249,Golden Summoner Ring,0.00077821,2576.66,2.0052
2026-09-11T18:00:05Z,134,Chobo Silver Ring,4.899999e-05,2566.5,0.1258
2026-09-11T18:00:05Z,135,Crusader Silver Ring,5.9999e-05,2566.5,0.154
2026-09-11T18:00:05Z,136,Overseer Silver Ring,4.883998e-05,2566.5,0.1253
2026-09-11T18:00:05Z,137,Athena Silver Ring,4.879998999e-05,2566.5,0.1252
2026-09-11T18:00:05Z,138,Archon Silver Ring,5.0999879e-05,2566.5,0.1309
2026-09-11T18:00:05Z,139,Foxglove Silver Ring,5e-05,2566.5,0.1283
2026-09-11T18:00:05Z,140,Summoner Silver Ring,4.594998e-05,2566.5,0.1179
2026-09-11T18:00:05Z,243,Golden Archon Ring,0.00065,2566.5,1.6682
2026-09-11T18:00:05Z,244,Golden Athena Ring,0.0007,2566.5,1.7966
2026-09-11T18:00:05Z,245,Golden Chobo Ring,0.0006,2566.5,1.5399
2026-09-11T18:00:05Z,246,Golden Crusader Ring,0.0006999999,2566.5,1.7965
2026-09-11T18:00:05Z,247,Golden Foxglove Ring,0.0006998999899,2566.5,1.7963
2026-09-11T18:00:05Z,248,Golden Overseer Ring,0.00063437,2566.5,1.6281
2026-09-11T18:00:05Z,249,Golden Summoner Ring,0.00077821,2566.5,1.9973
2026-09-11T18:05:12Z,134,Chobo Silver Ring,4.899999e-05,2555.62,0.1252
2026-09-11T18:05:12Z,135,Crusader Silver Ring,6e-05,2555.62,0.1533
2026-09-11T18:05:12Z,136,Overseer Silver Ring,4.883999e-05,2555.62,0.1248
2026-09-11T18:05:12Z,137,Athena Silver Ring,4.879999e-05,2555.62,0.1247
2026-09-11T18:05:12Z,138,Archon Silver Ring,5.0999879e-05,2555.62,0.1303
2026-09-11T18:05:12Z,139,Foxglove Silver Ring,5e-05,2555.62,0.1278
2026-09-11T18:05:12Z,140,Summoner Silver Ring,4.89e-05,2555.62,0.125
2026-09-11T18:05:12Z,243,Golden Archon Ring,0.00065,2555.62,1.6612
2026-09-11T18:05:12Z,244,Golden Athena Ring,0.0007,2555.62,1.7889
2026-09-11T18:05:12Z,245,Golden Chobo Ring,0.0006,2555.62,1.5334
2026-09-11T18:05:12Z,246,Golden Crusader Ring,0.0006999999,2555.62,1.7889
2026-09-11T18:05:12Z,247,Golden Foxglove Ring,0.0006998999899,2555.62,1.7887
2026-09-11T18:05:12Z,248,Golden Overseer Ring,0.00063437,2555.62,1.6212
2026-09-11T18:05:12Z,249,Golden Summoner Ring,0.00077821,2555.62,1.9888
2026-09-11T18:30:02Z,134,Chobo Silver Ring,4.899999e-05,2542.01,0.1246
2026-09-11T18:30:02Z,135,Crusader Silver Ring,6.491999e-05,2542.01,0.165
2026-09-11T18:30:02Z,136,Overseer Silver Ring,4.883999e-05,2542.01,0.1242
2026-09-11T18:30:02Z,137,Athena Silver Ring,4.879999e-05,2542.01,0.1241
2026-09-11T18:30:02Z,138,Archon Silver Ring,5.0999879e-05,2542.01,0.1296
2026-09-11T18:30:02Z,139,Foxglove Silver Ring,5e-05,2542.01,0.1271
2026-09-11T18:30:02Z,140,Summoner Silver Ring,4.89999999901e-05,2542.01,0.1246
2026-09-11T18:30:02Z,243,Golden Archon Ring,0.00065,2542.01,1.6523
2026-09-11T18:30:02Z,244,Golden Athena Ring,0.0007,2542.01,1.7794
2026-09-11T18:30:02Z,245,Golden Chobo Ring,0.0006,2542.01,1.5252
2026-09-11T18:30:02Z,246,Golden Crusader Ring,0.000699999,2542.01,1.7794
2026-09-11T18:30:02Z,247,Golden Foxglove Ring,0.0006998999899,2542.01,1.7792
2026-09-11T18:30:02Z,248,Golden Overseer Ring,0.00063436,2542.01,1.6125
2026-09-11T18:30:02Z,249,Golden Summoner Ring,0.00077821,2542.01,1.9782
2026-09-11T19:00:03Z,134,Chobo Silver Ring,4.826e-05,2532.43,0.1222
2026-09-11T19:00:03Z,135,Crusader Silver Ring,6.491999e-05,2532.43,0.1644
2026-09-11T19:00:03Z,136,Overseer Silver Ring,4.883999e-05,2532.43,0.1237
2026-09-11T19:00:03Z,137,Athena Silver Ring,4.846e-05,2532.43,0.1227
2026-09-11T19:00:03Z,138,Archon Silver Ring,5.099989e-05,2532.43,0.1292
2026-09-11T19:00:03Z,139,Foxglove Silver Ring,5e-05,2532.43,0.1266
2026-09-11T19:00:03Z,140,Summoner Silver Ring,4.846e-05,2532.43,0.1227
2026-09-11T19:00:03Z,243,Golden Archon Ring,0.00065,2532.43,1.6461
2026-09-11T19:00:03Z,244,Golden Athena Ring,0.0007,2532.43,1.7727
2026-09-11T19:00:03Z,245,Golden Chobo Ring,0.0006,2532.43,1.5195
2026-09-11T19:00:03Z,246,Golden Crusader Ring,0.000699999,2532.43,1.7727
2026-09-11T19:00:03Z,247,Golden Foxglove Ring,0.0006998999899,2532.43,1.7724
2026-09-11T19:00:03Z,248,Golden Overseer Ring,0.00063436,2532.43,1.6065
2026-09-11T19:00:03Z,249,Golden Summoner Ring,0.00077821,2532.43,1.9708
2026-09-11T19:30:01Z,134,Chobo Silver Ring,4.826e-05,2546.25,0.1229
2026-09-11T19:30:01Z,135,Crusader Silver Ring,6.21e-05,2546.25,0.1581
2026-09-11T19:30:01Z,136,Overseer Silver Ring,4.879e-05,2546.25,0.1242
2026-09-11T19:30:01Z,137,Athena Silver Ring,4.846e-05,2546.25,0.1234
2026-09-11T19:30:01Z,138,Archon Silver Ring,5.044e-05,2546.25,0.1284
2026-09-11T19:30:01Z,139,Foxglove Silver Ring,4.945e-05,2546.25,0.1259
2026-09-11T19:30:01Z,140,Summoner Silver Ring,4.846e-05,2546.25,0.1234
2026-09-11T19:30:01Z,243,Golden Archon Ring,0.000649,2546.25,1.6525
2026-09-11T19:30:01Z,244,Golden Athena Ring,0.0007,2546.25,1.7824
2026-09-11T19:30:01Z,245,Golden Chobo Ring,0.0006,2546.25,1.5277
2026-09-11T19:30:01Z,246,Golden Crusader Ring,0.0006999989,2546.25,1.7824
2026-09-11T19:30:01Z,247,Golden Foxglove Ring,0.0006998999899,2546.25,1.7821
2026-09-11T19:30:01Z,248,Golden Overseer Ring,0.00063436,2546.25,1.6152
2026-09-11T19:30:01Z,249,Golden Summoner Ring,0.00077821,2546.25,1.9815
2026-09-11T20:00:03Z,134,Chobo Silver Ring,4.8259999e-05,2539.65,0.1226
2026-09-11T20:00:03Z,135,Crusader Silver Ring,6.1e-05,2539.65,0.1549
2026-09-11T20:00:03Z,136,Overseer Silver Ring,4.8729e-05,2539.65,0.1238
2026-09-11T20:00:03Z,137,Athena Silver Ring,4.8459e-05,2539.65,0.1231
2026-09-11T20:00:03Z,138,Archon Silver Ring,5.043999e-05,2539.65,0.1281
2026-09-11T20:00:03Z,139,Foxglove Silver Ring,4.945e-05,2539.65,0.1256
2026-09-11T20:00:03Z,140,Summoner Silver Ring,4.846e-05,2539.65,0.1231
2026-09-11T20:00:03Z,243,Golden Archon Ring,0.000649,2539.65,1.6482
2026-09-11T20:00:03Z,244,Golden Athena Ring,0.0007,2539.65,1.7778
2026-09-11T20:00:03Z,245,Golden Chobo Ring,0.0006,2539.65,1.5238
2026-09-11T20:00:03Z,246,Golden Crusader Ring,0.0006999988,2539.65,1.7778
2026-09-11T20:00:03Z,247,Golden Foxglove Ring,0.0006998999899,2539.65,1.7775
2026-09-11T20:00:03Z,248,Golden Overseer Ring,0.00063436,2539.65,1.6111
2026-09-11T20:00:03Z,249,Golden Summoner Ring,0.00077821,2539.65,1.9764
2026-09-11T20:30:07Z,134,Chobo Silver Ring,4.8259999e-05,2540.08,0.1226
2026-09-11T20:30:07Z,135,Crusader Silver Ring,6.21e-05,2540.08,0.1577
2026-09-11T20:30:07Z,136,Overseer Silver Ring,4.8729e-05,2540.08,0.1238
2026-09-11T20:30:07Z,137,Athena Silver Ring,4.8459e-05,2540.08,0.1231
2026-09-11T20:30:07Z,138,Archon Silver Ring,5.043999e-05,2540.08,0.1281
2026-09-11T20:30:07Z,139,Foxglove Silver Ring,4.9449e-05,2540.08,0.1256
2026-09-11T20:30:07Z,140,Summoner Silver Ring,4.846e-05,2540.08,0.1231
2026-09-11T20:30:07Z,243,Golden Archon Ring,0.000649,2540.08,1.6485
2026-09-11T20:30:07Z,244,Golden Athena Ring,0.0007,2540.08,1.7781
2026-09-11T20:30:07Z,245,Golden Chobo Ring,0.0006,2540.08,1.524
2026-09-11T20:30:07Z,246,Golden Crusader Ring,0.0006999988,2540.08,1.7781
2026-09-11T20:30:07Z,247,Golden Foxglove Ring,0.0006998999898,2540.08,1.7778
2026-09-11T20:30:07Z,248,Golden Overseer Ring,0.00063436,2540.08,1.6113
2026-09-11T20:30:07Z,249,Golden Summoner Ring,0.00077821,2540.08,1.9767
2026-09-11T21:00:02Z,134,Chobo Silver Ring,4.826e-05,2530.99,0.1221
2026-09-11T21:00:02Z,135,Crusader Silver Ring,5.7e-05,2530.99,0.1443
2026-09-11T21:00:02Z,136,Overseer Silver Ring,4e-05,2530.99,0.1012
2026-09-11T21:00:02Z,137,Athena Silver Ring,4e-05,2530.99,0.1012
2026-09-11T21:00:02Z,138,Archon Silver Ring,5.043999e-05,2530.99,0.1277
2026-09-11T21:00:02Z,139,Foxglove Silver Ring,4.945e-05,2530.99,0.1252
2026-09-11T21:00:02Z,140,Summoner Silver Ring,4e-05,2530.99,0.1012
2026-09-11T21:00:02Z,243,Golden Archon Ring,0.000649,2530.99,1.6426
2026-09-11T21:00:02Z,244,Golden Athena Ring,0.0007,2530.99,1.7717
2026-09-11T21:00:02Z,245,Golden Chobo Ring,0.0006,2530.99,1.5186
2026-09-11T21:00:02Z,246,Golden Crusader Ring,0.0006999988,2530.99,1.7717
2026-09-11T21:00:02Z,247,Golden Foxglove Ring,0.0006998999898,2530.99,1.7714
2026-09-11T21:00:02Z,248,Golden Overseer Ring,0.00063436,2530.99,1.6056
2026-09-11T21:00:02Z,249,Golden Summoner Ring,0.00077,2530.99,1.9489
2026-09-11T21:30:02Z,134,Chobo Silver Ring,4e-05,2535.39,0.1014
2026-09-11T21:30:02Z,135,Crusader Silver Ring,5.7e-05,2535.39,0.1445
2026-09-11T21:30:02Z,136,Overseer Silver Ring,4e-05,2535.39,0.1014
2026-09-11T21:30:02Z,137,Athena Silver Ring,3.5e-05,2535.39,0.0887
2026-09-11T21:30:02Z,138,Archon Silver Ring,4e-05,2535.39,0.1014
2026-09-11T21:30:02Z,139,Foxglove Silver Ring,4e-05,2535.39,0.1014
2026-09-11T21:30:02Z,140,Summoner Silver Ring,4e-05,2535.39,0.1014
2026-09-11T21:30:02Z,243,Golden Archon Ring,0.000649,2535.39,1.6455
2026-09-11T21:30:02Z,244,Golden Athena Ring,0.0007,2535.39,1.7748
2026-09-11T21:30:02Z,245,Golden Chobo Ring,0.000599,2535.39,1.5187
2026-09-11T21:30:02Z,246,Golden Crusader Ring,0.0006999988,2535.39,1.7748
2026-09-11T21:30:02Z,247,Golden Foxglove Ring,0.0006998999898,2535.39,1.7745
2026-09-11T21:30:02Z,248,Golden Overseer Ring,0.00063436,2535.39,1.6084
2026-09-11T21:30:02Z,249,Golden Summoner Ring,0.000769,2535.39,1.9497
2026-09-11T22:00:02Z,134,Chobo Silver Ring,4e-05,2515.28,0.1006
2026-09-11T22:00:02Z,135,Crusader Silver Ring,5.7e-05,2515.28,0.1434
2026-09-11T22:00:02Z,136,Overseer Silver Ring,4.87899999e-05,2515.28,0.1227
2026-09-11T22:00:02Z,137,Athena Silver Ring,3.5e-05,2515.28,0.088
2026-09-11T22:00:02Z,138,Archon Silver Ring,4e-05,2515.28,0.1006
2026-09-11T22:00:02Z,139,Foxglove Silver Ring,4.94499999e-05,2515.28,0.1244
2026-09-11T22:00:02Z,140,Summoner Silver Ring,4e-05,2515.28,0.1006
2026-09-11T22:00:02Z,243,Golden Archon Ring,0.00062,2515.28,1.5595
2026-09-11T22:00:02Z,244,Golden Athena Ring,0.00067,2515.28,1.6852
2026-09-11T22:00:02Z,245,Golden Chobo Ring,0.00056,2515.28,1.4086
2026-09-11T22:00:02Z,246,Golden Crusader Ring,0.00066999,2515.28,1.6852
2026-09-11T22:00:02Z,247,Golden Foxglove Ring,0.00067,2515.28,1.6852
2026-09-11T22:00:02Z,248,Golden Overseer Ring,0.00061,2515.28,1.5343
2026-09-11T22:00:02Z,249,Golden Summoner Ring,0.00073,2515.28,1.8362
2026-09-11T22:30:02Z,134,Chobo Silver Ring,4.81e-05,2519.16,0.1212
2026-09-11T22:30:02Z,135,Crusader Silver Ring,6.225e-05,2519.16,0.1568
2026-09-11T22:30:02Z,136,Overseer Silver Ring,4.87899999e-05,2519.16,0.1229
2026-09-11T22:30:02Z,137,Athena Silver Ring,4e-05,2519.16,0.1008
2026-09-11T22:30:02Z,138,Archon Silver Ring,5.043e-05,2519.16,0.127
2026-09-11T22:30:02Z,139,Foxglove Silver Ring,4.94499999e-05,2519.16,0.1246
2026-09-11T22:30:02Z,140,Summoner Silver Ring,4.83e-05,2519.16,0.1217
2026-09-11T22:30:02Z,243,Golden Archon Ring,0.00062,2519.16,1.5619
2026-09-11T22:30:02Z,244,Golden Athena Ring,0.00067,2519.16,1.6878
2026-09-11T22:30:02Z,245,Golden Chobo Ring,0.00056,2519.16,1.4107
2026-09-11T22:30:02Z,246,Golden Crusader Ring,0.00066999,2519.16,1.6878
2026-09-11T22:30:02Z,247,Golden Foxglove Ring,0.00067,2519.16,1.6878
2026-09-11T22:30:02Z,248,Golden Overseer Ring,0.00061,2519.16,1.5367
2026-09-11T22:30:02Z,249,Golden Summoner Ring,0.00073,2519.16,1.839
2026-09-11T23:00:02Z,134,Chobo Silver Ring,4.81e-05,2511.97,0.1208
2026-09-11T23:00:02Z,135,Crusader Silver Ring,6.225e-05,2511.97,0.1564
2026-09-11T23:00:02Z,136,Overseer Silver Ring,4.87899999e-05,2511.97,0.1226
2026-09-11T23:00:02Z,137,Athena Silver Ring,4.83e-05,2511.97,0.1213
2026-09-11T23:00:02Z,138,Archon Silver Ring,5.043e-05,2511.97,0.1267
2026-09-11T23:00:02Z,139,Foxglove Silver Ring,4.94499999e-05,2511.97,0.1242
2026-09-11T23:00:02Z,140,Summoner Silver Ring,4.83e-05,2511.97,0.1213
2026-09-11T23:00:02Z,243,Golden Archon Ring,0.00062,2511.97,1.5574
2026-09-11T23:00:02Z,244,Golden Athena Ring,0.00067,2511.97,1.683
2026-09-11T23:00:02Z,245,Golden Chobo Ring,0.00056,2511.97,1.4067
2026-09-11T23:00:02Z,246,Golden Crusader Ring,0.00066999,2511.97,1.683
2026-09-11T23:00:02Z,247,Golden Foxglove Ring,0.00066999,2511.97,1.683
2026-09-11T23:00:02Z,248,Golden Overseer Ring,0.00061,2511.97,1.5323
2026-09-11T23:00:02Z,249,Golden Summoner Ring,0.00073,2511.97,1.8337
2026-09-11T23:30:02Z,134,Chobo Silver Ring,4.81e-05,2513.59,0.1209
2026-09-11T23:30:02Z,135,Crusader Silver Ring,6.224e-05,2513.59,0.1564
2026-09-11T23:30:02Z,136,Overseer Silver Ring,4.87899998e-05,2513.59,0.1226
2026-09-11T23:30:02Z,137,Athena Silver Ring,4.82999e-05,2513.59,0.1214
2026-09-11T23:30:02Z,138,Archon Silver Ring,5.04299e-05,2513.59,0.1268
2026-09-11T23:30:02Z,139,Foxglove Silver Ring,4.94499999e-05,2513.59,0.1243
2026-09-11T23:30:02Z,140,Summoner Silver Ring,4.83e-05,2513.59,0.1214
2026-09-11T23:30:02Z,243,Golden Archon Ring,0.00069,2513.59,1.7344
2026-09-11T23:30:02Z,244,Golden Athena Ring,0.00067,2513.59,1.6841
2026-09-11T23:30:02Z,245,Golden Chobo Ring,0.000699,2513.59,1.757
2026-09-11T23:30:02Z,246,Golden Crusader Ring,0.00066999,2513.59,1.6841
2026-09-11T23:30:02Z,247,Golden Foxglove Ring,0.00066999,2513.59,1.6841
2026-09-11T23:30:02Z,248,Golden Overseer Ring,0.0007999,2513.59,2.0106
2026-09-11T23:30:02Z,249,Golden Summoner Ring,0.00073,2513.59,1.8349
2026-09-12T00:00:02Z,134,Chobo Silver Ring,4.8039999e-05,2514.76,0.1208
2026-09-12T00:00:02Z,135,Crusader Silver Ring,6.224e-05,2514.76,0.1565
2026-09-12T00:00:02Z,136,Overseer Silver Ring,4.87899998e-05,2514.76,0.1227
2026-09-12T00:00:02Z,137,Athena Silver Ring,4.82999e-05,2514.76,0.1215
2026-09-12T00:00:02Z,138,Archon Silver Ring,5.04299e-05,2514.76,0.1268
2026-09-12T00:00:02Z,139,Foxglove Silver Ring,4.94499999e-05,2514.76,0.1244
2026-09-12T00:00:02Z,140,Summoner Silver Ring,4.83e-05,2514.76,0.1215
2026-09-12T00:00:02Z,243,Golden Archon Ring,0.000788997,2514.76,1.9841
2026-09-12T00:00:02Z,244,Golden Athena Ring,0.00067,2514.76,1.6849
2026-09-12T00:00:02Z,245,Golden Chobo Ring,0.000699,2514.76,1.7578
2026-09-12T00:00:02Z,246,Golden Crusader Ring,0.00066999,2514.76,1.6849
2026-09-12T00:00:02Z,247,Golden Foxglove Ring,0.00066999,2514.76,1.6849
2026-09-12T00:00:02Z,248,Golden Overseer Ring,0.0007999,2514.76,2.0116
2026-09-12T00:00:02Z,249,Golden Summoner Ring,0.00073,2514.76,1.8358
2026-09-12T00:30:02Z,134,Chobo Silver Ring,4.8039999e-05,2516.56,0.1209
2026-09-12T00:30:02Z,135,Crusader Silver Ring,6.21599999e-05,2516.56,0.1564
2026-09-12T00:30:02Z,136,Overseer Silver Ring,4.87899998e-05,2516.56,0.1228
2026-09-12T00:30:02Z,137,Athena Silver Ring,4.82399999e-05,2516.56,0.1214
2026-09-12T00:30:02Z,138,Archon Silver Ring,5.04299e-05,2516.56,0.1269
2026-09-12T00:30:02Z,139,Foxglove Silver Ring,4.94499999e-05,2516.56,0.1244
2026-09-12T00:30:02Z,140,Summoner Silver Ring,4.83e-05,2516.56,0.1215
2026-09-12T00:30:02Z,243,Golden Archon Ring,0.000788999,2516.56,1.9856
2026-09-12T00:30:02Z,244,Golden Athena Ring,0.00067,2516.56,1.6861
2026-09-12T00:30:02Z,245,Golden Chobo Ring,0.000699,2516.56,1.7591
2026-09-12T00:30:02Z,246,Golden Crusader Ring,0.00066999,2516.56,1.6861
2026-09-12T00:30:02Z,247,Golden Foxglove Ring,0.00066999,2516.56,1.6861
2026-09-12T00:30:02Z,248,Golden Overseer Ring,0.0007999,2516.56,2.013
2026-09-12T00:30:02Z,249,Golden Summoner Ring,0.00073,2516.56,1.8371
2026-09-12T01:00:02Z,134,Chobo Silver Ring,4.8039999e-05,2511.51,0.1207
2026-09-12T01:00:02Z,135,Crusader Silver Ring,6.215999989e-05,2511.51,0.1561
2026-09-12T01:00:02Z,136,Overseer Silver Ring,4.87899998e-05,2511.51,0.1225
2026-09-12T01:00:02Z,137,Athena Silver Ring,4.823999988e-05,2511.51,0.1212
2026-09-12T01:00:02Z,138,Archon Silver Ring,5.042989e-05,2511.51,0.1267
2026-09-12T01:00:02Z,139,Foxglove Silver Ring,4.944999988e-05,2511.51,0.1242
2026-09-12T01:00:02Z,140,Summoner Silver Ring,4.83e-05,2511.51,0.1213
2026-09-12T01:00:02Z,243,Golden Archon Ring,0.000788999,2511.51,1.9816
2026-09-12T01:00:02Z,244,Golden Athena Ring,0.00067,2511.51,1.6827
2026-09-12T01:00:02Z,245,Golden Chobo Ring,0.000699,2511.51,1.7555
2026-09-12T01:00:02Z,246,Golden Crusader Ring,0.00066999,2511.51,1.6827
2026-09-12T01:00:02Z,247,Golden Foxglove Ring,0.00066999,2511.51,1.6827
2026-09-12T01:00:02Z,248,Golden Overseer Ring,0.0007999,2511.51,2.009
2026-09-12T01:00:02Z,249,Golden Summoner Ring,0.00073,2511.51,1.8334
2026-09-12T01:30:02Z,134,Chobo Silver Ring,4.8039999e-05,2512.9,0.1207
2026-09-12T01:30:02Z,135,Crusader Silver Ring,6.215999988e-05,2512.9,0.1562
2026-09-12T01:30:02Z,136,Overseer Silver Ring,4.87899999e-05,2512.9,0.1226
2026-09-12T01:30:02Z,137,Athena Silver Ring,4.823999988e-05,2512.9,0.1212
2026-09-12T01:30:02Z,138,Archon Silver Ring,5.042989e-05,2512.9,0.1267
2026-09-12T01:30:02Z,139,Foxglove Silver Ring,4.944999988e-05,2512.9,0.1243
2026-09-12T01:30:02Z,140,Summoner Silver Ring,4.83e-05,2512.9,0.1214
2026-09-12T01:30:02Z,243,Golden Archon Ring,0.000788999,2512.9,1.9827
2026-09-12T01:30:02Z,244,Golden Athena Ring,0.00067,2512.9,1.6836
2026-09-12T01:30:02Z,245,Golden Chobo Ring,0.000699,2512.9,1.7565
2026-09-12T01:30:02Z,246,Golden Crusader Ring,0.0006699,2512.9,1.6834
2026-09-12T01:30:02Z,247,Golden Foxglove Ring,0.00066999,2512.9,1.6836
2026-09-12T01:30:02Z,248,Golden Overseer Ring,0.0007999,2512.9,2.0101
2026-09-12T01:30:02Z,249,Golden Summoner Ring,0.000729,2512.9,1.8319
2026-09-12T02:00:02Z,134,Chobo Silver Ring,4.8039999e-05,2513.72,0.1208
2026-09-12T02:00:02Z,135,Crusader Silver Ring,6.215999988e-05,2513.72,0.1563
2026-09-12T02:00:02Z,136,Overseer Silver Ring,4.87899999e-05,2513.72,0.1226
2026-09-12T02:00:02Z,137,Athena Silver Ring,4.823999988e-05,2513.72,0.1213
2026-09-12T02:00:02Z,138,Archon Silver Ring,5.042989e-05,2513.72,0.1268
2026-09-12T02:00:02Z,139,Foxglove Silver Ring,4.944999988e-05,2513.72,0.1243
2026-09-12T02:00:02Z,140,Summoner Silver Ring,4.83e-05,2513.72,0.1214
2026-09-12T02:00:02Z,243,Golden Archon Ring,0.000788999,2513.72,1.9833
2026-09-12T02:00:02Z,244,Golden Athena Ring,0.00067,2513.72,1.6842
2026-09-12T02:00:02Z,245,Golden Chobo Ring,0.000699,2513.72,1.7571
2026-09-12T02:00:02Z,246,Golden Crusader Ring,0.0006699,2513.72,1.6839
2026-09-12T02:00:02Z,247,Golden Foxglove Ring,0.00066999,2513.72,1.6842
2026-09-12T02:00:02Z,248,Golden Overseer Ring,0.000799899,2513.72,2.0107
2026-09-12T02:00:02Z,249,Golden Summoner Ring,0.00077,2513.72,1.9356
2026-09-12T02:30:02Z,134,Chobo Silver Ring,4.799e-05,2514.16,0.1207
2026-09-12T02:30:02Z,135,Crusader Silver Ring,4.799e-05,2514.16,0.1207
2026-09-12T02:30:02Z,136,Overseer Silver Ring,4.87899999e-05,2514.16,0.1227
2026-09-12T02:30:02Z,137,Athena Silver Ring,4.823999988e-05,2514.16,0.1213
2026-09-12T02:30:02Z,138,Archon Silver Ring,5.042989e-05,2514.16,0.1268
2026-09-12T02:30:02Z,139,Foxglove Silver Ring,4.94e-05,2514.16,0.1242
2026-09-12T02:30:02Z,140,Summoner Silver Ring,4.825e-05,2514.16,0.1213
2026-09-12T02:30:02Z,243,Golden Archon Ring,0.000788999,2514.16,1.9837
2026-09-12T02:30:02Z,244,Golden Athena Ring,0.00067,2514.16,1.6845
2026-09-12T02:30:02Z,245,Golden Chobo Ring,0.000699,2514.16,1.7574
2026-09-12T02:30:02Z,246,Golden Crusader Ring,0.00070919,2514.16,1.783
2026-09-12T02:30:02Z,247,Golden Foxglove Ring,0.00066932,2514.16,1.6828
2026-09-12T02:30:02Z,248,Golden Overseer Ring,0.000799899,2514.16,2.0111
2026-09-12T02:30:02Z,249,Golden Summoner Ring,0.00077,2514.16,1.9359
2026-09-12T03:00:02Z,134,Chobo Silver Ring,4.7989999999999e-05,2512.4,0.1206
2026-09-12T03:00:02Z,135,Crusader Silver Ring,4.7989999999999e-05,2512.4,0.1206
2026-09-12T03:00:02Z,136,Overseer Silver Ring,4.87899999e-05,2512.4,0.1226
2026-09-12T03:00:02Z,137,Athena Silver Ring,4.823999988e-05,2512.4,0.1212
2026-09-12T03:00:02Z,138,Archon Silver Ring,5.042988999999e-05,2512.4,0.1267
2026-09-12T03:00:02Z,139,Foxglove Silver Ring,4.939999999999e-05,2512.4,0.1241
2026-09-12T03:00:02Z,140,Summoner Silver Ring,4.824999999e-05,2512.4,0.1212
2026-09-12T03:00:02Z,243,Golden Archon Ring,0.000788999,2512.4,1.9823
2026-09-12T03:00:02Z,244,Golden Athena Ring,0.00067,2512.4,1.6833
2026-09-12T03:00:02Z,245,Golden Chobo Ring,0.000699,2512.4,1.7562
2026-09-12T03:00:02Z,246,Golden Crusader Ring,0.00070919,2512.4,1.7818
2026-09-12T03:00:02Z,247,Golden Foxglove Ring,0.00066932,2512.4,1.6816
2026-09-12T03:00:02Z,248,Golden Overseer Ring,0.000799899,2512.4,2.0097
2026-09-12T03:00:02Z,249,Golden Summoner Ring,0.00077,2512.4,1.9345
2026-09-12T03:30:02Z,134,Chobo Silver Ring,4.7989999999999e-05,2512.98,0.1206
2026-09-12T03:30:02Z,135,Crusader Silver Ring,4.7989999999999e-05,2512.98,0.1206
2026-09-12T03:30:02Z,136,Overseer Silver Ring,4.8789999901e-05,2512.98,0.1226
2026-09-12T03:30:02Z,137,Athena Silver Ring,4.823999988e-05,2512.98,0.1212
2026-09-12T03:30:02Z,138,Archon Silver Ring,5.042988999999e-05,2512.98,0.1267
2026-09-12T03:30:02Z,139,Foxglove Silver Ring,4.939999999999e-05,2512.98,0.1241
2026-09-12T03:30:02Z,140,Summoner Silver Ring,4.824999999e-05,2512.98,0.1213
2026-09-12T03:30:02Z,243,Golden Archon Ring,0.000788999,2512.98,1.9827
2026-09-12T03:30:02Z,244,Golden Athena Ring,0.00067,2512.98,1.6837
2026-09-12T03:30:02Z,245,Golden Chobo Ring,0.0007889899,2512.98,1.9827
2026-09-12T03:30:02Z,246,Golden Crusader Ring,0.00070919,2512.98,1.7822
2026-09-12T03:30:02Z,247,Golden Foxglove Ring,0.00066932,2512.98,1.682
2026-09-12T03:30:02Z,248,Golden Overseer Ring,0.000799899,2512.98,2.0101
2026-09-12T03:30:02Z,249,Golden Summoner Ring,0.00077,2512.98,1.935
2026-09-12T04:00:02Z,134,Chobo Silver Ring,4.7989999999999e-05,2513.21,0.1206
2026-09-12T04:00:02Z,135,Crusader Silver Ring,4.7989999999999e-05,2513.21,0.1206
2026-09-12T04:00:02Z,136,Overseer Silver Ring,4.8789999901e-05,2513.21,0.1226
2026-09-12T04:00:02Z,137,Athena Silver Ring,4.823999988e-05,2513.21,0.1212
2026-09-12T04:00:02Z,138,Archon Silver Ring,5.042988999999e-05,2513.21,0.1267
2026-09-12T04:00:02Z,139,Foxglove Silver Ring,4.939999999999e-05,2513.21,0.1242
2026-09-12T04:00:02Z,140,Summoner Silver Ring,4.824999999e-05,2513.21,0.1213
2026-09-12T04:00:02Z,243,Golden Archon Ring,0.000788999,2513.21,1.9829
2026-09-12T04:00:02Z,244,Golden Athena Ring,0.00067,2513.21,1.6839
2026-09-12T04:00:02Z,245,Golden Chobo Ring,0.0007889899,2513.21,1.9829
2026-09-12T04:00:02Z,246,Golden Crusader Ring,0.00070919,2513.21,1.7823
2026-09-12T04:00:02Z,247,Golden Foxglove Ring,0.00066932,2513.21,1.6821
2026-09-12T04:00:02Z,248,Golden Overseer Ring,0.000799899,2513.21,2.0103
2026-09-12T04:00:02Z,249,Golden Summoner Ring,0.00077,2513.21,1.9352
2026-09-12T04:30:02Z,134,Chobo Silver Ring,4.8039999e-05,2510.46,0.1206
2026-09-12T04:30:02Z,135,Crusader Silver Ring,6.215999989e-05,2510.46,0.1561
2026-09-12T04:30:02Z,136,Overseer Silver Ring,4.878999990101e-05,2510.46,0.1225
2026-09-12T04:30:02Z,137,Athena Silver Ring,4.823999989e-05,2510.46,0.1211
2026-09-12T04:30:02Z,138,Archon Silver Ring,5.043e-05,2510.46,0.1266
2026-09-12T04:30:02Z,139,Foxglove Silver Ring,4.9399999999991e-05,2510.46,0.124
2026-09-12T04:30:02Z,140,Summoner Silver Ring,4.846e-05,2510.46,0.1217
2026-09-12T04:30:02Z,243,Golden Archon Ring,0.000788999,2510.46,1.9808
2026-09-12T04:30:02Z,244,Golden Athena Ring,0.00067,2510.46,1.682
2026-09-12T04:30:02Z,245,Golden Chobo Ring,0.0007889899,2510.46,1.9807
2026-09-12T04:30:02Z,246,Golden Crusader Ring,0.00070919,2510.46,1.7804
2026-09-12T04:30:02Z,247,Golden Foxglove Ring,0.00066932,2510.46,1.6803
2026-09-12T04:30:02Z,248,Golden Overseer Ring,0.000799899,2510.46,2.0081
2026-09-12T04:30:02Z,249,Golden Summoner Ring,0.00077,2510.46,1.9331
2026-09-12T05:00:02Z,134,Chobo Silver Ring,4.8039999e-05,2512.74,0.1207
2026-09-12T05:00:02Z,135,Crusader Silver Ring,6.215999989e-05,2512.74,0.1562
2026-09-12T05:00:02Z,136,Overseer Silver Ring,4.878999990101e-05,2512.74,0.1226
2026-09-12T05:00:02Z,137,Athena Silver Ring,4.823999989e-05,2512.74,0.1212
2026-09-12T05:00:02Z,138,Archon Silver Ring,5.043e-05,2512.74,0.1267
2026-09-12T05:00:02Z,139,Foxglove Silver Ring,4.9399999999991e-05,2512.74,0.1241
2026-09-12T05:00:02Z,140,Summoner Silver Ring,4.846e-05,2512.74,0.1218
2026-09-12T05:00:02Z,243,Golden Archon Ring,0.000788999,2512.74,1.9825
2026-09-12T05:00:02Z,244,Golden Athena Ring,0.00067,2512.74,1.6835
2026-09-12T05:00:02Z,245,Golden Chobo Ring,0.0007889899,2512.74,1.9825
2026-09-12T05:00:02Z,246,Golden Crusader Ring,0.00070919,2512.74,1.782
2026-09-12T05:00:02Z,247,Golden Foxglove Ring,0.00066932,2512.74,1.6818
2026-09-12T05:00:02Z,248,Golden Overseer Ring,0.000799899,2512.74,2.0099
2026-09-12T05:00:02Z,249,Golden Summoner Ring,0.00077,2512.74,1.9348
2026-09-12T05:30:02Z,134,Chobo Silver Ring,4.803999899999e-05,2511.51,0.1207
2026-09-12T05:30:02Z,135,Crusader Silver Ring,6.215999988e-05,2511.51,0.1561
2026-09-12T05:30:02Z,136,Overseer Silver Ring,4.8789999901e-05,2511.51,0.1225
2026-09-12T05:30:02Z,137,Athena Silver Ring,4.823999988e-05,2511.51,0.1212
2026-09-12T05:30:02Z,138,Archon Silver Ring,5.043e-05,2511.51,0.1267
2026-09-12T05:30:02Z,139,Foxglove Silver Ring,4.939999999999e-05,2511.51,0.1241
2026-09-12T05:30:02Z,140,Summoner Silver Ring,4.84599999999e-05,2511.51,0.1217
2026-09-12T05:30:02Z,243,Golden Archon Ring,0.000788999,2511.51,1.9816
2026-09-12T05:30:02Z,244,Golden Athena Ring,0.00067,2511.51,1.6827
2026-09-12T05:30:02Z,245,Golden Chobo Ring,0.0007889899,2511.51,1.9816
2026-09-12T05:30:02Z,246,Golden Crusader Ring,0.00070919,2511.51,1.7811
2026-09-12T05:30:02Z,247,Golden Foxglove Ring,0.00066932,2511.51,1.681
2026-09-12T05:30:02Z,248,Golden Overseer Ring,0.000799899,2511.51,2.009
2026-09-12T05:30:02Z,249,Golden Summoner Ring,0.00077,2511.51,1.9339
2026-09-12T06:00:02Z,134,Chobo Silver Ring,4.803999899999e-05,2511.83,0.1207
2026-09-12T06:00:02Z,135,Crusader Silver Ring,6.215999988e-05,2511.83,0.1561
2026-09-12T06:00:02Z,136,Overseer Silver Ring,4.8789999901e-05,2511.83,0.1226
2026-09-12T06:00:02Z,137,Athena Silver Ring,4.823999988e-05,2511.83,0.1212
2026-09-12T06:00:02Z,138,Archon Silver Ring,5.043e-05,2511.83,0.1267
2026-09-12T06:00:02Z,139,Foxglove Silver Ring,4.8e-05,2511.83,0.1206
2026-09-12T06:00:02Z,140,Summoner Silver Ring,4.84599999999e-05,2511.83,0.1217
2026-09-12T06:00:02Z,243,Golden Archon Ring,0.000788,2511.83,1.9793
2026-09-12T06:00:02Z,244,Golden Athena Ring,0.00067,2511.83,1.6829
2026-09-12T06:00:02Z,245,Golden Chobo Ring,0.0007889899,2511.83,1.9818
2026-09-12T06:00:02Z,246,Golden Crusader Ring,0.00073925,2511.83,1.8569
2026-09-12T06:00:02Z,247,Golden Foxglove Ring,0.00072927,2511.83,1.8318
2026-09-12T06:00:02Z,248,Golden Overseer Ring,0.000799899,2511.83,2.0092
2026-09-12T06:00:02Z,249,Golden Summoner Ring,0.00077,2511.83,1.9341
2026-09-12T06:30:02Z,134,Chobo Silver Ring,,2512.32,
2026-09-12T06:30:02Z,135,Crusader Silver Ring,,2512.32,
2026-09-12T06:30:02Z,136,Overseer Silver Ring,,2512.32,
2026-09-12T06:30:02Z,137,Athena Silver Ring,,2512.32,
2026-09-12T06:30:02Z,138,Archon Silver Ring,,2512.32,
2026-09-12T06:30:02Z,139,Foxglove Silver Ring,,2512.32,
2026-09-12T06:30:02Z,140,Summoner Silver Ring,,2512.32,
2026-09-12T06:30:02Z,243,Golden Archon Ring,,2512.32,
2026-09-12T06:30:02Z,244,Golden Athena Ring,,2512.32,
2026-09-12T06:30:02Z,245,Golden Chobo Ring,,2512.32,
2026-09-12T06:30:02Z,246,Golden Crusader Ring,,2512.32,
2026-09-12T06:30:02Z,247,Golden Foxglove Ring,,2512.32,
2026-09-12T06:30:02Z,248,Golden Overseer Ring,,2512.32,
2026-09-12T06:30:02Z,249,Golden Summoner Ring,,2512.32,
2026-09-12T07:00:02Z,134,Chobo Silver Ring,,2520.18,
2026-09-12T07:00:02Z,135,Crusader Silver Ring,,2520.18,
2026-09-12T07:00:02Z,136,Overseer Silver Ring,,2520.18,
2026-09-12T07:00:02Z,137,Athena Silver Ring,,2520.18,
2026-09-12T07:00:02Z,138,Archon Silver Ring,,2520.18,
2026-09-12T07:00:02Z,139,Foxglove Silver Ring,,2520.18,
2026-09-12T07:00:02Z,140,Summoner Silver Ring,,2520.18,
2026-09-12T07:00:02Z,243,Golden Archon Ring,,2520.18,
2026-09-12T07:00:02Z,244,Golden Athena Ring,,2520.18,
2026-09-12T07:00:02Z,245,Golden Chobo Ring,,2520.18,
2026-09-12T07:00:02Z,246,Golden Crusader Ring,,2520.18,
2026-09-12T07:00:02Z,247,Golden Foxglove Ring,,2520.18,
2026-09-12T07:00:02Z,248,Golden Overseer Ring,,2520.18,
2026-09-12T07:00:02Z,249,Golden Summoner Ring,,2520.18,
2026-09-12T07:30:02Z,134,Chobo Silver Ring,,2523.04,
2026-09-12T07:30:02Z,135,Crusader Silver Ring,,2523.04,
2026-09-12T07:30:02Z,136,Overseer Silver Ring,,2523.04,
2026-09-12T07:30:02Z,137,Athena Silver Ring,,2523.04,
2026-09-12T07:30:02Z,138,Archon Silver Ring,,2523.04,
2026-09-12T07:30:02Z,139,Foxglove Silver Ring,,2523.04,
2026-09-12T07:30:02Z,140,Summoner Silver Ring,,2523.04,
2026-09-12T07:30:02Z,243,Golden Archon Ring,,2523.04,
2026-09-12T07:30:02Z,244,Golden Athena Ring,,2523.04,
2026-09-12T07:30:02Z,245,Golden Chobo Ring,,2523.04,
2026-09-12T07:30:02Z,246,Golden Crusader Ring,,2523.04,
2026-09-12T07:30:02Z,247,Golden Foxglove Ring,,2523.04,
2026-09-12T07:30:02Z,248,Golden Overseer Ring,,2523.04,
2026-09-12T07:30:02Z,249,Golden Summoner Ring,,2523.04,
2026-09-12T08:00:02Z,134,Chobo Silver Ring,4.803999899999e-05,2523.89,0.1212
2026-09-12T08:00:02Z,135,Crusader Silver Ring,6.215999988e-05,2523.89,0.1569
2026-09-12T08:00:02Z,136,Overseer Silver Ring,4.8789999901e-05,2523.89,0.1231
2026-09-12T08:00:02Z,137,Athena Silver Ring,4.823999988e-05,2523.89,0.1218
2026-09-12T08:00:02Z,138,Archon Silver Ring,5.043e-05,2523.89,0.1273
2026-09-12T08:00:02Z,139,Foxglove Silver Ring,4.8e-05,2523.89,0.1211
2026-09-12T08:00:02Z,140,Summoner Silver Ring,4.84599999999e-05,2523.89,0.1223
2026-09-12T08:00:02Z,243,Golden Archon Ring,0.000788,2523.89,1.9888
2026-09-12T08:00:02Z,244,Golden Athena Ring,0.0007689999,2523.89,1.9409
2026-09-12T08:00:02Z,245,Golden Chobo Ring,0.0007889899,2523.89,1.9913
2026-09-12T08:00:02Z,246,Golden Crusader Ring,0.0007859997,2523.89,1.9838
2026-09-12T08:00:02Z,247,Golden Foxglove Ring,0.00072927,2523.89,1.8406
2026-09-12T08:00:02Z,248,Golden Overseer Ring,0.000799899,2523.89,2.0189
2026-09-12T08:00:02Z,249,Golden Summoner Ring,0.00077,2523.89,1.9434
2026-09-12T08:30:02Z,134,Chobo Silver Ring,4.803999899999e-05,2528.26,0.1215
2026-09-12T08:30:02Z,135,Crusader Silver Ring,6.215999988e-05,2528.26,0.1572
2026-09-12T08:30:02Z,136,Overseer Silver Ring,4.8789999901e-05,2528.26,0.1234
2026-09-12T08:30:02Z,137,Athena Silver Ring,4.823999988e-05,2528.26,0.122
2026-09-12T08:30:02Z,138,Archon Silver Ring,5.043e-05,2528.26,0.1275
2026-09-12T08:30:02Z,139,Foxglove Silver Ring,4.8e-05,2528.26,0.1214
2026-09-12T08:30:02Z,140,Summoner Silver Ring,4.84599999999e-05,2528.26,0.1225
2026-09-12T08:30:02Z,243,Golden Archon Ring,0.000788,2528.26,1.9923
2026-09-12T08:30:02Z,244,Golden Athena Ring,0.0007689999,2528.26,1.9442
2026-09-12T08:30:02Z,245,Golden Chobo Ring,0.0007889899,2528.26,1.9948
2026-09-12T08:30:02Z,246,Golden Crusader Ring,0.0007859997,2528.26,1.9872
2026-09-12T08:30:02Z,247,Golden Foxglove Ring,0.00072927,2528.26,1.8438
2026-09-12T08:30:02Z,248,Golden Overseer Ring,0.000799899,2528.26,2.0224
2026-09-12T08:30:02Z,249,Golden Summoner Ring,0.00077,2528.26,1.9468
2026-09-12T09:00:02Z,134,Chobo Silver Ring,4.7e-05,2532.43,0.119
2026-09-12T09:00:02Z,135,Crusader Silver Ring,6.215999987e-05,2532.43,0.1574
2026-09-12T09:00:02Z,136,Overseer Silver Ring,4.8789999901e-05,2532.43,0.1236
2026-09-12T09:00:02Z,137,Athena Silver Ring,4.823999988e-05,2532.43,0.1222
2026-09-12T09:00:02Z,138,Archon Silver Ring,5.0429999e-05,2532.43,0.1277
2026-09-12T09:00:02Z,139,Foxglove Silver Ring,4.939999999999e-05,2532.43,0.1251
2026-09-12T09:00:02Z,140,Summoner Silver Ring,4.7e-05,2532.43,0.119
2026-09-12T09:00:02Z,243,Golden Archon Ring,0.000788,2532.43,1.9956
2026-09-12T09:00:02Z,244,Golden Athena Ring,0.0007689999,2532.43,1.9474
2026-09-12T09:00:02Z,245,Golden Chobo Ring,0.0007889899,2532.43,1.9981
2026-09-12T09:00:02Z,246,Golden Crusader Ring,0.0007859997,2532.43,1.9905
2026-09-12T09:00:02Z,247,Golden Foxglove Ring,0.00072927,2532.43,1.8468
2026-09-12T09:00:02Z,248,Golden Overseer Ring,0.000799899,2532.43,2.0257
2026-09-12T09:00:02Z,249,Golden Summoner Ring,0.00077,2532.43,1.95
2026-09-12T09:30:02Z,134,Chobo Silver Ring,4.69999999e-05,2535.9,0.1192
2026-09-12T09:30:02Z,135,Crusader Silver Ring,6.19999e-05,2535.9,0.1572
2026-09-12T09:30:02Z,136,Overseer Silver Ring,4.8789999901e-05,2535.9,0.1237
2026-09-12T09:30:02Z,137,Athena Silver Ring,4.823999987e-05,2535.9,0.1223
2026-09-12T09:30:02Z,138,Archon Silver Ring,5.037e-05,2535.9,0.1277
2026-09-12T09:30:02Z,139,Foxglove Silver Ring,4.939999999999e-05,2535.9,0.1253
2026-09-12T09:30:02Z,140,Summoner Silver Ring,4.7e-05,2535.9,0.1192
2026-09-12T09:30:02Z,243,Golden Archon Ring,0.000788,2535.9,1.9983
2026-09-12T09:30:02Z,244,Golden Athena Ring,0.0007689999,2535.9,1.9501
2026-09-12T09:30:02Z,245,Golden Chobo Ring,0.0007889899,2535.9,2.0008
2026-09-12T09:30:02Z,246,Golden Crusader Ring,0.0007859997,2535.9,1.9932
2026-09-12T09:30:02Z,247,Golden Foxglove Ring,0.00072927,2535.9,1.8494
2026-09-12T09:30:02Z,248,Golden Overseer Ring,0.000799899,2535.9,2.0285
2026-09-12T09:30:02Z,249,Golden Summoner Ring,0.00077,2535.9,1.9526
2026-09-12T10:00:02Z,134,Chobo Silver Ring,4.803999899999e-05,2529.23,0.1215
2026-09-12T10:00:02Z,135,Crusader Silver Ring,6.19999e-05,2529.23,0.1568
2026-09-12T10:00:02Z,136,Overseer Silver Ring,4.879e-05,2529.23,0.1234
2026-09-12T10:00:02Z,137,Athena Silver Ring,4.823999988e-05,2529.23,0.122
2026-09-12T10:00:02Z,138,Archon Silver Ring,5.0429999e-05,2529.23,0.1275
2026-09-12T10:00:02Z,139,Foxglove Silver Ring,4.939999999999e-05,2529.23,0.1249
2026-09-12T10:00:02Z,140,Summoner Silver Ring,4.84599999999e-05,2529.23,0.1226
2026-09-12T10:00:02Z,243,Golden Archon Ring,0.000788,2529.23,1.993
2026-09-12T10:00:02Z,244,Golden Athena Ring,0.0007689999,2529.23,1.945
2026-09-12T10:00:02Z,245,Golden Chobo Ring,0.0007889899,2529.23,1.9955
2026-09-12T10:00:02Z,246,Golden Crusader Ring,0.0007859997,2529.23,1.988
2026-09-12T10:00:02Z,247,Golden Foxglove Ring,0.00072927,2529.23,1.8445
2026-09-12T10:00:02Z,248,Golden Overseer Ring,0.000799899,2529.23,2.0231
2026-09-12T10:00:02Z,249,Golden Summoner Ring,0.00077,2529.23,1.9475
2026-09-12T10:30:02Z,134,Chobo Silver Ring,4.803999899999e-05,2534.97,0.1218
2026-09-12T10:30:02Z,135,Crusader Silver Ring,6.19999e-05,2534.97,0.1572
2026-09-12T10:30:02Z,136,Overseer Silver Ring,4.879e-05,2534.97,0.1237
2026-09-12T10:30:02Z,137,Athena Silver Ring,4.823999988e-05,2534.97,0.1223
2026-09-12T10:30:02Z,138,Archon Silver Ring,5.0429999e-05,2534.97,0.1278
2026-09-12T10:30:02Z,139,Foxglove Silver Ring,4.939999999999e-05,2534.97,0.1252
2026-09-12T10:30:02Z,140,Summoner Silver Ring,4.84599999999e-05,2534.97,0.1228
2026-09-12T10:30:02Z,243,Golden Archon Ring,0.000788,2534.97,1.9976
2026-09-12T10:30:02Z,244,Golden Athena Ring,0.0007689999,2534.97,1.9494
2026-09-12T10:30:02Z,245,Golden Chobo Ring,0.0007889899,2534.97,2.0001
2026-09-12T10:30:02Z,246,Golden Crusader Ring,0.0007859997,2534.97,1.9925
2026-09-12T10:30:02Z,247,Golden Foxglove Ring,0.00072927,2534.97,1.8487
2026-09-12T10:30:02Z,248,Golden Overseer Ring,0.000799899,2534.97,2.0277
2026-09-12T10:30:02Z,249,Golden Summoner Ring,0.00077,2534.97,1.9519
2026-09-12T11:00:02Z,134,Chobo Silver Ring,4.803999899999e-05,2533,0.1217
2026-09-12T11:00:02Z,135,Crusader Silver Ring,6.19999e-05,2533,0.157
2026-09-12T11:00:02Z,136,Overseer Silver Ring,4.879e-05,2533,0.1236
2026-09-12T11:00:02Z,137,Athena Silver Ring,4.823999988e-05,2533,0.1222
2026-09-12T11:00:02Z,138,Archon Silver Ring,5.0429999e-05,2533,0.1277
2026-09-12T11:00:02Z,139,Foxglove Silver Ring,4.939999999999e-05,2533,0.1251
2026-09-12T11:00:02Z,140,Summoner Silver Ring,4.846e-05,2533,0.1227
2026-09-12T11:00:02Z,243,Golden Archon Ring,0.000788,2533,1.996
2026-09-12T11:00:02Z,244,Golden Athena Ring,0.0007689999,2533,1.9479
2026-09-12T11:00:02Z,245,Golden Chobo Ring,0.0007889899,2533,1.9985
2026-09-12T11:00:02Z,246,Golden Crusader Ring,0.0007859997,2533,1.9909
2026-09-12T11:00:02Z,247,Golden Foxglove Ring,0.00072927,2533,1.8472
2026-09-12T11:00:02Z,248,Golden Overseer Ring,0.000799899,2533,2.0261
2026-09-12T11:00:02Z,249,Golden Summoner Ring,0.00077,2533,1.9504
2026-09-12T11:30:02Z,134,Chobo Silver Ring,4.803999899999e-05,2531.54,0.1216
2026-09-12T11:30:02Z,135,Crusader Silver Ring,6.1999901e-05,2531.54,0.157
2026-09-12T11:30:02Z,136,Overseer Silver Ring,4.879e-05,2531.54,0.1235
2026-09-12T11:30:02Z,137,Athena Silver Ring,4.823999988e-05,2531.54,0.1221
2026-09-12T11:30:02Z,138,Archon Silver Ring,4.6e-05,2531.54,0.1165
2026-09-12T11:30:02Z,139,Foxglove Silver Ring,4.5e-05,2531.54,0.1139
2026-09-12T11:30:02Z,140,Summoner Silver Ring,4.2e-05,2531.54,0.1063
2026-09-12T11:30:02Z,243,Golden Archon Ring,0.000788,2531.54,1.9949
2026-09-12T11:30:02Z,244,Golden Athena Ring,0.00076899989,2531.54,1.9468
2026-09-12T11:30:02Z,245,Golden Chobo Ring,0.0007889899,2531.54,1.9974
2026-09-12T11:30:02Z,246,Golden Crusader Ring,0.0007859997,2531.54,1.9898
2026-09-12T11:30:02Z,247,Golden Foxglove Ring,0.00072927,2531.54,1.8462
2026-09-12T11:30:02Z,248,Golden Overseer Ring,0.000799899,2531.54,2.025
2026-09-12T11:30:02Z,249,Golden Summoner Ring,0.00077,2531.54,1.9493
2026-09-12T12:00:02Z,134,Chobo Silver Ring,4.803999899999e-05,2536.41,0.1218
2026-09-12T12:00:02Z,135,Crusader Silver Ring,6.1999901e-05,2536.41,0.1573
2026-09-12T12:00:02Z,136,Overseer Silver Ring,4.879e-05,2536.41,0.1238
2026-09-12T12:00:02Z,137,Athena Silver Ring,4.823999988e-05,2536.41,0.1224
2026-09-12T12:00:02Z,138,Archon Silver Ring,4.6e-05,2536.41,0.1167
2026-09-12T12:00:02Z,139,Foxglove Silver Ring,4.5e-05,2536.41,0.1141
2026-09-12T12:00:02Z,140,Summoner Silver Ring,4.2e-05,2536.41,0.1065
2026-09-12T12:00:02Z,243,Golden Archon Ring,0.000788,2536.41,1.9987
2026-09-12T12:00:02Z,244,Golden Athena Ring,0.00076899989,2536.41,1.9505
2026-09-12T12:00:02Z,245,Golden Chobo Ring,0.0007889899,2536.41,2.0012
2026-09-12T12:00:02Z,246,Golden Crusader Ring,0.0007859997,2536.41,1.9936
2026-09-12T12:00:02Z,247,Golden Foxglove Ring,0.00072927,2536.41,1.8497
2026-09-12T12:00:02Z,248,Golden Overseer Ring,0.000799899,2536.41,2.0289
2026-09-12T12:00:02Z,249,Golden Summoner Ring,0.00076999,2536.41,1.953
2026-09-12T12:30:02Z,134,Chobo Silver Ring,4.803999899999e-05,2533.6,0.1217
2026-09-12T12:30:02Z,135,Crusader Silver Ring,6.1999901e-05,2533.6,0.1571
2026-09-12T12:30:02Z,136,Overseer Silver Ring,4.879e-05,2533.6,0.1236
2026-09-12T12:30:02Z,137,Athena Silver Ring,4.823999988e-05,2533.6,0.1222
2026-09-12T12:30:02Z,138,Archon Silver Ring,4.6e-05,2533.6,0.1165
2026-09-12T12:30:02Z,139,Foxglove Silver Ring,4.5e-05,2533.6,0.114
2026-09-12T12:30:02Z,140,Summoner Silver Ring,4.2e-05,2533.6,0.1064
2026-09-12T12:30:02Z,243,Golden Archon Ring,0.000788,2533.6,1.9965
2026-09-12T12:30:02Z,244,Golden Athena Ring,0.00076899989,2533.6,1.9483
2026-09-12T12:30:02Z,245,Golden Chobo Ring,0.0007889899,2533.6,1.999
2026-09-12T12:30:02Z,246,Golden Crusader Ring,0.0007859997,2533.6,1.9914
2026-09-12T12:30:02Z,247,Golden Foxglove Ring,0.00072927,2533.6,1.8477
2026-09-12T12:30:02Z,248,Golden Overseer Ring,0.00079989,2533.6,2.0266
2026-09-12T12:30:02Z,249,Golden Summoner Ring,0.00076999,2533.6,1.9508
2026-09-12T13:00:02Z,134,Chobo Silver Ring,4.803999899999e-05,2532.8,0.1217
2026-09-12T13:00:02Z,135,Crusader Silver Ring,6.1999901e-05,2532.8,0.157
2026-09-12T13:00:02Z,136,Overseer Silver Ring,4.879e-05,2532.8,0.1236
2026-09-12T13:00:02Z,137,Athena Silver Ring,4.823999988e-05,2532.8,0.1222
2026-09-12T13:00:02Z,138,Archon Silver Ring,4.6e-05,2532.8,0.1165
2026-09-12T13:00:02Z,139,Foxglove Silver Ring,4.5e-05,2532.8,0.114
2026-09-12T13:00:02Z,140,Summoner Silver Ring,4.2e-05,2532.8,0.1064
2026-09-12T13:00:02Z,243,Golden Archon Ring,0.00078799,2532.8,1.9958
2026-09-12T13:00:02Z,244,Golden Athena Ring,0.00076899989,2532.8,1.9477
2026-09-12T13:00:02Z,245,Golden Chobo Ring,0.00078898989,2532.8,1.9984
2026-09-12T13:00:02Z,246,Golden Crusader Ring,0.0007859997,2532.8,1.9908
2026-09-12T13:00:02Z,247,Golden Foxglove Ring,0.00072927,2532.8,1.8471
2026-09-12T13:00:02Z,248,Golden Overseer Ring,0.00079989,2532.8,2.026
2026-09-12T13:00:02Z,249,Golden Summoner Ring,0.00077822,2532.8,1.9711
2026-09-12T13:30:02Z,134,Chobo Silver Ring,4.803999899999e-05,2539.09,0.122
2026-09-12T13:30:02Z,135,Crusader Silver Ring,6.1999901e-05,2539.09,0.1574
2026-09-12T13:30:02Z,136,Overseer Silver Ring,4.879e-05,2539.09,0.1239
2026-09-12T13:30:02Z,137,Athena Silver Ring,4.823999988e-05,2539.09,0.1225
2026-09-12T13:30:02Z,138,Archon Silver Ring,4.6e-05,2539.09,0.1168
2026-09-12T13:30:02Z,139,Foxglove Silver Ring,4.5e-05,2539.09,0.1143
2026-09-12T13:30:02Z,140,Summoner Silver Ring,4.2e-05,2539.09,0.1066
2026-09-12T13:30:02Z,243,Golden Archon Ring,0.00078799,2539.09,2.0008
2026-09-12T13:30:02Z,244,Golden Athena Ring,0.00076899989,2539.09,1.9526
2026-09-12T13:30:02Z,245,Golden Chobo Ring,0.00078898989,2539.09,2.0033
2026-09-12T13:30:02Z,246,Golden Crusader Ring,0.0007859997,2539.09,1.9957
2026-09-12T13:30:02Z,247,Golden Foxglove Ring,0.00072927,2539.09,1.8517
2026-09-12T13:30:02Z,248,Golden Overseer Ring,0.00079989,2539.09,2.031
2026-09-12T13:30:02Z,249,Golden Summoner Ring,0.00077822,2539.09,1.976
2026-09-12T14:00:02Z,134,Chobo Silver Ring,4.803999899999e-05,2543.75,0.1222
2026-09-12T14:00:02Z,135,Crusader Silver Ring,6.1999901e-05,2543.75,0.1577
2026-09-12T14:00:02Z,136,Overseer Silver Ring,4.879e-05,2543.75,0.1241
2026-09-12T14:00:02Z,137,Athena Silver Ring,4.823999988e-05,2543.75,0.1227
2026-09-12T14:00:02Z,138,Archon Silver Ring,4.6e-05,2543.75,0.117
2026-09-12T14:00:02Z,139,Foxglove Silver Ring,4.939999999999e-05,2543.75,0.1257
2026-09-12T14:00:02Z,140,Summoner Silver Ring,4.2e-05,2543.75,0.1068
2026-09-12T14:00:02Z,243,Golden Archon Ring,0.00078799,2543.75,2.0044
2026-09-12T14:00:02Z,244,Golden Athena Ring,0.000768,2543.75,1.9536
2026-09-12T14:00:02Z,245,Golden Chobo Ring,0.000788,2543.75,2.0045
2026-09-12T14:00:02Z,246,Golden Crusader Ring,0.00078,2543.75,1.9841
2026-09-12T14:00:02Z,247,Golden Foxglove Ring,0.00072,2543.75,1.8315
2026-09-12T14:00:02Z,248,Golden Overseer Ring,0.00079,2543.75,2.0096
2026-09-12T14:00:02Z,249,Golden Summoner Ring,0.00077,2543.75,1.9587
2026-09-12T14:30:02Z,134,Chobo Silver Ring,4.803999899999e-05,2542.4,0.1221
2026-09-12T14:30:02Z,135,Crusader Silver Ring,6.1999901e-05,2542.4,0.1576
2026-09-12T14:30:02Z,136,Overseer Silver Ring,4.879e-05,2542.4,0.124
2026-09-12T14:30:02Z,137,Athena Silver Ring,4.823999988e-05,2542.4,0.1226
2026-09-12T14:30:02Z,138,Archon Silver Ring,4.6e-05,2542.4,0.117
2026-09-12T14:30:02Z,139,Foxglove Silver Ring,4.939999999999e-05,2542.4,0.1256
2026-09-12T14:30:02Z,140,Summoner Silver Ring,4.2e-05,2542.4,0.1068
2026-09-12T14:30:02Z,243,Golden Archon Ring,0.00078799,2542.4,2.0034
2026-09-12T14:30:02Z,244,Golden Athena Ring,0.000768,2542.4,1.9526
2026-09-12T14:30:02Z,245,Golden Chobo Ring,0.000788,2542.4,2.0034
2026-09-12T14:30:02Z,246,Golden Crusader Ring,0.00078,2542.4,1.9831
2026-09-12T14:30:02Z,247,Golden Foxglove Ring,0.00072,2542.4,1.8305
2026-09-12T14:30:02Z,248,Golden Overseer Ring,0.00079,2542.4,2.0085
2026-09-12T14:30:02Z,249,Golden Summoner Ring,0.00077,2542.4,1.9576
2026-09-12T15:00:02Z,134,Chobo Silver Ring,4.803999899999e-05,2540.64,0.1221
2026-09-12T15:00:02Z,135,Crusader Silver Ring,6.199989e-05,2540.64,0.1575
2026-09-12T15:00:02Z,136,Overseer Silver Ring,4.879e-05,2540.64,0.124
2026-09-12T15:00:02Z,137,Athena Silver Ring,4.8239999879e-05,2540.64,0.1226
2026-09-12T15:00:02Z,138,Archon Silver Ring,4.6e-05,2540.64,0.1169
2026-09-12T15:00:02Z,139,Foxglove Silver Ring,4.939999999999e-05,2540.64,0.1255
2026-09-12T15:00:02Z,140,Summoner Silver Ring,4.2e-05,2540.64,0.1067
2026-09-12T15:00:02Z,243,Golden Archon Ring,0.00078799,2540.64,2.002
2026-09-12T15:00:02Z,244,Golden Athena Ring,0.000768,2540.64,1.9512
2026-09-12T15:00:02Z,245,Golden Chobo Ring,0.000788,2540.64,2.002
2026-09-12T15:00:02Z,246,Golden Crusader Ring,0.00078,2540.64,1.9817
2026-09-12T15:00:02Z,247,Golden Foxglove Ring,0.00072,2540.64,1.8293
2026-09-12T15:00:02Z,248,Golden Overseer Ring,0.00079,2540.64,2.0071
2026-09-12T15:00:02Z,249,Golden Summoner Ring,0.00077,2540.64,1.9563
2026-09-12T15:30:02Z,134,Chobo Silver Ring,4.803999899999e-05,2541.39,0.1221
2026-09-12T15:30:02Z,135,Crusader Silver Ring,6.199989e-05,2541.39,0.1576
2026-09-12T15:30:02Z,136,Overseer Silver Ring,4.879e-05,2541.39,0.124
2026-09-12T15:30:02Z,137,Athena Silver Ring,4.8239999879e-05,2541.39,0.1226
2026-09-12T15:30:02Z,138,Archon Silver Ring,4.6e-05,2541.39,0.1169
2026-09-12T15:30:02Z,139,Foxglove Silver Ring,4.939999999999e-05,2541.39,0.1255
2026-09-12T15:30:02Z,140,Summoner Silver Ring,4.2e-05,2541.39,0.1067
2026-09-12T15:30:02Z,243,Golden Archon Ring,0.00078799,2541.39,2.0026
2026-09-12T15:30:02Z,244,Golden Athena Ring,0.000768,2541.39,1.9518
2026-09-12T15:30:02Z,245,Golden Chobo Ring,0.000788,2541.39,2.0026
2026-09-12T15:30:02Z,246,Golden Crusader Ring,0.00078,2541.39,1.9823
2026-09-12T15:30:02Z,247,Golden Foxglove Ring,0.00072,2541.39,1.8298
2026-09-12T15:30:02Z,248,Golden Overseer Ring,0.00079,2541.39,2.0077
2026-09-12T15:30:02Z,249,Golden Summoner Ring,0.00077,2541.39,1.9569
2026-09-12T16:00:02Z,134,Chobo Silver Ring,4.803999899999e-05,2533.94,0.1217
2026-09-12T16:00:02Z,135,Crusader Silver Ring,6.199988e-05,2533.94,0.1571
2026-09-12T16:00:02Z,136,Overseer Silver Ring,4.878999999e-05,2533.94,0.1236
2026-09-12T16:00:02Z,137,Athena Silver Ring,4.8239999879e-05,2533.94,0.1222
2026-09-12T16:00:02Z,138,Archon Silver Ring,4.6e-05,2533.94,0.1166
2026-09-12T16:00:02Z,139,Foxglove Silver Ring,4.939999999999e-05,2533.94,0.1252
2026-09-12T16:00:02Z,140,Summoner Silver Ring,4.845e-05,2533.94,0.1228
2026-09-12T16:00:02Z,243,Golden Archon Ring,0.00078799,2533.94,1.9967
2026-09-12T16:00:02Z,244,Golden Athena Ring,0.000768,2533.94,1.9461
2026-09-12T16:00:02Z,245,Golden Chobo Ring,0.000787,2533.94,1.9942
2026-09-12T16:00:02Z,246,Golden Crusader Ring,0.000779,2533.94,1.9739
2026-09-12T16:00:02Z,247,Golden Foxglove Ring,0.000719,2533.94,1.8219
2026-09-12T16:00:02Z,248,Golden Overseer Ring,0.000788,2533.94,1.9967
2026-09-12T16:00:02Z,249,Golden Summoner Ring,0.00077,2533.94,1.9511
2026-09-12T16:30:02Z,134,Chobo Silver Ring,4.803999899999e-05,2532.17,0.1216
2026-09-12T16:30:02Z,135,Crusader Silver Ring,6.1999879e-05,2532.17,0.157
2026-09-12T16:30:02Z,136,Overseer Silver Ring,4.878999998e-05,2532.17,0.1235
2026-09-12T16:30:02Z,137,Athena Silver Ring,4.8239999879e-05,2532.17,0.1222
2026-09-12T16:30:02Z,138,Archon Silver Ring,5.0429999e-05,2532.17,0.1277
2026-09-12T16:30:02Z,139,Foxglove Silver Ring,4.939999999999e-05,2532.17,0.1251
2026-09-12T16:30:02Z,140,Summoner Silver Ring,4.845e-05,2532.17,0.1227
2026-09-12T16:30:02Z,243,Golden Archon Ring,0.000787,2532.17,1.9928
2026-09-12T16:30:02Z,244,Golden Athena Ring,0.000768,2532.17,1.9447
2026-09-12T16:30:02Z,245,Golden Chobo Ring,0.00078,2532.17,1.9751
2026-09-12T16:30:02Z,246,Golden Crusader Ring,0.000779,2532.17,1.9726
2026-09-12T16:30:02Z,247,Golden Foxglove Ring,0.000719,2532.17,1.8206
2026-09-12T16:30:02Z,248,Golden Overseer Ring,0.000788,2532.17,1.9953
2026-09-12T16:30:02Z,249,Golden Summoner Ring,0.000769,2532.17,1.9472
2026-09-12T17:00:02Z,134,Chobo Silver Ring,4.803999899999e-05,2531.56,0.1216
2026-09-12T17:00:02Z,135,Crusader Silver Ring,6.1999879e-05,2531.56,0.157
2026-09-12T17:00:02Z,136,Overseer Silver Ring,4.878999998e-05,2531.56,0.1235
2026-09-12T17:00:02Z,137,Athena Silver Ring,4.8239999879e-05,2531.56,0.1221
2026-09-12T17:00:02Z,138,Archon Silver Ring,5.0429999e-05,2531.56,0.1277
2026-09-12T17:00:02Z,139,Foxglove Silver Ring,4.939999999999e-05,2531.56,0.1251
2026-09-12T17:00:02Z,140,Summoner Silver Ring,4.845e-05,2531.56,0.1227
2026-09-12T17:00:02Z,243,Golden Archon Ring,0.000787,2531.56,1.9923
2026-09-12T17:00:02Z,244,Golden Athena Ring,0.0007689999,2531.56,1.9468
2026-09-12T17:00:02Z,245,Golden Chobo Ring,0.00078,2531.56,1.9746
2026-09-12T17:00:02Z,246,Golden Crusader Ring,0.000779,2531.56,1.9721
2026-09-12T17:00:02Z,247,Golden Foxglove Ring,0.000719,2531.56,1.8202
2026-09-12T17:00:02Z,248,Golden Overseer Ring,0.000788,2531.56,1.9949
2026-09-12T17:00:02Z,249,Golden Summoner Ring,0.000769,2531.56,1.9468
2026-09-12T17:30:02Z,134,Chobo Silver Ring,4.803999899999e-05,2528.86,0.1215
2026-09-12T17:30:02Z,135,Crusader Silver Ring,6.1999879e-05,2528.86,0.1568
2026-09-12T17:30:02Z,136,Overseer Silver Ring,4.878999998e-05,2528.86,0.1234
2026-09-12T17:30:02Z,137,Athena Silver Ring,4.8239999879e-05,2528.86,0.122
2026-09-12T17:30:02Z,138,Archon Silver Ring,5.0429999e-05,2528.86,0.1275
2026-09-12T17:30:02Z,139,Foxglove Silver Ring,4.939999999999e-05,2528.86,0.1249
2026-09-12T17:30:02Z,140,Summoner Silver Ring,4.845e-05,2528.86,0.1225
2026-09-12T17:30:02Z,243,Golden Archon Ring,0.000787,2528.86,1.9902
2026-09-12T17:30:02Z,244,Golden Athena Ring,0.00077,2528.86,1.9472
2026-09-12T17:30:02Z,245,Golden Chobo Ring,0.00078,2528.86,1.9725
2026-09-12T17:30:02Z,246,Golden Crusader Ring,0.000779,2528.86,1.97
2026-09-12T17:30:02Z,247,Golden Foxglove Ring,0.000719,2528.86,1.8183
2026-09-12T17:30:02Z,248,Golden Overseer Ring,0.000788,2528.86,1.9927
2026-09-12T17:30:02Z,249,Golden Summoner Ring,0.000769,2528.86,1.9447
2026-09-12T18:00:02Z,134,Chobo Silver Ring,4.8039998e-05,2525.33,0.1213
2026-09-12T18:00:02Z,135,Crusader Silver Ring,6.1999879e-05,2525.33,0.1566
2026-09-12T18:00:02Z,136,Overseer Silver Ring,4.87899999801e-05,2525.33,0.1232
2026-09-12T18:00:02Z,137,Athena Silver Ring,4.8239999e-05,2525.33,0.1218
2026-09-12T18:00:02Z,138,Archon Silver Ring,5.043e-05,2525.33,0.1274
2026-09-12T18:00:02Z,139,Foxglove Silver Ring,4.939999999999e-05,2525.33,0.1248
2026-09-12T18:00:02Z,140,Summoner Silver Ring,4.84501e-05,2525.33,0.1224
2026-09-12T18:00:02Z,243,Golden Archon Ring,0.000786,2525.33,1.9849
2026-09-12T18:00:02Z,244,Golden Athena Ring,0.00076,2525.33,1.9193
2026-09-12T18:00:02Z,245,Golden Chobo Ring,0.00077,2525.33,1.9445
2026-09-12T18:00:02Z,246,Golden Crusader Ring,0.000778,2525.33,1.9647
2026-09-12T18:00:02Z,247,Golden Foxglove Ring,0.000718,2525.33,1.8132
2026-09-12T18:00:02Z,248,Golden Overseer Ring,0.000787,2525.33,1.9874
2026-09-12T18:00:02Z,249,Golden Summoner Ring,0.000768,2525.33,1.9395
2026-09-12T18:05:11Z,134,Chobo Silver Ring,4.8039998e-05,2525.33,0.1213
2026-09-12T18:05:11Z,135,Crusader Silver Ring,6.1999879e-05,2525.33,0.1566
2026-09-12T18:05:11Z,136,Overseer Silver Ring,4.87899999801e-05,2525.33,0.1232
2026-09-12T18:05:11Z,137,Athena Silver Ring,4.8239999e-05,2525.33,0.1218
2026-09-12T18:05:11Z,138,Archon Silver Ring,5.043e-05,2525.33,0.1274
2026-09-12T18:05:11Z,139,Foxglove Silver Ring,4.939999999999e-05,2525.33,0.1248
2026-09-12T18:05:11Z,140,Summoner Silver Ring,4.84501e-05,2525.33,0.1224
2026-09-12T18:05:11Z,243,Golden Archon Ring,0.000786,2525.33,1.9849
2026-09-12T18:05:11Z,244,Golden Athena Ring,0.00076,2525.33,1.9193
2026-09-12T18:05:11Z,245,Golden Chobo Ring,0.00077,2525.33,1.9445
2026-09-12T18:05:11Z,246,Golden Crusader Ring,0.000778,2525.33,1.9647
2026-09-12T18:05:11Z,247,Golden Foxglove Ring,0.000718,2525.33,1.8132
2026-09-12T18:05:11Z,248,Golden Overseer Ring,0.000787,2525.33,1.9874
2026-09-12T18:05:11Z,249,Golden Summoner Ring,0.000768,2525.33,1.9395
2026-09-12T18:30:02Z,134,Chobo Silver Ring,4.8039999e-05,2526.03,0.1214
2026-09-12T18:30:02Z,135,Crusader Silver Ring,6.1999879e-05,2526.03,0.1566
2026-09-12T18:30:02Z,136,Overseer Silver Ring,4.878999998e-05,2526.03,0.1232
2026-09-12T18:30:02Z,137,Athena Silver Ring,4.8179e-05,2526.03,0.1217
2026-09-12T18:30:02Z,138,Archon Silver Ring,5.04299e-05,2526.03,0.1274
2026-09-12T18:30:02Z,139,Foxglove Silver Ring,4.939e-05,2526.03,0.1248
2026-09-12T18:30:02Z,140,Summoner Silver Ring,4.84501e-05,2526.03,0.1224
2026-09-12T18:30:02Z,243,Golden Archon Ring,0.00078599,2526.03,1.9854
2026-09-12T18:30:02Z,244,Golden Athena Ring,0.0007599,2526.03,1.9195
2026-09-12T18:30:02Z,245,Golden Chobo Ring,0.00077,2526.03,1.945
2026-09-12T18:30:02Z,246,Golden Crusader Ring,0.000778,2526.03,1.9653
2026-09-12T18:30:02Z,247,Golden Foxglove Ring,0.00071799,2526.03,1.8137
2026-09-12T18:30:02Z,248,Golden Overseer Ring,0.000787,2526.03,1.988
2026-09-12T18:30:02Z,249,Golden Summoner Ring,0.000768,2526.03,1.94
2026-09-12T19:00:02Z,134,Chobo Silver Ring,4.8039999e-05,2521.47,0.1211
2026-09-12T19:00:02Z,135,Crusader Silver Ring,6.199987901e-05,2521.47,0.1563
2026-09-12T19:00:02Z,136,Overseer Silver Ring,4.878999998e-05,2521.47,0.123
2026-09-12T19:00:02Z,137,Athena Silver Ring,4.8179e-05,2521.47,0.1215
2026-09-12T19:00:02Z,138,Archon Silver Ring,5.04299e-05,2521.47,0.1272
2026-09-12T19:00:02Z,139,Foxglove Silver Ring,4.939e-05,2521.47,0.1245
2026-09-12T19:00:02Z,140,Summoner Silver Ring,4.84501e-05,2521.47,0.1222
2026-09-12T19:00:02Z,243,Golden Archon Ring,0.00078599,2521.47,1.9819
2026-09-12T19:00:02Z,244,Golden Athena Ring,0.0007599,2521.47,1.9161
2026-09-12T19:00:02Z,245,Golden Chobo Ring,0.00077,2521.47,1.9415
2026-09-12T19:00:02Z,246,Golden Crusader Ring,0.000778,2521.47,1.9617
2026-09-12T19:00:02Z,247,Golden Foxglove Ring,0.00071799,2521.47,1.8104
2026-09-12T19:00:02Z,248,Golden Overseer Ring,0.00078699999,2521.47,1.9844
2026-09-12T19:00:02Z,249,Golden Summoner Ring,0.000768,2521.47,1.9365
2026-09-12T19:30:02Z,134,Chobo Silver Ring,4.7e-05,2520.97,0.1185
2026-09-12T19:30:02Z,135,Crusader Silver Ring,6.199987901e-05,2520.97,0.1563
2026-09-12T19:30:02Z,136,Overseer Silver Ring,4.878999998e-05,2520.97,0.123
2026-09-12T19:30:02Z,137,Athena Silver Ring,4.8179e-05,2520.97,0.1215
2026-09-12T19:30:02Z,138,Archon Silver Ring,5.04299e-05,2520.97,0.1271
2026-09-12T19:30:02Z,139,Foxglove Silver Ring,4.94e-05,2520.97,0.1245
2026-09-12T19:30:02Z,140,Summoner Silver Ring,4.84501e-05,2520.97,0.1221
2026-09-12T19:30:02Z,243,Golden Archon Ring,0.000785,2520.97,1.979
2026-09-12T19:30:02Z,244,Golden Athena Ring,0.0007599,2520.97,1.9157
2026-09-12T19:30:02Z,245,Golden Chobo Ring,0.00073,2520.97,1.8403
2026-09-12T19:30:02Z,246,Golden Crusader Ring,0.000775,2520.97,1.9538
2026-09-12T19:30:02Z,247,Golden Foxglove Ring,0.0007175,2520.97,1.8088
2026-09-12T19:30:02Z,248,Golden Overseer Ring,0.000785,2520.97,1.979
2026-09-12T19:30:02Z,249,Golden Summoner Ring,0.000767,2520.97,1.9336
2026-09-12T20:00:02Z,134,Chobo Silver Ring,4.7e-05,2519.37,0.1184
2026-09-12T20:00:02Z,135,Crusader Silver Ring,6.199987901e-05,2519.37,0.1562
2026-09-12T20:00:02Z,136,Overseer Silver Ring,4.878999998e-05,2519.37,0.1229
2026-09-12T20:00:02Z,137,Athena Silver Ring,4.8179e-05,2519.37,0.1214
2026-09-12T20:00:02Z,138,Archon Silver Ring,5.044e-05,2519.37,0.1271
2026-09-12T20:00:02Z,139,Foxglove Silver Ring,4.944999988e-05,2519.37,0.1246
2026-09-12T20:00:02Z,140,Summoner Silver Ring,4.84501e-05,2519.37,0.1221
2026-09-12T20:00:02Z,243,Golden Archon Ring,0.000785,2519.37,1.9777
2026-09-12T20:00:02Z,244,Golden Athena Ring,0.0007599,2519.37,1.9145
2026-09-12T20:00:02Z,245,Golden Chobo Ring,0.000729,2519.37,1.8366
2026-09-12T20:00:02Z,246,Golden Crusader Ring,0.000775,2519.37,1.9525
2026-09-12T20:00:02Z,247,Golden Foxglove Ring,0.0007175,2519.37,1.8076
2026-09-12T20:00:02Z,248,Golden Overseer Ring,0.0007849,2519.37,1.9775
2026-09-12T20:00:02Z,249,Golden Summoner Ring,0.000767,2519.37,1.9324
2026-09-12T20:30:02Z,134,Chobo Silver Ring,4.7e-05,2522.51,0.1186
2026-09-12T20:30:02Z,135,Crusader Silver Ring,6.199987901e-05,2522.51,0.1564
2026-09-12T20:30:02Z,136,Overseer Silver Ring,4.878999998e-05,2522.51,0.1231
2026-09-12T20:30:02Z,137,Athena Silver Ring,4.82399999e-05,2522.51,0.1217
2026-09-12T20:30:02Z,138,Archon Silver Ring,5.044e-05,2522.51,0.1272
2026-09-12T20:30:02Z,139,Foxglove Silver Ring,4.944999988e-05,2522.51,0.1247
2026-09-12T20:30:02Z,140,Summoner Silver Ring,4.84501e-05,2522.51,0.1222
2026-09-12T20:30:02Z,243,Golden Archon Ring,0.0007845,2522.51,1.9789
2026-09-12T20:30:02Z,244,Golden Athena Ring,0.0007599,2522.51,1.9169
2026-09-12T20:30:02Z,245,Golden Chobo Ring,0.000729,2522.51,1.8389
2026-09-12T20:30:02Z,246,Golden Crusader Ring,0.0007749,2522.51,1.9547
2026-09-12T20:30:02Z,247,Golden Foxglove Ring,0.0007175,2522.51,1.8099
2026-09-12T20:30:02Z,248,Golden Overseer Ring,0.00078489,2522.51,1.9799
2026-09-12T20:30:02Z,249,Golden Summoner Ring,0.000767,2522.51,1.9348
2026-09-12T21:00:02Z,134,Chobo Silver Ring,4.7e-05,2520.45,0.1185
2026-09-12T21:00:02Z,135,Crusader Silver Ring,6.199987901e-05,2520.45,0.1563
2026-09-12T21:00:02Z,136,Overseer Silver Ring,4.878999998e-05,2520.45,0.123
2026-09-12T21:00:02Z,137,Athena Silver Ring,4.82399999e-05,2520.45,0.1216
2026-09-12T21:00:02Z,138,Archon Silver Ring,5.044e-05,2520.45,0.1271
2026-09-12T21:00:02Z,139,Foxglove Silver Ring,4.944999988e-05,2520.45,0.1246
2026-09-12T21:00:02Z,140,Summoner Silver Ring,4.84501e-05,2520.45,0.1221
2026-09-12T21:00:02Z,243,Golden Archon Ring,0.0007845,2520.45,1.9773
2026-09-12T21:00:02Z,244,Golden Athena Ring,0.0007599,2520.45,1.9153
2026-09-12T21:00:02Z,245,Golden Chobo Ring,0.000729,2520.45,1.8374
2026-09-12T21:00:02Z,246,Golden Crusader Ring,0.0007749,2520.45,1.9531
2026-09-12T21:00:02Z,247,Golden Foxglove Ring,0.0007175,2520.45,1.8084
2026-09-12T21:00:02Z,248,Golden Overseer Ring,0.00078489,2520.45,1.9783
2026-09-12T21:00:02Z,249,Golden Summoner Ring,0.000767,2520.45,1.9332
2026-09-12T21:30:02Z,134,Chobo Silver Ring,4.7e-05,2524.27,0.1186
2026-09-12T21:30:02Z,135,Crusader Silver Ring,6.199987901e-05,2524.27,0.1565
2026-09-12T21:30:02Z,136,Overseer Silver Ring,4.878999998e-05,2524.27,0.1232
2026-09-12T21:30:02Z,137,Athena Silver Ring,4.824e-05,2524.27,0.1218
2026-09-12T21:30:02Z,138,Archon Silver Ring,5.0439999e-05,2524.27,0.1273
2026-09-12T21:30:02Z,139,Foxglove Silver Ring,4.93e-05,2524.27,0.1244
2026-09-12T21:30:02Z,140,Summoner Silver Ring,4.8399e-05,2524.27,0.1222
2026-09-12T21:30:02Z,243,Golden Archon Ring,0.0007845,2524.27,1.9803
2026-09-12T21:30:02Z,244,Golden Athena Ring,0.0007599,2524.27,1.9182
2026-09-12T21:30:02Z,245,Golden Chobo Ring,0.000729,2524.27,1.8402
2026-09-12T21:30:02Z,246,Golden Crusader Ring,0.0007749,2524.27,1.9561
2026-09-12T21:30:02Z,247,Golden Foxglove Ring,0.0007175,2524.27,1.8112
2026-09-12T21:30:02Z,248,Golden Overseer Ring,0.00078488,2524.27,1.9812
2026-09-12T21:30:02Z,249,Golden Summoner Ring,0.000767,2524.27,1.9361
2026-09-12T22:00:02Z,134,Chobo Silver Ring,4.694e-05,2525.23,0.1185
2026-09-12T22:00:02Z,135,Crusader Silver Ring,6.199987901e-05,2525.23,0.1566
2026-09-12T22:00:02Z,136,Overseer Silver Ring,4.879e-05,2525.23,0.1232
2026-09-12T22:00:02Z,137,Athena Silver Ring,4.824e-05,2525.23,0.1218
2026-09-12T22:00:02Z,138,Archon Silver Ring,5.038e-05,2525.23,0.1272
2026-09-12T22:00:02Z,139,Foxglove Silver Ring,4.93e-05,2525.23,0.1245
2026-09-12T22:00:02Z,140,Summoner Silver Ring,4.8399e-05,2525.23,0.1222
2026-09-12T22:00:02Z,243,Golden Archon Ring,0.0007845,2525.23,1.981
2026-09-12T22:00:02Z,244,Golden Athena Ring,0.0007599,2525.23,1.9189
2026-09-12T22:00:02Z,245,Golden Chobo Ring,0.0007,2525.23,1.7677
2026-09-12T22:00:02Z,246,Golden Crusader Ring,0.0007,2525.23,1.7677
2026-09-12T22:00:02Z,247,Golden Foxglove Ring,0.0007175,2525.23,1.8119
2026-09-12T22:00:02Z,248,Golden Overseer Ring,0.00078488,2525.23,1.982
2026-09-12T22:00:02Z,249,Golden Summoner Ring,0.000767,2525.23,1.9369
2026-09-12T22:30:02Z,134,Chobo Silver Ring,4.694e-05,2524.1,0.1185
2026-09-12T22:30:02Z,135,Crusader Silver Ring,6.199987901e-05,2524.1,0.1565
2026-09-12T22:30:02Z,136,Overseer Silver Ring,4.879e-05,2524.1,0.1232
2026-09-12T22:30:02Z,137,Athena Silver Ring,4.824e-05,2524.1,0.1218
2026-09-12T22:30:02Z,138,Archon Silver Ring,5.038e-05,2524.1,0.1272
2026-09-12T22:30:02Z,139,Foxglove Silver Ring,4.929e-05,2524.1,0.1244
2026-09-12T22:30:02Z,140,Summoner Silver Ring,4.84501e-05,2524.1,0.1223
2026-09-12T22:30:02Z,243,Golden Archon Ring,0.0007,2524.1,1.7669
2026-09-12T22:30:02Z,244,Golden Athena Ring,0.0007,2524.1,1.7669
2026-09-12T22:30:02Z,245,Golden Chobo Ring,0.0007,2524.1,1.7669
2026-09-12T22:30:02Z,246,Golden Crusader Ring,0.0007,2524.1,1.7669
2026-09-12T22:30:02Z,247,Golden Foxglove Ring,0.0007,2524.1,1.7669
2026-09-12T22:30:02Z,248,Golden Overseer Ring,0.0007,2524.1,1.7669
2026-09-12T22:30:02Z,249,Golden Summoner Ring,0.000767,2524.1,1.936
2026-09-12T23:00:02Z,134,Chobo Silver Ring,4.694e-05,2522.38,0.1184
2026-09-12T23:00:02Z,135,Crusader Silver Ring,6.199987901e-05,2522.38,0.1564
2026-09-12T23:00:02Z,136,Overseer Silver Ring,4.879e-05,2522.38,0.1231
2026-09-12T23:00:02Z,137,Athena Silver Ring,4.824e-05,2522.38,0.1217
2026-09-12T23:00:02Z,138,Archon Silver Ring,5.038e-05,2522.38,0.1271
2026-09-12T23:00:02Z,139,Foxglove Silver Ring,4.929e-05,2522.38,0.1243
2026-09-12T23:00:02Z,140,Summoner Silver Ring,4.846e-05,2522.38,0.1222
2026-09-12T23:00:02Z,243,Golden Archon Ring,0.0007845,2522.38,1.9788
2026-09-12T23:00:02Z,244,Golden Athena Ring,0.00077099,2522.38,1.9447
2026-09-12T23:00:02Z,245,Golden Chobo Ring,0.000729,2522.38,1.8388
2026-09-12T23:00:02Z,246,Golden Crusader Ring,0.0007749,2522.38,1.9546
2026-09-12T23:00:02Z,247,Golden Foxglove Ring,0.0007175,2522.38,1.8098
2026-09-12T23:00:02Z,248,Golden Overseer Ring,0.00078488,2522.38,1.9798
2026-09-12T23:00:02Z,249,Golden Summoner Ring,0.000767,2522.38,1.9347
2026-09-12T23:30:02Z,134,Chobo Silver Ring,4.694e-05,2524.27,0.1185
2026-09-12T23:30:02Z,135,Crusader Silver Ring,6.199987901e-05,2524.27,0.1565
2026-09-12T23:30:02Z,136,Overseer Silver Ring,4.879e-05,2524.27,0.1232
2026-09-12T23:30:02Z,137,Athena Silver Ring,4.824e-05,2524.27,0.1218
2026-09-12T23:30:02Z,138,Archon Silver Ring,5.038e-05,2524.27,0.1272
2026-09-12T23:30:02Z,139,Foxglove Silver Ring,4.929e-05,2524.27,0.1244
2026-09-12T23:30:02Z,140,Summoner Silver Ring,4.846e-05,2524.27,0.1223
2026-09-12T23:30:02Z,243,Golden Archon Ring,0.0007845,2524.27,1.9803
2026-09-12T23:30:02Z,244,Golden Athena Ring,0.00077099,2524.27,1.9462
2026-09-12T23:30:02Z,245,Golden Chobo Ring,0.000729,2524.27,1.8402
2026-09-12T23:30:02Z,246,Golden Crusader Ring,0.0007749,2524.27,1.9561
2026-09-12T23:30:02Z,247,Golden Foxglove Ring,0.0007175,2524.27,1.8112
2026-09-12T23:30:02Z,248,Golden Overseer Ring,0.00078488,2524.27,1.9812
2026-09-12T23:30:02Z,249,Golden Summoner Ring,0.000767,2524.27,1.9361
2026-09-13T00:00:02Z,134,Chobo Silver Ring,4.694e-05,2526.43,0.1186
2026-09-13T00:00:02Z,135,Crusader Silver Ring,6.199987901e-05,2526.43,0.1566
2026-09-13T00:00:02Z,136,Overseer Silver Ring,4.879e-05,2526.43,0.1233
2026-09-13T00:00:02Z,137,Athena Silver Ring,4.824e-05,2526.43,0.1219
2026-09-13T00:00:02Z,138,Archon Silver Ring,5.038e-05,2526.43,0.1273
2026-09-13T00:00:02Z,139,Foxglove Silver Ring,4.929e-05,2526.43,0.1245
2026-09-13T00:00:02Z,140,Summoner Silver Ring,4.846e-05,2526.43,0.1224
2026-09-13T00:00:02Z,243,Golden Archon Ring,0.0007845,2526.43,1.982
2026-09-13T00:00:02Z,244,Golden Athena Ring,0.00077099,2526.43,1.9479
2026-09-13T00:00:02Z,245,Golden Chobo Ring,0.000729,2526.43,1.8418
2026-09-13T00:00:02Z,246,Golden Crusader Ring,0.0007749,2526.43,1.9577
2026-09-13T00:00:02Z,247,Golden Foxglove Ring,0.0007175,2526.43,1.8127
2026-09-13T00:00:02Z,248,Golden Overseer Ring,0.00078488,2526.43,1.9829
2026-09-13T00:00:02Z,249,Golden Summoner Ring,0.000767,2526.43,1.9378
2026-09-13T00:30:02Z,134,Chobo Silver Ring,4.694e-05,2525.87,0.1186
2026-09-13T00:30:02Z,135,Crusader Silver Ring,6.199987901e-05,2525.87,0.1566
2026-09-13T00:30:02Z,136,Overseer Silver Ring,4.879e-05,2525.87,0.1232
2026-09-13T00:30:02Z,137,Athena Silver Ring,4.824e-05,2525.87,0.1218
2026-09-13T00:30:02Z,138,Archon Silver Ring,5.038e-05,2525.87,0.1273
2026-09-13T00:30:02Z,139,Foxglove Silver Ring,4.929e-05,2525.87,0.1245
2026-09-13T00:30:02Z,140,Summoner Silver Ring,4.846e-05,2525.87,0.1224
2026-09-13T00:30:02Z,243,Golden Archon Ring,0.0007845,2525.87,1.9815
2026-09-13T00:30:02Z,244,Golden Athena Ring,0.00077099,2525.87,1.9474
2026-09-13T00:30:02Z,245,Golden Chobo Ring,0.000729,2525.87,1.8414
2026-09-13T00:30:02Z,246,Golden Crusader Ring,0.0007749,2525.87,1.9573
2026-09-13T00:30:02Z,247,Golden Foxglove Ring,0.0007175,2525.87,1.8123
2026-09-13T00:30:02Z,248,Golden Overseer Ring,0.00078488,2525.87,1.9825
2026-09-13T00:30:02Z,249,Golden Summoner Ring,0.000767,2525.87,1.9373
2026-09-13T01:00:02Z,134,Chobo Silver Ring,4.693999999999e-05,2524.42,0.1185
2026-09-13T01:00:02Z,135,Crusader Silver Ring,6.1999879e-05,2524.42,0.1565
2026-09-13T01:00:02Z,136,Overseer Silver Ring,4.878999999e-05,2524.42,0.1232
2026-09-13T01:00:02Z,137,Athena Silver Ring,4.8239999999e-05,2524.42,0.1218
2026-09-13T01:00:02Z,138,Archon Silver Ring,5.03799999999e-05,2524.42,0.1272
2026-09-13T01:00:02Z,139,Foxglove Silver Ring,4.928999999e-05,2524.42,0.1244
2026-09-13T01:00:02Z,140,Summoner Silver Ring,4.84599999999e-05,2524.42,0.1223
2026-09-13T01:00:02Z,243,Golden Archon Ring,0.0007845,2524.42,1.9804
2026-09-13T01:00:02Z,244,Golden Athena Ring,0.00077099,2524.42,1.9463
2026-09-13T01:00:02Z,245,Golden Chobo Ring,0.000729,2524.42,1.8403
2026-09-13T01:00:02Z,246,Golden Crusader Ring,0.0007749,2524.42,1.9562
2026-09-13T01:00:02Z,247,Golden Foxglove Ring,0.0007175,2524.42,1.8113
2026-09-13T01:00:02Z,248,Golden Overseer Ring,0.00078488,2524.42,1.9814
2026-09-13T01:00:02Z,249,Golden Summoner Ring,0.000767,2524.42,1.9362
2026-09-13T01:30:02Z,134,Chobo Silver Ring,4.693999999999e-05,2525.26,0.1185
2026-09-13T01:30:02Z,135,Crusader Silver Ring,6.192999e-05,2525.26,0.1564
2026-09-13T01:30:02Z,136,Overseer Silver Ring,4.87899999899e-05,2525.26,0.1232
2026-09-13T01:30:02Z,137,Athena Silver Ring,4.8239999998e-05,2525.26,0.1218
2026-09-13T01:30:02Z,138,Archon Silver Ring,5.03799999999e-05,2525.26,0.1272
2026-09-13T01:30:02Z,139,Foxglove Silver Ring,4.928999999e-05,2525.26,0.1245
2026-09-13T01:30:02Z,140,Summoner Silver Ring,4.84599999999e-05,2525.26,0.1224
2026-09-13T01:30:02Z,243,Golden Archon Ring,0.00078449,2525.26,1.981
2026-09-13T01:30:02Z,244,Golden Athena Ring,0.00077099,2525.26,1.947
2026-09-13T01:30:02Z,245,Golden Chobo Ring,0.000729,2525.26,1.8409
2026-09-13T01:30:02Z,246,Golden Crusader Ring,0.0007749,2525.26,1.9568
2026-09-13T01:30:02Z,247,Golden Foxglove Ring,0.000717499,2525.26,1.8119
2026-09-13T01:30:02Z,248,Golden Overseer Ring,0.00078488,2525.26,1.982
2026-09-13T01:30:02Z,249,Golden Summoner Ring,0.000767,2525.26,1.9369
2026-09-13T02:00:02Z,134,Chobo Silver Ring,4.693999999997e-05,2524.22,0.1185
2026-09-13T02:00:02Z,135,Crusader Silver Ring,6.19299889999e-05,2524.22,0.1563
2026-09-13T02:00:02Z,136,Overseer Silver Ring,4.87899999898e-05,2524.22,0.1232
2026-09-13T02:00:02Z,137,Athena Silver Ring,4.8239999996e-05,2524.22,0.1218
2026-09-13T02:00:02Z,138,Archon Silver Ring,5.03799999999e-05,2524.22,0.1272
2026-09-13T02:00:02Z,139,Foxglove Silver Ring,4.928999999e-05,2524.22,0.1244
2026-09-13T02:00:02Z,140,Summoner Silver Ring,4.845999999989e-05,2524.22,0.1223
2026-09-13T02:00:02Z,243,Golden Archon Ring,0.00078449,2524.22,1.9802
2026-09-13T02:00:02Z,244,Golden Athena Ring,0.00077099,2524.22,1.9461
2026-09-13T02:00:02Z,245,Golden Chobo Ring,0.000729,2524.22,1.8402
2026-09-13T02:00:02Z,246,Golden Crusader Ring,0.0007749,2524.22,1.956
2026-09-13T02:00:02Z,247,Golden Foxglove Ring,0.000717499,2524.22,1.8111
2026-09-13T02:00:02Z,248,Golden Overseer Ring,0.00078488,2524.22,1.9812
2026-09-13T02:00:02Z,249,Golden Summoner Ring,0.000767,2524.22,1.9361
2026-09-13T02:30:02Z,134,Chobo Silver Ring,4.693999999997e-05,2521.39,0.1184
2026-09-13T02:30:02Z,135,Crusader Silver Ring,6.19299889999e-05,2521.39,0.1561
2026-09-13T02:30:02Z,136,Overseer Silver Ring,4.87899999898e-05,2521.39,0.123
2026-09-13T02:30:02Z,137,Athena Silver Ring,4.8239999996e-05,2521.39,0.1216
2026-09-13T02:30:02Z,138,Archon Silver Ring,5.03799999999e-05,2521.39,0.127
2026-09-13T02:30:02Z,139,Foxglove Silver Ring,4.928999999e-05,2521.39,0.1243
2026-09-13T02:30:02Z,140,Summoner Silver Ring,4.845999999989e-05,2521.39,0.1222
2026-09-13T02:30:02Z,243,Golden Archon Ring,0.00078449,2521.39,1.978
2026-09-13T02:30:02Z,244,Golden Athena Ring,0.00077099,2521.39,1.944
2026-09-13T02:30:02Z,245,Golden Chobo Ring,0.000729,2521.39,1.8381
2026-09-13T02:30:02Z,246,Golden Crusader Ring,0.0007749,2521.39,1.9538
2026-09-13T02:30:02Z,247,Golden Foxglove Ring,0.000717499,2521.39,1.8091
2026-09-13T02:30:02Z,248,Golden Overseer Ring,0.00078488,2521.39,1.979
2026-09-13T02:30:02Z,249,Golden Summoner Ring,0.000767,2521.39,1.9339
2026-09-13T03:00:02Z,134,Chobo Silver Ring,4.693999999997e-05,2522.38,0.1184
2026-09-13T03:00:02Z,135,Crusader Silver Ring,6.19299889999e-05,2522.38,0.1562
2026-09-13T03:00:02Z,136,Overseer Silver Ring,4.87899999898e-05,2522.38,0.1231
2026-09-13T03:00:02Z,137,Athena Silver Ring,4.8239999996e-05,2522.38,0.1217
2026-09-13T03:00:02Z,138,Archon Silver Ring,5.03799999999e-05,2522.38,0.1271
2026-09-13T03:00:02Z,139,Foxglove Silver Ring,4.928999999e-05,2522.38,0.1243
2026-09-13T03:00:02Z,140,Summoner Silver Ring,4.845999999999e-05,2522.38,0.1222
2026-09-13T03:00:02Z,243,Golden Archon Ring,0.00078449,2522.38,1.9788
2026-09-13T03:00:02Z,244,Golden Athena Ring,0.00077099,2522.38,1.9447
2026-09-13T03:00:02Z,245,Golden Chobo Ring,0.00077,2522.38,1.9422
2026-09-13T03:00:02Z,246,Golden Crusader Ring,0.0007749,2522.38,1.9546
2026-09-13T03:00:02Z,247,Golden Foxglove Ring,0.000717499,2522.38,1.8098
2026-09-13T03:00:02Z,248,Golden Overseer Ring,0.00078488,2522.38,1.9798
2026-09-13T03:00:02Z,249,Golden Summoner Ring,0.000767,2522.38,1.9347
2026-09-13T03:30:02Z,134,Chobo Silver Ring,4.693999999997e-05,2520.76,0.1183
2026-09-13T03:30:02Z,135,Crusader Silver Ring,6.19299889999e-05,2520.76,0.1561
2026-09-13T03:30:02Z,136,Overseer Silver Ring,4.87899999898e-05,2520.76,0.123
2026-09-13T03:30:02Z,137,Athena Silver Ring,4.8239999996e-05,2520.76,0.1216
2026-09-13T03:30:02Z,138,Archon Silver Ring,5.03799999999e-05,2520.76,0.127
2026-09-13T03:30:02Z,139,Foxglove Silver Ring,4.928999999e-05,2520.76,0.1242
2026-09-13T03:30:02Z,140,Summoner Silver Ring,4.845999999999e-05,2520.76,0.1222
2026-09-13T03:30:02Z,243,Golden Archon Ring,0.00075,2520.76,1.8906
2026-09-13T03:30:02Z,244,Golden Athena Ring,0.00077099,2520.76,1.9435
2026-09-13T03:30:02Z,245,Golden Chobo Ring,0.00077,2520.76,1.941
2026-09-13T03:30:02Z,246,Golden Crusader Ring,0.00075,2520.76,1.8906
2026-09-13T03:30:02Z,247,Golden Foxglove Ring,0.000717499,2520.76,1.8086
2026-09-13T03:30:02Z,248,Golden Overseer Ring,0.00075,2520.76,1.8906
2026-09-13T03:30:02Z,249,Golden Summoner Ring,0.000767,2520.76,1.9334
2026-09-13T04:00:02Z,134,Chobo Silver Ring,4.693999999997e-05,2520.97,0.1183
2026-09-13T04:00:02Z,135,Crusader Silver Ring,6.19299889999e-05,2520.97,0.1561
2026-09-13T04:00:02Z,136,Overseer Silver Ring,4.87899999898e-05,2520.97,0.123
2026-09-13T04:00:02Z,137,Athena Silver Ring,4.8239999996e-05,2520.97,0.1216
2026-09-13T04:00:02Z,138,Archon Silver Ring,5.03799999999e-05,2520.97,0.127
2026-09-13T04:00:02Z,139,Foxglove Silver Ring,4.928999999e-05,2520.97,0.1243
2026-09-13T04:00:02Z,140,Summoner Silver Ring,4.845999999999e-05,2520.97,0.1222
2026-09-13T04:00:02Z,243,Golden Archon Ring,0.00075,2520.97,1.8907
2026-09-13T04:00:02Z,244,Golden Athena Ring,0.0007,2520.97,1.7647
2026-09-13T04:00:02Z,245,Golden Chobo Ring,0.0007,2520.97,1.7647
2026-09-13T04:00:02Z,246,Golden Crusader Ring,0.00075,2520.97,1.8907
2026-09-13T04:00:02Z,247,Golden Foxglove Ring,0.00065,2520.97,1.6386
2026-09-13T04:00:02Z,248,Golden Overseer Ring,0.00075,2520.97,1.8907
2026-09-13T04:00:02Z,249,Golden Summoner Ring,0.0007,2520.97,1.7647
2026-09-13T04:30:02Z,134,Chobo Silver Ring,4.693999999997e-05,2522.97,0.1184
2026-09-13T04:30:02Z,135,Crusader Silver Ring,6.19299889999e-05,2522.97,0.1562
2026-09-13T04:30:02Z,136,Overseer Silver Ring,4.87899999898e-05,2522.97,0.1231
2026-09-13T04:30:02Z,137,Athena Silver Ring,4.8239999996e-05,2522.97,0.1217
2026-09-13T04:30:02Z,138,Archon Silver Ring,5.03799999999e-05,2522.97,0.1271
2026-09-13T04:30:02Z,139,Foxglove Silver Ring,4.928999999e-05,2522.97,0.1244
2026-09-13T04:30:02Z,140,Summoner Silver Ring,4.845999999999e-05,2522.97,0.1223
2026-09-13T04:30:02Z,243,Golden Archon Ring,0.00075,2522.97,1.8922
2026-09-13T04:30:02Z,244,Golden Athena Ring,0.0007,2522.97,1.7661
2026-09-13T04:30:02Z,245,Golden Chobo Ring,0.0007,2522.97,1.7661
2026-09-13T04:30:02Z,246,Golden Crusader Ring,0.00075,2522.97,1.8922
2026-09-13T04:30:02Z,247,Golden Foxglove Ring,0.00065,2522.97,1.6399
2026-09-13T04:30:02Z,248,Golden Overseer Ring,0.00075,2522.97,1.8922
2026-09-13T04:30:02Z,249,Golden Summoner Ring,0.0007,2522.97,1.7661
2026-09-13T05:00:02Z,134,Chobo Silver Ring,4.693999999997e-05,2520.3,0.1183
2026-09-13T05:00:02Z,135,Crusader Silver Ring,6.19299889999e-05,2520.3,0.1561
2026-09-13T05:00:02Z,136,Overseer Silver Ring,4.87899999898e-05,2520.3,0.123
2026-09-13T05:00:02Z,137,Athena Silver Ring,4.8239999996e-05,2520.3,0.1216
2026-09-13T05:00:02Z,138,Archon Silver Ring,5.03799999999e-05,2520.3,0.127
2026-09-13T05:00:02Z,139,Foxglove Silver Ring,4.928999999e-05,2520.3,0.1242
2026-09-13T05:00:02Z,140,Summoner Silver Ring,4.845999999999e-05,2520.3,0.1221
2026-09-13T05:00:02Z,243,Golden Archon Ring,0.00075,2520.3,1.8902
2026-09-13T05:00:02Z,244,Golden Athena Ring,0.0007,2520.3,1.7642
2026-09-13T05:00:02Z,245,Golden Chobo Ring,0.0007,2520.3,1.7642
2026-09-13T05:00:02Z,246,Golden Crusader Ring,0.00075,2520.3,1.8902
2026-09-13T05:00:02Z,247,Golden Foxglove Ring,0.00065,2520.3,1.6382
2026-09-13T05:00:02Z,248,Golden Overseer Ring,0.00075,2520.3,1.8902
2026-09-13T05:00:02Z,249,Golden Summoner Ring,0.0007,2520.3,1.7642
2026-09-13T05:30:02Z,134,Chobo Silver Ring,4.693999999997e-05,2520.73,0.1183
2026-09-13T05:30:02Z,135,Crusader Silver Ring,6.19299889999e-05,2520.73,0.1561
2026-09-13T05:30:02Z,136,Overseer Silver Ring,4.87899999898e-05,2520.73,0.123
2026-09-13T05:30:02Z,137,Athena Silver Ring,4.8239999996e-05,2520.73,0.1216
2026-09-13T05:30:02Z,138,Archon Silver Ring,5.03799999999e-05,2520.73,0.127
2026-09-13T05:30:02Z,139,Foxglove Silver Ring,4.928999999e-05,2520.73,0.1242
2026-09-13T05:30:02Z,140,Summoner Silver Ring,4.845999999999e-05,2520.73,0.1222
2026-09-13T05:30:02Z,243,Golden Archon Ring,0.00075,2520.73,1.8905
2026-09-13T05:30:02Z,244,Golden Athena Ring,0.0007,2520.73,1.7645
2026-09-13T05:30:02Z,245,Golden Chobo Ring,0.0007,2520.73,1.7645
2026-09-13T05:30:02Z,246,Golden Crusader Ring,0.00075,2520.73,1.8905
2026-09-13T05:30:02Z,247,Golden Foxglove Ring,0.00065,2520.73,1.6385
2026-09-13T05:30:02Z,248,Golden Overseer Ring,0.00075,2520.73,1.8905
2026-09-13T05:30:02Z,249,Golden Summoner Ring,0.0007,2520.73,1.7645
2026-09-13T06:00:02Z,134,Chobo Silver Ring,4.693999999997e-05,2522.37,0.1184
2026-09-13T06:00:02Z,135,Crusader Silver Ring,6.19299889999e-05,2522.37,0.1562
2026-09-13T06:00:02Z,136,Overseer Silver Ring,4.87899999898e-05,2522.37,0.1231
2026-09-13T06:00:02Z,137,Athena Silver Ring,4.8239999996e-05,2522.37,0.1217
2026-09-13T06:00:02Z,138,Archon Silver Ring,5.03799999999e-05,2522.37,0.1271
2026-09-13T06:00:02Z,139,Foxglove Silver Ring,4.928999999e-05,2522.37,0.1243
2026-09-13T06:00:02Z,140,Summoner Silver Ring,4.845999999999e-05,2522.37,0.1222
2026-09-13T06:00:02Z,243,Golden Archon Ring,0.00075,2522.37,1.8918
2026-09-13T06:00:02Z,244,Golden Athena Ring,0.0007,2522.37,1.7657
2026-09-13T06:00:02Z,245,Golden Chobo Ring,0.0007,2522.37,1.7657
2026-09-13T06:00:02Z,246,Golden Crusader Ring,0.00075,2522.37,1.8918
2026-09-13T06:00:02Z,247,Golden Foxglove Ring,0.00065,2522.37,1.6395
2026-09-13T06:00:02Z,248,Golden Overseer Ring,0.00075,2522.37,1.8918
2026-09-13T06:00:02Z,249,Golden Summoner Ring,0.0007,2522.37,1.7657
2026-09-13T06:30:02Z,134,Chobo Silver Ring,4.693999999997e-05,2521.14,0.1183
2026-09-13T06:30:02Z,135,Crusader Silver Ring,6.19299889999e-05,2521.14,0.1561
2026-09-13T06:30:02Z,136,Overseer Silver Ring,4.87899999898e-05,2521.14,0.123
2026-09-13T06:30:02Z,137,Athena Silver Ring,4.8239999996e-05,2521.14,0.1216
2026-09-13T06:30:02Z,138,Archon Silver Ring,5.03799999999e-05,2521.14,0.127
2026-09-13T06:30:02Z,139,Foxglove Silver Ring,4.928999999e-05,2521.14,0.1243
2026-09-13T06:30:02Z,140,Summoner Silver Ring,4.845999999999e-05,2521.14,0.1222
2026-09-13T06:30:02Z,243,Golden Archon Ring,0.0007498,2521.14,1.8904
2026-09-13T06:30:02Z,244,Golden Athena Ring,0.0007,2521.14,1.7648
2026-09-13T06:30:02Z,245,Golden Chobo Ring,0.000699,2521.14,1.7623
2026-09-13T06:30:02Z,246,Golden Crusader Ring,0.00075,2521.14,1.8909
2026-09-13T06:30:02Z,247,Golden Foxglove Ring,0.00065,2521.14,1.6387
2026-09-13T06:30:02Z,248,Golden Overseer Ring,0.00075,2521.14,1.8909
2026-09-13T06:30:02Z,249,Golden Summoner Ring,0.0007,2521.14,1.7648
2026-09-13T07:00:05Z,134,Chobo Silver Ring,4.693999999997e-05,2511.08,0.1179
2026-09-13T07:00:05Z,135,Crusader Silver Ring,6.19299889999e-05,2511.08,0.1555
2026-09-13T07:00:05Z,136,Overseer Silver Ring,4.87899999898e-05,2511.08,0.1225
2026-09-13T07:00:05Z,137,Athena Silver Ring,4.8239999996e-05,2511.08,0.1211
2026-09-13T07:00:05Z,138,Archon Silver Ring,5.03799999999e-05,2511.08,0.1265
2026-09-13T07:00:05Z,139,Foxglove Silver Ring,4.928999999e-05,2511.08,0.1238
2026-09-13T07:00:05Z,140,Summoner Silver Ring,4.845999999999e-05,2511.08,0.1217
2026-09-13T07:00:05Z,243,Golden Archon Ring,0.0007498,2511.08,1.8828
2026-09-13T07:00:05Z,244,Golden Athena Ring,0.0007,2511.08,1.7578
2026-09-13T07:00:05Z,245,Golden Chobo Ring,0.000699,2511.08,1.7552
2026-09-13T07:00:05Z,246,Golden Crusader Ring,0.00075,2511.08,1.8833
2026-09-13T07:00:05Z,247,Golden Foxglove Ring,0.00065,2511.08,1.6322
2026-09-13T07:00:05Z,248,Golden Overseer Ring,0.00075,2511.08,1.8833
2026-09-13T07:00:05Z,249,Golden Summoner Ring,0.0007,2511.08,1.7578
2026-09-13T07:30:02Z,134,Chobo Silver Ring,4.693999999997e-05,2513.86,0.118
2026-09-13T07:30:02Z,135,Crusader Silver Ring,6.19299889999e-05,2513.86,0.1557
2026-09-13T07:30:02Z,136,Overseer Silver Ring,4.87899999898e-05,2513.86,0.1227
2026-09-13T07:30:02Z,137,Athena Silver Ring,4.8239999996e-05,2513.86,0.1213
2026-09-13T07:30:02Z,138,Archon Silver Ring,5.03799999999e-05,2513.86,0.1266
2026-09-13T07:30:02Z,139,Foxglove Silver Ring,4.928999999e-05,2513.86,0.1239
2026-09-13T07:30:02Z,140,Summoner Silver Ring,4.845999999999e-05,2513.86,0.1218
2026-09-13T07:30:02Z,243,Golden Archon Ring,0.0007498,2513.86,1.8849
2026-09-13T07:30:02Z,244,Golden Athena Ring,0.0007,2513.86,1.7597
2026-09-13T07:30:02Z,245,Golden Chobo Ring,0.000699,2513.86,1.7572
2026-09-13T07:30:02Z,246,Golden Crusader Ring,0.00075,2513.86,1.8854
2026-09-13T07:30:02Z,247,Golden Foxglove Ring,0.00065,2513.86,1.634
2026-09-13T07:30:02Z,248,Golden Overseer Ring,0.00075,2513.86,1.8854
2026-09-13T07:30:02Z,249,Golden Summoner Ring,0.0007,2513.86,1.7597
2026-09-13T08:00:02Z,134,Chobo Silver Ring,4.693999999997e-05,2517.04,0.1181
2026-09-13T08:00:02Z,135,Crusader Silver Ring,6.19299889999e-05,2517.04,0.1559
2026-09-13T08:00:02Z,136,Overseer Silver Ring,4.87899999898e-05,2517.04,0.1228
2026-09-13T08:00:02Z,137,Athena Silver Ring,4.8239999996e-05,2517.04,0.1214
2026-09-13T08:00:02Z,138,Archon Silver Ring,5.03799999999e-05,2517.04,0.1268
2026-09-13T08:00:02Z,139,Foxglove Silver Ring,4.928999999e-05,2517.04,0.1241
2026-09-13T08:00:02Z,140,Summoner Silver Ring,4.845999999999e-05,2517.04,0.122
2026-09-13T08:00:02Z,243,Golden Archon Ring,0.0007498,2517.04,1.8873
2026-09-13T08:00:02Z,244,Golden Athena Ring,0.0007,2517.04,1.7619
2026-09-13T08:00:02Z,245,Golden Chobo Ring,0.000699,2517.04,1.7594
2026-09-13T08:00:02Z,246,Golden Crusader Ring,0.00075,2517.04,1.8878
2026-09-13T08:00:02Z,247,Golden Foxglove Ring,0.00065,2517.04,1.6361
2026-09-13T08:00:02Z,248,Golden Overseer Ring,0.00075,2517.04,1.8878
2026-09-13T08:00:02Z,249,Golden Summoner Ring,0.0007,2517.04,1.7619
2026-09-13T08:30:02Z,134,Chobo Silver Ring,4.693999999997e-05,2510.21,0.1178
2026-09-13T08:30:02Z,135,Crusader Silver Ring,6.19299889999e-05,2510.21,0.1555
2026-09-13T08:30:02Z,136,Overseer Silver Ring,4.87899999898e-05,2510.21,0.1225
2026-09-13T08:30:02Z,137,Athena Silver Ring,4.8239999996e-05,2510.21,0.1211
2026-09-13T08:30:02Z,138,Archon Silver Ring,5.03799999999e-05,2510.21,0.1265
2026-09-13T08:30:02Z,139,Foxglove Silver Ring,4.928999999e-05,2510.21,0.1237
2026-09-13T08:30:02Z,140,Summoner Silver Ring,4.845999999999e-05,2510.21,0.1216
2026-09-13T08:30:02Z,243,Golden Archon Ring,0.0007498,2510.21,1.8822
2026-09-13T08:30:02Z,244,Golden Athena Ring,0.0007,2510.21,1.7571
2026-09-13T08:30:02Z,245,Golden Chobo Ring,0.000699,2510.21,1.7546
2026-09-13T08:30:02Z,246,Golden Crusader Ring,0.00075,2510.21,1.8827
2026-09-13T08:30:02Z,247,Golden Foxglove Ring,0.00065,2510.21,1.6316
2026-09-13T08:30:02Z,248,Golden Overseer Ring,0.00075,2510.21,1.8827
2026-09-13T08:30:02Z,249,Golden Summoner Ring,0.0007,2510.21,1.7571
2026-09-13T09:00:02Z,134,Chobo Silver Ring,4.693999999997e-05,2494.1,0.1171
2026-09-13T09:00:02Z,135,Crusader Silver Ring,6.19299889999e-05,2494.1,0.1545
2026-09-13T09:00:02Z,136,Overseer Silver Ring,4.878999998981e-05,2494.1,0.1217
2026-09-13T09:00:02Z,137,Athena Silver Ring,4.8239999996e-05,2494.1,0.1203
2026-09-13T09:00:02Z,138,Archon Silver Ring,5.03799999999e-05,2494.1,0.1257
2026-09-13T09:00:02Z,139,Foxglove Silver Ring,4.928999999e-05,2494.1,0.1229
2026-09-13T09:00:02Z,140,Summoner Silver Ring,4.845999999999e-05,2494.1,0.1209
2026-09-13T09:00:02Z,243,Golden Archon Ring,0.000576,2494.1,1.4366
2026-09-13T09:00:02Z,244,Golden Athena Ring,0.00082,2494.1,2.0452
2026-09-13T09:00:02Z,245,Golden Chobo Ring,0.000699,2494.1,1.7434
2026-09-13T09:00:02Z,246,Golden Crusader Ring,0.000576,2494.1,1.4366
2026-09-13T09:00:02Z,247,Golden Foxglove Ring,0.00065,2494.1,1.6212
2026-09-13T09:00:02Z,248,Golden Overseer Ring,0.00075,2494.1,1.8706
2026-09-13T09:00:02Z,249,Golden Summoner Ring,0.0007,2494.1,1.7459
2026-09-13T09:30:02Z,134,Chobo Silver Ring,4.693999999997e-05,2476.46,0.1162
2026-09-13T09:30:02Z,135,Crusader Silver Ring,6.19299889999e-05,2476.46,0.1534
2026-09-13T09:30:02Z,136,Overseer Silver Ring,4.878999998981e-05,2476.46,0.1208
2026-09-13T09:30:02Z,137,Athena Silver Ring,4.8239999996e-05,2476.46,0.1195
2026-09-13T09:30:02Z,138,Archon Silver Ring,5.03799999999e-05,2476.46,0.1248
2026-09-13T09:30:02Z,139,Foxglove Silver Ring,4.93e-05,2476.46,0.1221
2026-09-13T09:30:02Z,140,Summoner Silver Ring,4.845999999999e-05,2476.46,0.12
2026-09-13T09:30:02Z,243,Golden Archon Ring,0.000576,2476.46,1.4264
2026-09-13T09:30:02Z,244,Golden Athena Ring,0.00082,2476.46,2.0307
2026-09-13T09:30:02Z,245,Golden Chobo Ring,0.000699,2476.46,1.731
2026-09-13T09:30:02Z,246,Golden Crusader Ring,0.000576,2476.46,1.4264
2026-09-13T09:30:02Z,247,Golden Foxglove Ring,0.00065,2476.46,1.6097
2026-09-13T09:30:02Z,248,Golden Overseer Ring,0.00075,2476.46,1.8573
2026-09-13T09:30:02Z,249,Golden Summoner Ring,0.0007,2476.46,1.7335
2026-09-13T10:00:02Z,134,Chobo Silver Ring,4.693999999997e-05,2484.31,0.1166
2026-09-13T10:00:02Z,135,Crusader Silver Ring,6.19299889999e-05,2484.31,0.1539
2026-09-13T10:00:02Z,136,Overseer Silver Ring,4.878999998981e-05,2484.31,0.1212
2026-09-13T10:00:02Z,137,Athena Silver Ring,4.8239999996e-05,2484.31,0.1198
2026-09-13T10:00:02Z,138,Archon Silver Ring,5.03799999999e-05,2484.31,0.1252
2026-09-13T10:00:02Z,139,Foxglove Silver Ring,4.93e-05,2484.31,0.1225
2026-09-13T10:00:02Z,140,Summoner Silver Ring,4.845999999999e-05,2484.31,0.1204
2026-09-13T10:00:02Z,243,Golden Archon Ring,0.000576,2484.31,1.431
2026-09-13T10:00:02Z,244,Golden Athena Ring,0.00082,2484.31,2.0371
2026-09-13T10:00:02Z,245,Golden Chobo Ring,0.000699,2484.31,1.7365
2026-09-13T10:00:02Z,246,Golden Crusader Ring,0.000576,2484.31,1.431
2026-09-13T10:00:02Z,247,Golden Foxglove Ring,0.00065,2484.31,1.6148
2026-09-13T10:00:02Z,248,Golden Overseer Ring,0.00075,2484.31,1.8632
2026-09-13T10:00:02Z,249,Golden Summoner Ring,0.0007,2484.31,1.739
2026-09-13T10:30:01Z,134,Chobo Silver Ring,4.693999999997e-05,2479.31,0.1164
2026-09-13T10:30:01Z,135,Crusader Silver Ring,6.19299889999e-05,2479.31,0.1535
2026-09-13T10:30:01Z,136,Overseer Silver Ring,4.878999998981e-05,2479.31,0.121
2026-09-13T10:30:01Z,137,Athena Silver Ring,4.8239999996e-05,2479.31,0.1196
2026-09-13T10:30:01Z,138,Archon Silver Ring,5.03799999999e-05,2479.31,0.1249
2026-09-13T10:30:01Z,139,Foxglove Silver Ring,4.93e-05,2479.31,0.1222
2026-09-13T10:30:01Z,140,Summoner Silver Ring,4.845999999999e-05,2479.31,0.1201
2026-09-13T10:30:01Z,243,Golden Archon Ring,0.000576,2479.31,1.4281
2026-09-13T10:30:01Z,244,Golden Athena Ring,0.00082,2479.31,2.033
2026-09-13T10:30:01Z,245,Golden Chobo Ring,0.000699,2479.31,1.733
2026-09-13T10:30:01Z,246,Golden Crusader Ring,0.000576,2479.31,1.4281
2026-09-13T10:30:01Z,247,Golden Foxglove Ring,0.0006499,2479.31,1.6113
2026-09-13T10:30:01Z,248,Golden Overseer Ring,0.0007499,2479.31,1.8592
2026-09-13T10:30:01Z,249,Golden Summoner Ring,0.0007,2479.31,1.7355
2026-09-13T11:00:02Z,134,Chobo Silver Ring,4.693999999997e-05,2471.15,0.116
2026-09-13T11:00:02Z,135,Crusader Silver Ring,6.19299889999e-05,2471.15,0.153
2026-09-13T11:00:02Z,136,Overseer Silver Ring,4.878999998981e-05,2471.15,0.1206
2026-09-13T11:00:02Z,137,Athena Silver Ring,4.8239999996e-05,2471.15,0.1192
2026-09-13T11:00:02Z,138,Archon Silver Ring,4.6e-05,2471.15,0.1137
2026-09-13T11:00:02Z,139,Foxglove Silver Ring,4.93e-05,2471.15,0.1218
2026-09-13T11:00:02Z,140,Summoner Silver Ring,4.845999999999e-05,2471.15,0.1198
2026-09-13T11:00:02Z,243,Golden Archon Ring,0.000576,2471.15,1.4234
2026-09-13T11:00:02Z,244,Golden Athena Ring,0.00082,2471.15,2.0263
2026-09-13T11:00:02Z,245,Golden Chobo Ring,0.000699,2471.15,1.7273
2026-09-13T11:00:02Z,246,Golden Crusader Ring,0.000576,2471.15,1.4234
2026-09-13T11:00:02Z,247,Golden Foxglove Ring,0.0006499,2471.15,1.606
2026-09-13T11:00:02Z,248,Golden Overseer Ring,0.0007499,2471.15,1.8531
2026-09-13T11:00:02Z,249,Golden Summoner Ring,0.0007,2471.15,1.7298
2026-09-13T11:30:02Z,134,Chobo Silver Ring,4.693999999997e-05,2476,0.1162
2026-09-13T11:30:02Z,135,Crusader Silver Ring,6.19299889999e-05,2476,0.1533
2026-09-13T11:30:02Z,136,Overseer Silver Ring,4.5e-05,2476,0.1114
2026-09-13T11:30:02Z,137,Athena Silver Ring,4.5e-05,2476,0.1114
2026-09-13T11:30:02Z,138,Archon Silver Ring,4.6e-05,2476,0.1139
2026-09-13T11:30:02Z,139,Foxglove Silver Ring,4.93e-05,2476,0.1221
2026-09-13T11:30:02Z,140,Summoner Silver Ring,4.845999999999e-05,2476,0.12
2026-09-13T11:30:02Z,243,Golden Archon Ring,0.000576,2476,1.4262
2026-09-13T11:30:02Z,244,Golden Athena Ring,0.00082,2476,2.0303
2026-09-13T11:30:02Z,245,Golden Chobo Ring,0.000699,2476,1.7307
2026-09-13T11:30:02Z,246,Golden Crusader Ring,0.000576,2476,1.4262
2026-09-13T11:30:02Z,247,Golden Foxglove Ring,0.0006499,2476,1.6092
2026-09-13T11:30:02Z,248,Golden Overseer Ring,0.0007499,2476,1.8568
2026-09-13T11:30:02Z,249,Golden Summoner Ring,0.0007,2476,1.7332
2026-09-13T12:00:02Z,134,Chobo Silver Ring,4.693999999997e-05,2479.46,0.1164
2026-09-13T12:00:02Z,135,Crusader Silver Ring,6.19299889e-05,2479.46,0.1536
2026-09-13T12:00:02Z,136,Overseer Silver Ring,4.5e-05,2479.46,0.1116
2026-09-13T12:00:02Z,137,Athena Silver Ring,4.5e-05,2479.46,0.1116
2026-09-13T12:00:02Z,138,Archon Silver Ring,4.6e-05,2479.46,0.1141
2026-09-13T12:00:02Z,139,Foxglove Silver Ring,4.93e-05,2479.46,0.1222
2026-09-13T12:00:02Z,140,Summoner Silver Ring,4.845999999999e-05,2479.46,0.1202
2026-09-13T12:00:02Z,243,Golden Archon Ring,0.000576,2479.46,1.4282
2026-09-13T12:00:02Z,244,Golden Athena Ring,0.0006993,2479.46,1.7339
2026-09-13T12:00:02Z,245,Golden Chobo Ring,0.0006983,2479.46,1.7314
2026-09-13T12:00:02Z,246,Golden Crusader Ring,0.000576,2479.46,1.4282
2026-09-13T12:00:02Z,247,Golden Foxglove Ring,0.0006499,2479.46,1.6114
2026-09-13T12:00:02Z,248,Golden Overseer Ring,0.00074915,2479.46,1.8575
2026-09-13T12:00:02Z,249,Golden Summoner Ring,0.0006993,2479.46,1.7339
2026-09-13T12:30:02Z,134,Chobo Silver Ring,4e-05,2481.84,0.0993
2026-09-13T12:30:02Z,135,Crusader Silver Ring,6.19299888e-05,2481.84,0.1537
2026-09-13T12:30:02Z,136,Overseer Silver Ring,4.5e-05,2481.84,0.1117
2026-09-13T12:30:02Z,137,Athena Silver Ring,4.5e-05,2481.84,0.1117
2026-09-13T12:30:02Z,138,Archon Silver Ring,4.6e-05,2481.84,0.1142
2026-09-13T12:30:02Z,139,Foxglove Silver Ring,4.929999999e-05,2481.84,0.1224
2026-09-13T12:30:02Z,140,Summoner Silver Ring,4.4e-05,2481.84,0.1092
2026-09-13T12:30:02Z,243,Golden Archon Ring,0.000576,2481.84,1.4295
2026-09-13T12:30:02Z,244,Golden Athena Ring,0.0006993,2481.84,1.7356
2026-09-13T12:30:02Z,245,Golden Chobo Ring,0.0006983,2481.84,1.7331
2026-09-13T12:30:02Z,246,Golden Crusader Ring,0.000576,2481.84,1.4295
2026-09-13T12:30:02Z,247,Golden Foxglove Ring,0.0006499,2481.84,1.6129
2026-09-13T12:30:02Z,248,Golden Overseer Ring,0.00074915,2481.84,1.8593
2026-09-13T12:30:02Z,249,Golden Summoner Ring,0.0006993,2481.84,1.7356
2026-09-13T13:00:02Z,134,Chobo Silver Ring,4e-05,2477.17,0.0991
2026-09-13T13:00:02Z,135,Crusader Silver Ring,6.19299888e-05,2477.17,0.1534
2026-09-13T13:00:02Z,136,Overseer Silver Ring,4.4e-05,2477.17,0.109
2026-09-13T13:00:02Z,137,Athena Silver Ring,4.5e-05,2477.17,0.1115
2026-09-13T13:00:02Z,138,Archon Silver Ring,4.6e-05,2477.17,0.1139
2026-09-13T13:00:02Z,139,Foxglove Silver Ring,4.929999999e-05,2477.17,0.1221
2026-09-13T13:00:02Z,140,Summoner Silver Ring,4.4e-05,2477.17,0.109
2026-09-13T13:00:02Z,243,Golden Archon Ring,0.000576,2477.17,1.4268
2026-09-13T13:00:02Z,244,Golden Athena Ring,0.0006993,2477.17,1.7323
2026-09-13T13:00:02Z,245,Golden Chobo Ring,0.000699,2477.17,1.7315
2026-09-13T13:00:02Z,246,Golden Crusader Ring,0.000576,2477.17,1.4268
2026-09-13T13:00:02Z,247,Golden Foxglove Ring,0.0006499,2477.17,1.6099
2026-09-13T13:00:02Z,248,Golden Overseer Ring,0.00074915,2477.17,1.8558
2026-09-13T13:00:02Z,249,Golden Summoner Ring,0.0006993,2477.17,1.7323
2026-09-13T13:30:01Z,134,Chobo Silver Ring,4e-05,2463.34,0.0985
2026-09-13T13:30:01Z,135,Crusader Silver Ring,6.19299888e-05,2463.34,0.1526
2026-09-13T13:30:01Z,136,Overseer Silver Ring,4.4e-05,2463.34,0.1084
2026-09-13T13:30:01Z,137,Athena Silver Ring,4.5e-05,2463.34,0.1109
2026-09-13T13:30:01Z,138,Archon Silver Ring,4.6e-05,2463.34,0.1133
2026-09-13T13:30:01Z,139,Foxglove Silver Ring,4.929999999e-05,2463.34,0.1214
2026-09-13T13:30:01Z,140,Summoner Silver Ring,4.4e-05,2463.34,0.1084
2026-09-13T13:30:01Z,243,Golden Archon Ring,0.000576,2463.34,1.4189
2026-09-13T13:30:01Z,244,Golden Athena Ring,0.0006993,2463.34,1.7226
2026-09-13T13:30:01Z,245,Golden Chobo Ring,0.000699,2463.34,1.7219
2026-09-13T13:30:01Z,246,Golden Crusader Ring,0.000576,2463.34,1.4189
2026-09-13T13:30:01Z,247,Golden Foxglove Ring,0.0006499,2463.34,1.6009
2026-09-13T13:30:01Z,248,Golden Overseer Ring,0.00074915,2463.34,1.8454
2026-09-13T13:30:01Z,249,Golden Summoner Ring,0.0006993,2463.34,1.7226
2026-09-13T14:00:02Z,134,Chobo Silver Ring,4.693999999997e-05,2477.6,0.1163
2026-09-13T14:00:02Z,135,Crusader Silver Ring,6.19299888e-05,2477.6,0.1534
2026-09-13T14:00:02Z,136,Overseer Silver Ring,4.4e-05,2477.6,0.109
2026-09-13T14:00:02Z,137,Athena Silver Ring,4.5e-05,2477.6,0.1115
2026-09-13T14:00:02Z,138,Archon Silver Ring,4.6e-05,2477.6,0.114
2026-09-13T14:00:02Z,139,Foxglove Silver Ring,4.929999999e-05,2477.6,0.1221
2026-09-13T14:00:02Z,140,Summoner Silver Ring,4.4e-05,2477.6,0.109
2026-09-13T14:00:02Z,243,Golden Archon Ring,0.000576,2477.6,1.4271
2026-09-13T14:00:02Z,244,Golden Athena Ring,0.0006993,2477.6,1.7326
2026-09-13T14:00:02Z,245,Golden Chobo Ring,0.000699,2477.6,1.7318
2026-09-13T14:00:02Z,246,Golden Crusader Ring,0.000576,2477.6,1.4271
2026-09-13T14:00:02Z,247,Golden Foxglove Ring,0.0006499,2477.6,1.6102
2026-09-13T14:00:02Z,248,Golden Overseer Ring,0.00074915,2477.6,1.8561
2026-09-13T14:00:02Z,249,Golden Summoner Ring,0.0006993,2477.6,1.7326
2026-09-13T14:30:02Z,134,Chobo Silver Ring,4.693999999997e-05,2490,0.1169
2026-09-13T14:30:02Z,135,Crusader Silver Ring,6.19299888e-05,2490,0.1542
2026-09-13T14:30:02Z,136,Overseer Silver Ring,4.4e-05,2490,0.1096
2026-09-13T14:30:02Z,137,Athena Silver Ring,4.5e-05,2490,0.1121
2026-09-13T14:30:02Z,138,Archon Silver Ring,4.6e-05,2490,0.1145
2026-09-13T14:30:02Z,139,Foxglove Silver Ring,4.929999999e-05,2490,0.1228
2026-09-13T14:30:02Z,140,Summoner Silver Ring,4.4e-05,2490,0.1096
2026-09-13T14:30:02Z,243,Golden Archon Ring,0.000576,2490,1.4342
2026-09-13T14:30:02Z,244,Golden Athena Ring,0.0006993,2490,1.7413
2026-09-13T14:30:02Z,245,Golden Chobo Ring,0.000699,2490,1.7405
2026-09-13T14:30:02Z,246,Golden Crusader Ring,0.000576,2490,1.4342
2026-09-13T14:30:02Z,247,Golden Foxglove Ring,0.0006499,2490,1.6183
2026-09-13T14:30:02Z,248,Golden Overseer Ring,0.00074915,2490,1.8654
2026-09-13T14:30:02Z,249,Golden Summoner Ring,0.0006993,2490,1.7413
2026-09-13T15:00:02Z,134,Chobo Silver Ring,4.693999999997e-05,2491.11,0.1169
2026-09-13T15:00:02Z,135,Crusader Silver Ring,6.19299888e-05,2491.11,0.1543
2026-09-13T15:00:02Z,136,Overseer Silver Ring,4.4e-05,2491.11,0.1096
2026-09-13T15:00:02Z,137,Athena Silver Ring,4.5e-05,2491.11,0.1121
2026-09-13T15:00:02Z,138,Archon Silver Ring,4.6e-05,2491.11,0.1146
2026-09-13T15:00:02Z,139,Foxglove Silver Ring,4.929999999e-05,2491.11,0.1228
2026-09-13T15:00:02Z,140,Summoner Silver Ring,4.4e-05,2491.11,0.1096
2026-09-13T15:00:02Z,243,Golden Archon Ring,0.000576,2491.11,1.4349
2026-09-13T15:00:02Z,244,Golden Athena Ring,0.0006993,2491.11,1.742
2026-09-13T15:00:02Z,245,Golden Chobo Ring,0.000699,2491.11,1.7413
2026-09-13T15:00:02Z,246,Golden Crusader Ring,0.000576,2491.11,1.4349
2026-09-13T15:00:02Z,247,Golden Foxglove Ring,0.0006499,2491.11,1.619
2026-09-13T15:00:02Z,248,Golden Overseer Ring,0.00074915,2491.11,1.8662
2026-09-13T15:00:02Z,249,Golden Summoner Ring,0.0006993,2491.11,1.742
2026-09-13T15:30:01Z,134,Chobo Silver Ring,4.693999999997e-05,2485.93,0.1167
2026-09-13T15:30:01Z,135,Crusader Silver Ring,6.19299888e-05,2485.93,0.154
2026-09-13T15:30:01Z,136,Overseer Silver Ring,4.4e-05,2485.93,0.1094
2026-09-13T15:30:01Z,137,Athena Silver Ring,4.5e-05,2485.93,0.1119
2026-09-13T15:30:01Z,138,Archon Silver Ring,4.6e-05,2485.93,0.1144
2026-09-13T15:30:01Z,139,Foxglove Silver Ring,4.929999999e-05,2485.93,0.1226
2026-09-13T15:30:01Z,140,Summoner Silver Ring,4.4e-05,2485.93,0.1094
2026-09-13T15:30:01Z,243,Golden Archon Ring,0.000576,2485.93,1.4319
2026-09-13T15:30:01Z,244,Golden Athena Ring,0.0006993,2485.93,1.7384
2026-09-13T15:30:01Z,245,Golden Chobo Ring,0.000699,2485.93,1.7377
2026-09-13T15:30:01Z,246,Golden Crusader Ring,0.000576,2485.93,1.4319
2026-09-13T15:30:01Z,247,Golden Foxglove Ring,0.0006499,2485.93,1.6156
2026-09-13T15:30:01Z,248,Golden Overseer Ring,0.00074915,2485.93,1.8623
2026-09-13T15:30:01Z,249,Golden Summoner Ring,0.0006993,2485.93,1.7384
2026-09-13T16:00:02Z,134,Chobo Silver Ring,4.693999999997e-05,2490.66,0.1169
2026-09-13T16:00:02Z,135,Crusader Silver Ring,6.19299888e-05,2490.66,0.1542
2026-09-13T16:00:02Z,136,Overseer Silver Ring,4.4e-05,2490.66,0.1096
2026-09-13T16:00:02Z,137,Athena Silver Ring,4.5e-05,2490.66,0.1121
2026-09-13T16:00:02Z,138,Archon Silver Ring,4.6e-05,2490.66,0.1146
2026-09-13T16:00:02Z,139,Foxglove Silver Ring,4.929999999e-05,2490.66,0.1228
2026-09-13T16:00:02Z,140,Summoner Silver Ring,4.4e-05,2490.66,0.1096
2026-09-13T16:00:02Z,243,Golden Archon Ring,0.000576,2490.66,1.4346
2026-09-13T16:00:02Z,244,Golden Athena Ring,0.0006993,2490.66,1.7417
2026-09-13T16:00:02Z,245,Golden Chobo Ring,0.000699,2490.66,1.741
2026-09-13T16:00:02Z,246,Golden Crusader Ring,0.000576,2490.66,1.4346
2026-09-13T16:00:02Z,247,Golden Foxglove Ring,0.0006499,2490.66,1.6187
2026-09-13T16:00:02Z,248,Golden Overseer Ring,0.0007,2490.66,1.7435
2026-09-13T16:00:02Z,249,Golden Summoner Ring,0.0006993,2490.66,1.7417
2026-09-13T16:30:02Z,134,Chobo Silver Ring,4.693999999997e-05,2502.61,0.1175
2026-09-13T16:30:02Z,135,Crusader Silver Ring,6.19299888e-05,2502.61,0.155
2026-09-13T16:30:02Z,136,Overseer Silver Ring,4.4e-05,2502.61,0.1101
2026-09-13T16:30:02Z,137,Athena Silver Ring,4.5e-05,2502.61,0.1126
2026-09-13T16:30:02Z,138,Archon Silver Ring,4.6e-05,2502.61,0.1151
2026-09-13T16:30:02Z,139,Foxglove Silver Ring,4.929999999e-05,2502.61,0.1234
2026-09-13T16:30:02Z,140,Summoner Silver Ring,4.4e-05,2502.61,0.1101
2026-09-13T16:30:02Z,243,Golden Archon Ring,0.000575,2502.61,1.439
2026-09-13T16:30:02Z,244,Golden Athena Ring,0.00068,2502.61,1.7018
2026-09-13T16:30:02Z,245,Golden Chobo Ring,0.00068,2502.61,1.7018
2026-09-13T16:30:02Z,246,Golden Crusader Ring,0.000576,2502.61,1.4415
2026-09-13T16:30:02Z,247,Golden Foxglove Ring,0.00063,2502.61,1.5766
2026-09-13T16:30:02Z,248,Golden Overseer Ring,0.0007,2502.61,1.7518
2026-09-13T16:30:02Z,249,Golden Summoner Ring,0.00068,2502.61,1.7018
2026-09-13T17:00:02Z,134,Chobo Silver Ring,4.693999999997e-05,2504.68,0.1176
2026-09-13T17:00:02Z,135,Crusader Silver Ring,6.19299888e-05,2504.68,0.1551
2026-09-13T17:00:02Z,136,Overseer Silver Ring,4.4e-05,2504.68,0.1102
2026-09-13T17:00:02Z,137,Athena Silver Ring,4.5e-05,2504.68,0.1127
2026-09-13T17:00:02Z,138,Archon Silver Ring,4.6e-05,2504.68,0.1152
2026-09-13T17:00:02Z,139,Foxglove Silver Ring,4.929999999e-05,2504.68,0.1235
2026-09-13T17:00:02Z,140,Summoner Silver Ring,4.4e-05,2504.68,0.1102
2026-09-13T17:00:02Z,243,Golden Archon Ring,0.000575,2504.68,1.4402
2026-09-13T17:00:02Z,244,Golden Athena Ring,0.00068,2504.68,1.7032
2026-09-13T17:00:02Z,245,Golden Chobo Ring,0.00068,2504.68,1.7032
2026-09-13T17:00:02Z,246,Golden Crusader Ring,0.000576,2504.68,1.4427
2026-09-13T17:00:02Z,247,Golden Foxglove Ring,0.00063,2504.68,1.5779
2026-09-13T17:00:02Z,248,Golden Overseer Ring,0.0007,2504.68,1.7533
2026-09-13T17:00:02Z,249,Golden Summoner Ring,0.00068,2504.68,1.7032
2026-09-13T17:30:02Z,134,Chobo Silver Ring,4.693999999997e-05,2504.89,0.1176
2026-09-13T17:30:02Z,135,Crusader Silver Ring,6.192e-05,2504.89,0.1551
2026-09-13T17:30:02Z,136,Overseer Silver Ring,4.4e-05,2504.89,0.1102
2026-09-13T17:30:02Z,137,Athena Silver Ring,4.499e-05,2504.89,0.1127
2026-09-13T17:30:02Z,138,Archon Silver Ring,4.6e-05,2504.89,0.1152
2026-09-13T17:30:02Z,139,Foxglove Silver Ring,4.929999999e-05,2504.89,0.1235
2026-09-13T17:30:02Z,140,Summoner Silver Ring,4.4e-05,2504.89,0.1102
2026-09-13T17:30:02Z,243,Golden Archon Ring,0.000575,2504.89,1.4403
2026-09-13T17:30:02Z,244,Golden Athena Ring,0.00068,2504.89,1.7033
2026-09-13T17:30:02Z,245,Golden Chobo Ring,0.00068,2504.89,1.7033
2026-09-13T17:30:02Z,246,Golden Crusader Ring,0.000576,2504.89,1.4428
2026-09-13T17:30:02Z,247,Golden Foxglove Ring,0.00063,2504.89,1.5781
2026-09-13T17:30:02Z,248,Golden Overseer Ring,0.0007,2504.89,1.7534
2026-09-13T17:30:02Z,249,Golden Summoner Ring,0.00068,2504.89,1.7033
2026-09-13T18:00:02Z,134,Chobo Silver Ring,4.69399999999e-05,2504.44,0.1176
2026-09-13T18:00:02Z,135,Crusader Silver Ring,6.18999e-05,2504.44,0.155
2026-09-13T18:00:02Z,136,Overseer Silver Ring,4.399999e-05,2504.44,0.1102
2026-09-13T18:00:02Z,137,Athena Silver Ring,4.499e-05,2504.44,0.1127
2026-09-13T18:00:02Z,138,Archon Silver Ring,4.599999e-05,2504.44,0.1152
2026-09-13T18:00:02Z,139,Foxglove Silver Ring,4.929999999e-05,2504.44,0.1235
2026-09-13T18:00:02Z,140,Summoner Silver Ring,4.4e-05,2504.44,0.1102
2026-09-13T18:00:02Z,243,Golden Archon Ring,0.000575,2504.44,1.4401
2026-09-13T18:00:02Z,244,Golden Athena Ring,0.00068,2504.44,1.703
2026-09-13T18:00:02Z,245,Golden Chobo Ring,0.00068,2504.44,1.703
2026-09-13T18:00:02Z,246,Golden Crusader Ring,0.000576,2504.44,1.4426
2026-09-13T18:00:02Z,247,Golden Foxglove Ring,0.0007175,2504.44,1.7969
2026-09-13T18:00:02Z,248,Golden Overseer Ring,0.0007,2504.44,1.7531
2026-09-13T18:00:02Z,249,Golden Summoner Ring,0.00068,2504.44,1.703
2026-09-13T18:05:15Z,134,Chobo Silver Ring,4.69399999999e-05,2505.61,0.1176
2026-09-13T18:05:15Z,135,Crusader Silver Ring,6.18999e-05,2505.61,0.1551
2026-09-13T18:05:15Z,136,Overseer Silver Ring,4.878999998981e-05,2505.61,0.1222
2026-09-13T18:05:15Z,137,Athena Silver Ring,4.499e-05,2505.61,0.1127
2026-09-13T18:05:15Z,138,Archon Silver Ring,4.599999e-05,2505.61,0.1153
2026-09-13T18:05:15Z,139,Foxglove Silver Ring,4.929999999e-05,2505.61,0.1235
2026-09-13T18:05:15Z,140,Summoner Silver Ring,4.4e-05,2505.61,0.1102
2026-09-13T18:05:15Z,243,Golden Archon Ring,0.000575,2505.61,1.4407
2026-09-13T18:05:15Z,244,Golden Athena Ring,0.00068,2505.61,1.7038
2026-09-13T18:05:15Z,245,Golden Chobo Ring,0.00068,2505.61,1.7038
2026-09-13T18:05:15Z,246,Golden Crusader Ring,0.000576,2505.61,1.4432
2026-09-13T18:05:15Z,247,Golden Foxglove Ring,0.0007175,2505.61,1.7978
2026-09-13T18:05:15Z,248,Golden Overseer Ring,0.0007,2505.61,1.7539
2026-09-13T18:05:15Z,249,Golden Summoner Ring,0.00068,2505.61,1.7038
2026-09-13T18:30:02Z,134,Chobo Silver Ring,4.69399999999e-05,2507.35,0.1177
2026-09-13T18:30:02Z,135,Crusader Silver Ring,6.192e-05,2507.35,0.1553
2026-09-13T18:30:02Z,136,Overseer Silver Ring,4.878999998981e-05,2507.35,0.1223
2026-09-13T18:30:02Z,137,Athena Silver Ring,4.5e-05,2507.35,0.1128
2026-09-13T18:30:02Z,138,Archon Silver Ring,4.599999e-05,2507.35,0.1153
2026-09-13T18:30:02Z,139,Foxglove Silver Ring,4.929999999e-05,2507.35,0.1236
2026-09-13T18:30:02Z,140,Summoner Silver Ring,4.845999999999e-05,2507.35,0.1215
2026-09-13T18:30:02Z,243,Golden Archon Ring,0.0005,2507.35,1.2537
2026-09-13T18:30:02Z,244,Golden Athena Ring,0.0006,2507.35,1.5044
2026-09-13T18:30:02Z,245,Golden Chobo Ring,0.00065,2507.35,1.6298
2026-09-13T18:30:02Z,246,Golden Crusader Ring,0.00057599,2507.35,1.4442
2026-09-13T18:30:02Z,247,Golden Foxglove Ring,0.0007175,2507.35,1.799
2026-09-13T18:30:02Z,248,Golden Overseer Ring,0.000699,2507.35,1.7526
2026-09-13T18:30:02Z,249,Golden Summoner Ring,0.00068,2507.35,1.705
2026-09-13T19:00:02Z,134,Chobo Silver Ring,4.69399999998e-05,2508.6,0.1178
2026-09-13T19:00:02Z,135,Crusader Silver Ring,6.19299888e-05,2508.6,0.1554
2026-09-13T19:00:02Z,136,Overseer Silver Ring,4.878999998981e-05,2508.6,0.1224
2026-09-13T19:00:02Z,137,Athena Silver Ring,4.498999e-05,2508.6,0.1129
2026-09-13T19:00:02Z,138,Archon Silver Ring,4.599999e-05,2508.6,0.1154
2026-09-13T19:00:02Z,139,Foxglove Silver Ring,4.92999999e-05,2508.6,0.1237
2026-09-13T19:00:02Z,140,Summoner Silver Ring,4.84599999999e-05,2508.6,0.1216
2026-09-13T19:00:02Z,243,Golden Archon Ring,0.00064979999,2508.6,1.6301
2026-09-13T19:00:02Z,244,Golden Athena Ring,0.00065,2508.6,1.6306
2026-09-13T19:00:02Z,245,Golden Chobo Ring,0.00069,2508.6,1.7309
2026-09-13T19:00:02Z,246,Golden Crusader Ring,0.00074,2508.6,1.8564
2026-09-13T19:00:02Z,247,Golden Foxglove Ring,0.000705,2508.6,1.7686
2026-09-13T19:00:02Z,248,Golden Overseer Ring,0.00072,2508.6,1.8062
2026-09-13T19:00:02Z,249,Golden Summoner Ring,0.00075,2508.6,1.8815
2026-09-13T19:30:02Z,134,Chobo Silver Ring,4.1e-05,2507.24,0.1028
2026-09-13T19:30:02Z,135,Crusader Silver Ring,6.19299888e-05,2507.24,0.1553
2026-09-13T19:30:02Z,136,Overseer Silver Ring,4.5e-05,2507.24,0.1128
2026-09-13T19:30:02Z,137,Athena Silver Ring,4e-05,2507.24,0.1003
2026-09-13T19:30:02Z,138,Archon Silver Ring,4.599999e-05,2507.24,0.1153
2026-09-13T19:30:02Z,139,Foxglove Silver Ring,4.92999999e-05,2507.24,0.1236
2026-09-13T19:30:02Z,140,Summoner Silver Ring,4.84599999999e-05,2507.24,0.1215
2026-09-13T19:30:02Z,243,Golden Archon Ring,0.00064979999,2507.24,1.6292
2026-09-13T19:30:02Z,244,Golden Athena Ring,0.00065,2507.24,1.6297
2026-09-13T19:30:02Z,245,Golden Chobo Ring,0.00069,2507.24,1.73
2026-09-13T19:30:02Z,246,Golden Crusader Ring,0.00074,2507.24,1.8554
2026-09-13T19:30:02Z,247,Golden Foxglove Ring,0.000705,2507.24,1.7676
2026-09-13T19:30:02Z,248,Golden Overseer Ring,0.00074915,2507.24,1.8783
2026-09-13T19:30:02Z,249,Golden Summoner Ring,0.00075,2507.24,1.8804
2026-09-13T20:00:03Z,134,Chobo Silver Ring,4.69399999998e-05,2505.09,0.1176
2026-09-13T20:00:03Z,135,Crusader Silver Ring,6.19299888e-05,2505.09,0.1551
2026-09-13T20:00:03Z,136,Overseer Silver Ring,4.5e-05,2505.09,0.1127
2026-09-13T20:00:03Z,137,Athena Silver Ring,4.499e-05,2505.09,0.1127
2026-09-13T20:00:03Z,138,Archon Silver Ring,4.599999e-05,2505.09,0.1152
2026-09-13T20:00:03Z,139,Foxglove Silver Ring,4.92999999e-05,2505.09,0.1235
2026-09-13T20:00:03Z,140,Summoner Silver Ring,4.846e-05,2505.09,0.1214
2026-09-13T20:00:03Z,243,Golden Archon Ring,0.00064979999,2505.09,1.6278
2026-09-13T20:00:03Z,244,Golden Athena Ring,0.00065,2505.09,1.6283
2026-09-13T20:00:03Z,245,Golden Chobo Ring,0.00069,2505.09,1.7285
2026-09-13T20:00:03Z,246,Golden Crusader Ring,0.00074,2505.09,1.8538
2026-09-13T20:00:03Z,247,Golden Foxglove Ring,0.000705,2505.09,1.7661
2026-09-13T20:00:03Z,248,Golden Overseer Ring,0.00074915,2505.09,1.8767
2026-09-13T20:00:03Z,249,Golden Summoner Ring,0.00075,2505.09,1.8788
2026-09-13T20:30:01Z,134,Chobo Silver Ring,4.69399999998e-05,2508.8,0.1178
2026-09-13T20:30:01Z,135,Crusader Silver Ring,6.19299888e-05,2508.8,0.1554
2026-09-13T20:30:01Z,136,Overseer Silver Ring,4.5e-05,2508.8,0.1129
2026-09-13T20:30:01Z,137,Athena Silver Ring,4.499e-05,2508.8,0.1129
2026-09-13T20:30:01Z,138,Archon Silver Ring,5.03799999999e-05,2508.8,0.1264
2026-09-13T20:30:01Z,139,Foxglove Silver Ring,4.92999999e-05,2508.8,0.1237
2026-09-13T20:30:01Z,140,Summoner Silver Ring,4.846e-05,2508.8,0.1216
2026-09-13T20:30:01Z,243,Golden Archon Ring,0.00064979998,2508.8,1.6302
2026-09-13T20:30:01Z,244,Golden Athena Ring,0.00065,2508.8,1.6307
2026-09-13T20:30:01Z,245,Golden Chobo Ring,0.00069,2508.8,1.7311
2026-09-13T20:30:01Z,246,Golden Crusader Ring,0.00073999,2508.8,1.8565
2026-09-13T20:30:01Z,247,Golden Foxglove Ring,0.000704999,2508.8,1.7687
2026-09-13T20:30:01Z,248,Golden Overseer Ring,0.00074915,2508.8,1.8795
2026-09-13T20:30:01Z,249,Golden Summoner Ring,0.00075,2508.8,1.8816
2026-09-13T21:00:02Z,134,Chobo Silver Ring,4.69399999998e-05,2512.03,0.1179
2026-09-13T21:00:02Z,135,Crusader Silver Ring,6.19299888e-05,2512.03,0.1556
2026-09-13T21:00:02Z,136,Overseer Silver Ring,4.5e-05,2512.03,0.113
2026-09-13T21:00:02Z,137,Athena Silver Ring,4.494e-05,2512.03,0.1129
2026-09-13T21:00:02Z,138,Archon Silver Ring,5.038e-05,2512.03,0.1266
2026-09-13T21:00:02Z,139,Foxglove Silver Ring,4.92999999e-05,2512.03,0.1238
2026-09-13T21:00:02Z,140,Summoner Silver Ring,4.846e-05,2512.03,0.1217
2026-09-13T21:00:02Z,243,Golden Archon Ring,0.00064979998,2512.03,1.6323
2026-09-13T21:00:02Z,244,Golden Athena Ring,0.00065,2512.03,1.6328
2026-09-13T21:00:02Z,245,Golden Chobo Ring,0.00069,2512.03,1.7333
2026-09-13T21:00:02Z,246,Golden Crusader Ring,0.00073999,2512.03,1.8589
2026-09-13T21:00:02Z,247,Golden Foxglove Ring,0.000704999,2512.03,1.771
2026-09-13T21:00:02Z,248,Golden Overseer Ring,0.00074915,2512.03,1.8819
2026-09-13T21:00:02Z,249,Golden Summoner Ring,0.00075,2512.03,1.884
2026-09-13T21:30:02Z,134,Chobo Silver Ring,4.69399999998e-05,2512.9,0.118
2026-09-13T21:30:02Z,135,Crusader Silver Ring,6.19299888e-05,2512.9,0.1556
2026-09-13T21:30:02Z,136,Overseer Silver Ring,4.5e-05,2512.9,0.1131
2026-09-13T21:30:02Z,137,Athena Silver Ring,4.494e-05,2512.9,0.1129
2026-09-13T21:30:02Z,138,Archon Silver Ring,5.038e-05,2512.9,0.1266
2026-09-13T21:30:02Z,139,Foxglove Silver Ring,4.92999999e-05,2512.9,0.1239
2026-09-13T21:30:02Z,140,Summoner Silver Ring,4.846e-05,2512.9,0.1218
2026-09-13T21:30:02Z,243,Golden Archon Ring,0.00074979999,2512.9,1.8842
2026-09-13T21:30:02Z,244,Golden Athena Ring,0.00065,2512.9,1.6334
2026-09-13T21:30:02Z,245,Golden Chobo Ring,0.00069,2512.9,1.7339
2026-09-13T21:30:02Z,246,Golden Crusader Ring,0.00073999,2512.9,1.8595
2026-09-13T21:30:02Z,247,Golden Foxglove Ring,0.000704999,2512.9,1.7716
2026-09-13T21:30:02Z,248,Golden Overseer Ring,0.000785,2512.9,1.9726
2026-09-13T21:30:02Z,249,Golden Summoner Ring,0.00075,2512.9,1.8847
2026-09-13T22:00:02Z,134,Chobo Silver Ring,4.69399999998e-05,2507.82,0.1177
2026-09-13T22:00:02Z,135,Crusader Silver Ring,6.19299887e-05,2507.82,0.1553
2026-09-13T22:00:02Z,136,Overseer Silver Ring,4.5e-05,2507.82,0.1129
2026-09-13T22:00:02Z,137,Athena Silver Ring,4.494e-05,2507.82,0.1127
2026-09-13T22:00:02Z,138,Archon Silver Ring,5.038e-05,2507.82,0.1263
2026-09-13T22:00:02Z,139,Foxglove Silver Ring,4.92999999e-05,2507.82,0.1236
2026-09-13T22:00:02Z,140,Summoner Silver Ring,4.846e-05,2507.82,0.1215
2026-09-13T22:00:02Z,243,Golden Archon Ring,0.00074979998,2507.82,1.8804
2026-09-13T22:00:02Z,244,Golden Athena Ring,0.00065,2507.82,1.6301
2026-09-13T22:00:02Z,245,Golden Chobo Ring,0.00069,2507.82,1.7304
2026-09-13T22:00:02Z,246,Golden Crusader Ring,0.00073999,2507.82,1.8558
2026-09-13T22:00:02Z,247,Golden Foxglove Ring,0.000704999,2507.82,1.768
2026-09-13T22:00:02Z,248,Golden Overseer Ring,0.00078699,2507.82,1.9736
2026-09-13T22:00:02Z,249,Golden Summoner Ring,0.00075,2507.82,1.8809
2026-09-13T22:30:01Z,134,Chobo Silver Ring,4.69399999998e-05,2480.42,0.1164
2026-09-13T22:30:01Z,135,Crusader Silver Ring,6.19299887e-05,2480.42,0.1536
2026-09-13T22:30:01Z,136,Overseer Silver Ring,4.5e-05,2480.42,0.1116
2026-09-13T22:30:01Z,137,Athena Silver Ring,4.494e-05,2480.42,0.1115
2026-09-13T22:30:01Z,138,Archon Silver Ring,5.0439999e-05,2480.42,0.1251
2026-09-13T22:30:01Z,139,Foxglove Silver Ring,4.92999999e-05,2480.42,0.1223
2026-09-13T22:30:01Z,140,Summoner Silver Ring,4.846e-05,2480.42,0.1202
2026-09-13T22:30:01Z,243,Golden Archon Ring,0.00074979998,2480.42,1.8598
2026-09-13T22:30:01Z,244,Golden Athena Ring,0.00065,2480.42,1.6123
2026-09-13T22:30:01Z,245,Golden Chobo Ring,0.00069,2480.42,1.7115
2026-09-13T22:30:01Z,246,Golden Crusader Ring,0.00073999,2480.42,1.8355
2026-09-13T22:30:01Z,247,Golden Foxglove Ring,0.000704999,2480.42,1.7487
2026-09-13T22:30:01Z,248,Golden Overseer Ring,0.00078699,2480.42,1.9521
2026-09-13T22:30:01Z,249,Golden Summoner Ring,0.00075,2480.42,1.8603
2026-09-13T23:00:02Z,134,Chobo Silver Ring,4.69399999997e-05,2476.92,0.1163
2026-09-13T23:00:02Z,135,Crusader Silver Ring,6.19299886e-05,2476.92,0.1534
2026-09-13T23:00:02Z,136,Overseer Silver Ring,4.5e-05,2476.92,0.1115
2026-09-13T23:00:02Z,137,Athena Silver Ring,4.49399999999e-05,2476.92,0.1113
2026-09-13T23:00:02Z,138,Archon Silver Ring,5.0439998999e-05,2476.92,0.1249
2026-09-13T23:00:02Z,139,Foxglove Silver Ring,4.92999999e-05,2476.92,0.1221
2026-09-13T23:00:02Z,140,Summoner Silver Ring,4.84599999999e-05,2476.92,0.12
2026-09-13T23:00:02Z,243,Golden Archon Ring,0.00074979998,2476.92,1.8572
2026-09-13T23:00:02Z,244,Golden Athena Ring,0.00065,2476.92,1.61
2026-09-13T23:00:02Z,245,Golden Chobo Ring,0.00069,2476.92,1.7091
2026-09-13T23:00:02Z,246,Golden Crusader Ring,0.00073999,2476.92,1.8329
2026-09-13T23:00:02Z,247,Golden Foxglove Ring,0.000704999,2476.92,1.7462
2026-09-13T23:00:02Z,248,Golden Overseer Ring,0.00078699,2476.92,1.9493
2026-09-13T23:00:02Z,249,Golden Summoner Ring,0.00075,2476.92,1.8577
2026-09-13T23:30:02Z,134,Chobo Silver Ring,4.69399999997e-05,2476.6,0.1163
2026-09-13T23:30:02Z,135,Crusader Silver Ring,6.19299886e-05,2476.6,0.1534
2026-09-13T23:30:02Z,136,Overseer Silver Ring,4.5e-05,2476.6,0.1114
2026-09-13T23:30:02Z,137,Athena Silver Ring,4.49399999999e-05,2476.6,0.1113
2026-09-13T23:30:02Z,138,Archon Silver Ring,5.0439998999e-05,2476.6,0.1249
2026-09-13T23:30:02Z,139,Foxglove Silver Ring,4.92999999e-05,2476.6,0.1221
2026-09-13T23:30:02Z,140,Summoner Silver Ring,4.8e-05,2476.6,0.1189
2026-09-13T23:30:02Z,243,Golden Archon Ring,0.00074979998,2476.6,1.857
2026-09-13T23:30:02Z,244,Golden Athena Ring,0.00065,2476.6,1.6098
2026-09-13T23:30:02Z,245,Golden Chobo Ring,0.00069,2476.6,1.7089
2026-09-13T23:30:02Z,246,Golden Crusader Ring,0.00073999,2476.6,1.8327
2026-09-13T23:30:02Z,247,Golden Foxglove Ring,0.000704999,2476.6,1.746
2026-09-13T23:30:02Z,248,Golden Overseer Ring,0.00078699,2476.6,1.9491
2026-09-13T23:30:02Z,249,Golden Summoner Ring,0.00075,2476.6,1.8575
2026-09-14T00:00:02Z,134,Chobo Silver Ring,4.69399999997e-05,2476.85,0.1163
2026-09-14T00:00:02Z,135,Crusader Silver Ring,6.19299886e-05,2476.85,0.1534
2026-09-14T00:00:02Z,136,Overseer Silver Ring,4.4e-05,2476.85,0.109
2026-09-14T00:00:02Z,137,Athena Silver Ring,4.49e-05,2476.85,0.1112
2026-09-14T00:00:02Z,138,Archon Silver Ring,5.04e-05,2476.85,0.1248
2026-09-14T00:00:02Z,139,Foxglove Silver Ring,4.92999999e-05,2476.85,0.1221
2026-09-14T00:00:02Z,140,Summoner Silver Ring,4.6999999999e-05,2476.85,0.1164
2026-09-14T00:00:02Z,243,Golden Archon Ring,0.00074,2476.85,1.8329
2026-09-14T00:00:02Z,244,Golden Athena Ring,0.00064,2476.85,1.5852
2026-09-14T00:00:02Z,245,Golden Chobo Ring,0.0007699999,2476.85,1.9072
2026-09-14T00:00:02Z,246,Golden Crusader Ring,0.00073,2476.85,1.8081
2026-09-14T00:00:02Z,247,Golden Foxglove Ring,0.000704,2476.85,1.7437
2026-09-14T00:00:02Z,248,Golden Overseer Ring,0.00078,2476.85,1.9319
2026-09-14T00:00:02Z,249,Golden Summoner Ring,0.00075,2476.85,1.8576
2026-09-14T00:30:02Z,134,Chobo Silver Ring,4.69399999997e-05,2465.45,0.1157
2026-09-14T00:30:02Z,135,Crusader Silver Ring,6.19299886e-05,2465.45,0.1527
2026-09-14T00:30:02Z,136,Overseer Silver Ring,4.4e-05,2465.45,0.1085
2026-09-14T00:30:02Z,137,Athena Silver Ring,4.49e-05,2465.45,0.1107
2026-09-14T00:30:02Z,138,Archon Silver Ring,5.04e-05,2465.45,0.1243
2026-09-14T00:30:02Z,139,Foxglove Silver Ring,4.92999999e-05,2465.45,0.1215
2026-09-14T00:30:02Z,140,Summoner Silver Ring,4.6999999999e-05,2465.45,0.1159
2026-09-14T00:30:02Z,243,Golden Archon Ring,0.00073,2465.45,1.7998
2026-09-14T00:30:02Z,244,Golden Athena Ring,0.00064,2465.45,1.5779
2026-09-14T00:30:02Z,245,Golden Chobo Ring,0.00076,2465.45,1.8737
2026-09-14T00:30:02Z,246,Golden Crusader Ring,0.00073,2465.45,1.7998
2026-09-14T00:30:02Z,247,Golden Foxglove Ring,0.000704,2465.45,1.7357
2026-09-14T00:30:02Z,248,Golden Overseer Ring,0.00078,2465.45,1.9231
2026-09-14T00:30:02Z,249,Golden Summoner Ring,0.00074,2465.45,1.8244
2026-09-14T01:00:02Z,134,Chobo Silver Ring,4.69399999997e-05,2484.14,0.1166
2026-09-14T01:00:02Z,135,Crusader Silver Ring,6.19299886e-05,2484.14,0.1538
2026-09-14T01:00:02Z,136,Overseer Silver Ring,4.4e-05,2484.14,0.1093
2026-09-14T01:00:02Z,137,Athena Silver Ring,4.49e-05,2484.14,0.1115
2026-09-14T01:00:02Z,138,Archon Silver Ring,5.0439998999e-05,2484.14,0.1253
2026-09-14T01:00:02Z,139,Foxglove Silver Ring,4.9e-05,2484.14,0.1217
2026-09-14T01:00:02Z,140,Summoner Silver Ring,4.6999999999e-05,2484.14,0.1168
2026-09-14T01:00:02Z,243,Golden Archon Ring,0.00073,2484.14,1.8134
2026-09-14T01:00:02Z,244,Golden Athena Ring,0.00082,2484.14,2.037
2026-09-14T01:00:02Z,245,Golden Chobo Ring,0.00076,2484.14,1.8879
2026-09-14T01:00:02Z,246,Golden Crusader Ring,0.00073,2484.14,1.8134
2026-09-14T01:00:02Z,247,Golden Foxglove Ring,0.000704,2484.14,1.7488
2026-09-14T01:00:02Z,248,Golden Overseer Ring,0.00078,2484.14,1.9376
2026-09-14T01:00:02Z,249,Golden Summoner Ring,0.00074,2484.14,1.8383
2026-09-14T01:30:02Z,134,Chobo Silver Ring,4.69399999997e-05,2482.87,0.1165
2026-09-14T01:30:02Z,135,Crusader Silver Ring,6.19299886e-05,2482.87,0.1538
2026-09-14T01:30:02Z,136,Overseer Silver Ring,4.878999998981e-05,2482.87,0.1211
2026-09-14T01:30:02Z,137,Athena Silver Ring,4.49e-05,2482.87,0.1115
2026-09-14T01:30:02Z,138,Archon Silver Ring,5.0439998999e-05,2482.87,0.1252
2026-09-14T01:30:02Z,139,Foxglove Silver Ring,4.9e-05,2482.87,0.1217
2026-09-14T01:30:02Z,140,Summoner Silver Ring,4.6999999999e-05,2482.87,0.1167
2026-09-14T01:30:02Z,243,Golden Archon Ring,0.0007498,2482.87,1.8617
2026-09-14T01:30:02Z,244,Golden Athena Ring,0.0008941,2482.87,2.2199
2026-09-14T01:30:02Z,245,Golden Chobo Ring,0.0007889899,2482.87,1.959
2026-09-14T01:30:02Z,246,Golden Crusader Ring,0.000775,2482.87,1.9242
2026-09-14T01:30:02Z,247,Golden Foxglove Ring,0.000719,2482.87,1.7852
2026-09-14T01:30:02Z,248,Golden Overseer Ring,0.00079989,2482.87,1.986
2026-09-14T01:30:02Z,249,Golden Summoner Ring,0.000768,2482.87,1.9068
2026-09-14T02:00:02Z,134,Chobo Silver Ring,4.69399999997e-05,2493.18,0.117
2026-09-14T02:00:02Z,135,Crusader Silver Ring,6.19299886e-05,2493.18,0.1544
2026-09-14T02:00:02Z,136,Overseer Silver Ring,4.878999998981e-05,2493.18,0.1216
2026-09-14T02:00:02Z,137,Athena Silver Ring,4.49e-05,2493.18,0.1119
2026-09-14T02:00:02Z,138,Archon Silver Ring,5.0439998999e-05,2493.18,0.1258
2026-09-14T02:00:02Z,139,Foxglove Silver Ring,4.9e-05,2493.18,0.1222
2026-09-14T02:00:02Z,140,Summoner Silver Ring,4.6999999999e-05,2493.18,0.1172
2026-09-14T02:00:02Z,243,Golden Archon Ring,0.0007498,2493.18,1.8694
2026-09-14T02:00:02Z,244,Golden Athena Ring,0.0008941,2493.18,2.2292
2026-09-14T02:00:02Z,245,Golden Chobo Ring,0.0007889899,2493.18,1.9671
2026-09-14T02:00:02Z,246,Golden Crusader Ring,0.000775,2493.18,1.9322
2026-09-14T02:00:02Z,247,Golden Foxglove Ring,0.000719,2493.18,1.7926
2026-09-14T02:00:02Z,248,Golden Overseer Ring,0.00079989,2493.18,1.9943
2026-09-14T02:00:02Z,249,Golden Summoner Ring,0.000768,2493.18,1.9148
2026-09-14T02:30:02Z,134,Chobo Silver Ring,4.69399999997e-05,2508.23,0.1177
2026-09-14T02:30:02Z,135,Crusader Silver Ring,6.19299886e-05,2508.23,0.1553
2026-09-14T02:30:02Z,136,Overseer Silver Ring,4.878999998981e-05,2508.23,0.1224
2026-09-14T02:30:02Z,137,Athena Silver Ring,4.49e-05,2508.23,0.1126
2026-09-14T02:30:02Z,138,Archon Silver Ring,5.0439998999e-05,2508.23,0.1265
2026-09-14T02:30:02Z,139,Foxglove Silver Ring,4.9e-05,2508.23,0.1229
2026-09-14T02:30:02Z,140,Summoner Silver Ring,4.6999999999e-05,2508.23,0.1179
2026-09-14T02:30:02Z,243,Golden Archon Ring,0.0007498,2508.23,1.8807
2026-09-14T02:30:02Z,244,Golden Athena Ring,0.0008941,2508.23,2.2426
2026-09-14T02:30:02Z,245,Golden Chobo Ring,0.0007889899,2508.23,1.979
2026-09-14T02:30:02Z,246,Golden Crusader Ring,0.000775,2508.23,1.9439
2026-09-14T02:30:02Z,247,Golden Foxglove Ring,0.000719,2508.23,1.8034
2026-09-14T02:30:02Z,248,Golden Overseer Ring,0.00079989,2508.23,2.0063
2026-09-14T02:30:02Z,249,Golden Summoner Ring,0.000768,2508.23,1.9263
2026-09-14T03:00:02Z,134,Chobo Silver Ring,4.69399999997e-05,2510.67,0.1179
2026-09-14T03:00:02Z,135,Crusader Silver Ring,6.19299886e-05,2510.67,0.1555
2026-09-14T03:00:02Z,136,Overseer Silver Ring,4.878999998981e-05,2510.67,0.1225
2026-09-14T03:00:02Z,137,Athena Silver Ring,4.49e-05,2510.67,0.1127
2026-09-14T03:00:02Z,138,Archon Silver Ring,5.0439998999e-05,2510.67,0.1266
2026-09-14T03:00:02Z,139,Foxglove Silver Ring,4.9e-05,2510.67,0.123
2026-09-14T03:00:02Z,140,Summoner Silver Ring,4.6999999999e-05,2510.67,0.118
2026-09-14T03:00:02Z,243,Golden Archon Ring,0.0007498,2510.67,1.8825
2026-09-14T03:00:02Z,244,Golden Athena Ring,0.0008941,2510.67,2.2448
2026-09-14T03:00:02Z,245,Golden Chobo Ring,0.0007889899,2510.67,1.9809
2026-09-14T03:00:02Z,246,Golden Crusader Ring,0.000775,2510.67,1.9458
2026-09-14T03:00:02Z,247,Golden Foxglove Ring,0.000719,2510.67,1.8052
2026-09-14T03:00:02Z,248,Golden Overseer Ring,0.00079989,2510.67,2.0083
2026-09-14T03:00:02Z,249,Golden Summoner Ring,0.000768,2510.67,1.9282
2026-09-14T03:30:02Z,134,Chobo Silver Ring,4.69399999997e-05,2518.72,0.1182
2026-09-14T03:30:02Z,135,Crusader Silver Ring,6.19299886e-05,2518.72,0.156
2026-09-14T03:30:02Z,136,Overseer Silver Ring,4.878999998981e-05,2518.72,0.1229
2026-09-14T03:30:02Z,137,Athena Silver Ring,4.49e-05,2518.72,0.1131
2026-09-14T03:30:02Z,138,Archon Silver Ring,5.0439998999e-05,2518.72,0.127
2026-09-14T03:30:02Z,139,Foxglove Silver Ring,4.9e-05,2518.72,0.1234
2026-09-14T03:30:02Z,140,Summoner Silver Ring,4.6999999999e-05,2518.72,0.1184
2026-09-14T03:30:02Z,243,Golden Archon Ring,0.0007498,2518.72,1.8885
2026-09-14T03:30:02Z,244,Golden Athena Ring,0.0008941,2518.72,2.252
2026-09-14T03:30:02Z,245,Golden Chobo Ring,0.0007889899,2518.72,1.9872
2026-09-14T03:30:02Z,246,Golden Crusader Ring,0.000775,2518.72,1.952
2026-09-14T03:30:02Z,247,Golden Foxglove Ring,0.000719,2518.72,1.811
2026-09-14T03:30:02Z,248,Golden Overseer Ring,0.00079989,2518.72,2.0147
2026-09-14T03:30:02Z,249,Golden Summoner Ring,0.000768,2518.72,1.9344
2026-09-14T04:00:02Z,134,Chobo Silver Ring,4.69399999997e-05,2511.3,0.1179
2026-09-14T04:00:02Z,135,Crusader Silver Ring,6.19299886e-05,2511.3,0.1555
2026-09-14T04:00:02Z,136,Overseer Silver Ring,4.878999998981e-05,2511.3,0.1225
2026-09-14T04:00:02Z,137,Athena Silver Ring,4.49e-05,2511.3,0.1128
2026-09-14T04:00:02Z,138,Archon Silver Ring,5.0439998999e-05,2511.3,0.1267
2026-09-14T04:00:02Z,139,Foxglove Silver Ring,4.9e-05,2511.3,0.1231
2026-09-14T04:00:02Z,140,Summoner Silver Ring,4.6999999999e-05,2511.3,0.118
2026-09-14T04:00:02Z,243,Golden Archon Ring,0.0007498,2511.3,1.883
2026-09-14T04:00:02Z,244,Golden Athena Ring,0.0008941,2511.3,2.2454
2026-09-14T04:00:02Z,245,Golden Chobo Ring,0.0007889899,2511.3,1.9814
2026-09-14T04:00:02Z,246,Golden Crusader Ring,0.000775,2511.3,1.9463
2026-09-14T04:00:02Z,247,Golden Foxglove Ring,0.000719,2511.3,1.8056
2026-09-14T04:00:02Z,248,Golden Overseer Ring,0.00079989,2511.3,2.0088
2026-09-14T04:00:02Z,249,Golden Summoner Ring,0.000768,2511.3,1.9287
2026-09-14T04:30:02Z,134,Chobo Silver Ring,4.69399999997e-05,2515.92,0.1181
2026-09-14T04:30:02Z,135,Crusader Silver Ring,6.19299886e-05,2515.92,0.1558
2026-09-14T04:30:02Z,136,Overseer Silver Ring,4.878999998981e-05,2515.92,0.1228
2026-09-14T04:30:02Z,137,Athena Silver Ring,4.49e-05,2515.92,0.113
2026-09-14T04:30:02Z,138,Archon Silver Ring,5.0439998999e-05,2515.92,0.1269
2026-09-14T04:30:02Z,139,Foxglove Silver Ring,4.9e-05,2515.92,0.1233
2026-09-14T04:30:02Z,140,Summoner Silver Ring,4.6999999999e-05,2515.92,0.1182
2026-09-14T04:30:02Z,243,Golden Archon Ring,0.0007498,2515.92,1.8864
2026-09-14T04:30:02Z,244,Golden Athena Ring,0.0008941,2515.92,2.2495
2026-09-14T04:30:02Z,245,Golden Chobo Ring,0.0007889899,2515.92,1.985
2026-09-14T04:30:02Z,246,Golden Crusader Ring,0.000775,2515.92,1.9498
2026-09-14T04:30:02Z,247,Golden Foxglove Ring,0.000719,2515.92,1.8089
2026-09-14T04:30:02Z,248,Golden Overseer Ring,0.00079989,2515.92,2.0125
2026-09-14T04:30:02Z,249,Golden Summoner Ring,0.000768,2515.92,1.9322
2026-09-14T05:00:02Z,134,Chobo Silver Ring,4.69399999997e-05,2513.85,0.118
2026-09-14T05:00:02Z,135,Crusader Silver Ring,6.19299886e-05,2513.85,0.1557
2026-09-14T05:00:02Z,136,Overseer Silver Ring,4.878999998981e-05,2513.85,0.1227
2026-09-14T05:00:02Z,137,Athena Silver Ring,4.49399999999e-05,2513.85,0.113
2026-09-14T05:00:02Z,138,Archon Silver Ring,5.0439998999e-05,2513.85,0.1268
2026-09-14T05:00:02Z,139,Foxglove Silver Ring,4.9e-05,2513.85,0.1232
2026-09-14T05:00:02Z,140,Summoner Silver Ring,4.6999999999e-05,2513.85,0.1182
2026-09-14T05:00:02Z,243,Golden Archon Ring,0.0007498,2513.85,1.8849
2026-09-14T05:00:02Z,244,Golden Athena Ring,0.0008941,2513.85,2.2476
2026-09-14T05:00:02Z,245,Golden Chobo Ring,0.0007889899,2513.85,1.9834
2026-09-14T05:00:02Z,246,Golden Crusader Ring,0.000775,2513.85,1.9482
2026-09-14T05:00:02Z,247,Golden Foxglove Ring,0.000719,2513.85,1.8075
2026-09-14T05:00:02Z,248,Golden Overseer Ring,0.00079989,2513.85,2.0108
2026-09-14T05:00:02Z,249,Golden Summoner Ring,0.000768,2513.85,1.9306
2026-09-14T05:30:02Z,134,Chobo Silver Ring,4.69399999997e-05,2510.92,0.1179
2026-09-14T05:30:02Z,135,Crusader Silver Ring,6.19299886e-05,2510.92,0.1555
2026-09-14T05:30:02Z,136,Overseer Silver Ring,4.878999998981e-05,2510.92,0.1225
2026-09-14T05:30:02Z,137,Athena Silver Ring,4.49399999999e-05,2510.92,0.1128
2026-09-14T05:30:02Z,138,Archon Silver Ring,5.0439998999e-05,2510.92,0.1267
2026-09-14T05:30:02Z,139,Foxglove Silver Ring,4.9e-05,2510.92,0.123
2026-09-14T05:30:02Z,140,Summoner Silver Ring,4.6999999999e-05,2510.92,0.118
2026-09-14T05:30:02Z,243,Golden Archon Ring,0.0007498,2510.92,1.8827
2026-09-14T05:30:02Z,244,Golden Athena Ring,0.0008941,2510.92,2.245
2026-09-14T05:30:02Z,245,Golden Chobo Ring,0.0007889899,2510.92,1.9811
2026-09-14T05:30:02Z,246,Golden Crusader Ring,0.000775,2510.92,1.946
2026-09-14T05:30:02Z,247,Golden Foxglove Ring,0.000719,2510.92,1.8054
2026-09-14T05:30:02Z,248,Golden Overseer Ring,0.00079989,2510.92,2.0085
2026-09-14T05:30:02Z,249,Golden Summoner Ring,0.000768,2510.92,1.9284
2026-09-14T06:00:02Z,134,Chobo Silver Ring,4.69399999997e-05,2514.26,0.118
2026-09-14T06:00:02Z,135,Crusader Silver Ring,6.19299886e-05,2514.26,0.1557
2026-09-14T06:00:02Z,136,Overseer Silver Ring,4.878999998981e-05,2514.26,0.1227
2026-09-14T06:00:02Z,137,Athena Silver Ring,4.49399999999e-05,2514.26,0.113
2026-09-14T06:00:02Z,138,Archon Silver Ring,5.0439998999e-05,2514.26,0.1268
2026-09-14T06:00:02Z,139,Foxglove Silver Ring,4.929999991e-05,2514.26,0.124
2026-09-14T06:00:02Z,140,Summoner Silver Ring,4.6999999999e-05,2514.26,0.1182
2026-09-14T06:00:02Z,243,Golden Archon Ring,0.0007498,2514.26,1.8852
2026-09-14T06:00:02Z,244,Golden Athena Ring,0.0008941,2514.26,2.248
2026-09-14T06:00:02Z,245,Golden Chobo Ring,0.0007889899,2514.26,1.9837
2026-09-14T06:00:02Z,246,Golden Crusader Ring,0.000775,2514.26,1.9486
2026-09-14T06:00:02Z,247,Golden Foxglove Ring,0.000719,2514.26,1.8078
2026-09-14T06:00:02Z,248,Golden Overseer Ring,0.00079989,2514.26,2.0111
2026-09-14T06:00:02Z,249,Golden Summoner Ring,0.000768,2514.26,1.931
2026-09-14T06:30:03Z,134,Chobo Silver Ring,4.69399999997e-05,2517.56,0.1182
2026-09-14T06:30:03Z,135,Crusader Silver Ring,6.19299886e-05,2517.56,0.1559
2026-09-14T06:30:03Z,136,Overseer Silver Ring,4.878999998981e-05,2517.56,0.1228
2026-09-14T06:30:03Z,137,Athena Silver Ring,4.49399999999e-05,2517.56,0.1131
2026-09-14T06:30:03Z,138,Archon Silver Ring,5.0439998999e-05,2517.56,0.127
2026-09-14T06:30:03Z,139,Foxglove Silver Ring,4.929999991e-05,2517.56,0.1241
2026-09-14T06:30:03Z,140,Summoner Silver Ring,4.6999999999e-05,2517.56,0.1183
2026-09-14T06:30:03Z,243,Golden Archon Ring,0.0007498,2517.56,1.8877
2026-09-14T06:30:03Z,244,Golden Athena Ring,0.0008941,2517.56,2.251
2026-09-14T06:30:03Z,245,Golden Chobo Ring,0.0007889899,2517.56,1.9863
2026-09-14T06:30:03Z,246,Golden Crusader Ring,0.000775,2517.56,1.9511
2026-09-14T06:30:03Z,247,Golden Foxglove Ring,0.000719,2517.56,1.8101
2026-09-14T06:30:03Z,248,Golden Overseer Ring,0.00079989,2517.56,2.0138
2026-09-14T06:30:03Z,249,Golden Summoner Ring,0.000768,2517.56,1.9335
2026-09-14T07:00:02Z,134,Chobo Silver Ring,4.69399999997e-05,2516.79,0.1181
2026-09-14T07:00:02Z,135,Crusader Silver Ring,6.19299886e-05,2516.79,0.1559
2026-09-14T07:00:02Z,136,Overseer Silver Ring,4.878999998981e-05,2516.79,0.1228
2026-09-14T07:00:02Z,137,Athena Silver Ring,4.49399999999e-05,2516.79,0.1131
2026-09-14T07:00:02Z,138,Archon Silver Ring,5.0439998999e-05,2516.79,0.1269
2026-09-14T07:00:02Z,139,Foxglove Silver Ring,4.929999991e-05,2516.79,0.1241
2026-09-14T07:00:02Z,140,Summoner Silver Ring,4.6999999999e-05,2516.79,0.1183
2026-09-14T07:00:02Z,243,Golden Archon Ring,0.0007498,2516.79,1.8871
2026-09-14T07:00:02Z,244,Golden Athena Ring,0.0008941,2516.79,2.2503
2026-09-14T07:00:02Z,245,Golden Chobo Ring,0.0007889899,2516.79,1.9857
2026-09-14T07:00:02Z,246,Golden Crusader Ring,0.00063,2516.79,1.5856
2026-09-14T07:00:02Z,247,Golden Foxglove Ring,0.000719,2516.79,1.8096
2026-09-14T07:00:02Z,248,Golden Overseer Ring,0.00063,2516.79,1.5856
2026-09-14T07:00:02Z,249,Golden Summoner Ring,0.000768,2516.79,1.9329
2026-09-14T07:30:02Z,134,Chobo Silver Ring,4.69399999997e-05,2521.61,0.1184
2026-09-14T07:30:02Z,135,Crusader Silver Ring,6.19299886e-05,2521.61,0.1562
2026-09-14T07:30:02Z,136,Overseer Silver Ring,4.878999998981e-05,2521.61,0.123
2026-09-14T07:30:02Z,137,Athena Silver Ring,4.49399999999e-05,2521.61,0.1133
2026-09-14T07:30:02Z,138,Archon Silver Ring,5.0439998999e-05,2521.61,0.1272
2026-09-14T07:30:02Z,139,Foxglove Silver Ring,4.929999991e-05,2521.61,0.1243
2026-09-14T07:30:02Z,140,Summoner Silver Ring,4.6999999999e-05,2521.61,0.1185
2026-09-14T07:30:02Z,243,Golden Archon Ring,0.0007498,2521.61,1.8907
2026-09-14T07:30:02Z,244,Golden Athena Ring,0.0008941,2521.61,2.2546
2026-09-14T07:30:02Z,245,Golden Chobo Ring,0.0007889899,2521.61,1.9895
2026-09-14T07:30:02Z,246,Golden Crusader Ring,0.00063,2521.61,1.5886
2026-09-14T07:30:02Z,247,Golden Foxglove Ring,0.000719,2521.61,1.813
2026-09-14T07:30:02Z,248,Golden Overseer Ring,0.00063,2521.61,1.5886
2026-09-14T07:30:02Z,249,Golden Summoner Ring,0.000768,2521.61,1.9366
2026-09-14T08:00:02Z,134,Chobo Silver Ring,4.69399999997e-05,2520.45,0.1183
2026-09-14T08:00:02Z,135,Crusader Silver Ring,6.19299889e-05,2520.45,0.1561
2026-09-14T08:00:02Z,136,Overseer Silver Ring,4.87899999899e-05,2520.45,0.123
2026-09-14T08:00:02Z,137,Athena Silver Ring,4.49399999999e-05,2520.45,0.1133
2026-09-14T08:00:02Z,138,Archon Silver Ring,5.0439998999e-05,2520.45,0.1271
2026-09-14T08:00:02Z,139,Foxglove Silver Ring,4.929999991e-05,2520.45,0.1243
2026-09-14T08:00:02Z,140,Summoner Silver Ring,4.6999999999e-05,2520.45,0.1185
2026-09-14T08:00:02Z,243,Golden Archon Ring,0.00075,2520.45,1.8903
2026-09-14T08:00:02Z,244,Golden Athena Ring,0.00089409999,2520.45,2.2535
2026-09-14T08:00:02Z,245,Golden Chobo Ring,0.0007988999,2520.45,2.0136
2026-09-14T08:00:02Z,246,Golden Crusader Ring,0.000775,2520.45,1.9533
2026-09-14T08:00:02Z,247,Golden Foxglove Ring,0.00071899999,2520.45,1.8122
2026-09-14T08:00:02Z,248,Golden Overseer Ring,0.00079998,2520.45,2.0163
2026-09-14T08:00:02Z,249,Golden Summoner Ring,0.00077822,2520.45,1.9615
2026-09-14T08:30:03Z,134,Chobo Silver Ring,4.69399999996e-05,2527.24,0.1186
2026-09-14T08:30:03Z,135,Crusader Silver Ring,6.192998889e-05,2527.24,0.1565
2026-09-14T08:30:03Z,136,Overseer Silver Ring,4.87899999898e-05,2527.24,0.1233
2026-09-14T08:30:03Z,137,Athena Silver Ring,4.49399999999e-05,2527.24,0.1136
2026-09-14T08:30:03Z,138,Archon Silver Ring,5.0439998999e-05,2527.24,0.1275
2026-09-14T08:30:03Z,139,Foxglove Silver Ring,4.929999991e-05,2527.24,0.1246
2026-09-14T08:30:03Z,140,Summoner Silver Ring,4.6999999999e-05,2527.24,0.1188
2026-09-14T08:30:03Z,243,Golden Archon Ring,0.00075,2527.24,1.8954
2026-09-14T08:30:03Z,244,Golden Athena Ring,0.00089409999,2527.24,2.2596
2026-09-14T08:30:03Z,245,Golden Chobo Ring,0.0007988999,2527.24,2.019
2026-09-14T08:30:03Z,246,Golden Crusader Ring,0.000775,2527.24,1.9586
2026-09-14T08:30:03Z,247,Golden Foxglove Ring,0.00071899999,2527.24,1.8171
2026-09-14T08:30:03Z,248,Golden Overseer Ring,0.00079998,2527.24,2.0217
2026-09-14T08:30:03Z,249,Golden Summoner Ring,0.00077822,2527.24,1.9667
2026-09-14T09:00:02Z,134,Chobo Silver Ring,4.69399999996e-05,2515.58,0.1181
2026-09-14T09:00:02Z,135,Crusader Silver Ring,6.192998889e-05,2515.58,0.1558
2026-09-14T09:00:02Z,136,Overseer Silver Ring,4.87899999898e-05,2515.58,0.1227
2026-09-14T09:00:02Z,137,Athena Silver Ring,4.49399999999e-05,2515.58,0.1131
2026-09-14T09:00:02Z,138,Archon Silver Ring,5.043e-05,2515.58,0.1269
2026-09-14T09:00:02Z,139,Foxglove Silver Ring,4.929999991e-05,2515.58,0.124
2026-09-14T09:00:02Z,140,Summoner Silver Ring,4.6999999999e-05,2515.58,0.1182
2026-09-14T09:00:02Z,243,Golden Archon Ring,0.00075,2515.58,1.8867
2026-09-14T09:00:02Z,244,Golden Athena Ring,0.00089409999,2515.58,2.2492
2026-09-14T09:00:02Z,245,Golden Chobo Ring,0.0007988999,2515.58,2.0097
2026-09-14T09:00:02Z,246,Golden Crusader Ring,0.000775,2515.58,1.9496
2026-09-14T09:00:02Z,247,Golden Foxglove Ring,0.00071899999,2515.58,1.8087
2026-09-14T09:00:02Z,248,Golden Overseer Ring,0.00079998,2515.58,2.0124
2026-09-14T09:00:02Z,249,Golden Summoner Ring,0.00077822,2515.58,1.9577
2026-09-14T09:30:02Z,134,Chobo Silver Ring,4.69399999996e-05,2515.89,0.1181
2026-09-14T09:30:02Z,135,Crusader Silver Ring,6.192998889e-05,2515.89,0.1558
2026-09-14T09:30:02Z,136,Overseer Silver Ring,4.87899999898e-05,2515.89,0.1228
2026-09-14T09:30:02Z,137,Athena Silver Ring,4.493e-05,2515.89,0.113
2026-09-14T09:30:02Z,138,Archon Silver Ring,5.043e-05,2515.89,0.1269
2026-09-14T09:30:02Z,139,Foxglove Silver Ring,4.929999991e-05,2515.89,0.124
2026-09-14T09:30:02Z,140,Summoner Silver Ring,4.6999999999e-05,2515.89,0.1182
2026-09-14T09:30:02Z,243,Golden Archon Ring,0.000788999,2515.89,1.985
2026-09-14T09:30:02Z,244,Golden Athena Ring,0.00089409999,2515.89,2.2495
2026-09-14T09:30:02Z,245,Golden Chobo Ring,0.000819999,2515.89,2.063
2026-09-14T09:30:02Z,246,Golden Crusader Ring,0.000775,2515.89,1.9498
2026-09-14T09:30:02Z,247,Golden Foxglove Ring,0.00071899999,2515.89,1.8089
2026-09-14T09:30:02Z,248,Golden Overseer Ring,0.00079998,2515.89,2.0127
2026-09-14T09:30:02Z,249,Golden Summoner Ring,0.00077822,2515.89,1.9579
2026-09-14T10:00:02Z,134,Chobo Silver Ring,4.693999999997e-05,2530.62,0.1188
2026-09-14T10:00:02Z,135,Crusader Silver Ring,6.192998889e-05,2530.62,0.1567
2026-09-14T10:00:02Z,136,Overseer Silver Ring,4.87899999899e-05,2530.62,0.1235
2026-09-14T10:00:02Z,137,Athena Silver Ring,4.4939999999901e-05,2530.62,0.1137
2026-09-14T10:00:02Z,138,Archon Silver Ring,5.0439998999e-05,2530.62,0.1276
2026-09-14T10:00:02Z,139,Foxglove Silver Ring,4.944999988e-05,2530.62,0.1251
2026-09-14T10:00:02Z,140,Summoner Silver Ring,4.8e-05,2530.62,0.1215
2026-09-14T10:00:02Z,243,Golden Archon Ring,0.000788999,2530.62,1.9967
2026-09-14T10:00:02Z,244,Golden Athena Ring,0.00089409999,2530.62,2.2626
2026-09-14T10:00:02Z,245,Golden Chobo Ring,0.000819999,2530.62,2.0751
2026-09-14T10:00:02Z,246,Golden Crusader Ring,0.000775,2530.62,1.9612
2026-09-14T10:00:02Z,247,Golden Foxglove Ring,0.00071899999,2530.62,1.8195
2026-09-14T10:00:02Z,248,Golden Overseer Ring,0.00079998,2530.62,2.0244
2026-09-14T10:00:02Z,249,Golden Summoner Ring,0.00077822,2530.62,1.9694
2026-09-14T10:30:02Z,134,Chobo Silver Ring,4.693e-05,2516.94,0.1181
2026-09-14T10:30:02Z,135,Crusader Silver Ring,6.192998889e-05,2516.94,0.1559
2026-09-14T10:30:02Z,136,Overseer Silver Ring,4.878999998989e-05,2516.94,0.1228
2026-09-14T10:30:02Z,137,Athena Silver Ring,4.49399999999e-05,2516.94,0.1131
2026-09-14T10:30:02Z,138,Archon Silver Ring,5.043999899901e-05,2516.94,0.127
2026-09-14T10:30:02Z,139,Foxglove Silver Ring,4.944999988e-05,2516.94,0.1245
2026-09-14T10:30:02Z,140,Summoner Silver Ring,4.79999e-05,2516.94,0.1208
2026-09-14T10:30:02Z,243,Golden Archon Ring,0.000788999,2516.94,1.9859
2026-09-14T10:30:02Z,244,Golden Athena Ring,0.00089409999,2516.94,2.2504
2026-09-14T10:30:02Z,245,Golden Chobo Ring,0.000819999,2516.94,2.0639
2026-09-14T10:30:02Z,246,Golden Crusader Ring,0.000775,2516.94,1.9506
2026-09-14T10:30:02Z,247,Golden Foxglove Ring,0.00071899999,2516.94,1.8097
2026-09-14T10:30:02Z,248,Golden Overseer Ring,0.00079998,2516.94,2.0135
2026-09-14T10:30:02Z,249,Golden Summoner Ring,0.00077822,2516.94,1.9587
2026-09-14T11:00:02Z,134,Chobo Silver Ring,4.693e-05,2514.67,0.118
2026-09-14T11:00:02Z,135,Crusader Silver Ring,6.192998888e-05,2514.67,0.1557
2026-09-14T11:00:02Z,136,Overseer Silver Ring,4.878999998988e-05,2514.67,0.1227
2026-09-14T11:00:02Z,137,Athena Silver Ring,4.49399999999e-05,2514.67,0.113
2026-09-14T11:00:02Z,138,Archon Silver Ring,5.043999899901e-05,2514.67,0.1268
2026-09-14T11:00:02Z,139,Foxglove Silver Ring,4.944999987e-05,2514.67,0.1244
2026-09-14T11:00:02Z,140,Summoner Silver Ring,4.79998999999e-05,2514.67,0.1207
2026-09-14T11:00:02Z,243,Golden Archon Ring,0.000788999,2514.67,1.9841
2026-09-14T11:00:02Z,244,Golden Athena Ring,0.00089409999,2514.67,2.2484
2026-09-14T11:00:02Z,245,Golden Chobo Ring,0.000819999,2514.67,2.062
2026-09-14T11:00:02Z,246,Golden Crusader Ring,0.000775,2514.67,1.9489
2026-09-14T11:00:02Z,247,Golden Foxglove Ring,0.00071899999,2514.67,1.808
2026-09-14T11:00:02Z,248,Golden Overseer Ring,0.00079998,2514.67,2.0117
2026-09-14T11:00:02Z,249,Golden Summoner Ring,0.00077822,2514.67,1.957
2026-09-14T11:30:02Z,134,Chobo Silver Ring,4.693e-05,2513.88,0.118
2026-09-14T11:30:02Z,135,Crusader Silver Ring,5.4e-05,2513.88,0.1357
2026-09-14T11:30:02Z,136,Overseer Silver Ring,4.5e-05,2513.88,0.1131
2026-09-14T11:30:02Z,137,Athena Silver Ring,4.49399999999e-05,2513.88,0.113
2026-09-14T11:30:02Z,138,Archon Silver Ring,4.8e-05,2513.88,0.1207
2026-09-14T11:30:02Z,139,Foxglove Silver Ring,4.5e-05,2513.88,0.1131
2026-09-14T11:30:02Z,140,Summoner Silver Ring,4.79998999999e-05,2513.88,0.1207
2026-09-14T11:30:02Z,243,Golden Archon Ring,0.000788999,2513.88,1.9834
2026-09-14T11:30:02Z,244,Golden Athena Ring,0.00089409999,2513.88,2.2477
2026-09-14T11:30:02Z,245,Golden Chobo Ring,0.000819999,2513.88,2.0614
2026-09-14T11:30:02Z,246,Golden Crusader Ring,0.000775,2513.88,1.9483
2026-09-14T11:30:02Z,247,Golden Foxglove Ring,0.00071899999,2513.88,1.8075
2026-09-14T11:30:02Z,248,Golden Overseer Ring,0.00079997,2513.88,2.011
2026-09-14T11:30:02Z,249,Golden Summoner Ring,0.00077821,2513.88,1.9563
2026-09-14T12:00:02Z,134,Chobo Silver Ring,4.693e-05,2506.48,0.1176
2026-09-14T12:00:02Z,135,Crusader Silver Ring,5e-05,2506.48,0.1253
2026-09-14T12:00:02Z,136,Overseer Silver Ring,4.5e-05,2506.48,0.1128
2026-09-14T12:00:02Z,137,Athena Silver Ring,4.49399999999e-05,2506.48,0.1126
2026-09-14T12:00:02Z,138,Archon Silver Ring,4.8e-05,2506.48,0.1203
2026-09-14T12:00:02Z,139,Foxglove Silver Ring,4.5e-05,2506.48,0.1128
2026-09-14T12:00:02Z,140,Summoner Silver Ring,4.79999e-05,2506.48,0.1203
2026-09-14T12:00:02Z,243,Golden Archon Ring,0.000788999,2506.48,1.9776
2026-09-14T12:00:02Z,244,Golden Athena Ring,0.00089409999,2506.48,2.241
2026-09-14T12:00:02Z,245,Golden Chobo Ring,0.000819999,2506.48,2.0553
2026-09-14T12:00:02Z,246,Golden Crusader Ring,0.000775,2506.48,1.9425
2026-09-14T12:00:02Z,247,Golden Foxglove Ring,0.00071899999,2506.48,1.8022
2026-09-14T12:00:02Z,248,Golden Overseer Ring,0.00079997,2506.48,2.0051
2026-09-14T12:00:02Z,249,Golden Summoner Ring,0.00077821,2506.48,1.9506
2026-09-14T12:30:02Z,134,Chobo Silver Ring,4.6939999999969e-05,2511.93,0.1179
2026-09-14T12:30:02Z,135,Crusader Silver Ring,5e-05,2511.93,0.1256
2026-09-14T12:30:02Z,136,Overseer Silver Ring,4.5e-05,2511.93,0.113
2026-09-14T12:30:02Z,137,Athena Silver Ring,4.49399999999e-05,2511.93,0.1129
2026-09-14T12:30:02Z,138,Archon Silver Ring,4.4e-05,2511.93,0.1105
2026-09-14T12:30:02Z,139,Foxglove Silver Ring,4.5e-05,2511.93,0.113
2026-09-14T12:30:02Z,140,Summoner Silver Ring,4.79999e-05,2511.93,0.1206
2026-09-14T12:30:02Z,243,Golden Archon Ring,0.000788999,2511.93,1.9819
2026-09-14T12:30:02Z,244,Golden Athena Ring,0.00089409999,2511.93,2.2459
2026-09-14T12:30:02Z,245,Golden Chobo Ring,0.000819999,2511.93,2.0598
2026-09-14T12:30:02Z,246,Golden Crusader Ring,0.000775,2511.93,1.9467
2026-09-14T12:30:02Z,247,Golden Foxglove Ring,0.00071899999,2511.93,1.8061
2026-09-14T12:30:02Z,248,Golden Overseer Ring,0.00079997,2511.93,2.0095
2026-09-14T12:30:02Z,249,Golden Summoner Ring,0.00077821,2511.93,1.9548
2026-09-14T13:00:02Z,134,Chobo Silver Ring,4.6939999999969e-05,2504.86,0.1176
2026-09-14T13:00:02Z,135,Crusader Silver Ring,5e-05,2504.86,0.1252
2026-09-14T13:00:02Z,136,Overseer Silver Ring,4.5e-05,2504.86,0.1127
2026-09-14T13:00:02Z,137,Athena Silver Ring,4.4939999999901e-05,2504.86,0.1126
2026-09-14T13:00:02Z,138,Archon Silver Ring,4.4e-05,2504.86,0.1102
2026-09-14T13:00:02Z,139,Foxglove Silver Ring,4.5e-05,2504.86,0.1127
2026-09-14T13:00:02Z,140,Summoner Silver Ring,4.79999e-05,2504.86,0.1202
2026-09-14T13:00:02Z,243,Golden Archon Ring,0.00078,2504.86,1.9538
2026-09-14T13:00:02Z,244,Golden Athena Ring,0.00089,2504.86,2.2293
2026-09-14T13:00:02Z,245,Golden Chobo Ring,0.00080999,2504.86,2.0289
2026-09-14T13:00:02Z,246,Golden Crusader Ring,0.0007,2504.86,1.7534
2026-09-14T13:00:02Z,247,Golden Foxglove Ring,0.00071,2504.86,1.7785
2026-09-14T13:00:02Z,248,Golden Overseer Ring,0.00079,2504.86,1.9788
2026-09-14T13:00:02Z,249,Golden Summoner Ring,0.00077,2504.86,1.9287
2026-09-14T13:30:02Z,134,Chobo Silver Ring,4.6939999999969e-05,2499.13,0.1173
2026-09-14T13:30:02Z,135,Crusader Silver Ring,5e-05,2499.13,0.125
2026-09-14T13:30:02Z,136,Overseer Silver Ring,4.5e-05,2499.13,0.1125
2026-09-14T13:30:02Z,137,Athena Silver Ring,4.4939999999901e-05,2499.13,0.1123
2026-09-14T13:30:02Z,138,Archon Silver Ring,4.4e-05,2499.13,0.11
2026-09-14T13:30:02Z,139,Foxglove Silver Ring,4.5e-05,2499.13,0.1125
2026-09-14T13:30:02Z,140,Summoner Silver Ring,4.79999e-05,2499.13,0.12
2026-09-14T13:30:02Z,243,Golden Archon Ring,0.00078,2499.13,1.9493
2026-09-14T13:30:02Z,244,Golden Athena Ring,0.00089,2499.13,2.2242
2026-09-14T13:30:02Z,245,Golden Chobo Ring,0.00080999,2499.13,2.0243
2026-09-14T13:30:02Z,246,Golden Crusader Ring,0.0007,2499.13,1.7494
2026-09-14T13:30:02Z,247,Golden Foxglove Ring,0.00071,2499.13,1.7744
2026-09-14T13:30:02Z,248,Golden Overseer Ring,0.00079,2499.13,1.9743
2026-09-14T13:30:02Z,249,Golden Summoner Ring,0.00077,2499.13,1.9243
2026-09-14T14:00:03Z,134,Chobo Silver Ring,4e-05,2498.76,0.1
2026-09-14T14:00:03Z,135,Crusader Silver Ring,5e-05,2498.76,0.1249
2026-09-14T14:00:03Z,136,Overseer Silver Ring,4e-05,2498.76,0.1
2026-09-14T14:00:03Z,137,Athena Silver Ring,4e-05,2498.76,0.1
2026-09-14T14:00:03Z,138,Archon Silver Ring,4e-05,2498.76,0.1
2026-09-14T14:00:03Z,139,Foxglove Silver Ring,4e-05,2498.76,0.1
2026-09-14T14:00:03Z,140,Summoner Silver Ring,4e-05,2498.76,0.1
2026-09-14T14:00:03Z,243,Golden Archon Ring,0.00078,2498.76,1.949
2026-09-14T14:00:03Z,244,Golden Athena Ring,0.00089,2498.76,2.2239
2026-09-14T14:00:03Z,245,Golden Chobo Ring,0.00080999,2498.76,2.024
2026-09-14T14:00:03Z,246,Golden Crusader Ring,0.0007,2498.76,1.7491
2026-09-14T14:00:03Z,247,Golden Foxglove Ring,0.00071,2498.76,1.7741
2026-09-14T14:00:03Z,248,Golden Overseer Ring,0.00079,2498.76,1.974
2026-09-14T14:00:03Z,249,Golden Summoner Ring,0.00077,2498.76,1.924
2026-09-14T14:30:02Z,134,Chobo Silver Ring,4e-05,2506.23,0.1002
2026-09-14T14:30:02Z,135,Crusader Silver Ring,5e-05,2506.23,0.1253
2026-09-14T14:30:02Z,136,Overseer Silver Ring,4e-05,2506.23,0.1002
2026-09-14T14:30:02Z,137,Athena Silver Ring,4e-05,2506.23,0.1002
2026-09-14T14:30:02Z,138,Archon Silver Ring,4.4e-05,2506.23,0.1103
2026-09-14T14:30:02Z,139,Foxglove Silver Ring,4e-05,2506.23,0.1002
2026-09-14T14:30:02Z,140,Summoner Silver Ring,4e-05,2506.23,0.1002
2026-09-14T14:30:02Z,243,Golden Archon Ring,0.00078,2506.23,1.9549
2026-09-14T14:30:02Z,244,Golden Athena Ring,0.00089,2506.23,2.2305
2026-09-14T14:30:02Z,245,Golden Chobo Ring,0.00080999,2506.23,2.03
2026-09-14T14:30:02Z,246,Golden Crusader Ring,0.0007,2506.23,1.7544
2026-09-14T14:30:02Z,247,Golden Foxglove Ring,0.00071,2506.23,1.7794
2026-09-14T14:30:02Z,248,Golden Overseer Ring,0.00079,2506.23,1.9799
2026-09-14T14:30:02Z,249,Golden Summoner Ring,0.00077,2506.23,1.9298
2026-09-14T15:00:02Z,134,Chobo Silver Ring,4e-05,2503.83,0.1002
2026-09-14T15:00:02Z,135,Crusader Silver Ring,5e-05,2503.83,0.1252
2026-09-14T15:00:02Z,136,Overseer Silver Ring,4e-05,2503.83,0.1002
2026-09-14T15:00:02Z,137,Athena Silver Ring,4e-05,2503.83,0.1002
2026-09-14T15:00:02Z,138,Archon Silver Ring,4.4e-05,2503.83,0.1102
2026-09-14T15:00:02Z,139,Foxglove Silver Ring,4e-05,2503.83,0.1002
2026-09-14T15:00:02Z,140,Summoner Silver Ring,4e-05,2503.83,0.1002
2026-09-14T15:00:02Z,243,Golden Archon Ring,0.00078,2503.83,1.953
2026-09-14T15:00:02Z,244,Golden Athena Ring,0.00089,2503.83,2.2284
2026-09-14T15:00:02Z,245,Golden Chobo Ring,0.00080999,2503.83,2.0281
2026-09-14T15:00:02Z,246,Golden Crusader Ring,0.00065,2503.83,1.6275
2026-09-14T15:00:02Z,247,Golden Foxglove Ring,0.00071,2503.83,1.7777
2026-09-14T15:00:02Z,248,Golden Overseer Ring,0.00074,2503.83,1.8528
2026-09-14T15:00:02Z,249,Golden Summoner Ring,0.00077,2503.83,1.9279
2026-09-14T15:30:02Z,134,Chobo Silver Ring,4e-05,2501.09,0.1
2026-09-14T15:30:02Z,135,Crusader Silver Ring,5e-05,2501.09,0.1251
2026-09-14T15:30:02Z,136,Overseer Silver Ring,4e-05,2501.09,0.1
2026-09-14T15:30:02Z,137,Athena Silver Ring,4e-05,2501.09,0.1
2026-09-14T15:30:02Z,138,Archon Silver Ring,4.4e-05,2501.09,0.11
2026-09-14T15:30:02Z,139,Foxglove Silver Ring,4e-05,2501.09,0.1
2026-09-14T15:30:02Z,140,Summoner Silver Ring,4e-05,2501.09,0.1
2026-09-14T15:30:02Z,243,Golden Archon Ring,0.00078,2501.09,1.9509
2026-09-14T15:30:02Z,244,Golden Athena Ring,0.00089,2501.09,2.226
2026-09-14T15:30:02Z,245,Golden Chobo Ring,0.00080999,2501.09,2.0259
2026-09-14T15:30:02Z,246,Golden Crusader Ring,0.00065,2501.09,1.6257
2026-09-14T15:30:02Z,247,Golden Foxglove Ring,0.00071,2501.09,1.7758
2026-09-14T15:30:02Z,248,Golden Overseer Ring,0.00074,2501.09,1.8508
2026-09-14T15:30:02Z,249,Golden Summoner Ring,0.00077,2501.09,1.9258
2026-09-14T16:00:02Z,134,Chobo Silver Ring,4e-05,2508.2,0.1003
2026-09-14T16:00:02Z,135,Crusader Silver Ring,5e-05,2508.2,0.1254
2026-09-14T16:00:02Z,136,Overseer Silver Ring,4e-05,2508.2,0.1003
2026-09-14T16:00:02Z,137,Athena Silver Ring,4e-05,2508.2,0.1003
2026-09-14T16:00:02Z,138,Archon Silver Ring,4.4e-05,2508.2,0.1104
2026-09-14T16:00:02Z,139,Foxglove Silver Ring,4e-05,2508.2,0.1003
2026-09-14T16:00:02Z,140,Summoner Silver Ring,4e-05,2508.2,0.1003
2026-09-14T16:00:02Z,243,Golden Archon Ring,0.00076,2508.2,1.9062
2026-09-14T16:00:02Z,244,Golden Athena Ring,0.0008,2508.2,2.0066
2026-09-14T16:00:02Z,245,Golden Chobo Ring,0.00078,2508.2,1.9564
2026-09-14T16:00:02Z,246,Golden Crusader Ring,0.00065,2508.2,1.6303
2026-09-14T16:00:02Z,247,Golden Foxglove Ring,0.00071,2508.2,1.7808
2026-09-14T16:00:02Z,248,Golden Overseer Ring,0.00074,2508.2,1.8561
2026-09-14T16:00:02Z,249,Golden Summoner Ring,0.00077,2508.2,1.9313
2026-09-14T16:30:02Z,134,Chobo Silver Ring,4e-05,2519.75,0.1008
2026-09-14T16:30:02Z,135,Crusader Silver Ring,5e-05,2519.75,0.126
2026-09-14T16:30:02Z,136,Overseer Silver Ring,4e-05,2519.75,0.1008
2026-09-14T16:30:02Z,137,Athena Silver Ring,4e-05,2519.75,0.1008
2026-09-14T16:30:02Z,138,Archon Silver Ring,4.4e-05,2519.75,0.1109
2026-09-14T16:30:02Z,139,Foxglove Silver Ring,4e-05,2519.75,0.1008
2026-09-14T16:30:02Z,140,Summoner Silver Ring,4e-05,2519.75,0.1008
2026-09-14T16:30:02Z,243,Golden Archon Ring,0.00076,2519.75,1.915
2026-09-14T16:30:02Z,244,Golden Athena Ring,0.0008,2519.75,2.0158
2026-09-14T16:30:02Z,245,Golden Chobo Ring,0.00078,2519.75,1.9654
2026-09-14T16:30:02Z,246,Golden Crusader Ring,0.00065,2519.75,1.6378
2026-09-14T16:30:02Z,247,Golden Foxglove Ring,0.00071,2519.75,1.789
2026-09-14T16:30:02Z,248,Golden Overseer Ring,0.00074,2519.75,1.8646
2026-09-14T16:30:02Z,249,Golden Summoner Ring,0.00077,2519.75,1.9402
2026-09-14T17:00:03Z,134,Chobo Silver Ring,4e-05,2529.07,0.1012
2026-09-14T17:00:03Z,135,Crusader Silver Ring,5e-05,2529.07,0.1265
2026-09-14T17:00:03Z,136,Overseer Silver Ring,4e-05,2529.07,0.1012
2026-09-14T17:00:03Z,137,Athena Silver Ring,4e-05,2529.07,0.1012
2026-09-14T17:00:03Z,138,Archon Silver Ring,4.4e-05,2529.07,0.1113
2026-09-14T17:00:03Z,139,Foxglove Silver Ring,4e-05,2529.07,0.1012
2026-09-14T17:00:03Z,140,Summoner Silver Ring,4e-05,2529.07,0.1012
2026-09-14T17:00:03Z,243,Golden Archon Ring,0.00076,2529.07,1.9221
2026-09-14T17:00:03Z,244,Golden Athena Ring,0.0008,2529.07,2.0233
2026-09-14T17:00:03Z,245,Golden Chobo Ring,0.00078,2529.07,1.9727
2026-09-14T17:00:03Z,246,Golden Crusader Ring,0.0007,2529.07,1.7703
2026-09-14T17:00:03Z,247,Golden Foxglove Ring,0.00071,2529.07,1.7956
2026-09-14T17:00:03Z,248,Golden Overseer Ring,0.00074,2529.07,1.8715
2026-09-14T17:00:03Z,249,Golden Summoner Ring,0.00077,2529.07,1.9474
2026-09-14T17:30:02Z,134,Chobo Silver Ring,4e-05,2530.73,0.1012
2026-09-14T17:30:02Z,135,Crusader Silver Ring,5e-05,2530.73,0.1265
2026-09-14T17:30:02Z,136,Overseer Silver Ring,4e-05,2530.73,0.1012
2026-09-14T17:30:02Z,137,Athena Silver Ring,4e-05,2530.73,0.1012
2026-09-14T17:30:02Z,138,Archon Silver Ring,3.8e-05,2530.73,0.0962
2026-09-14T17:30:02Z,139,Foxglove Silver Ring,4e-05,2530.73,0.1012
2026-09-14T17:30:02Z,140,Summoner Silver Ring,4e-05,2530.73,0.1012
2026-09-14T17:30:02Z,243,Golden Archon Ring,0.00076,2530.73,1.9234
2026-09-14T17:30:02Z,244,Golden Athena Ring,0.0008,2530.73,2.0246
2026-09-14T17:30:02Z,245,Golden Chobo Ring,0.00078,2530.73,1.974
2026-09-14T17:30:02Z,246,Golden Crusader Ring,0.0007,2530.73,1.7715
2026-09-14T17:30:02Z,247,Golden Foxglove Ring,0.00071,2530.73,1.7968
2026-09-14T17:30:02Z,248,Golden Overseer Ring,0.00074,2530.73,1.8727
2026-09-14T17:30:02Z,249,Golden Summoner Ring,0.00077,2530.73,1.9487
2026-09-14T18:00:03Z,134,Chobo Silver Ring,3.99999e-05,2534,0.1014
2026-09-14T18:00:03Z,135,Crusader Silver Ring,4.999999e-05,2534,0.1267
2026-09-14T18:00:03Z,136,Overseer Silver Ring,4e-05,2534,0.1014
2026-09-14T18:00:03Z,137,Athena Silver Ring,3.9999e-05,2534,0.1014
2026-09-14T18:00:03Z,138,Archon Silver Ring,3.79999e-05,2534,0.0963
2026-09-14T18:00:03Z,139,Foxglove Silver Ring,3.99999e-05,2534,0.1014
2026-09-14T18:00:03Z,140,Summoner Silver Ring,4e-05,2534,0.1014
2026-09-14T18:00:03Z,243,Golden Archon Ring,0.00076,2534,1.9258
2026-09-14T18:00:03Z,244,Golden Athena Ring,0.0008,2534,2.0272
2026-09-14T18:00:03Z,245,Golden Chobo Ring,0.00078,2534,1.9765
2026-09-14T18:00:03Z,246,Golden Crusader Ring,0.0007,2534,1.7738
2026-09-14T18:00:03Z,247,Golden Foxglove Ring,0.00071,2534,1.7991
2026-09-14T18:00:03Z,248,Golden Overseer Ring,0.00074,2534,1.8752
2026-09-14T18:00:03Z,249,Golden Summoner Ring,0.00077,2534,1.9512
2026-09-14T18:05:13Z,134,Chobo Silver Ring,3.99998999e-05,2533.05,0.1013
2026-09-14T18:05:13Z,135,Crusader Silver Ring,4.999999e-05,2533.05,0.1267
2026-09-14T18:05:13Z,136,Overseer Silver Ring,3.99999e-05,2533.05,0.1013
2026-09-14T18:05:13Z,137,Athena Silver Ring,3.9999e-05,2533.05,0.1013
2026-09-14T18:05:13Z,138,Archon Silver Ring,3.79999e-05,2533.05,0.0963
2026-09-14T18:05:13Z,139,Foxglove Silver Ring,3.99999e-05,2533.05,0.1013
2026-09-14T18:05:13Z,140,Summoner Silver Ring,4e-05,2533.05,0.1013
2026-09-14T18:05:13Z,243,Golden Archon Ring,0.00076,2533.05,1.9251
2026-09-14T18:05:13Z,244,Golden Athena Ring,0.0008,2533.05,2.0264
2026-09-14T18:05:13Z,245,Golden Chobo Ring,0.00078,2533.05,1.9758
2026-09-14T18:05:13Z,246,Golden Crusader Ring,0.0007,2533.05,1.7731
2026-09-14T18:05:13Z,247,Golden Foxglove Ring,0.00071,2533.05,1.7985
2026-09-14T18:05:13Z,248,Golden Overseer Ring,0.00074,2533.05,1.8745
2026-09-14T18:05:13Z,249,Golden Summoner Ring,0.00077,2533.05,1.9504
2026-09-14T18:30:02Z,134,Chobo Silver Ring,4.6939999999969e-05,2535.88,0.119
2026-09-14T18:30:02Z,135,Crusader Silver Ring,4.999999e-05,2535.88,0.1268
2026-09-14T18:30:02Z,136,Overseer Silver Ring,4e-05,2535.88,0.1014
2026-09-14T18:30:02Z,137,Athena Silver Ring,3.9999e-05,2535.88,0.1014
2026-09-14T18:30:02Z,138,Archon Silver Ring,4.4e-05,2535.88,0.1116
2026-09-14T18:30:02Z,139,Foxglove Silver Ring,3.99999e-05,2535.88,0.1014
2026-09-14T18:30:02Z,140,Summoner Silver Ring,4e-05,2535.88,0.1014
2026-09-14T18:30:02Z,243,Golden Archon Ring,0.00076,2535.88,1.9273
2026-09-14T18:30:02Z,244,Golden Athena Ring,0.00075,2535.88,1.9019
2026-09-14T18:30:02Z,245,Golden Chobo Ring,0.0007,2535.88,1.7751
2026-09-14T18:30:02Z,246,Golden Crusader Ring,0.0007,2535.88,1.7751
2026-09-14T18:30:02Z,247,Golden Foxglove Ring,0.0007,2535.88,1.7751
2026-09-14T18:30:02Z,248,Golden Overseer Ring,0.0007,2535.88,1.7751
2026-09-14T18:30:02Z,249,Golden Summoner Ring,0.00075,2535.88,1.9019
2026-09-14T19:00:02Z,134,Chobo Silver Ring,4.6939999999969e-05,2538.74,0.1192
2026-09-14T19:00:02Z,135,Crusader Silver Ring,4.999999e-05,2538.74,0.1269
2026-09-14T19:00:02Z,136,Overseer Silver Ring,4.878999998989e-05,2538.74,0.1239
2026-09-14T19:00:02Z,137,Athena Silver Ring,4e-05,2538.74,0.1015
2026-09-14T19:00:02Z,138,Archon Silver Ring,4.4e-05,2538.74,0.1117
2026-09-14T19:00:02Z,139,Foxglove Silver Ring,3.99999e-05,2538.74,0.1015
2026-09-14T19:00:02Z,140,Summoner Silver Ring,4e-05,2538.74,0.1015
2026-09-14T19:00:02Z,243,Golden Archon Ring,0.00076,2538.74,1.9294
2026-09-14T19:00:02Z,244,Golden Athena Ring,0.00075,2538.74,1.9041
2026-09-14T19:00:02Z,245,Golden Chobo Ring,0.0006999999,2538.74,1.7771
2026-09-14T19:00:02Z,246,Golden Crusader Ring,0.0007,2538.74,1.7771
2026-09-14T19:00:02Z,247,Golden Foxglove Ring,0.0007,2538.74,1.7771
2026-09-14T19:00:02Z,248,Golden Overseer Ring,0.0007,2538.74,1.7771
2026-09-14T19:00:02Z,249,Golden Summoner Ring,0.00075,2538.74,1.9041
2026-09-14T19:30:05Z,134,Chobo Silver Ring,4.6939999999969e-05,2545.9,0.1195
2026-09-14T19:30:05Z,135,Crusader Silver Ring,4.999999e-05,2545.9,0.1273
2026-09-14T19:30:05Z,136,Overseer Silver Ring,4.878999998989e-05,2545.9,0.1242
2026-09-14T19:30:05Z,137,Athena Silver Ring,4e-05,2545.9,0.1018
2026-09-14T19:30:05Z,138,Archon Silver Ring,4.4e-05,2545.9,0.112
2026-09-14T19:30:05Z,139,Foxglove Silver Ring,3.99999e-05,2545.9,0.1018
2026-09-14T19:30:05Z,140,Summoner Silver Ring,4e-05,2545.9,0.1018
2026-09-14T19:30:05Z,243,Golden Archon Ring,0.000759999,2545.9,1.9349
2026-09-14T19:30:05Z,244,Golden Athena Ring,0.00075,2545.9,1.9094
2026-09-14T19:30:05Z,245,Golden Chobo Ring,0.0006999999,2545.9,1.7821
2026-09-14T19:30:05Z,246,Golden Crusader Ring,0.0007,2545.9,1.7821
2026-09-14T19:30:05Z,247,Golden Foxglove Ring,0.0007,2545.9,1.7821
2026-09-14T19:30:05Z,248,Golden Overseer Ring,0.0007,2545.9,1.7821
2026-09-14T19:30:05Z,249,Golden Summoner Ring,0.00074999,2545.9,1.9094
2026-09-14T20:00:02Z,134,Chobo Silver Ring,4.693e-05,2540.83,0.1192
2026-09-14T20:00:02Z,135,Crusader Silver Ring,4.999999e-05,2540.83,0.127
2026-09-14T20:00:02Z,136,Overseer Silver Ring,4.878999998989e-05,2540.83,0.124
2026-09-14T20:00:02Z,137,Athena Silver Ring,4e-05,2540.83,0.1016
2026-09-14T20:00:02Z,138,Archon Silver Ring,4.4e-05,2540.83,0.1118
2026-09-14T20:00:02Z,139,Foxglove Silver Ring,3.99999e-05,2540.83,0.1016
2026-09-14T20:00:02Z,140,Summoner Silver Ring,4e-05,2540.83,0.1016
2026-09-14T20:00:02Z,243,Golden Archon Ring,0.000759999,2540.83,1.931
2026-09-14T20:00:02Z,244,Golden Athena Ring,0.00075,2540.83,1.9056
2026-09-14T20:00:02Z,245,Golden Chobo Ring,0.0006999998,2540.83,1.7786
2026-09-14T20:00:02Z,246,Golden Crusader Ring,0.0007,2540.83,1.7786
2026-09-14T20:00:02Z,247,Golden Foxglove Ring,0.0007,2540.83,1.7786
2026-09-14T20:00:02Z,248,Golden Overseer Ring,0.0007,2540.83,1.7786
2026-09-14T20:00:02Z,249,Golden Summoner Ring,0.00074999,2540.83,1.9056
2026-09-14T20:30:03Z,134,Chobo Silver Ring,4.687e-05,2598.99,0.1218
2026-09-14T20:30:03Z,135,Crusader Silver Ring,6.192998889e-05,2598.99,0.161
2026-09-14T20:30:03Z,136,Overseer Silver Ring,4.878999998989e-05,2598.99,0.1268
2026-09-14T20:30:03Z,137,Athena Silver Ring,4e-05,2598.99,0.104
2026-09-14T20:30:03Z,138,Archon Silver Ring,4.4e-05,2598.99,0.1144
2026-09-14T20:30:03Z,139,Foxglove Silver Ring,3.99999e-05,2598.99,0.104
2026-09-14T20:30:03Z,140,Summoner Silver Ring,4.79999e-05,2598.99,0.1248
2026-09-14T20:30:03Z,243,Golden Archon Ring,0.000759999,2598.99,1.9752
2026-09-14T20:30:03Z,244,Golden Athena Ring,0.00075,2598.99,1.9492
2026-09-14T20:30:03Z,245,Golden Chobo Ring,0.0006999998,2598.99,1.8193
2026-09-14T20:30:03Z,246,Golden Crusader Ring,0.0007,2598.99,1.8193
2026-09-14T20:30:03Z,247,Golden Foxglove Ring,0.0007,2598.99,1.8193
2026-09-14T20:30:03Z,248,Golden Overseer Ring,0.0007,2598.99,1.8193
2026-09-14T20:30:03Z,249,Golden Summoner Ring,0.00074999,2598.99,1.9492
2026-09-14T21:00:02Z,134,Chobo Silver Ring,4.687e-05,2568.4,0.1204
2026-09-14T21:00:02Z,135,Crusader Silver Ring,6.192998889e-05,2568.4,0.1591
2026-09-14T21:00:02Z,136,Overseer Silver Ring,4.878999998989e-05,2568.4,0.1253
2026-09-14T21:00:02Z,137,Athena Silver Ring,4e-05,2568.4,0.1027
2026-09-14T21:00:02Z,138,Archon Silver Ring,4.4e-05,2568.4,0.113
2026-09-14T21:00:02Z,139,Foxglove Silver Ring,4.944999988e-05,2568.4,0.127
2026-09-14T21:00:02Z,140,Summoner Silver Ring,4.79999e-05,2568.4,0.1233
2026-09-14T21:00:02Z,243,Golden Archon Ring,0.00075899,2568.4,1.9494
2026-09-14T21:00:02Z,244,Golden Athena Ring,0.00075,2568.4,1.9263
2026-09-14T21:00:02Z,245,Golden Chobo Ring,0.00069999898,2568.4,1.7979
2026-09-14T21:00:02Z,246,Golden Crusader Ring,0.00069,2568.4,1.7722
2026-09-14T21:00:02Z,247,Golden Foxglove Ring,0.0007,2568.4,1.7979
2026-09-14T21:00:02Z,248,Golden Overseer Ring,0.0007,2568.4,1.7979
2026-09-14T21:00:02Z,249,Golden Summoner Ring,0.00074999,2568.4,1.9263
2026-09-14T21:30:03Z,134,Chobo Silver Ring,4.687e-05,2558.7,0.1199
2026-09-14T21:30:03Z,135,Crusader Silver Ring,6.192998889e-05,2558.7,0.1585
2026-09-14T21:30:03Z,136,Overseer Silver Ring,4.878999998989e-05,2558.7,0.1248
2026-09-14T21:30:03Z,137,Athena Silver Ring,4.48e-05,2558.7,0.1146
2026-09-14T21:30:03Z,138,Archon Silver Ring,4.4e-05,2558.7,0.1126
2026-09-14T21:30:03Z,139,Foxglove Silver Ring,4.944999988e-05,2558.7,0.1265
2026-09-14T21:30:03Z,140,Summoner Silver Ring,4.79999e-05,2558.7,0.1228
2026-09-14T21:30:03Z,243,Golden Archon Ring,0.00075899,2558.7,1.942
2026-09-14T21:30:03Z,244,Golden Athena Ring,0.00075,2558.7,1.919
2026-09-14T21:30:03Z,245,Golden Chobo Ring,0.00069999898,2558.7,1.7911
2026-09-14T21:30:03Z,246,Golden Crusader Ring,0.00069,2558.7,1.7655
2026-09-14T21:30:03Z,247,Golden Foxglove Ring,0.0007,2558.7,1.7911
2026-09-14T21:30:03Z,248,Golden Overseer Ring,0.0007,2558.7,1.7911
2026-09-14T21:30:03Z,249,Golden Summoner Ring,0.00074999,2558.7,1.919
2026-09-14T22:00:02Z,134,Chobo Silver Ring,4.687e-05,2547.91,0.1194
2026-09-14T22:00:02Z,135,Crusader Silver Ring,6.19299889e-05,2547.91,0.1578
2026-09-14T22:00:02Z,136,Overseer Silver Ring,4.878999998989e-05,2547.91,0.1243
2026-09-14T22:00:02Z,137,Athena Silver Ring,4.5e-05,2547.91,0.1147
2026-09-14T22:00:02Z,138,Archon Silver Ring,4.4e-05,2547.91,0.1121
2026-09-14T22:00:02Z,139,Foxglove Silver Ring,4.944999988e-05,2547.91,0.126
2026-09-14T22:00:02Z,140,Summoner Silver Ring,4.79999e-05,2547.91,0.1223
2026-09-14T22:00:02Z,243,Golden Archon Ring,0.00075899,2547.91,1.9338
2026-09-14T22:00:02Z,244,Golden Athena Ring,0.00075,2547.91,1.9109
2026-09-14T22:00:02Z,245,Golden Chobo Ring,0.00069999898,2547.91,1.7835
2026-09-14T22:00:02Z,246,Golden Crusader Ring,0.00069,2547.91,1.7581
2026-09-14T22:00:02Z,247,Golden Foxglove Ring,0.0007,2547.91,1.7835
2026-09-14T22:00:02Z,248,Golden Overseer Ring,0.0007,2547.91,1.7835
2026-09-14T22:00:02Z,249,Golden Summoner Ring,0.00074999,2547.91,1.9109
2026-09-14T22:30:02Z,134,Chobo Silver Ring,4.693e-05,2541.65,0.1193
2026-09-14T22:30:02Z,135,Crusader Silver Ring,6.19299889e-05,2541.65,0.1574
2026-09-14T22:30:02Z,136,Overseer Silver Ring,4.878999998989e-05,2541.65,0.124
2026-09-14T22:30:02Z,137,Athena Silver Ring,4.5e-05,2541.65,0.1144
2026-09-14T22:30:02Z,138,Archon Silver Ring,4.4e-05,2541.65,0.1118
2026-09-14T22:30:02Z,139,Foxglove Silver Ring,4.944999988e-05,2541.65,0.1257
2026-09-14T22:30:02Z,140,Summoner Silver Ring,4.79999e-05,2541.65,0.122
2026-09-14T22:30:02Z,243,Golden Archon Ring,0.000758,2541.65,1.9266
2026-09-14T22:30:02Z,244,Golden Athena Ring,0.000748,2541.65,1.9012
2026-09-14T22:30:02Z,245,Golden Chobo Ring,0.000697,2541.65,1.7715
2026-09-14T22:30:02Z,246,Golden Crusader Ring,0.000679,2541.65,1.7258
2026-09-14T22:30:02Z,247,Golden Foxglove Ring,0.000699,2541.65,1.7766
2026-09-14T22:30:02Z,248,Golden Overseer Ring,0.0007,2541.65,1.7792
2026-09-14T22:30:02Z,249,Golden Summoner Ring,0.00074,2541.65,1.8808
2026-09-14T23:00:02Z,134,Chobo Silver Ring,4.693e-05,2533.38,0.1189
2026-09-14T23:00:02Z,135,Crusader Silver Ring,6.19299889e-05,2533.38,0.1569
2026-09-14T23:00:02Z,136,Overseer Silver Ring,4.878999998989e-05,2533.38,0.1236
2026-09-14T23:00:02Z,137,Athena Silver Ring,4.5e-05,2533.38,0.114
2026-09-14T23:00:02Z,138,Archon Silver Ring,4.8e-05,2533.38,0.1216
2026-09-14T23:00:02Z,139,Foxglove Silver Ring,4.944999988e-05,2533.38,0.1253
2026-09-14T23:00:02Z,140,Summoner Silver Ring,4.79999e-05,2533.38,0.1216
2026-09-14T23:00:02Z,243,Golden Archon Ring,0.000758,2533.38,1.9203
2026-09-14T23:00:02Z,244,Golden Athena Ring,0.000748,2533.38,1.895
2026-09-14T23:00:02Z,245,Golden Chobo Ring,0.000697,2533.38,1.7658
2026-09-14T23:00:02Z,246,Golden Crusader Ring,0.000679,2533.38,1.7202
2026-09-14T23:00:02Z,247,Golden Foxglove Ring,0.000699,2533.38,1.7708
2026-09-14T23:00:02Z,248,Golden Overseer Ring,0.0007,2533.38,1.7734
2026-09-14T23:00:02Z,249,Golden Summoner Ring,0.00074,2533.38,1.8747
2026-09-14T23:30:06Z,134,Chobo Silver Ring,4.693e-05,2525.41,0.1185
2026-09-14T23:30:06Z,135,Crusader Silver Ring,6.19e-05,2525.41,0.1563
2026-09-14T23:30:06Z,136,Overseer Silver Ring,4.87e-05,2525.41,0.123
2026-09-14T23:30:06Z,137,Athena Silver Ring,4.5e-05,2525.41,0.1136
2026-09-14T23:30:06Z,138,Archon Silver Ring,4.8e-05,2525.41,0.1212
2026-09-14T23:30:06Z,139,Foxglove Silver Ring,4.944999988e-05,2525.41,0.1249
2026-09-14T23:30:06Z,140,Summoner Silver Ring,4.79e-05,2525.41,0.121
2026-09-14T23:30:06Z,243,Golden Archon Ring,0.000758,2525.41,1.9143
2026-09-14T23:30:06Z,244,Golden Athena Ring,0.000748,2525.41,1.889
2026-09-14T23:30:06Z,245,Golden Chobo Ring,0.000697,2525.41,1.7602
2026-09-14T23:30:06Z,246,Golden Crusader Ring,0.000679,2525.41,1.7148
2026-09-14T23:30:06Z,247,Golden Foxglove Ring,0.000699,2525.41,1.7653
2026-09-14T23:30:06Z,248,Golden Overseer Ring,0.0007,2525.41,1.7678
2026-09-14T23:30:06Z,249,Golden Summoner Ring,0.00074,2525.41,1.8688
2026-09-15T00:00:03Z,134,Chobo Silver Ring,4.693e-05,2515.71,0.1181
2026-09-15T00:00:03Z,135,Crusader Silver Ring,6.19e-05,2515.71,0.1557
2026-09-15T00:00:03Z,136,Overseer Silver Ring,4.87e-05,2515.71,0.1225
2026-09-15T00:00:03Z,137,Athena Silver Ring,4.49e-05,2515.71,0.113
2026-09-15T00:00:03Z,138,Archon Silver Ring,4.8e-05,2515.71,0.1208
2026-09-15T00:00:03Z,139,Foxglove Silver Ring,4.944999988e-05,2515.71,0.1244
2026-09-15T00:00:03Z,140,Summoner Silver Ring,4.79e-05,2515.71,0.1205
2026-09-15T00:00:03Z,243,Golden Archon Ring,0.000758,2515.71,1.9069
2026-09-15T00:00:03Z,244,Golden Athena Ring,0.000748,2515.71,1.8818
2026-09-15T00:00:03Z,245,Golden Chobo Ring,0.000697,2515.71,1.7534
2026-09-15T00:00:03Z,246,Golden Crusader Ring,0.000679,2515.71,1.7082
2026-09-15T00:00:03Z,247,Golden Foxglove Ring,0.000699,2515.71,1.7585
2026-09-15T00:00:03Z,248,Golden Overseer Ring,0.0007,2515.71,1.761
2026-09-15T00:00:03Z,249,Golden Summoner Ring,0.00074,2515.71,1.8616
2026-09-15T00:30:02Z,134,Chobo Silver Ring,4.693e-05,2509.96,0.1178
2026-09-15T00:30:02Z,135,Crusader Silver Ring,5.6e-05,2509.96,0.1406
2026-09-15T00:30:02Z,136,Overseer Silver Ring,4.87e-05,2509.96,0.1222
2026-09-15T00:30:02Z,137,Athena Silver Ring,4.49e-05,2509.96,0.1127
2026-09-15T00:30:02Z,138,Archon Silver Ring,4.8e-05,2509.96,0.1205
2026-09-15T00:30:02Z,139,Foxglove Silver Ring,4.944999988e-05,2509.96,0.1241
2026-09-15T00:30:02Z,140,Summoner Silver Ring,4.79e-05,2509.96,0.1202
2026-09-15T00:30:02Z,243,Golden Archon Ring,0.000758,2509.96,1.9025
2026-09-15T00:30:02Z,244,Golden Athena Ring,0.000748,2509.96,1.8775
2026-09-15T00:30:02Z,245,Golden Chobo Ring,0.000697,2509.96,1.7494
2026-09-15T00:30:02Z,246,Golden Crusader Ring,0.000679,2509.96,1.7043
2026-09-15T00:30:02Z,247,Golden Foxglove Ring,0.000699,2509.96,1.7545
2026-09-15T00:30:02Z,248,Golden Overseer Ring,0.0007,2509.96,1.757
2026-09-15T00:30:02Z,249,Golden Summoner Ring,0.00074,2509.96,1.8574
2026-09-15T01:00:08Z,134,Chobo Silver Ring,4.69299999999e-05,2515.71,0.1181
2026-09-15T01:00:08Z,135,Crusader Silver Ring,5.6e-05,2515.71,0.1409
2026-09-15T01:00:08Z,136,Overseer Silver Ring,4.869999999999e-05,2515.71,0.1225
2026-09-15T01:00:08Z,137,Athena Silver Ring,4.4899999999e-05,2515.71,0.113
2026-09-15T01:00:08Z,138,Archon Silver Ring,4.8e-05,2515.71,0.1208
2026-09-15T01:00:08Z,139,Foxglove Silver Ring,4.944999988e-05,2515.71,0.1244
2026-09-15T01:00:08Z,140,Summoner Silver Ring,4.78999999999e-05,2515.71,0.1205
2026-09-15T01:00:08Z,243,Golden Archon Ring,0.000758,2515.71,1.9069
2026-09-15T01:00:08Z,244,Golden Athena Ring,0.000748,2515.71,1.8818
2026-09-15T01:00:08Z,245,Golden Chobo Ring,0.00069699,2515.71,1.7534
2026-09-15T01:00:08Z,246,Golden Crusader Ring,0.000679,2515.71,1.7082
2026-09-15T01:00:08Z,247,Golden Foxglove Ring,0.000699,2515.71,1.7585
2026-09-15T01:00:08Z,248,Golden Overseer Ring,0.0007,2515.71,1.761
2026-09-15T01:00:08Z,249,Golden Summoner Ring,0.00074,2515.71,1.8616
2026-09-15T01:30:02Z,134,Chobo Silver Ring,4.69299999999e-05,2516.89,0.1181
2026-09-15T01:30:02Z,135,Crusader Silver Ring,6.18e-05,2516.89,0.1555
2026-09-15T01:30:02Z,136,Overseer Silver Ring,4.869999999999e-05,2516.89,0.1226
2026-09-15T01:30:02Z,137,Athena Silver Ring,4.4899999999e-05,2516.89,0.113
2026-09-15T01:30:02Z,138,Archon Silver Ring,4.8e-05,2516.89,0.1208
2026-09-15T01:30:02Z,139,Foxglove Silver Ring,4.944999988e-05,2516.89,0.1245
2026-09-15T01:30:02Z,140,Summoner Silver Ring,4.78999999999e-05,2516.89,0.1206
2026-09-15T01:30:02Z,243,Golden Archon Ring,0.0007599989,2516.89,1.9128
2026-09-15T01:30:02Z,244,Golden Athena Ring,0.000748,2516.89,1.8826
2026-09-15T01:30:02Z,245,Golden Chobo Ring,0.00069699,2516.89,1.7542
2026-09-15T01:30:02Z,246,Golden Crusader Ring,0.000679,2516.89,1.709
2026-09-15T01:30:02Z,247,Golden Foxglove Ring,0.000699,2516.89,1.7593
2026-09-15T01:30:02Z,248,Golden Overseer Ring,0.0007,2516.89,1.7618
2026-09-15T01:30:02Z,249,Golden Summoner Ring,0.00074,2516.89,1.8625
2026-09-15T02:00:03Z,134,Chobo Silver Ring,4.69299999999e-05,2515.03,0.118
2026-09-15T02:00:03Z,135,Crusader Silver Ring,6.18e-05,2515.03,0.1554
2026-09-15T02:00:03Z,136,Overseer Silver Ring,4.869999999999e-05,2515.03,0.1225
2026-09-15T02:00:03Z,137,Athena Silver Ring,4.4899999999e-05,2515.03,0.1129
2026-09-15T02:00:03Z,138,Archon Silver Ring,5.043999899901e-05,2515.03,0.1269
2026-09-15T02:00:03Z,139,Foxglove Silver Ring,4.944999988e-05,2515.03,0.1244
2026-09-15T02:00:03Z,140,Summoner Silver Ring,4.78999999999e-05,2515.03,0.1205
2026-09-15T02:00:03Z,243,Golden Archon Ring,0.0007599989,2515.03,1.9114
2026-09-15T02:00:03Z,244,Golden Athena Ring,0.000747999,2515.03,1.8812
2026-09-15T02:00:03Z,245,Golden Chobo Ring,0.00069699,2515.03,1.753
2026-09-15T02:00:03Z,246,Golden Crusader Ring,0.0006789,2515.03,1.7075
2026-09-15T02:00:03Z,247,Golden Foxglove Ring,0.000699,2515.03,1.758
2026-09-15T02:00:03Z,248,Golden Overseer Ring,0.0007,2515.03,1.7605
2026-09-15T02:00:03Z,249,Golden Summoner Ring,0.00074,2515.03,1.8611
2026-09-15T02:30:02Z,134,Chobo Silver Ring,4.69299999999e-05,2518.46,0.1182
2026-09-15T02:30:02Z,135,Crusader Silver Ring,6.18e-05,2518.46,0.1556
2026-09-15T02:30:02Z,136,Overseer Silver Ring,4.869999999999e-05,2518.46,0.1226
2026-09-15T02:30:02Z,137,Athena Silver Ring,4.4899999999e-05,2518.46,0.1131
2026-09-15T02:30:02Z,138,Archon Silver Ring,5.043999899901e-05,2518.46,0.127
2026-09-15T02:30:02Z,139,Foxglove Silver Ring,4.944999988e-05,2518.46,0.1245
2026-09-15T02:30:02Z,140,Summoner Silver Ring,4.78999999999e-05,2518.46,0.1206
2026-09-15T02:30:02Z,243,Golden Archon Ring,0.00075924,2518.46,1.9121
2026-09-15T02:30:02Z,244,Golden Athena Ring,0.000747999,2518.46,1.8838
2026-09-15T02:30:02Z,245,Golden Chobo Ring,0.00069699,2518.46,1.7553
2026-09-15T02:30:02Z,246,Golden Crusader Ring,0.0006789,2518.46,1.7098
2026-09-15T02:30:02Z,247,Golden Foxglove Ring,0.0006983,2518.46,1.7586
2026-09-15T02:30:02Z,248,Golden Overseer Ring,0.0007,2518.46,1.7629
2026-09-15T02:30:02Z,249,Golden Summoner Ring,0.00074,2518.46,1.8637
2026-09-15T03:00:03Z,134,Chobo Silver Ring,4.688e-05,2512.04,0.1178
2026-09-15T03:00:03Z,135,Crusader Silver Ring,6.174e-05,2512.04,0.1551
2026-09-15T03:00:03Z,136,Overseer Silver Ring,4.869999999999e-05,2512.04,0.1223
2026-09-15T03:00:03Z,137,Athena Silver Ring,4.4899999999e-05,2512.04,0.1128
2026-09-15T03:00:03Z,138,Archon Silver Ring,5.043999899901e-05,2512.04,0.1267
2026-09-15T03:00:03Z,139,Foxglove Silver Ring,4.944999988e-05,2512.04,0.1242
2026-09-15T03:00:03Z,140,Summoner Silver Ring,4.78999999999e-05,2512.04,0.1203
2026-09-15T03:00:03Z,243,Golden Archon Ring,0.00075924,2512.04,1.9072
2026-09-15T03:00:03Z,244,Golden Athena Ring,0.000748,2512.04,1.879
2026-09-15T03:00:03Z,245,Golden Chobo Ring,0.00069999898,2512.04,1.7584
2026-09-15T03:00:03Z,246,Golden Crusader Ring,0.0007,2512.04,1.7584
2026-09-15T03:00:03Z,247,Golden Foxglove Ring,0.0006983,2512.04,1.7542
2026-09-15T03:00:03Z,248,Golden Overseer Ring,0.0007,2512.04,1.7584
2026-09-15T03:00:03Z,249,Golden Summoner Ring,0.00074,2512.04,1.8589
2026-09-15T03:30:02Z,134,Chobo Silver Ring,4.688e-05,2501.45,0.1173
2026-09-15T03:30:02Z,135,Crusader Silver Ring,6.18e-05,2501.45,0.1546
2026-09-15T03:30:02Z,136,Overseer Silver Ring,4.869999999999e-05,2501.45,0.1218
2026-09-15T03:30:02Z,137,Athena Silver Ring,4.4899999999e-05,2501.45,0.1123
2026-09-15T03:30:02Z,138,Archon Silver Ring,5.043999899901e-05,2501.45,0.1262
2026-09-15T03:30:02Z,139,Foxglove Silver Ring,4.944999988e-05,2501.45,0.1237
2026-09-15T03:30:02Z,140,Summoner Silver Ring,4.78999999999e-05,2501.45,0.1198
2026-09-15T03:30:02Z,243,Golden Archon Ring,0.00075924,2501.45,1.8992
2026-09-15T03:30:02Z,244,Golden Athena Ring,0.000748,2501.45,1.8711
2026-09-15T03:30:02Z,245,Golden Chobo Ring,0.00069999898,2501.45,1.751
2026-09-15T03:30:02Z,246,Golden Crusader Ring,0.0007,2501.45,1.751
2026-09-15T03:30:02Z,247,Golden Foxglove Ring,0.0006983,2501.45,1.7468
2026-09-15T03:30:02Z,248,Golden Overseer Ring,0.0007,2501.45,1.751
2026-09-15T03:30:02Z,249,Golden Summoner Ring,0.00074,2501.45,1.8511
2026-09-15T04:00:02Z,134,Chobo Silver Ring,4.688e-05,2498.78,0.1171
2026-09-15T04:00:02Z,135,Crusader Silver Ring,6.18e-05,2498.78,0.1544
2026-09-15T04:00:02Z,136,Overseer Silver Ring,4.869999999999e-05,2498.78,0.1217
2026-09-15T04:00:02Z,137,Athena Silver Ring,4.4899999999e-05,2498.78,0.1122
2026-09-15T04:00:02Z,138,Archon Silver Ring,5.043999899901e-05,2498.78,0.126
2026-09-15T04:00:02Z,139,Foxglove Silver Ring,4.94499999e-05,2498.78,0.1236
2026-09-15T04:00:02Z,140,Summoner Silver Ring,4.78999999999e-05,2498.78,0.1197
2026-09-15T04:00:02Z,243,Golden Archon Ring,0.00062,2498.78,1.5492
2026-09-15T04:00:02Z,244,Golden Athena Ring,0.000748,2498.78,1.8691
2026-09-15T04:00:02Z,245,Golden Chobo Ring,0.00069999898,2498.78,1.7491
2026-09-15T04:00:02Z,246,Golden Crusader Ring,0.0007,2498.78,1.7491
2026-09-15T04:00:02Z,247,Golden Foxglove Ring,0.0006983,2498.78,1.7449
2026-09-15T04:00:02Z,248,Golden Overseer Ring,0.0007,2498.78,1.7491
2026-09-15T04:00:02Z,249,Golden Summoner Ring,0.00062,2498.78,1.5492
2026-09-15T04:30:01Z,134,Chobo Silver Ring,4.688e-05,2494.46,0.1169
2026-09-15T04:30:01Z,135,Crusader Silver Ring,6.18e-05,2494.46,0.1542
2026-09-15T04:30:01Z,136,Overseer Silver Ring,4.869999999999e-05,2494.46,0.1215
2026-09-15T04:30:01Z,137,Athena Silver Ring,4.4899999999e-05,2494.46,0.112
2026-09-15T04:30:01Z,138,Archon Silver Ring,5.043999899901e-05,2494.46,0.1258
2026-09-15T04:30:01Z,139,Foxglove Silver Ring,4.94499999e-05,2494.46,0.1234
2026-09-15T04:30:01Z,140,Summoner Silver Ring,4.78999999999e-05,2494.46,0.1195
2026-09-15T04:30:01Z,243,Golden Archon Ring,0.00062,2494.46,1.5466
2026-09-15T04:30:01Z,244,Golden Athena Ring,0.000748,2494.46,1.8659
2026-09-15T04:30:01Z,245,Golden Chobo Ring,0.00069999898,2494.46,1.7461
2026-09-15T04:30:01Z,246,Golden Crusader Ring,0.0007,2494.46,1.7461
2026-09-15T04:30:01Z,247,Golden Foxglove Ring,0.0006983,2494.46,1.7419
2026-09-15T04:30:01Z,248,Golden Overseer Ring,0.00079,2494.46,1.9706
2026-09-15T04:30:01Z,249,Golden Summoner Ring,0.00062,2494.46,1.5466
2026-09-15T05:00:02Z,134,Chobo Silver Ring,4.688e-05,2492.34,0.1168
2026-09-15T05:00:02Z,135,Crusader Silver Ring,6.18e-05,2492.34,0.154
2026-09-15T05:00:02Z,136,Overseer Silver Ring,4.869999999999e-05,2492.34,0.1214
2026-09-15T05:00:02Z,137,Athena Silver Ring,4.4899999999e-05,2492.34,0.1119
2026-09-15T05:00:02Z,138,Archon Silver Ring,5.043999899901e-05,2492.34,0.1257
2026-09-15T05:00:02Z,139,Foxglove Silver Ring,4.94499999e-05,2492.34,0.1232
2026-09-15T05:00:02Z,140,Summoner Silver Ring,4.78999999999e-05,2492.34,0.1194
2026-09-15T05:00:02Z,243,Golden Archon Ring,0.00062,2492.34,1.5453
2026-09-15T05:00:02Z,244,Golden Athena Ring,0.000748,2492.34,1.8643
2026-09-15T05:00:02Z,245,Golden Chobo Ring,0.00069999898,2492.34,1.7446
2026-09-15T05:00:02Z,246,Golden Crusader Ring,0.0007,2492.34,1.7446
2026-09-15T05:00:02Z,247,Golden Foxglove Ring,0.0006983,2492.34,1.7404
2026-09-15T05:00:02Z,248,Golden Overseer Ring,0.00079,2492.34,1.9689
2026-09-15T05:00:02Z,249,Golden Summoner Ring,0.00062,2492.34,1.5453
2026-09-15T05:30:02Z,134,Chobo Silver Ring,4.688e-05,2484.73,0.1165
2026-09-15T05:30:02Z,135,Crusader Silver Ring,6.18e-05,2484.73,0.1536
2026-09-15T05:30:02Z,136,Overseer Silver Ring,4.869999999999e-05,2484.73,0.121
2026-09-15T05:30:02Z,137,Athena Silver Ring,4.4899999999e-05,2484.73,0.1116
2026-09-15T05:30:02Z,138,Archon Silver Ring,5.043999899901e-05,2484.73,0.1253
2026-09-15T05:30:02Z,139,Foxglove Silver Ring,4.94499999e-05,2484.73,0.1229
2026-09-15T05:30:02Z,140,Summoner Silver Ring,4.78999999999e-05,2484.73,0.119
2026-09-15T05:30:02Z,243,Golden Archon Ring,0.00062,2484.73,1.5405
2026-09-15T05:30:02Z,244,Golden Athena Ring,0.000748,2484.73,1.8586
2026-09-15T05:30:02Z,245,Golden Chobo Ring,0.00069999898,2484.73,1.7393
2026-09-15T05:30:02Z,247,Golden Foxglove Ring,0.0006983,2484.73,1.7351
2026-09-15T05:30:02Z,248,Golden Overseer Ring,0.00079,2484.73,1.9629
2026-09-15T05:30:02Z,249,Golden Summoner Ring,0.00062,2484.73,1.5405
2026-09-15T06:00:04Z,134,Chobo Silver Ring,4.6e-05,2497.03,0.1149
2026-09-15T06:00:04Z,135,Crusader Silver Ring,6.18e-05,2497.03,0.1543
2026-09-15T06:00:04Z,136,Overseer Silver Ring,4.869999999999e-05,2497.03,0.1216
2026-09-15T06:00:04Z,137,Athena Silver Ring,4.3e-05,2497.03,0.1074
2026-09-15T06:00:04Z,138,Archon Silver Ring,5.043999899901e-05,2497.03,0.126
2026-09-15T06:00:04Z,139,Foxglove Silver Ring,4.8e-05,2497.03,0.1199
2026-09-15T06:00:04Z,140,Summoner Silver Ring,4.6e-05,2497.03,0.1149
2026-09-15T06:00:04Z,243,Golden Archon Ring,0.00075924,2497.03,1.8958
2026-09-15T06:00:04Z,244,Golden Athena Ring,0.000748,2497.03,1.8678
2026-09-15T06:00:04Z,245,Golden Chobo Ring,0.00069999898,2497.03,1.7479
2026-09-15T06:00:04Z,246,Golden Crusader Ring,0.0007,2497.03,1.7479
2026-09-15T06:00:04Z,247,Golden Foxglove Ring,0.0006983,2497.03,1.7437
2026-09-15T06:00:04Z,248,Golden Overseer Ring,0.00079,2497.03,1.9727
2026-09-15T06:00:04Z,249,Golden Summoner Ring,0.00074,2497.03,1.8478
2026-09-15T06:30:02Z,134,Chobo Silver Ring,4.6e-05,2492.23,0.1146
2026-09-15T06:30:02Z,135,Crusader Silver Ring,6.18e-05,2492.23,0.154
2026-09-15T06:30:02Z,136,Overseer Silver Ring,4.869999999999e-05,2492.23,0.1214
2026-09-15T06:30:02Z,137,Athena Silver Ring,4.3e-05,2492.23,0.1072
2026-09-15T06:30:02Z,138,Archon Silver Ring,5.043999899901e-05,2492.23,0.1257
2026-09-15T06:30:02Z,139,Foxglove Silver Ring,4.8e-05,2492.23,0.1196
2026-09-15T06:30:02Z,140,Summoner Silver Ring,4.6e-05,2492.23,0.1146
2026-09-15T06:30:02Z,243,Golden Archon Ring,0.00075924,2492.23,1.8922
2026-09-15T06:30:02Z,244,Golden Athena Ring,0.000748,2492.23,1.8642
2026-09-15T06:30:02Z,245,Golden Chobo Ring,0.00069999898,2492.23,1.7446
2026-09-15T06:30:02Z,246,Golden Crusader Ring,0.0007,2492.23,1.7446
2026-09-15T06:30:02Z,247,Golden Foxglove Ring,0.0006983,2492.23,1.7403
2026-09-15T06:30:02Z,248,Golden Overseer Ring,0.00079,2492.23,1.9689
2026-09-15T06:30:02Z,249,Golden Summoner Ring,0.00074,2492.23,1.8443
2026-09-15T07:00:02Z,134,Chobo Silver Ring,4.599999e-05,2485.19,0.1143
2026-09-15T07:00:02Z,135,Crusader Silver Ring,6.17999e-05,2485.19,0.1536
2026-09-15T07:00:02Z,136,Overseer Silver Ring,4.86999999999e-05,2485.19,0.121
2026-09-15T07:00:02Z,137,Athena Silver Ring,4.299999e-05,2485.19,0.1069
2026-09-15T07:00:02Z,138,Archon Silver Ring,5.043999899901e-05,2485.19,0.1254
2026-09-15T07:00:02Z,139,Foxglove Silver Ring,4.799999e-05,2485.19,0.1193
2026-09-15T07:00:02Z,140,Summoner Silver Ring,4.59999e-05,2485.19,0.1143
2026-09-15T07:00:02Z,243,Golden Archon Ring,0.00075924,2485.19,1.8869
2026-09-15T07:00:02Z,244,Golden Athena Ring,0.000748,2485.19,1.8589
2026-09-15T07:00:02Z,245,Golden Chobo Ring,0.00069999898,2485.19,1.7396
2026-09-15T07:00:02Z,246,Golden Crusader Ring,0.0007,2485.19,1.7396
2026-09-15T07:00:02Z,247,Golden Foxglove Ring,0.0006983,2485.19,1.7354
2026-09-15T07:00:02Z,248,Golden Overseer Ring,0.00079,2485.19,1.9633
2026-09-15T07:00:02Z,249,Golden Summoner Ring,0.00074,2485.19,1.839
2026-09-15T07:30:02Z,134,Chobo Silver Ring,4.599999e-05,2482.97,0.1142
2026-09-15T07:30:02Z,135,Crusader Silver Ring,6.17999e-05,2482.97,0.1534
2026-09-15T07:30:02Z,136,Overseer Silver Ring,4.86999999999e-05,2482.97,0.1209
2026-09-15T07:30:02Z,137,Athena Silver Ring,4.299999e-05,2482.97,0.1068
2026-09-15T07:30:02Z,138,Archon Silver Ring,5.043999899901e-05,2482.97,0.1252
2026-09-15T07:30:02Z,139,Foxglove Silver Ring,4.799999e-05,2482.97,0.1192
2026-09-15T07:30:02Z,140,Summoner Silver Ring,4.59999e-05,2482.97,0.1142
2026-09-15T07:30:02Z,243,Golden Archon Ring,0.00075924,2482.97,1.8852
2026-09-15T07:30:02Z,244,Golden Athena Ring,0.000748,2482.97,1.8573
2026-09-15T07:30:02Z,245,Golden Chobo Ring,0.00069999898,2482.97,1.7381
2026-09-15T07:30:02Z,246,Golden Crusader Ring,0.0007,2482.97,1.7381
2026-09-15T07:30:02Z,247,Golden Foxglove Ring,0.0006983,2482.97,1.7339
2026-09-15T07:30:02Z,248,Golden Overseer Ring,0.00079,2482.97,1.9615
2026-09-15T07:30:02Z,249,Golden Summoner Ring,0.00074,2482.97,1.8374
2026-09-15T08:00:02Z,134,Chobo Silver Ring,4.599999e-05,2472.37,0.1137
2026-09-15T08:00:02Z,135,Crusader Silver Ring,6.17999e-05,2472.37,0.1528
2026-09-15T08:00:02Z,136,Overseer Silver Ring,4.86999999999e-05,2472.37,0.1204
2026-09-15T08:00:02Z,137,Athena Silver Ring,4.299999e-05,2472.37,0.1063
2026-09-15T08:00:02Z,138,Archon Silver Ring,5.043999899901e-05,2472.37,0.1247
2026-09-15T08:00:02Z,139,Foxglove Silver Ring,4.799999e-05,2472.37,0.1187
2026-09-15T08:00:02Z,140,Summoner Silver Ring,4.59999e-05,2472.37,0.1137
2026-09-15T08:00:02Z,243,Golden Archon Ring,0.00075924,2472.37,1.8771
2026-09-15T08:00:02Z,244,Golden Athena Ring,0.000748,2472.37,1.8493
2026-09-15T08:00:02Z,245,Golden Chobo Ring,0.00069999898,2472.37,1.7307
2026-09-15T08:00:02Z,246,Golden Crusader Ring,0.0007,2472.37,1.7307
2026-09-15T08:00:02Z,247,Golden Foxglove Ring,0.0006983,2472.37,1.7265
2026-09-15T08:00:02Z,248,Golden Overseer Ring,0.00079,2472.37,1.9532
2026-09-15T08:00:02Z,249,Golden Summoner Ring,0.00074,2472.37,1.8296
2026-09-15T08:30:03Z,134,Chobo Silver Ring,4.6e-05,2473.45,0.1138
2026-09-15T08:30:03Z,135,Crusader Silver Ring,6.17999e-05,2473.45,0.1529
2026-09-15T08:30:03Z,136,Overseer Silver Ring,4.86999999999e-05,2473.45,0.1205
2026-09-15T08:30:03Z,137,Athena Silver Ring,4.299999e-05,2473.45,0.1064
2026-09-15T08:30:03Z,138,Archon Silver Ring,5.0439998999e-05,2473.45,0.1248
2026-09-15T08:30:03Z,139,Foxglove Silver Ring,4.799998e-05,2473.45,0.1187
2026-09-15T08:30:03Z,140,Summoner Silver Ring,4.59999e-05,2473.45,0.1138
2026-09-15T08:30:03Z,243,Golden Archon Ring,0.00075924,2473.45,1.8779
2026-09-15T08:30:03Z,244,Golden Athena Ring,0.000748,2473.45,1.8501
2026-09-15T08:30:03Z,245,Golden Chobo Ring,0.00069999898,2473.45,1.7314
2026-09-15T08:30:03Z,246,Golden Crusader Ring,0.0007,2473.45,1.7314
2026-09-15T08:30:03Z,247,Golden Foxglove Ring,0.0006983,2473.45,1.7272
2026-09-15T08:30:03Z,248,Golden Overseer Ring,0.00079,2473.45,1.954
2026-09-15T08:30:03Z,249,Golden Summoner Ring,0.00074,2473.45,1.8304
2026-09-15T09:00:02Z,134,Chobo Silver Ring,4.6e-05,2476.43,0.1139
2026-09-15T09:00:02Z,135,Crusader Silver Ring,6.17999e-05,2476.43,0.153
2026-09-15T09:00:02Z,136,Overseer Silver Ring,4.869999999999e-05,2476.43,0.1206
2026-09-15T09:00:02Z,137,Athena Silver Ring,4.299999e-05,2476.43,0.1065
2026-09-15T09:00:02Z,138,Archon Silver Ring,5.0439998999e-05,2476.43,0.1249
2026-09-15T09:00:02Z,139,Foxglove Silver Ring,4.799998e-05,2476.43,0.1189
2026-09-15T09:00:02Z,140,Summoner Silver Ring,4.59999e-05,2476.43,0.1139
2026-09-15T09:00:02Z,243,Golden Archon Ring,0.00075924,2476.43,1.8802
2026-09-15T09:00:02Z,244,Golden Athena Ring,0.000748,2476.43,1.8524
2026-09-15T09:00:02Z,245,Golden Chobo Ring,0.00069999898,2476.43,1.7335
2026-09-15T09:00:02Z,246,Golden Crusader Ring,0.0007,2476.43,1.7335
2026-09-15T09:00:02Z,247,Golden Foxglove Ring,0.0006983,2476.43,1.7293
2026-09-15T09:00:02Z,248,Golden Overseer Ring,0.00079,2476.43,1.9564
2026-09-15T09:00:02Z,249,Golden Summoner Ring,0.00074,2476.43,1.8326
2026-09-15T09:30:02Z,134,Chobo Silver Ring,4.6e-05,2473.725,0.1138
2026-09-15T09:30:02Z,135,Crusader Silver Ring,6.17999e-05,2473.725,0.1529
2026-09-15T09:30:02Z,136,Overseer Silver Ring,4.869999999999e-05,2473.725,0.1205
2026-09-15T09:30:02Z,137,Athena Silver Ring,4.299999e-05,2473.725,0.1064
2026-09-15T09:30:02Z,138,Archon Silver Ring,5.0439998999e-05,2473.725,0.1248
2026-09-15T09:30:02Z,139,Foxglove Silver Ring,4.799998e-05,2473.725,0.1187
2026-09-15T09:30:02Z,140,Summoner Silver Ring,4.78999999999e-05,2473.725,0.1185
2026-09-15T09:30:02Z,243,Golden Archon Ring,0.00075924,2473.725,1.8782
2026-09-15T09:30:02Z,244,Golden Athena Ring,0.000748,2473.725,1.8503
2026-09-15T09:30:02Z,245,Golden Chobo Ring,0.00069999898,2473.725,1.7316
2026-09-15T09:30:02Z,246,Golden Crusader Ring,0.0007,2473.725,1.7316
2026-09-15T09:30:02Z,247,Golden Foxglove Ring,0.0006983,2473.725,1.7274
2026-09-15T09:30:02Z,248,Golden Overseer Ring,0.00079,2473.725,1.9542
2026-09-15T09:30:02Z,249,Golden Summoner Ring,0.00074,2473.725,1.8306
2026-09-15T10:00:02Z,134,Chobo Silver Ring,4.6e-05,2477.98,0.114
2026-09-15T10:00:02Z,135,Crusader Silver Ring,6.18e-05,2477.98,0.1531
2026-09-15T10:00:02Z,136,Overseer Silver Ring,4.869999999999e-05,2477.98,0.1207
2026-09-15T10:00:02Z,137,Athena Silver Ring,4.299999e-05,2477.98,0.1066
2026-09-15T10:00:02Z,138,Archon Silver Ring,5.0439998999e-05,2477.98,0.125
2026-09-15T10:00:02Z,139,Foxglove Silver Ring,4.799998e-05,2477.98,0.1189
2026-09-15T10:00:02Z,140,Summoner Silver Ring,4.78999999999e-05,2477.98,0.1187
2026-09-15T10:00:02Z,243,Golden Archon Ring,0.00075924,2477.98,1.8814
2026-09-15T10:00:02Z,244,Golden Athena Ring,0.000748,2477.98,1.8535
2026-09-15T10:00:02Z,245,Golden Chobo Ring,0.00069999898,2477.98,1.7346
2026-09-15T10:00:02Z,246,Golden Crusader Ring,0.0007,2477.98,1.7346
2026-09-15T10:00:02Z,247,Golden Foxglove Ring,0.0006983,2477.98,1.7304
2026-09-15T10:00:02Z,248,Golden Overseer Ring,0.00079,2477.98,1.9576
2026-09-15T10:00:02Z,249,Golden Summoner Ring,0.00074,2477.98,1.8337
2026-09-15T10:30:02Z,134,Chobo Silver Ring,4.6e-05,2474.34,0.1138
2026-09-15T10:30:02Z,135,Crusader Silver Ring,6.18e-05,2474.34,0.1529
2026-09-15T10:30:02Z,136,Overseer Silver Ring,4.869999999999e-05,2474.34,0.1205
2026-09-15T10:30:02Z,137,Athena Silver Ring,4.299999e-05,2474.34,0.1064
2026-09-15T10:30:02Z,138,Archon Silver Ring,5.0439998999e-05,2474.34,0.1248
2026-09-15T10:30:02Z,139,Foxglove Silver Ring,4.799998e-05,2474.34,0.1188
2026-09-15T10:30:02Z,140,Summoner Silver Ring,4.78999999999e-05,2474.34,0.1185
2026-09-15T10:30:02Z,243,Golden Archon Ring,0.00075924,2474.34,1.8786
2026-09-15T10:30:02Z,244,Golden Athena Ring,0.000748,2474.34,1.8508
2026-09-15T10:30:02Z,245,Golden Chobo Ring,0.00069999897,2474.34,1.732
2026-09-15T10:30:02Z,246,Golden Crusader Ring,0.0007,2474.34,1.732
2026-09-15T10:30:02Z,247,Golden Foxglove Ring,0.0006983,2474.34,1.7278
2026-09-15T10:30:02Z,248,Golden Overseer Ring,0.00078999,2474.34,1.9547
2026-09-15T10:30:02Z,249,Golden Summoner Ring,0.00073999,2474.34,1.831
2026-09-15T11:00:02Z,134,Chobo Silver Ring,4.688e-05,2484.51,0.1165
2026-09-15T11:00:02Z,135,Crusader Silver Ring,6.18e-05,2484.51,0.1535
2026-09-15T11:00:02Z,136,Overseer Silver Ring,4.4e-05,2484.51,0.1093
2026-09-15T11:00:02Z,137,Athena Silver Ring,4.299999e-05,2484.51,0.1068
2026-09-15T11:00:02Z,138,Archon Silver Ring,4.6e-05,2484.51,0.1143
2026-09-15T11:00:02Z,139,Foxglove Silver Ring,4.799998e-05,2484.51,0.1193
2026-09-15T11:00:02Z,140,Summoner Silver Ring,4.78999999999e-05,2484.51,0.119
2026-09-15T11:00:02Z,243,Golden Archon Ring,0.0007592399,2484.51,1.8863
2026-09-15T11:00:02Z,244,Golden Athena Ring,0.00074799,2484.51,1.8584
2026-09-15T11:00:02Z,245,Golden Chobo Ring,0.00069999897,2484.51,1.7392
2026-09-15T11:00:02Z,246,Golden Crusader Ring,0.0007,2484.51,1.7392
2026-09-15T11:00:02Z,247,Golden Foxglove Ring,0.0006983,2484.51,1.7349
2026-09-15T11:00:02Z,248,Golden Overseer Ring,0.00078999,2484.51,1.9627
2026-09-15T11:00:02Z,249,Golden Summoner Ring,0.000739989,2484.51,1.8385
2026-09-15T11:30:02Z,134,Chobo Silver Ring,4.69299999999e-05,2479.38,0.1164
2026-09-15T11:30:02Z,135,Crusader Silver Ring,6.18e-05,2479.38,0.1532
2026-09-15T11:30:02Z,136,Overseer Silver Ring,4.4e-05,2479.38,0.1091
2026-09-15T11:30:02Z,137,Athena Silver Ring,4.4e-05,2479.38,0.1091
2026-09-15T11:30:02Z,138,Archon Silver Ring,5.044e-05,2479.38,0.1251
2026-09-15T11:30:02Z,139,Foxglove Silver Ring,4.799998e-05,2479.38,0.119
2026-09-15T11:30:02Z,140,Summoner Silver Ring,4.78999999999e-05,2479.38,0.1188
2026-09-15T11:30:02Z,243,Golden Archon Ring,0.0007592399,2479.38,1.8824
2026-09-15T11:30:02Z,244,Golden Athena Ring,0.00074799,2479.38,1.8546
2026-09-15T11:30:02Z,245,Golden Chobo Ring,0.00069999897,2479.38,1.7356
2026-09-15T11:30:02Z,246,Golden Crusader Ring,0.0007,2479.38,1.7356
2026-09-15T11:30:02Z,247,Golden Foxglove Ring,0.0006983,2479.38,1.7314
2026-09-15T11:30:02Z,248,Golden Overseer Ring,0.00078999,2479.38,1.9587
2026-09-15T11:30:02Z,249,Golden Summoner Ring,0.000739989,2479.38,1.8347
2026-09-15T12:00:02Z,134,Chobo Silver Ring,4.69299999999e-05,2473.33,0.1161
2026-09-15T12:00:02Z,135,Crusader Silver Ring,6.18e-05,2473.33,0.1529
2026-09-15T12:00:02Z,136,Overseer Silver Ring,4.4e-05,2473.33,0.1088
2026-09-15T12:00:02Z,137,Athena Silver Ring,4.4e-05,2473.33,0.1088
2026-09-15T12:00:02Z,138,Archon Silver Ring,5.044e-05,2473.33,0.1248
2026-09-15T12:00:02Z,139,Foxglove Silver Ring,4.799998e-05,2473.33,0.1187
2026-09-15T12:00:02Z,140,Summoner Silver Ring,4.78999999999e-05,2473.33,0.1185
2026-09-15T12:00:02Z,243,Golden Archon Ring,0.000749,2473.33,1.8525
2026-09-15T12:00:02Z,244,Golden Athena Ring,0.00074,2473.33,1.8303
2026-09-15T12:00:02Z,245,Golden Chobo Ring,0.0006989,2473.33,1.7286
2026-09-15T12:00:02Z,246,Golden Crusader Ring,0.0006,2473.33,1.484
2026-09-15T12:00:02Z,247,Golden Foxglove Ring,0.000689,2473.33,1.7041
2026-09-15T12:00:02Z,248,Golden Overseer Ring,0.000789,2473.33,1.9515
2026-09-15T12:00:02Z,249,Golden Summoner Ring,0.0007389,2473.33,1.8275
2026-09-15T12:30:02Z,134,Chobo Silver Ring,4.69299999999e-05,2478.42,0.1163
2026-09-15T12:30:02Z,135,Crusader Silver Ring,6.18e-05,2478.42,0.1532
2026-09-15T12:30:02Z,136,Overseer Silver Ring,4.4e-05,2478.42,0.1091
2026-09-15T12:30:02Z,137,Athena Silver Ring,4.4e-05,2478.42,0.1091
2026-09-15T12:30:02Z,138,Archon Silver Ring,5.044e-05,2478.42,0.125
2026-09-15T12:30:02Z,139,Foxglove Silver Ring,4.799998e-05,2478.42,0.119
2026-09-15T12:30:02Z,140,Summoner Silver Ring,4.78999999999e-05,2478.42,0.1187
2026-09-15T12:30:02Z,243,Golden Archon Ring,0.000749,2478.42,1.8563
2026-09-15T12:30:02Z,244,Golden Athena Ring,0.00074,2478.42,1.834
2026-09-15T12:30:02Z,245,Golden Chobo Ring,0.0006989,2478.42,1.7322
2026-09-15T12:30:02Z,246,Golden Crusader Ring,0.0006,2478.42,1.4871
2026-09-15T12:30:02Z,247,Golden Foxglove Ring,0.000689,2478.42,1.7076
2026-09-15T12:30:02Z,248,Golden Overseer Ring,0.000789,2478.42,1.9555
2026-09-15T12:30:02Z,249,Golden Summoner Ring,0.0007389,2478.42,1.8313
2026-09-15T13:00:02Z,134,Chobo Silver Ring,4.69299999999e-05,2477.17,0.1163
2026-09-15T13:00:02Z,135,Crusader Silver Ring,6.18e-05,2477.17,0.1531
2026-09-15T13:00:02Z,136,Overseer Silver Ring,4.4e-05,2477.17,0.109
2026-09-15T13:00:02Z,137,Athena Silver Ring,4.4e-05,2477.17,0.109
2026-09-15T13:00:02Z,138,Archon Silver Ring,5.044e-05,2477.17,0.1249
2026-09-15T13:00:02Z,139,Foxglove Silver Ring,4.799998e-05,2477.17,0.1189
2026-09-15T13:00:02Z,140,Summoner Silver Ring,4.78999999999e-05,2477.17,0.1187
2026-09-15T13:00:02Z,243,Golden Archon Ring,0.000749,2477.17,1.8554
2026-09-15T13:00:02Z,244,Golden Athena Ring,0.00074,2477.17,1.8331
2026-09-15T13:00:02Z,245,Golden Chobo Ring,0.0006989,2477.17,1.7313
2026-09-15T13:00:02Z,246,Golden Crusader Ring,0.0006,2477.17,1.4863
2026-09-15T13:00:02Z,247,Golden Foxglove Ring,0.000689,2477.17,1.7068
2026-09-15T13:00:02Z,248,Golden Overseer Ring,0.000789,2477.17,1.9545
2026-09-15T13:00:02Z,249,Golden Summoner Ring,0.0007389,2477.17,1.8304
2026-09-15T13:30:02Z,134,Chobo Silver Ring,4.69299999999e-05,2478.67,0.1163
2026-09-15T13:30:02Z,135,Crusader Silver Ring,6.18e-05,2478.67,0.1532
2026-09-15T13:30:02Z,136,Overseer Silver Ring,4.4e-05,2478.67,0.1091
2026-09-15T13:30:02Z,137,Athena Silver Ring,4.4e-05,2478.67,0.1091
2026-09-15T13:30:02Z,138,Archon Silver Ring,5.044e-05,2478.67,0.125
2026-09-15T13:30:02Z,139,Foxglove Silver Ring,4.799998e-05,2478.67,0.119
2026-09-15T13:30:02Z,140,Summoner Silver Ring,4.78999999999e-05,2478.67,0.1187
2026-09-15T13:30:02Z,243,Golden Archon Ring,0.000749,2478.67,1.8565
2026-09-15T13:30:02Z,244,Golden Athena Ring,0.00074,2478.67,1.8342
2026-09-15T13:30:02Z,245,Golden Chobo Ring,0.0006989,2478.67,1.7323
2026-09-15T13:30:02Z,246,Golden Crusader Ring,0.0006,2478.67,1.4872
2026-09-15T13:30:02Z,247,Golden Foxglove Ring,0.000689,2478.67,1.7078
2026-09-15T13:30:02Z,248,Golden Overseer Ring,0.000789,2478.67,1.9557
2026-09-15T13:30:02Z,249,Golden Summoner Ring,0.0007389,2478.67,1.8315
2026-09-15T14:00:02Z,134,Chobo Silver Ring,4.69299999999e-05,2453.56,0.1151
2026-09-15T14:00:02Z,135,Crusader Silver Ring,6.18e-05,2453.56,0.1516
2026-09-15T14:00:02Z,136,Overseer Silver Ring,4.4e-05,2453.56,0.108
2026-09-15T14:00:02Z,137,Athena Silver Ring,4.4e-05,2453.56,0.108
2026-09-15T14:00:02Z,138,Archon Silver Ring,5.044e-05,2453.56,0.1238
2026-09-15T14:00:02Z,139,Foxglove Silver Ring,4.799998e-05,2453.56,0.1178
2026-09-15T14:00:02Z,140,Summoner Silver Ring,4.78999999999e-05,2453.56,0.1175
2026-09-15T14:00:02Z,243,Golden Archon Ring,0.000749,2453.56,1.8377
2026-09-15T14:00:02Z,244,Golden Athena Ring,0.00074,2453.56,1.8156
2026-09-15T14:00:02Z,245,Golden Chobo Ring,0.0006989,2453.56,1.7148
2026-09-15T14:00:02Z,246,Golden Crusader Ring,0.0006,2453.56,1.4721
2026-09-15T14:00:02Z,247,Golden Foxglove Ring,0.000689,2453.56,1.6905
2026-09-15T14:00:02Z,248,Golden Overseer Ring,0.000789,2453.56,1.9359
2026-09-15T14:00:02Z,249,Golden Summoner Ring,0.0007389,2453.56,1.8129
2026-09-15T14:30:02Z,134,Chobo Silver Ring,4.69299999999e-05,2439.22,0.1145
2026-09-15T14:30:02Z,135,Crusader Silver Ring,6.18e-05,2439.22,0.1507
2026-09-15T14:30:02Z,136,Overseer Silver Ring,4.4e-05,2439.22,0.1073
2026-09-15T14:30:02Z,137,Athena Silver Ring,4.4e-05,2439.22,0.1073
2026-09-15T14:30:02Z,138,Archon Silver Ring,5.044e-05,2439.22,0.123
2026-09-15T14:30:02Z,139,Foxglove Silver Ring,4.799998e-05,2439.22,0.1171
2026-09-15T14:30:02Z,140,Summoner Silver Ring,4.78999999999e-05,2439.22,0.1168
2026-09-15T14:30:02Z,243,Golden Archon Ring,0.000749,2439.22,1.827
2026-09-15T14:30:02Z,244,Golden Athena Ring,0.00074,2439.22,1.805
2026-09-15T14:30:02Z,245,Golden Chobo Ring,0.0006989,2439.22,1.7048
2026-09-15T14:30:02Z,246,Golden Crusader Ring,0.0006,2439.22,1.4635
2026-09-15T14:30:02Z,247,Golden Foxglove Ring,0.000689,2439.22,1.6806
2026-09-15T14:30:02Z,248,Golden Overseer Ring,0.000789,2439.22,1.9245
2026-09-15T14:30:02Z,249,Golden Summoner Ring,0.0007389,2439.22,1.8023
2026-09-15T15:00:06Z,134,Chobo Silver Ring,4.69299999999e-05,2403.09,0.1128
2026-09-15T15:00:06Z,135,Crusader Silver Ring,6.18e-05,2403.09,0.1485
2026-09-15T15:00:06Z,136,Overseer Silver Ring,4.4e-05,2403.09,0.1057
2026-09-15T15:00:06Z,137,Athena Silver Ring,4.4e-05,2403.09,0.1057
2026-09-15T15:00:06Z,138,Archon Silver Ring,5.044e-05,2403.09,0.1212
2026-09-15T15:00:06Z,139,Foxglove Silver Ring,4.799998e-05,2403.09,0.1153
2026-09-15T15:00:06Z,140,Summoner Silver Ring,4.78999999999e-05,2403.09,0.1151
2026-09-15T15:00:06Z,243,Golden Archon Ring,0.000749,2403.09,1.7999
2026-09-15T15:00:06Z,244,Golden Athena Ring,0.00074,2403.09,1.7783
2026-09-15T15:00:06Z,245,Golden Chobo Ring,0.0006989,2403.09,1.6795
2026-09-15T15:00:06Z,246,Golden Crusader Ring,0.0007,2403.09,1.6822
2026-09-15T15:00:06Z,247,Golden Foxglove Ring,0.00069,2403.09,1.6581
2026-09-15T15:00:06Z,248,Golden Overseer Ring,0.000789,2403.09,1.896
2026-09-15T15:00:06Z,249,Golden Summoner Ring,0.0007389,2403.09,1.7756
2026-09-15T15:30:02Z,134,Chobo Silver Ring,4.69299999999e-05,2428.68,0.114
2026-09-15T15:30:02Z,135,Crusader Silver Ring,6.18e-05,2428.68,0.1501
2026-09-15T15:30:02Z,136,Overseer Silver Ring,4.4e-05,2428.68,0.1069
2026-09-15T15:30:02Z,137,Athena Silver Ring,4.4e-05,2428.68,0.1069
2026-09-15T15:30:02Z,138,Archon Silver Ring,5.044e-05,2428.68,0.1225
2026-09-15T15:30:02Z,139,Foxglove Silver Ring,4.799998e-05,2428.68,0.1166
2026-09-15T15:30:02Z,140,Summoner Silver Ring,4.78999999999e-05,2428.68,0.1163
2026-09-15T15:30:02Z,243,Golden Archon Ring,0.000749,2428.68,1.8191
2026-09-15T15:30:02Z,244,Golden Athena Ring,0.00074,2428.68,1.7972
2026-09-15T15:30:02Z,245,Golden Chobo Ring,0.0006989,2428.68,1.6974
2026-09-15T15:30:02Z,246,Golden Crusader Ring,0.0007,2428.68,1.7001
2026-09-15T15:30:02Z,247,Golden Foxglove Ring,0.00069,2428.68,1.6758
2026-09-15T15:30:02Z,248,Golden Overseer Ring,0.000789,2428.68,1.9162
2026-09-15T15:30:02Z,249,Golden Summoner Ring,0.0007389,2428.68,1.7946
2026-09-15T16:00:02Z,134,Chobo Silver Ring,4.69299999999e-05,2427.26,0.1139
2026-09-15T16:00:02Z,135,Crusader Silver Ring,6.18e-05,2427.26,0.15
2026-09-15T16:00:02Z,136,Overseer Silver Ring,4.4e-05,2427.26,0.1068
2026-09-15T16:00:02Z,137,Athena Silver Ring,4.4e-05,2427.26,0.1068
2026-09-15T16:00:02Z,138,Archon Silver Ring,5.044e-05,2427.26,0.1224
2026-09-15T16:00:02Z,139,Foxglove Silver Ring,4.799998e-05,2427.26,0.1165
2026-09-15T16:00:02Z,140,Summoner Silver Ring,4.78999999999e-05,2427.26,0.1163
2026-09-15T16:00:02Z,243,Golden Archon Ring,0.000749,2427.26,1.818
2026-09-15T16:00:02Z,244,Golden Athena Ring,0.00074,2427.26,1.7962
2026-09-15T16:00:02Z,245,Golden Chobo Ring,0.0006989,2427.26,1.6964
2026-09-15T16:00:02Z,246,Golden Crusader Ring,0.0007,2427.26,1.6991
2026-09-15T16:00:02Z,247,Golden Foxglove Ring,0.00069,2427.26,1.6748
2026-09-15T16:00:02Z,248,Golden Overseer Ring,0.000789,2427.26,1.9151
2026-09-15T16:00:02Z,249,Golden Summoner Ring,0.0007389,2427.26,1.7935
2026-09-15T16:30:02Z,134,Chobo Silver Ring,4.5e-05,2423.93,0.1091
2026-09-15T16:30:02Z,135,Crusader Silver Ring,6e-05,2423.93,0.1454
2026-09-15T16:30:02Z,136,Overseer Silver Ring,4.5e-05,2423.93,0.1091
2026-09-15T16:30:02Z,137,Athena Silver Ring,4.4899999999e-05,2423.93,0.1088
2026-09-15T16:30:02Z,138,Archon Silver Ring,5e-05,2423.93,0.1212
2026-09-15T16:30:02Z,139,Foxglove Silver Ring,4.799998e-05,2423.93,0.1163
2026-09-15T16:30:02Z,140,Summoner Silver Ring,4.78999999999e-05,2423.93,0.1161
2026-09-15T16:30:02Z,243,Golden Archon Ring,0.00072,2423.93,1.7452
2026-09-15T16:30:02Z,244,Golden Athena Ring,0.00074,2423.93,1.7937
2026-09-15T16:30:02Z,245,Golden Chobo Ring,0.0006989,2423.93,1.6941
2026-09-15T16:30:02Z,246,Golden Crusader Ring,0.0007,2423.93,1.6968
2026-09-15T16:30:02Z,247,Golden Foxglove Ring,0.00067,2423.93,1.624
2026-09-15T16:30:02Z,248,Golden Overseer Ring,0.000789,2423.93,1.9125
2026-09-15T16:30:02Z,249,Golden Summoner Ring,0.00071,2423.93,1.721
2026-09-15T17:00:02Z,134,Chobo Silver Ring,4.5e-05,2424.83,0.1091
2026-09-15T17:00:02Z,135,Crusader Silver Ring,6e-05,2424.83,0.1455
2026-09-15T17:00:02Z,136,Overseer Silver Ring,4.5e-05,2424.83,0.1091
2026-09-15T17:00:02Z,137,Athena Silver Ring,4.4899999999e-05,2424.83,0.1089
2026-09-15T17:00:02Z,138,Archon Silver Ring,4.99999999e-05,2424.83,0.1212
2026-09-15T17:00:02Z,139,Foxglove Silver Ring,4.799998e-05,2424.83,0.1164
2026-09-15T17:00:02Z,140,Summoner Silver Ring,4.79e-05,2424.83,0.1161
2026-09-15T17:00:02Z,243,Golden Archon Ring,0.00072,2424.83,1.7459
2026-09-15T17:00:02Z,244,Golden Athena Ring,0.00074,2424.83,1.7944
2026-09-15T17:00:02Z,245,Golden Chobo Ring,0.0006989,2424.83,1.6947
2026-09-15T17:00:02Z,246,Golden Crusader Ring,0.0007,2424.83,1.6974
2026-09-15T17:00:02Z,247,Golden Foxglove Ring,0.00067,2424.83,1.6246
2026-09-15T17:00:02Z,248,Golden Overseer Ring,0.000789,2424.83,1.9132
2026-09-15T17:00:02Z,249,Golden Summoner Ring,0.00071,2424.83,1.7216
2026-09-15T17:30:03Z,134,Chobo Silver Ring,4.5e-05,2425.12,0.1091
2026-09-15T17:30:03Z,135,Crusader Silver Ring,6.19e-05,2425.12,0.1501
2026-09-15T17:30:03Z,136,Overseer Silver Ring,4.5e-05,2425.12,0.1091
2026-09-15T17:30:03Z,137,Athena Silver Ring,4.4899999999e-05,2425.12,0.1089
2026-09-15T17:30:03Z,138,Archon Silver Ring,4.99999999e-05,2425.12,0.1213
2026-09-15T17:30:03Z,139,Foxglove Silver Ring,4.799998e-05,2425.12,0.1164
2026-09-15T17:30:03Z,140,Summoner Silver Ring,4.79e-05,2425.12,0.1162
2026-09-15T17:30:03Z,243,Golden Archon Ring,0.00072,2425.12,1.7461
2026-09-15T17:30:03Z,244,Golden Athena Ring,0.00074,2425.12,1.7946
2026-09-15T17:30:03Z,245,Golden Chobo Ring,0.0006989,2425.12,1.6949
2026-09-15T17:30:03Z,246,Golden Crusader Ring,0.0007,2425.12,1.6976
2026-09-15T17:30:03Z,247,Golden Foxglove Ring,0.00067,2425.12,1.6248
2026-09-15T17:30:03Z,248,Golden Overseer Ring,0.000789,2425.12,1.9134
2026-09-15T17:30:03Z,249,Golden Summoner Ring,0.00071,2425.12,1.7218
2026-09-15T18:00:02Z,134,Chobo Silver Ring,4.5e-05,2439.8,0.1098
2026-09-15T18:00:02Z,135,Crusader Silver Ring,6.19e-05,2439.8,0.151
2026-09-15T18:00:02Z,136,Overseer Silver Ring,4.5e-05,2439.8,0.1098
2026-09-15T18:00:02Z,137,Athena Silver Ring,4.4899999999e-05,2439.8,0.1095
2026-09-15T18:00:02Z,138,Archon Silver Ring,4.99999999e-05,2439.8,0.122
2026-09-15T18:00:02Z,139,Foxglove Silver Ring,4.944999991e-05,2439.8,0.1206
2026-09-15T18:00:02Z,140,Summoner Silver Ring,4.79e-05,2439.8,0.1169
2026-09-15T18:00:02Z,243,Golden Archon Ring,0.00072,2439.8,1.7567
2026-09-15T18:00:02Z,244,Golden Athena Ring,0.00074,2439.8,1.8055
2026-09-15T18:00:02Z,245,Golden Chobo Ring,0.0006989,2439.8,1.7052
2026-09-15T18:00:02Z,246,Golden Crusader Ring,0.0007,2439.8,1.7079
2026-09-15T18:00:02Z,247,Golden Foxglove Ring,0.00067,2439.8,1.6347
2026-09-15T18:00:02Z,248,Golden Overseer Ring,0.00079998,2439.8,1.9518
2026-09-15T18:00:02Z,249,Golden Summoner Ring,0.00071,2439.8,1.7323
2026-09-15T18:05:12Z,134,Chobo Silver Ring,4.5e-05,2439.42,0.1098
2026-09-15T18:05:12Z,135,Crusader Silver Ring,6.19e-05,2439.42,0.151
2026-09-15T18:05:12Z,136,Overseer Silver Ring,4.5e-05,2439.42,0.1098
2026-09-15T18:05:12Z,137,Athena Silver Ring,4.4899999999e-05,2439.42,0.1095
2026-09-15T18:05:12Z,138,Archon Silver Ring,4.99999999e-05,2439.42,0.122
2026-09-15T18:05:12Z,139,Foxglove Silver Ring,4.944999991e-05,2439.42,0.1206
2026-09-15T18:05:12Z,140,Summoner Silver Ring,4.79e-05,2439.42,0.1168
2026-09-15T18:05:12Z,243,Golden Archon Ring,0.00072,2439.42,1.7564
2026-09-15T18:05:12Z,244,Golden Athena Ring,0.00074,2439.42,1.8052
2026-09-15T18:05:12Z,245,Golden Chobo Ring,0.0006989,2439.42,1.7049
2026-09-15T18:05:12Z,246,Golden Crusader Ring,0.0007,2439.42,1.7076
2026-09-15T18:05:12Z,247,Golden Foxglove Ring,0.00067,2439.42,1.6344
2026-09-15T18:05:12Z,248,Golden Overseer Ring,0.00079998,2439.42,1.9515
2026-09-15T18:05:12Z,249,Golden Summoner Ring,0.00071,2439.42,1.732
2026-09-15T18:30:02Z,134,Chobo Silver Ring,4.6e-05,2424.73,0.1115
2026-09-15T18:30:02Z,135,Crusader Silver Ring,6.189e-05,2424.73,0.1501
2026-09-15T18:30:02Z,136,Overseer Silver Ring,4.5e-05,2424.73,0.1091
2026-09-15T18:30:02Z,137,Athena Silver Ring,4.4e-05,2424.73,0.1067
2026-09-15T18:30:02Z,138,Archon Silver Ring,4.9999999e-05,2424.73,0.1212
2026-09-15T18:30:02Z,139,Foxglove Silver Ring,4.94499e-05,2424.73,0.1199
2026-09-15T18:30:02Z,140,Summoner Silver Ring,4.78e-05,2424.73,0.1159
2026-09-15T18:30:02Z,243,Golden Archon Ring,0.00071,2424.73,1.7216
2026-09-15T18:30:02Z,244,Golden Athena Ring,0.00074,2424.73,1.7943
2026-09-15T18:30:02Z,245,Golden Chobo Ring,0.0006989,2424.73,1.6946
2026-09-15T18:30:02Z,246,Golden Crusader Ring,0.0007,2424.73,1.6973
2026-09-15T18:30:02Z,247,Golden Foxglove Ring,0.00067,2424.73,1.6246
2026-09-15T18:30:02Z,248,Golden Overseer Ring,0.00079998,2424.73,1.9397
2026-09-15T18:30:02Z,249,Golden Summoner Ring,0.00071,2424.73,1.7216
2026-09-15T19:00:02Z,134,Chobo Silver Ring,4.6e-05,2402.68,0.1105
2026-09-15T19:00:02Z,135,Crusader Silver Ring,6.184e-05,2402.68,0.1486
2026-09-15T19:00:02Z,136,Overseer Silver Ring,4.869999999999e-05,2402.68,0.117
2026-09-15T19:00:02Z,137,Athena Silver Ring,4.3959e-05,2402.68,0.1056
2026-09-15T19:00:02Z,138,Archon Silver Ring,4.9999999e-05,2402.68,0.1201
2026-09-15T19:00:02Z,139,Foxglove Silver Ring,4.94499e-05,2402.68,0.1188
2026-09-15T19:00:02Z,140,Summoner Silver Ring,4.846e-05,2402.68,0.1164
2026-09-15T19:00:02Z,243,Golden Archon Ring,0.000749,2402.68,1.7996
2026-09-15T19:00:02Z,244,Golden Athena Ring,0.0007399999,2402.68,1.778
2026-09-15T19:00:02Z,245,Golden Chobo Ring,0.0006989,2402.68,1.6792
2026-09-15T19:00:02Z,246,Golden Crusader Ring,0.00069,2402.68,1.6578
2026-09-15T19:00:02Z,247,Golden Foxglove Ring,0.00067,2402.68,1.6098
2026-09-15T19:00:02Z,248,Golden Overseer Ring,0.000799979,2402.68,1.9221
2026-09-15T19:00:02Z,249,Golden Summoner Ring,0.00071,2402.68,1.7059
2026-09-15T19:30:02Z,134,Chobo Silver Ring,4.6e-05,2405.44,0.1107
2026-09-15T19:30:02Z,135,Crusader Silver Ring,6.184e-05,2405.44,0.1488
2026-09-15T19:30:02Z,136,Overseer Silver Ring,4.869999999999e-05,2405.44,0.1171
2026-09-15T19:30:02Z,137,Athena Silver Ring,4.4e-05,2405.44,0.1058
2026-09-15T19:30:02Z,138,Archon Silver Ring,5.044e-05,2405.44,0.1213
2026-09-15T19:30:02Z,139,Foxglove Silver Ring,4.94499e-05,2405.44,0.1189
2026-09-15T19:30:02Z,140,Summoner Silver Ring,4.8409e-05,2405.44,0.1164
2026-09-15T19:30:02Z,243,Golden Archon Ring,0.000749,2405.44,1.8017
2026-09-15T19:30:02Z,244,Golden Athena Ring,0.0007399999,2405.44,1.78
2026-09-15T19:30:02Z,245,Golden Chobo Ring,0.0006989,2405.44,1.6812
2026-09-15T19:30:02Z,246,Golden Crusader Ring,0.00069,2405.44,1.6598
2026-09-15T19:30:02Z,247,Golden Foxglove Ring,0.00067,2405.44,1.6116
2026-09-15T19:30:02Z,248,Golden Overseer Ring,0.000799979,2405.44,1.9243
2026-09-15T19:30:02Z,249,Golden Summoner Ring,0.00071,2405.44,1.7079
2026-09-15T20:00:02Z,134,Chobo Silver Ring,4.2e-05,2411.56,0.1013
2026-09-15T20:00:02Z,135,Crusader Silver Ring,6.184e-05,2411.56,0.1491
2026-09-15T20:00:02Z,136,Overseer Silver Ring,4.869999999999e-05,2411.56,0.1174
2026-09-15T20:00:02Z,137,Athena Silver Ring,4.395e-05,2411.56,0.106
2026-09-15T20:00:02Z,138,Archon Silver Ring,5.044e-05,2411.56,0.1216
2026-09-15T20:00:02Z,139,Foxglove Silver Ring,4.939e-05,2411.56,0.1191
2026-09-15T20:00:02Z,140,Summoner Silver Ring,4.8409e-05,2411.56,0.1167
2026-09-15T20:00:02Z,243,Golden Archon Ring,0.000749,2411.56,1.8063
2026-09-15T20:00:02Z,244,Golden Athena Ring,0.0007399999,2411.56,1.7846
2026-09-15T20:00:02Z,245,Golden Chobo Ring,0.00069889,2411.56,1.6854
2026-09-15T20:00:02Z,246,Golden Crusader Ring,0.00068999,2411.56,1.664
2026-09-15T20:00:02Z,247,Golden Foxglove Ring,0.00067,2411.56,1.6157
2026-09-15T20:00:02Z,248,Golden Overseer Ring,0.000799979,2411.56,1.9292
2026-09-15T20:00:02Z,249,Golden Summoner Ring,0.00070999,2411.56,1.7122
2026-09-15T20:30:03Z,134,Chobo Silver Ring,4.2e-05,2402.88,0.1009
2026-09-15T20:30:03Z,135,Crusader Silver Ring,6e-05,2402.88,0.1442
2026-09-15T20:30:03Z,136,Overseer Silver Ring,4.869999999999e-05,2402.88,0.117
2026-09-15T20:30:03Z,137,Athena Silver Ring,4e-05,2402.88,0.0961
2026-09-15T20:30:03Z,138,Archon Silver Ring,4.8e-05,2402.88,0.1153
2026-09-15T20:30:03Z,139,Foxglove Silver Ring,4.5e-05,2402.88,0.1081
2026-09-15T20:30:03Z,140,Summoner Silver Ring,4.4e-05,2402.88,0.1057
2026-09-15T20:30:03Z,243,Golden Archon Ring,0.000748,2402.88,1.7974
2026-09-15T20:30:03Z,244,Golden Athena Ring,0.0007399999,2402.88,1.7781
2026-09-15T20:30:03Z,245,Golden Chobo Ring,0.000699,2402.88,1.6796
2026-09-15T20:30:03Z,246,Golden Crusader Ring,0.00081,2402.88,1.9463
2026-09-15T20:30:03Z,247,Golden Foxglove Ring,0.00072,2402.88,1.7301
2026-09-15T20:30:03Z,248,Golden Overseer Ring,0.00079,2402.88,1.8983
2026-09-15T20:30:03Z,249,Golden Summoner Ring,0.000709,2402.88,1.7036
2026-09-15T21:00:02Z,134,Chobo Silver Ring,4.6929999999e-05,2408.55,0.113
2026-09-15T21:00:02Z,135,Crusader Silver Ring,6e-05,2408.55,0.1445
2026-09-15T21:00:02Z,136,Overseer Silver Ring,4.869999999999e-05,2408.55,0.1173
2026-09-15T21:00:02Z,137,Athena Silver Ring,4e-05,2408.55,0.0963
2026-09-15T21:00:02Z,138,Archon Silver Ring,4.8e-05,2408.55,0.1156
2026-09-15T21:00:02Z,139,Foxglove Silver Ring,4.939e-05,2408.55,0.119
2026-09-15T21:00:02Z,140,Summoner Silver Ring,4.8409e-05,2408.55,0.1166
2026-09-15T21:00:02Z,243,Golden Archon Ring,0.000748,2408.55,1.8016
2026-09-15T21:00:02Z,244,Golden Athena Ring,0.0007399999,2408.55,1.7823
2026-09-15T21:00:02Z,245,Golden Chobo Ring,0.000699,2408.55,1.6836
2026-09-15T21:00:02Z,246,Golden Crusader Ring,0.00080999,2408.55,1.9509
2026-09-15T21:00:02Z,247,Golden Foxglove Ring,0.00072,2408.55,1.7342
2026-09-15T21:00:02Z,248,Golden Overseer Ring,0.00078999,2408.55,1.9027
2026-09-15T21:00:02Z,249,Golden Summoner Ring,0.000709,2408.55,1.7077
2026-09-15T21:30:03Z,134,Chobo Silver Ring,4.6929999999e-05,2399.42,0.1126
2026-09-15T21:30:03Z,135,Crusader Silver Ring,6e-05,2399.42,0.144
2026-09-15T21:30:03Z,136,Overseer Silver Ring,4.869999999999e-05,2399.42,0.1169
2026-09-15T21:30:03Z,137,Athena Silver Ring,4.395e-05,2399.42,0.1055
2026-09-15T21:30:03Z,138,Archon Silver Ring,4.8e-05,2399.42,0.1152
2026-09-15T21:30:03Z,139,Foxglove Silver Ring,4.944999991e-05,2399.42,0.1187
2026-09-15T21:30:03Z,140,Summoner Silver Ring,4.8409e-05,2399.42,0.1162
2026-09-15T21:30:03Z,243,Golden Archon Ring,0.000748,2399.42,1.7948
2026-09-15T21:30:03Z,244,Golden Athena Ring,0.0007399999,2399.42,1.7756
2026-09-15T21:30:03Z,245,Golden Chobo Ring,0.000698,2399.42,1.6748
2026-09-15T21:30:03Z,246,Golden Crusader Ring,0.00080999,2399.42,1.9435
2026-09-15T21:30:03Z,247,Golden Foxglove Ring,0.00072,2399.42,1.7276
2026-09-15T21:30:03Z,248,Golden Overseer Ring,0.0007899,2399.42,1.8953
2026-09-15T21:30:03Z,249,Golden Summoner Ring,0.000709,2399.42,1.7012
2026-09-15T22:00:02Z,134,Chobo Silver Ring,4.69299999999e-05,2395.67,0.1124
2026-09-15T22:00:02Z,135,Crusader Silver Ring,6e-05,2395.67,0.1437
2026-09-15T22:00:02Z,136,Overseer Silver Ring,4.869999999999e-05,2395.67,0.1167
2026-09-15T22:00:02Z,137,Athena Silver Ring,4.395e-05,2395.67,0.1053
2026-09-15T22:00:02Z,138,Archon Silver Ring,4.8e-05,2395.67,0.115
2026-09-15T22:00:02Z,139,Foxglove Silver Ring,4.944999991e-05,2395.67,0.1185
2026-09-15T22:00:02Z,140,Summoner Silver Ring,4.8409e-05,2395.67,0.116
2026-09-15T22:00:02Z,243,Golden Archon Ring,0.000748,2395.67,1.792
2026-09-15T22:00:02Z,244,Golden Athena Ring,0.0007399999,2395.67,1.7728
2026-09-15T22:00:02Z,245,Golden Chobo Ring,0.000698,2395.67,1.6722
2026-09-15T22:00:02Z,246,Golden Crusader Ring,0.00080999,2395.67,1.9405
2026-09-15T22:00:02Z,247,Golden Foxglove Ring,0.00072,2395.67,1.7249
2026-09-15T22:00:02Z,248,Golden Overseer Ring,0.0007899,2395.67,1.8923
2026-09-15T22:00:02Z,249,Golden Summoner Ring,0.000709,2395.67,1.6985
2026-09-15T22:30:02Z,134,Chobo Silver Ring,4.69299999999e-05,2382.85,0.1118
2026-09-15T22:30:02Z,135,Crusader Silver Ring,6e-05,2382.85,0.143
2026-09-15T22:30:02Z,136,Overseer Silver Ring,4.869999999999e-05,2382.85,0.116
2026-09-15T22:30:02Z,137,Athena Silver Ring,4.395e-05,2382.85,0.1047
2026-09-15T22:30:02Z,138,Archon Silver Ring,4.8e-05,2382.85,0.1144
2026-09-15T22:30:02Z,139,Foxglove Silver Ring,4.944999991e-05,2382.85,0.1178
2026-09-15T22:30:02Z,140,Summoner Silver Ring,4.8409e-05,2382.85,0.1154
2026-09-15T22:30:02Z,243,Golden Archon Ring,0.000748,2382.85,1.7824
2026-09-15T22:30:02Z,244,Golden Athena Ring,0.0007399999,2382.85,1.7633
2026-09-15T22:30:02Z,245,Golden Chobo Ring,0.000698,2382.85,1.6632
2026-09-15T22:30:02Z,246,Golden Crusader Ring,0.00080999,2382.85,1.9301
2026-09-15T22:30:02Z,247,Golden Foxglove Ring,0.00072,2382.85,1.7157
2026-09-15T22:30:02Z,248,Golden Overseer Ring,0.0007899,2382.85,1.8822
2026-09-15T22:30:02Z,249,Golden Summoner Ring,0.000709,2382.85,1.6894
2026-09-15T23:00:02Z,134,Chobo Silver Ring,4.69299999999e-05,2399.61,0.1126
2026-09-15T23:00:02Z,135,Crusader Silver Ring,6e-05,2399.61,0.144
2026-09-15T23:00:02Z,136,Overseer Silver Ring,4.869999999999e-05,2399.61,0.1169
2026-09-15T23:00:02Z,137,Athena Silver Ring,4.395e-05,2399.61,0.1055
2026-09-15T23:00:02Z,138,Archon Silver Ring,4.8e-05,2399.61,0.1152
2026-09-15T23:00:02Z,139,Foxglove Silver Ring,4.944999991e-05,2399.61,0.1187
2026-09-15T23:00:02Z,140,Summoner Silver Ring,4.8409e-05,2399.61,0.1162
2026-09-15T23:00:02Z,243,Golden Archon Ring,0.000748,2399.61,1.7949
2026-09-15T23:00:02Z,244,Golden Athena Ring,0.0007399999,2399.61,1.7757
2026-09-15T23:00:02Z,245,Golden Chobo Ring,0.000698,2399.61,1.6749
2026-09-15T23:00:02Z,246,Golden Crusader Ring,0.00080999,2399.61,1.9437
2026-09-15T23:00:02Z,247,Golden Foxglove Ring,0.00072,2399.61,1.7277
2026-09-15T23:00:02Z,248,Golden Overseer Ring,0.0007899,2399.61,1.8955
2026-09-15T23:00:02Z,249,Golden Summoner Ring,0.000709,2399.61,1.7013
2026-09-15T23:30:02Z,134,Chobo Silver Ring,4.69299999999e-05,2410.08,0.1131
2026-09-15T23:30:02Z,135,Crusader Silver Ring,6e-05,2410.08,0.1446
2026-09-15T23:30:02Z,136,Overseer Silver Ring,4.869999999999e-05,2410.08,0.1174
2026-09-15T23:30:02Z,137,Athena Silver Ring,4.395e-05,2410.08,0.1059
2026-09-15T23:30:02Z,138,Archon Silver Ring,4.8e-05,2410.08,0.1157
2026-09-15T23:30:02Z,139,Foxglove Silver Ring,4.944999991e-05,2410.08,0.1192
2026-09-15T23:30:02Z,140,Summoner Silver Ring,4.8409e-05,2410.08,0.1167
2026-09-15T23:30:02Z,243,Golden Archon Ring,0.000748,2410.08,1.8027
2026-09-15T23:30:02Z,244,Golden Athena Ring,0.000739,2410.08,1.781
2026-09-15T23:30:02Z,245,Golden Chobo Ring,0.000698,2410.08,1.6822
2026-09-15T23:30:02Z,246,Golden Crusader Ring,0.00080999,2410.08,1.9521
2026-09-15T23:30:02Z,247,Golden Foxglove Ring,0.00072,2410.08,1.7353
2026-09-15T23:30:02Z,248,Golden Overseer Ring,0.000789,2410.08,1.9016
2026-09-15T23:30:02Z,249,Golden Summoner Ring,0.000709,2410.08,1.7087
2026-09-16T00:00:02Z,134,Chobo Silver Ring,4.69299999999e-05,2400.99,0.1127
2026-09-16T00:00:02Z,135,Crusader Silver Ring,6e-05,2400.99,0.1441
2026-09-16T00:00:02Z,136,Overseer Silver Ring,4.869999999999e-05,2400.99,0.1169
2026-09-16T00:00:02Z,137,Athena Silver Ring,4.395e-05,2400.99,0.1055
2026-09-16T00:00:02Z,138,Archon Silver Ring,4.8e-05,2400.99,0.1152
2026-09-16T00:00:02Z,139,Foxglove Silver Ring,4.944999991e-05,2400.99,0.1187
2026-09-16T00:00:02Z,140,Summoner Silver Ring,4.8409e-05,2400.99,0.1162
2026-09-16T00:00:02Z,243,Golden Archon Ring,0.00074,2400.99,1.7767
2026-09-16T00:00:02Z,244,Golden Athena Ring,0.000738,2400.99,1.7719
2026-09-16T00:00:02Z,245,Golden Chobo Ring,0.000698,2400.99,1.6759
2026-09-16T00:00:02Z,246,Golden Crusader Ring,0.0008,2400.99,1.9208
2026-09-16T00:00:02Z,247,Golden Foxglove Ring,0.00072,2400.99,1.7287
2026-09-16T00:00:02Z,248,Golden Overseer Ring,0.000789,2400.99,1.8944
2026-09-16T00:00:02Z,249,Golden Summoner Ring,0.0007,2400.99,1.6807
2026-09-16T00:30:01Z,134,Chobo Silver Ring,4.69299999999e-05,2402.22,0.1127
2026-09-16T00:30:01Z,135,Crusader Silver Ring,6e-05,2402.22,0.1441
2026-09-16T00:30:01Z,136,Overseer Silver Ring,4.87e-05,2402.22,0.117
2026-09-16T00:30:01Z,137,Athena Silver Ring,4.395e-05,2402.22,0.1056
2026-09-16T00:30:01Z,138,Archon Silver Ring,4.8e-05,2402.22,0.1153
2026-09-16T00:30:01Z,139,Foxglove Silver Ring,4.944999991e-05,2402.22,0.1188
2026-09-16T00:30:01Z,140,Summoner Silver Ring,4.8409e-05,2402.22,0.1163
2026-09-16T00:30:01Z,243,Golden Archon Ring,0.00074,2402.22,1.7776
2026-09-16T00:30:01Z,244,Golden Athena Ring,0.000738,2402.22,1.7728
2026-09-16T00:30:01Z,245,Golden Chobo Ring,0.000698,2402.22,1.6767
2026-09-16T00:30:01Z,246,Golden Crusader Ring,0.0008,2402.22,1.9218
2026-09-16T00:30:01Z,247,Golden Foxglove Ring,0.00072,2402.22,1.7296
2026-09-16T00:30:01Z,248,Golden Overseer Ring,0.000789,2402.22,1.8954
2026-09-16T00:30:01Z,249,Golden Summoner Ring,0.0007,2402.22,1.6816
2026-09-16T01:00:02Z,134,Chobo Silver Ring,4.69299999999e-05,2398.95,0.1126
2026-09-16T01:00:02Z,135,Crusader Silver Ring,6e-05,2398.95,0.1439
2026-09-16T01:00:02Z,136,Overseer Silver Ring,4.87e-05,2398.95,0.1168
2026-09-16T01:00:02Z,137,Athena Silver Ring,4.395e-05,2398.95,0.1054
2026-09-16T01:00:02Z,138,Archon Silver Ring,4.8e-05,2398.95,0.1151
2026-09-16T01:00:02Z,139,Foxglove Silver Ring,4.944999991e-05,2398.95,0.1186
2026-09-16T01:00:02Z,140,Summoner Silver Ring,4.8409e-05,2398.95,0.1161
2026-09-16T01:00:02Z,243,Golden Archon Ring,0.00074,2398.95,1.7752
2026-09-16T01:00:02Z,244,Golden Athena Ring,0.000738,2398.95,1.7704
2026-09-16T01:00:02Z,245,Golden Chobo Ring,0.000698,2398.95,1.6745
2026-09-16T01:00:02Z,246,Golden Crusader Ring,0.0008,2398.95,1.9192
2026-09-16T01:00:02Z,247,Golden Foxglove Ring,0.00072,2398.95,1.7272
2026-09-16T01:00:02Z,248,Golden Overseer Ring,0.000789,2398.95,1.8928
2026-09-16T01:00:02Z,249,Golden Summoner Ring,0.0007,2398.95,1.6793
2026-09-16T01:30:02Z,134,Chobo Silver Ring,4.69299999999e-05,2402.92,0.1128
2026-09-16T01:30:02Z,135,Crusader Silver Ring,6e-05,2402.92,0.1442
2026-09-16T01:30:02Z,136,Overseer Silver Ring,4.87e-05,2402.92,0.117
2026-09-16T01:30:02Z,137,Athena Silver Ring,4.395e-05,2402.92,0.1056
2026-09-16T01:30:02Z,138,Archon Silver Ring,4.8e-05,2402.92,0.1153
2026-09-16T01:30:02Z,139,Foxglove Silver Ring,4.944999991e-05,2402.92,0.1188
2026-09-16T01:30:02Z,140,Summoner Silver Ring,4.8409e-05,2402.92,0.1163
2026-09-16T01:30:02Z,243,Golden Archon Ring,0.00074,2402.92,1.7782
2026-09-16T01:30:02Z,244,Golden Athena Ring,0.000738,2402.92,1.7734
2026-09-16T01:30:02Z,245,Golden Chobo Ring,0.000698,2402.92,1.6772
2026-09-16T01:30:02Z,246,Golden Crusader Ring,0.0008,2402.92,1.9223
2026-09-16T01:30:02Z,247,Golden Foxglove Ring,0.00072,2402.92,1.7301
2026-09-16T01:30:02Z,248,Golden Overseer Ring,0.000788,2402.92,1.8935
2026-09-16T01:30:02Z,249,Golden Summoner Ring,0.0007,2402.92,1.682
2026-09-16T02:00:03Z,134,Chobo Silver Ring,4.69299999999e-05,2390.48,0.1122
2026-09-16T02:00:03Z,135,Crusader Silver Ring,6e-05,2390.48,0.1434
2026-09-16T02:00:03Z,136,Overseer Silver Ring,4.87e-05,2390.48,0.1164
2026-09-16T02:00:03Z,137,Athena Silver Ring,4.395e-05,2390.48,0.1051
2026-09-16T02:00:03Z,138,Archon Silver Ring,4.8e-05,2390.48,0.1147
2026-09-16T02:00:03Z,139,Foxglove Silver Ring,4.944999991e-05,2390.48,0.1182
2026-09-16T02:00:03Z,140,Summoner Silver Ring,4.8409e-05,2390.48,0.1157
2026-09-16T02:00:03Z,243,Golden Archon Ring,0.00074,2390.48,1.769
2026-09-16T02:00:03Z,244,Golden Athena Ring,0.000738,2390.48,1.7642
2026-09-16T02:00:03Z,245,Golden Chobo Ring,0.000698,2390.48,1.6686
2026-09-16T02:00:03Z,246,Golden Crusader Ring,0.0008,2390.48,1.9124
2026-09-16T02:00:03Z,247,Golden Foxglove Ring,0.00072,2390.48,1.7211
2026-09-16T02:00:03Z,248,Golden Overseer Ring,0.000788,2390.48,1.8837
2026-09-16T02:00:03Z,249,Golden Summoner Ring,0.0007,2390.48,1.6733
2026-09-16T02:30:02Z,134,Chobo Silver Ring,4.69299999999e-05,2397.22,0.1125
2026-09-16T02:30:02Z,135,Crusader Silver Ring,6e-05,2397.22,0.1438
2026-09-16T02:30:02Z,136,Overseer Silver Ring,4.87e-05,2397.22,0.1167
2026-09-16T02:30:02Z,137,Athena Silver Ring,4.395e-05,2397.22,0.1054
2026-09-16T02:30:02Z,138,Archon Silver Ring,4.8e-05,2397.22,0.1151
2026-09-16T02:30:02Z,139,Foxglove Silver Ring,4.944999991e-05,2397.22,0.1185
2026-09-16T02:30:02Z,140,Summoner Silver Ring,4.8409e-05,2397.22,0.116
2026-09-16T02:30:02Z,243,Golden Archon Ring,0.00074,2397.22,1.7739
2026-09-16T02:30:02Z,244,Golden Athena Ring,0.000738,2397.22,1.7691
2026-09-16T02:30:02Z,245,Golden Chobo Ring,0.000698,2397.22,1.6733
2026-09-16T02:30:02Z,246,Golden Crusader Ring,0.0008,2397.22,1.9178
2026-09-16T02:30:02Z,247,Golden Foxglove Ring,0.00072,2397.22,1.726
2026-09-16T02:30:02Z,248,Golden Overseer Ring,0.000788,2397.22,1.889
2026-09-16T02:30:02Z,249,Golden Summoner Ring,0.000739,2397.22,1.7715
2026-09-16T03:00:03Z,134,Chobo Silver Ring,4.69299999999e-05,2400.81,0.1127
2026-09-16T03:00:03Z,135,Crusader Silver Ring,5.9999999e-05,2400.81,0.144
2026-09-16T03:00:03Z,136,Overseer Silver Ring,4.87e-05,2400.81,0.1169
2026-09-16T03:00:03Z,137,Athena Silver Ring,4.395e-05,2400.81,0.1055
2026-09-16T03:00:03Z,138,Archon Silver Ring,4.8e-05,2400.81,0.1152
2026-09-16T03:00:03Z,139,Foxglove Silver Ring,4.944999991e-05,2400.81,0.1187
2026-09-16T03:00:03Z,140,Summoner Silver Ring,4.8409e-05,2400.81,0.1162
2026-09-16T03:00:03Z,243,Golden Archon Ring,0.00074,2400.81,1.7766
2026-09-16T03:00:03Z,244,Golden Athena Ring,0.000738,2400.81,1.7718
2026-09-16T03:00:03Z,245,Golden Chobo Ring,0.000698,2400.81,1.6758
2026-09-16T03:00:03Z,246,Golden Crusader Ring,0.00080999,2400.81,1.9446
2026-09-16T03:00:03Z,247,Golden Foxglove Ring,0.00072,2400.81,1.7286
2026-09-16T03:00:03Z,248,Golden Overseer Ring,0.000788,2400.81,1.8918
2026-09-16T03:00:03Z,249,Golden Summoner Ring,0.000739,2400.81,1.7742
2026-09-16T03:30:02Z,134,Chobo Silver Ring,4.69299999999e-05,2403.17,0.1128
2026-09-16T03:30:02Z,135,Crusader Silver Ring,5.9999999e-05,2403.17,0.1442
2026-09-16T03:30:02Z,136,Overseer Silver Ring,4.87e-05,2403.17,0.117
2026-09-16T03:30:02Z,137,Athena Silver Ring,4.395e-05,2403.17,0.1056
2026-09-16T03:30:02Z,138,Archon Silver Ring,5.044e-05,2403.17,0.1212
2026-09-16T03:30:02Z,139,Foxglove Silver Ring,4.944999991e-05,2403.17,0.1188
2026-09-16T03:30:02Z,140,Summoner Silver Ring,4.8409e-05,2403.17,0.1163
2026-09-16T03:30:02Z,243,Golden Archon Ring,0.00074,2403.17,1.7783
2026-09-16T03:30:02Z,244,Golden Athena Ring,0.000738,2403.17,1.7735
2026-09-16T03:30:02Z,245,Golden Chobo Ring,0.000697,2403.17,1.675
2026-09-16T03:30:02Z,246,Golden Crusader Ring,0.0008,2403.17,1.9225
2026-09-16T03:30:02Z,247,Golden Foxglove Ring,0.00072,2403.17,1.7303
2026-09-16T03:30:02Z,248,Golden Overseer Ring,0.00078721,2403.17,1.8918
2026-09-16T03:30:02Z,249,Golden Summoner Ring,0.00073826,2403.17,1.7742
2026-09-16T04:00:02Z,134,Chobo Silver Ring,4.69299999999e-05,2401.73,0.1127
2026-09-16T04:00:02Z,135,Crusader Silver Ring,5.9999999e-05,2401.73,0.1441
2026-09-16T04:00:02Z,136,Overseer Silver Ring,4.87e-05,2401.73,0.117
2026-09-16T04:00:02Z,137,Athena Silver Ring,4.395e-05,2401.73,0.1056
2026-09-16T04:00:02Z,138,Archon Silver Ring,5.044e-05,2401.73,0.1211
2026-09-16T04:00:02Z,139,Foxglove Silver Ring,4.945e-05,2401.73,0.1188
2026-09-16T04:00:02Z,140,Summoner Silver Ring,4.8409e-05,2401.73,0.1163
2026-09-16T04:00:02Z,243,Golden Archon Ring,0.00074,2401.73,1.7773
2026-09-16T04:00:02Z,244,Golden Athena Ring,0.000738,2401.73,1.7725
2026-09-16T04:00:02Z,245,Golden Chobo Ring,0.000697,2401.73,1.674
2026-09-16T04:00:02Z,246,Golden Crusader Ring,0.00080999,2401.73,1.9454
2026-09-16T04:00:02Z,247,Golden Foxglove Ring,0.00072,2401.73,1.7292
2026-09-16T04:00:02Z,248,Golden Overseer Ring,0.00078721,2401.73,1.8907
2026-09-16T04:00:02Z,249,Golden Summoner Ring,0.00073826,2401.73,1.7731
2026-09-16T04:30:05Z,134,Chobo Silver Ring,4.69299999999e-05,2403.38,0.1128
2026-09-16T04:30:05Z,135,Crusader Silver Ring,5.9999999e-05,2403.38,0.1442
2026-09-16T04:30:05Z,136,Overseer Silver Ring,4.87e-05,2403.38,0.117
2026-09-16T04:30:05Z,137,Athena Silver Ring,4.395e-05,2403.38,0.1056
2026-09-16T04:30:05Z,138,Archon Silver Ring,5.044e-05,2403.38,0.1212
2026-09-16T04:30:05Z,139,Foxglove Silver Ring,4.945e-05,2403.38,0.1188
2026-09-16T04:30:05Z,140,Summoner Silver Ring,4.8409e-05,2403.38,0.1163
2026-09-16T04:30:05Z,243,Golden Archon Ring,0.00074,2403.38,1.7785
2026-09-16T04:30:05Z,244,Golden Athena Ring,0.000738,2403.38,1.7737
2026-09-16T04:30:05Z,245,Golden Chobo Ring,0.000697,2403.38,1.6752
2026-09-16T04:30:05Z,246,Golden Crusader Ring,0.00080999,2403.38,1.9467
2026-09-16T04:30:05Z,247,Golden Foxglove Ring,0.00072,2403.38,1.7304
2026-09-16T04:30:05Z,248,Golden Overseer Ring,0.00078721,2403.38,1.892
2026-09-16T04:30:05Z,249,Golden Summoner Ring,0.00073826,2403.38,1.7743
2026-09-16T05:00:02Z,134,Chobo Silver Ring,4.69299999999e-05,2405.04,0.1129
2026-09-16T05:00:02Z,135,Crusader Silver Ring,5.9999999e-05,2405.04,0.1443
2026-09-16T05:00:02Z,136,Overseer Silver Ring,4.87e-05,2405.04,0.1171
2026-09-16T05:00:02Z,137,Athena Silver Ring,4.395e-05,2405.04,0.1057
2026-09-16T05:00:02Z,138,Archon Silver Ring,5.044e-05,2405.04,0.1213
2026-09-16T05:00:02Z,139,Foxglove Silver Ring,4.945e-05,2405.04,0.1189
2026-09-16T05:00:02Z,140,Summoner Silver Ring,4.8409e-05,2405.04,0.1164
2026-09-16T05:00:02Z,243,Golden Archon Ring,0.00074,2405.04,1.7797
2026-09-16T05:00:02Z,244,Golden Athena Ring,0.000738,2405.04,1.7749
2026-09-16T05:00:02Z,245,Golden Chobo Ring,0.000697,2405.04,1.6763
2026-09-16T05:00:02Z,246,Golden Crusader Ring,0.00080999,2405.04,1.9481
2026-09-16T05:00:02Z,247,Golden Foxglove Ring,0.00072,2405.04,1.7316
2026-09-16T05:00:02Z,248,Golden Overseer Ring,0.00078721,2405.04,1.8933
2026-09-16T05:00:02Z,249,Golden Summoner Ring,0.00073826,2405.04,1.7755
2026-09-16T05:30:02Z,134,Chobo Silver Ring,4.69299999999e-05,2404.18,0.1128
2026-09-16T05:30:02Z,135,Crusader Silver Ring,5.9999999e-05,2404.18,0.1443
2026-09-16T05:30:02Z,136,Overseer Silver Ring,4.87e-05,2404.18,0.1171
2026-09-16T05:30:02Z,137,Athena Silver Ring,4.395e-05,2404.18,0.1057
2026-09-16T05:30:02Z,138,Archon Silver Ring,5.044e-05,2404.18,0.1213
2026-09-16T05:30:02Z,139,Foxglove Silver Ring,4.945e-05,2404.18,0.1189
2026-09-16T05:30:02Z,140,Summoner Silver Ring,4.8409e-05,2404.18,0.1164
2026-09-16T05:30:02Z,243,Golden Archon Ring,0.00074,2404.18,1.7791
2026-09-16T05:30:02Z,244,Golden Athena Ring,0.000738,2404.18,1.7743
2026-09-16T05:30:02Z,245,Golden Chobo Ring,0.000697,2404.18,1.6757
2026-09-16T05:30:02Z,246,Golden Crusader Ring,0.00080999,2404.18,1.9474
2026-09-16T05:30:02Z,247,Golden Foxglove Ring,0.00072,2404.18,1.731
2026-09-16T05:30:02Z,248,Golden Overseer Ring,0.00078721,2404.18,1.8926
2026-09-16T05:30:02Z,249,Golden Summoner Ring,0.00073826,2404.18,1.7749
2026-09-16T06:00:02Z,134,Chobo Silver Ring,4.69299999999e-05,2406.68,0.1129
2026-09-16T06:00:02Z,135,Crusader Silver Ring,5.999e-05,2406.68,0.1444
2026-09-16T06:00:02Z,136,Overseer Silver Ring,4.87e-05,2406.68,0.1172
2026-09-16T06:00:02Z,137,Athena Silver Ring,4.395e-05,2406.68,0.1058
2026-09-16T06:00:02Z,138,Archon Silver Ring,5.044e-05,2406.68,0.1214
2026-09-16T06:00:02Z,139,Foxglove Silver Ring,4.945e-05,2406.68,0.119
2026-09-16T06:00:02Z,140,Summoner Silver Ring,4.8409e-05,2406.68,0.1165
2026-09-16T06:00:02Z,243,Golden Archon Ring,0.00074,2406.68,1.7809
2026-09-16T06:00:02Z,244,Golden Athena Ring,0.000738,2406.68,1.7761
2026-09-16T06:00:02Z,245,Golden Chobo Ring,0.000697,2406.68,1.6775
2026-09-16T06:00:02Z,246,Golden Crusader Ring,0.00077,2406.68,1.8531
2026-09-16T06:00:02Z,247,Golden Foxglove Ring,0.00072,2406.68,1.7328
2026-09-16T06:00:02Z,248,Golden Overseer Ring,0.00075,2406.68,1.805
2026-09-16T06:00:02Z,249,Golden Summoner Ring,0.00073826,2406.68,1.7768
2026-09-16T06:30:02Z,134,Chobo Silver Ring,4.69299999999e-05,2402.83,0.1128
2026-09-16T06:30:02Z,135,Crusader Silver Ring,5.999e-05,2402.83,0.1441
2026-09-16T06:30:02Z,136,Overseer Silver Ring,4.87e-05,2402.83,0.117
2026-09-16T06:30:02Z,137,Athena Silver Ring,4.395e-05,2402.83,0.1056
2026-09-16T06:30:02Z,138,Archon Silver Ring,5.044e-05,2402.83,0.1212
2026-09-16T06:30:02Z,139,Foxglove Silver Ring,4.945e-05,2402.83,0.1188
2026-09-16T06:30:02Z,140,Summoner Silver Ring,4.8409e-05,2402.83,0.1163
2026-09-16T06:30:02Z,243,Golden Archon Ring,0.000739,2402.83,1.7757
2026-09-16T06:30:02Z,244,Golden Athena Ring,0.000737,2402.83,1.7709
2026-09-16T06:30:02Z,245,Golden Chobo Ring,0.000697,2402.83,1.6748
2026-09-16T06:30:02Z,246,Golden Crusader Ring,0.000769,2402.83,1.8478
2026-09-16T06:30:02Z,247,Golden Foxglove Ring,0.000719,2402.83,1.7276
2026-09-16T06:30:02Z,248,Golden Overseer Ring,0.000749,2402.83,1.7997
2026-09-16T06:30:02Z,249,Golden Summoner Ring,0.00073825,2402.83,1.7739
2026-09-16T07:00:02Z,134,Chobo Silver Ring,4.69299999999e-05,2399.28,0.1126
2026-09-16T07:00:02Z,135,Crusader Silver Ring,5.999e-05,2399.28,0.1439
2026-09-16T07:00:02Z,136,Overseer Silver Ring,4.87e-05,2399.28,0.1168
2026-09-16T07:00:02Z,137,Athena Silver Ring,4.395e-05,2399.28,0.1054
2026-09-16T07:00:02Z,138,Archon Silver Ring,5.044e-05,2399.28,0.121
2026-09-16T07:00:02Z,139,Foxglove Silver Ring,4.945e-05,2399.28,0.1186
2026-09-16T07:00:02Z,140,Summoner Silver Ring,4.8409e-05,2399.28,0.1161
2026-09-16T07:00:02Z,243,Golden Archon Ring,0.000739,2399.28,1.7731
2026-09-16T07:00:02Z,244,Golden Athena Ring,0.000737,2399.28,1.7683
2026-09-16T07:00:02Z,245,Golden Chobo Ring,0.000697,2399.28,1.6723
2026-09-16T07:00:02Z,246,Golden Crusader Ring,0.000769,2399.28,1.845
2026-09-16T07:00:02Z,247,Golden Foxglove Ring,0.000719,2399.28,1.7251
2026-09-16T07:00:02Z,248,Golden Overseer Ring,0.000749,2399.28,1.7971
2026-09-16T07:00:02Z,249,Golden Summoner Ring,0.00073825,2399.28,1.7713
2026-09-16T07:30:02Z,134,Chobo Silver Ring,4.69299999999e-05,2400.48,0.1127
2026-09-16T07:30:02Z,135,Crusader Silver Ring,5.999e-05,2400.48,0.144
2026-09-16T07:30:02Z,136,Overseer Silver Ring,4.87e-05,2400.48,0.1169
2026-09-16T07:30:02Z,137,Athena Silver Ring,4.395e-05,2400.48,0.1055
2026-09-16T07:30:02Z,138,Archon Silver Ring,5.044e-05,2400.48,0.1211
2026-09-16T07:30:02Z,139,Foxglove Silver Ring,4.945e-05,2400.48,0.1187
2026-09-16T07:30:02Z,140,Summoner Silver Ring,4.846e-05,2400.48,0.1163
2026-09-16T07:30:02Z,243,Golden Archon Ring,0.000739,2400.48,1.774
2026-09-16T07:30:02Z,244,Golden Athena Ring,0.000737,2400.48,1.7692
2026-09-16T07:30:02Z,245,Golden Chobo Ring,0.000697,2400.48,1.6731
2026-09-16T07:30:02Z,246,Golden Crusader Ring,0.000769,2400.48,1.846
2026-09-16T07:30:02Z,247,Golden Foxglove Ring,0.000719,2400.48,1.7259
2026-09-16T07:30:02Z,248,Golden Overseer Ring,0.000749,2400.48,1.798
2026-09-16T07:30:02Z,249,Golden Summoner Ring,0.00073825,2400.48,1.7722
2026-09-16T08:00:02Z,134,Chobo Silver Ring,4.69299999999e-05,2395.18,0.1124
2026-09-16T08:00:02Z,135,Crusader Silver Ring,5.999e-05,2395.18,0.1437
2026-09-16T08:00:02Z,136,Overseer Silver Ring,4.87e-05,2395.18,0.1166
2026-09-16T08:00:02Z,137,Athena Silver Ring,4.8239999998e-05,2395.18,0.1155
2026-09-16T08:00:02Z,138,Archon Silver Ring,5.044e-05,2395.18,0.1208
2026-09-16T08:00:02Z,139,Foxglove Silver Ring,4.945e-05,2395.18,0.1184
2026-09-16T08:00:02Z,140,Summoner Silver Ring,4.846e-05,2395.18,0.1161
2026-09-16T08:00:02Z,243,Golden Archon Ring,0.0007389999,2395.18,1.77
2026-09-16T08:00:02Z,244,Golden Athena Ring,0.000737,2395.18,1.7652
2026-09-16T08:00:02Z,245,Golden Chobo Ring,0.000697,2395.18,1.6694
2026-09-16T08:00:02Z,246,Golden Crusader Ring,0.0007689999,2395.18,1.8419
2026-09-16T08:00:02Z,247,Golden Foxglove Ring,0.000719,2395.18,1.7221
2026-09-16T08:00:02Z,248,Golden Overseer Ring,0.000749,2395.18,1.794
2026-09-16T08:00:02Z,249,Golden Summoner Ring,0.00073825,2395.18,1.7682
2026-09-16T08:30:02Z,134,Chobo Silver Ring,4.69299999999e-05,2386.62,0.112
2026-09-16T08:30:02Z,135,Crusader Silver Ring,5.999e-05,2386.62,0.1432
2026-09-16T08:30:02Z,136,Overseer Silver Ring,4.87e-05,2386.62,0.1162
2026-09-16T08:30:02Z,137,Athena Silver Ring,4.8239999998e-05,2386.62,0.1151
2026-09-16T08:30:02Z,138,Archon Silver Ring,4e-05,2386.62,0.0955
2026-09-16T08:30:02Z,139,Foxglove Silver Ring,4.945e-05,2386.62,0.118
2026-09-16T08:30:02Z,140,Summoner Silver Ring,4.846e-05,2386.62,0.1157
2026-09-16T08:30:02Z,243,Golden Archon Ring,0.0007389999,2386.62,1.7637
2026-09-16T08:30:02Z,244,Golden Athena Ring,0.000737,2386.62,1.7589
2026-09-16T08:30:02Z,245,Golden Chobo Ring,0.000697,2386.62,1.6635
2026-09-16T08:30:02Z,246,Golden Crusader Ring,0.0007689999,2386.62,1.8353
2026-09-16T08:30:02Z,247,Golden Foxglove Ring,0.000719,2386.62,1.716
2026-09-16T08:30:02Z,248,Golden Overseer Ring,0.000749,2386.62,1.7876
2026-09-16T08:30:02Z,249,Golden Summoner Ring,0.00073825,2386.62,1.7619
2026-09-16T09:00:02Z,134,Chobo Silver Ring,4.826e-05,2400.72,0.1159
2026-09-16T09:00:02Z,135,Crusader Silver Ring,6.19299889e-05,2400.72,0.1487
2026-09-16T09:00:02Z,136,Overseer Silver Ring,4.879e-05,2400.72,0.1171
2026-09-16T09:00:02Z,137,Athena Silver Ring,4.989999999e-05,2400.72,0.1198
2026-09-16T09:00:02Z,138,Archon Silver Ring,5.09998901e-05,2400.72,0.1224
2026-09-16T09:00:02Z,139,Foxglove Silver Ring,4.945e-05,2400.72,0.1187
2026-09-16T09:00:02Z,140,Summoner Silver Ring,4.99901e-05,2400.72,0.12
2026-09-16T09:00:02Z,243,Golden Archon Ring,0.000739,2400.72,1.7741
2026-09-16T09:00:02Z,244,Golden Athena Ring,0.000737,2400.72,1.7693
2026-09-16T09:00:02Z,245,Golden Chobo Ring,0.000697,2400.72,1.6733
2026-09-16T09:00:02Z,246,Golden Crusader Ring,0.0007689999,2400.72,1.8462
2026-09-16T09:00:02Z,247,Golden Foxglove Ring,0.000719,2400.72,1.7261
2026-09-16T09:00:02Z,248,Golden Overseer Ring,0.000749,2400.72,1.7981
2026-09-16T09:00:02Z,249,Golden Summoner Ring,0.00073825,2400.72,1.7723
2026-09-16T09:30:05Z,134,Chobo Silver Ring,4.826e-05,2400.75,0.1159
2026-09-16T09:30:05Z,135,Crusader Silver Ring,6.2e-05,2400.75,0.1488
2026-09-16T09:30:05Z,136,Overseer Silver Ring,4.8999979e-05,2400.75,0.1176
2026-09-16T09:30:05Z,137,Athena Silver Ring,4.99e-05,2400.75,0.1198
2026-09-16T09:30:05Z,138,Archon Silver Ring,5.099999999999e-05,2400.75,0.1224
2026-09-16T09:30:05Z,139,Foxglove Silver Ring,4.945e-05,2400.75,0.1187
2026-09-16T09:30:05Z,140,Summoner Silver Ring,5.2999999999e-05,2400.75,0.1272
2026-09-16T09:30:05Z,243,Golden Archon Ring,0.000739,2400.75,1.7742
2026-09-16T09:30:05Z,244,Golden Athena Ring,0.000737,2400.75,1.7694
2026-09-16T09:30:05Z,245,Golden Chobo Ring,0.000697,2400.75,1.6733
2026-09-16T09:30:05Z,246,Golden Crusader Ring,0.0007689999,2400.75,1.8462
2026-09-16T09:30:05Z,247,Golden Foxglove Ring,0.000719,2400.75,1.7261
2026-09-16T09:30:05Z,248,Golden Overseer Ring,0.000749,2400.75,1.7982
2026-09-16T09:30:05Z,249,Golden Summoner Ring,0.00073825,2400.75,1.7724
2026-09-16T10:00:02Z,134,Chobo Silver Ring,4.826e-05,2403.87,0.116
2026-09-16T10:00:02Z,135,Crusader Silver Ring,6e-05,2403.87,0.1442
2026-09-16T10:00:02Z,136,Overseer Silver Ring,4.8999979e-05,2403.87,0.1178
2026-09-16T10:00:02Z,137,Athena Silver Ring,4.99e-05,2403.87,0.12
2026-09-16T10:00:02Z,138,Archon Silver Ring,5.099999999999e-05,2403.87,0.1226
2026-09-16T10:00:02Z,139,Foxglove Silver Ring,4.945e-05,2403.87,0.1189
2026-09-16T10:00:02Z,140,Summoner Silver Ring,5.2999999999e-05,2403.87,0.1274
2026-09-16T10:00:02Z,243,Golden Archon Ring,0.000739,2403.87,1.7765
2026-09-16T10:00:02Z,244,Golden Athena Ring,0.00073699,2403.87,1.7716
2026-09-16T10:00:02Z,245,Golden Chobo Ring,0.000697,2403.87,1.6755
2026-09-16T10:00:02Z,246,Golden Crusader Ring,0.0007689999,2403.87,1.8486
2026-09-16T10:00:02Z,247,Golden Foxglove Ring,0.000719,2403.87,1.7284
2026-09-16T10:00:02Z,248,Golden Overseer Ring,0.000749,2403.87,1.8005
2026-09-16T10:00:02Z,249,Golden Summoner Ring,0.00073824,2403.87,1.7746
2026-09-16T10:30:02Z,134,Chobo Silver Ring,4.826e-05,2400.13,0.1158
2026-09-16T10:30:02Z,135,Crusader Silver Ring,6e-05,2400.13,0.144
2026-09-16T10:30:02Z,136,Overseer Silver Ring,4.8999979e-05,2400.13,0.1176
2026-09-16T10:30:02Z,137,Athena Silver Ring,4.6e-05,2400.13,0.1104
2026-09-16T10:30:02Z,138,Archon Silver Ring,4.6e-05,2400.13,0.1104
2026-09-16T10:30:02Z,139,Foxglove Silver Ring,4.842e-05,2400.13,0.1162
2026-09-16T10:30:02Z,140,Summoner Silver Ring,5.2999999999e-05,2400.13,0.1272
2026-09-16T10:30:02Z,243,Golden Archon Ring,0.000739,2400.13,1.7737
2026-09-16T10:30:02Z,244,Golden Athena Ring,0.00073699,2400.13,1.7689
2026-09-16T10:30:02Z,245,Golden Chobo Ring,0.000697,2400.13,1.6729
2026-09-16T10:30:02Z,246,Golden Crusader Ring,0.0007689999,2400.13,1.8457
2026-09-16T10:30:02Z,247,Golden Foxglove Ring,0.000719,2400.13,1.7257
2026-09-16T10:30:02Z,248,Golden Overseer Ring,0.000749,2400.13,1.7977
2026-09-16T10:30:02Z,249,Golden Summoner Ring,0.00073824,2400.13,1.7719
2026-09-16T11:00:02Z,134,Chobo Silver Ring,4.826e-05,2405.02,0.1161
2026-09-16T11:00:02Z,135,Crusader Silver Ring,6e-05,2405.02,0.1443
2026-09-16T11:00:02Z,136,Overseer Silver Ring,4.8999979e-05,2405.02,0.1178
2026-09-16T11:00:02Z,137,Athena Silver Ring,4.6e-05,2405.02,0.1106
2026-09-16T11:00:02Z,138,Archon Silver Ring,4.6e-05,2405.02,0.1106
2026-09-16T11:00:02Z,139,Foxglove Silver Ring,4.842e-05,2405.02,0.1165
2026-09-16T11:00:02Z,140,Summoner Silver Ring,5.2999999999e-05,2405.02,0.1275
2026-09-16T11:00:02Z,243,Golden Archon Ring,0.000739,2405.02,1.7773
2026-09-16T11:00:02Z,244,Golden Athena Ring,0.00073699,2405.02,1.7725
2026-09-16T11:00:02Z,245,Golden Chobo Ring,0.000697,2405.02,1.6763
2026-09-16T11:00:02Z,246,Golden Crusader Ring,0.0007689999,2405.02,1.8495
2026-09-16T11:00:02Z,247,Golden Foxglove Ring,0.000719,2405.02,1.7292
2026-09-16T11:00:02Z,248,Golden Overseer Ring,0.000749,2405.02,1.8014
2026-09-16T11:00:02Z,249,Golden Summoner Ring,0.00073824,2405.02,1.7755
2026-09-16T11:30:02Z,134,Chobo Silver Ring,4.826e-05,2405.46,0.1161
2026-09-16T11:30:02Z,135,Crusader Silver Ring,6.226e-05,2405.46,0.1498
2026-09-16T11:30:02Z,136,Overseer Silver Ring,4.8999979e-05,2405.46,0.1179
2026-09-16T11:30:02Z,137,Athena Silver Ring,4.6e-05,2405.46,0.1107
2026-09-16T11:30:02Z,138,Archon Silver Ring,4.6e-05,2405.46,0.1107
2026-09-16T11:30:02Z,139,Foxglove Silver Ring,4.842e-05,2405.46,0.1165
2026-09-16T11:30:02Z,140,Summoner Silver Ring,5.2999999999e-05,2405.46,0.1275
2026-09-16T11:30:02Z,243,Golden Archon Ring,0.000739,2405.46,1.7776
2026-09-16T11:30:02Z,244,Golden Athena Ring,0.00073699,2405.46,1.7728
2026-09-16T11:30:02Z,245,Golden Chobo Ring,0.000697,2405.46,1.6766
2026-09-16T11:30:02Z,246,Golden Crusader Ring,0.0007689999,2405.46,1.8498
2026-09-16T11:30:02Z,247,Golden Foxglove Ring,0.000719,2405.46,1.7295
2026-09-16T11:30:02Z,248,Golden Overseer Ring,0.000749,2405.46,1.8017
2026-09-16T11:30:02Z,249,Golden Summoner Ring,0.00073824,2405.46,1.7758
2026-09-16T12:00:02Z,134,Chobo Silver Ring,4.826e-05,2419.52,0.1168
2026-09-16T12:00:02Z,135,Crusader Silver Ring,6.226e-05,2419.52,0.1506
2026-09-16T12:00:02Z,136,Overseer Silver Ring,4.8999979e-05,2419.52,0.1186
2026-09-16T12:00:02Z,137,Athena Silver Ring,4.6e-05,2419.52,0.1113
2026-09-16T12:00:02Z,138,Archon Silver Ring,4.6e-05,2419.52,0.1113
2026-09-16T12:00:02Z,139,Foxglove Silver Ring,4.842e-05,2419.52,0.1172
2026-09-16T12:00:02Z,140,Summoner Silver Ring,5.2999999999e-05,2419.52,0.1282
2026-09-16T12:00:02Z,243,Golden Archon Ring,0.000739,2419.52,1.788
2026-09-16T12:00:02Z,244,Golden Athena Ring,0.00073699,2419.52,1.7832
2026-09-16T12:00:02Z,245,Golden Chobo Ring,0.000697,2419.52,1.6864
2026-09-16T12:00:02Z,246,Golden Crusader Ring,0.0007689999,2419.52,1.8606
2026-09-16T12:00:02Z,247,Golden Foxglove Ring,0.000719,2419.52,1.7396
2026-09-16T12:00:02Z,248,Golden Overseer Ring,0.000749,2419.52,1.8122
2026-09-16T12:00:02Z,249,Golden Summoner Ring,0.00073824,2419.52,1.7862
2026-09-16T12:30:02Z,134,Chobo Silver Ring,4.826e-05,2408,0.1162
2026-09-16T12:30:02Z,135,Crusader Silver Ring,6.2259e-05,2408,0.1499
2026-09-16T12:30:02Z,136,Overseer Silver Ring,4.8999979e-05,2408,0.118
2026-09-16T12:30:02Z,137,Athena Silver Ring,4.6e-05,2408,0.1108
2026-09-16T12:30:02Z,138,Archon Silver Ring,4.6e-05,2408,0.1108
2026-09-16T12:30:02Z,139,Foxglove Silver Ring,4.842e-05,2408,0.1166
2026-09-16T12:30:02Z,140,Summoner Silver Ring,5.2999999999e-05,2408,0.1276
2026-09-16T12:30:02Z,243,Golden Archon Ring,0.0007389,2408,1.7793
2026-09-16T12:30:02Z,244,Golden Athena Ring,0.000736989,2408,1.7747
2026-09-16T12:30:02Z,245,Golden Chobo Ring,0.000697,2408,1.6784
2026-09-16T12:30:02Z,246,Golden Crusader Ring,0.0007689999,2408,1.8518
2026-09-16T12:30:02Z,247,Golden Foxglove Ring,0.000719,2408,1.7314
2026-09-16T12:30:02Z,248,Golden Overseer Ring,0.000749,2408,1.8036
2026-09-16T12:30:02Z,249,Golden Summoner Ring,0.000738239,2408,1.7777
2026-09-16T13:00:02Z,134,Chobo Silver Ring,4.826e-05,2404.91,0.1161
2026-09-16T13:00:02Z,135,Crusader Silver Ring,6.2259e-05,2404.91,0.1497
2026-09-16T13:00:02Z,136,Overseer Silver Ring,4.8999979e-05,2404.91,0.1178
2026-09-16T13:00:02Z,137,Athena Silver Ring,4.6e-05,2404.91,0.1106
2026-09-16T13:00:02Z,138,Archon Silver Ring,4.6e-05,2404.91,0.1106
2026-09-16T13:00:02Z,139,Foxglove Silver Ring,4.842e-05,2404.91,0.1164
2026-09-16T13:00:02Z,140,Summoner Silver Ring,5.2999999999e-05,2404.91,0.1275
2026-09-16T13:00:02Z,243,Golden Archon Ring,0.00073,2404.91,1.7556
2026-09-16T13:00:02Z,244,Golden Athena Ring,0.00073,2404.91,1.7556
2026-09-16T13:00:02Z,245,Golden Chobo Ring,0.000697,2404.91,1.6762
2026-09-16T13:00:02Z,246,Golden Crusader Ring,0.00073,2404.91,1.7556
2026-09-16T13:00:02Z,247,Golden Foxglove Ring,0.000719,2404.91,1.7291
2026-09-16T13:00:02Z,248,Golden Overseer Ring,0.000749,2404.91,1.8013
2026-09-16T13:00:02Z,249,Golden Summoner Ring,0.00073,2404.91,1.7556
2026-09-16T13:30:02Z,134,Chobo Silver Ring,4.826e-05,2401.71,0.1159
2026-09-16T13:30:02Z,135,Crusader Silver Ring,6.2259e-05,2401.71,0.1495
2026-09-16T13:30:02Z,136,Overseer Silver Ring,4.8999979e-05,2401.71,0.1177
2026-09-16T13:30:02Z,137,Athena Silver Ring,4.6e-05,2401.71,0.1105
2026-09-16T13:30:02Z,138,Archon Silver Ring,4.6e-05,2401.71,0.1105
2026-09-16T13:30:02Z,139,Foxglove Silver Ring,4.842e-05,2401.71,0.1163
2026-09-16T13:30:02Z,140,Summoner Silver Ring,5.89999e-05,2401.71,0.1417
2026-09-16T13:30:02Z,243,Golden Archon Ring,0.00072999,2401.71,1.7532
2026-09-16T13:30:02Z,244,Golden Athena Ring,0.00072999,2401.71,1.7532
2026-09-16T13:30:02Z,245,Golden Chobo Ring,0.000697,2401.71,1.674
2026-09-16T13:30:02Z,246,Golden Crusader Ring,0.00073,2401.71,1.7532
2026-09-16T13:30:02Z,247,Golden Foxglove Ring,0.000719,2401.71,1.7268
2026-09-16T13:30:02Z,248,Golden Overseer Ring,0.000749,2401.71,1.7989
2026-09-16T13:30:02Z,249,Golden Summoner Ring,0.0007299,2401.71,1.753
2026-09-16T14:00:03Z,134,Chobo Silver Ring,4.826e-05,2395.58,0.1156
2026-09-16T14:00:03Z,135,Crusader Silver Ring,6.225e-05,2395.58,0.1491
2026-09-16T14:00:03Z,136,Overseer Silver Ring,4.8999979e-05,2395.58,0.1174
2026-09-16T14:00:03Z,137,Athena Silver Ring,4.6e-05,2395.58,0.1102
2026-09-16T14:00:03Z,138,Archon Silver Ring,4.599e-05,2395.58,0.1102
2026-09-16T14:00:03Z,139,Foxglove Silver Ring,4.842e-05,2395.58,0.116
2026-09-16T14:00:03Z,140,Summoner Silver Ring,5.899e-05,2395.58,0.1413
2026-09-16T14:00:03Z,243,Golden Archon Ring,0.00072999,2395.58,1.7487
2026-09-16T14:00:03Z,244,Golden Athena Ring,0.000729,2395.58,1.7464
2026-09-16T14:00:03Z,245,Golden Chobo Ring,0.000696,2395.58,1.6673
2026-09-16T14:00:03Z,246,Golden Crusader Ring,0.00073,2395.58,1.7488
2026-09-16T14:00:03Z,247,Golden Foxglove Ring,0.000719,2395.58,1.7224
2026-09-16T14:00:03Z,248,Golden Overseer Ring,0.000746,2395.58,1.7871
2026-09-16T14:00:03Z,249,Golden Summoner Ring,0.000729,2395.58,1.7464
2026-09-16T14:30:02Z,134,Chobo Silver Ring,4.826e-05,2388.2,0.1153
2026-09-16T14:30:02Z,135,Crusader Silver Ring,6.224999e-05,2388.2,0.1487
2026-09-16T14:30:02Z,136,Overseer Silver Ring,4.8999979e-05,2388.2,0.117
2026-09-16T14:30:02Z,137,Athena Silver Ring,4.59999e-05,2388.2,0.1099
2026-09-16T14:30:02Z,138,Archon Silver Ring,4.599e-05,2388.2,0.1098
2026-09-16T14:30:02Z,139,Foxglove Silver Ring,4.842e-05,2388.2,0.1156
2026-09-16T14:30:02Z,140,Summoner Silver Ring,5.8989999e-05,2388.2,0.1409
2026-09-16T14:30:02Z,243,Golden Archon Ring,0.00072999,2388.2,1.7434
2026-09-16T14:30:02Z,244,Golden Athena Ring,0.000729,2388.2,1.741
2026-09-16T14:30:02Z,245,Golden Chobo Ring,0.000696,2388.2,1.6622
2026-09-16T14:30:02Z,246,Golden Crusader Ring,0.00073,2388.2,1.7434
2026-09-16T14:30:02Z,247,Golden Foxglove Ring,0.000729999,2388.2,1.7434
2026-09-16T14:30:02Z,248,Golden Overseer Ring,0.000746,2388.2,1.7816
2026-09-16T14:30:02Z,249,Golden Summoner Ring,0.000729,2388.2,1.741
2026-09-16T15:00:02Z,134,Chobo Silver Ring,4.826e-05,2386.02,0.1151
2026-09-16T15:00:02Z,135,Crusader Silver Ring,6.226e-05,2386.02,0.1486
2026-09-16T15:00:02Z,136,Overseer Silver Ring,4.8999979e-05,2386.02,0.1169
2026-09-16T15:00:02Z,137,Athena Silver Ring,4.59999e-05,2386.02,0.1098
2026-09-16T15:00:02Z,138,Archon Silver Ring,4.599e-05,2386.02,0.1097
2026-09-16T15:00:02Z,139,Foxglove Silver Ring,4.842e-05,2386.02,0.1155
2026-09-16T15:00:02Z,140,Summoner Silver Ring,5.8989999e-05,2386.02,0.1408
2026-09-16T15:00:02Z,243,Golden Archon Ring,0.00072999,2386.02,1.7418
2026-09-16T15:00:02Z,244,Golden Athena Ring,0.000729,2386.02,1.7394
2026-09-16T15:00:02Z,245,Golden Chobo Ring,0.000697,2386.02,1.6631
2026-09-16T15:00:02Z,246,Golden Crusader Ring,0.00073,2386.02,1.7418
2026-09-16T15:00:02Z,247,Golden Foxglove Ring,0.000729999,2386.02,1.7418
2026-09-16T15:00:02Z,248,Golden Overseer Ring,0.000746,2386.02,1.78
2026-09-16T15:00:02Z,249,Golden Summoner Ring,0.000729,2386.02,1.7394
2026-09-16T15:30:02Z,134,Chobo Silver Ring,4.826e-05,2386.36,0.1152
2026-09-16T15:30:02Z,135,Crusader Silver Ring,6.226e-05,2386.36,0.1486
2026-09-16T15:30:02Z,136,Overseer Silver Ring,4.8999979e-05,2386.36,0.1169
2026-09-16T15:30:02Z,137,Athena Silver Ring,4.59999e-05,2386.36,0.1098
2026-09-16T15:30:02Z,138,Archon Silver Ring,4.599e-05,2386.36,0.1097
2026-09-16T15:30:02Z,139,Foxglove Silver Ring,4.842e-05,2386.36,0.1155
2026-09-16T15:30:02Z,140,Summoner Silver Ring,5.8989999e-05,2386.36,0.1408
2026-09-16T15:30:02Z,243,Golden Archon Ring,0.00072999,2386.36,1.742
2026-09-16T15:30:02Z,244,Golden Athena Ring,0.000729,2386.36,1.7397
2026-09-16T15:30:02Z,245,Golden Chobo Ring,0.000697,2386.36,1.6633
2026-09-16T15:30:02Z,246,Golden Crusader Ring,0.00073,2386.36,1.742
2026-09-16T15:30:02Z,247,Golden Foxglove Ring,0.000729999,2386.36,1.742
2026-09-16T15:30:02Z,248,Golden Overseer Ring,0.000746,2386.36,1.7802
2026-09-16T15:30:02Z,249,Golden Summoner Ring,0.000729,2386.36,1.7397
2026-09-16T16:00:02Z,134,Chobo Silver Ring,4.99899e-05,2393.68,0.1197
2026-09-16T16:00:02Z,135,Crusader Silver Ring,6.226e-05,2393.68,0.149
2026-09-16T16:00:02Z,136,Overseer Silver Ring,4.8999979e-05,2393.68,0.1173
2026-09-16T16:00:02Z,137,Athena Silver Ring,4.6e-05,2393.68,0.1101
2026-09-16T16:00:02Z,138,Archon Silver Ring,4.599e-05,2393.68,0.1101
2026-09-16T16:00:02Z,139,Foxglove Silver Ring,4.842e-05,2393.68,0.1159
2026-09-16T16:00:02Z,140,Summoner Silver Ring,5.8989999e-05,2393.68,0.1412
2026-09-16T16:00:02Z,243,Golden Archon Ring,0.00072999,2393.68,1.7474
2026-09-16T16:00:02Z,244,Golden Athena Ring,0.000729,2393.68,1.745
2026-09-16T16:00:02Z,245,Golden Chobo Ring,0.000697,2393.68,1.6684
2026-09-16T16:00:02Z,246,Golden Crusader Ring,0.00073,2393.68,1.7474
2026-09-16T16:00:02Z,247,Golden Foxglove Ring,0.000729999,2393.68,1.7474
2026-09-16T16:00:02Z,248,Golden Overseer Ring,0.000746,2393.68,1.7857
2026-09-16T16:00:02Z,249,Golden Summoner Ring,0.000729,2393.68,1.745
2026-09-16T16:30:04Z,134,Chobo Silver Ring,4.99899e-05,2394.63,0.1197
2026-09-16T16:30:04Z,135,Crusader Silver Ring,6.226e-05,2394.63,0.1491
2026-09-16T16:30:04Z,136,Overseer Silver Ring,4.8999979e-05,2394.63,0.1173
2026-09-16T16:30:04Z,137,Athena Silver Ring,4.6e-05,2394.63,0.1102
2026-09-16T16:30:04Z,138,Archon Silver Ring,4.599e-05,2394.63,0.1101
2026-09-16T16:30:04Z,139,Foxglove Silver Ring,4.842e-05,2394.63,0.1159
2026-09-16T16:30:04Z,140,Summoner Silver Ring,5.8989999e-05,2394.63,0.1413
2026-09-16T16:30:04Z,243,Golden Archon Ring,0.00072999,2394.63,1.7481
2026-09-16T16:30:04Z,244,Golden Athena Ring,0.000729,2394.63,1.7457
2026-09-16T16:30:04Z,245,Golden Chobo Ring,0.000697,2394.63,1.6691
2026-09-16T16:30:04Z,246,Golden Crusader Ring,0.00073,2394.63,1.7481
2026-09-16T16:30:04Z,247,Golden Foxglove Ring,0.000729999,2394.63,1.7481
2026-09-16T16:30:04Z,248,Golden Overseer Ring,0.000746,2394.63,1.7864
2026-09-16T16:30:04Z,249,Golden Summoner Ring,0.000729,2394.63,1.7457
2026-09-16T17:00:01Z,134,Chobo Silver Ring,4.99899e-05,2392.5,0.1196
2026-09-16T17:00:01Z,135,Crusader Silver Ring,6.226e-05,2392.5,0.149
2026-09-16T17:00:01Z,136,Overseer Silver Ring,4.899e-05,2392.5,0.1172
2026-09-16T17:00:01Z,137,Athena Silver Ring,4.6e-05,2392.5,0.1101
2026-09-16T17:00:01Z,138,Archon Silver Ring,4.599e-05,2392.5,0.11
2026-09-16T17:00:01Z,139,Foxglove Silver Ring,4.842e-05,2392.5,0.1158
2026-09-16T17:00:01Z,140,Summoner Silver Ring,5.8989999e-05,2392.5,0.1411
2026-09-16T17:00:01Z,243,Golden Archon Ring,0.00072999,2392.5,1.7465
2026-09-16T17:00:01Z,244,Golden Athena Ring,0.000729,2392.5,1.7441
2026-09-16T17:00:01Z,245,Golden Chobo Ring,0.000697,2392.5,1.6676
2026-09-16T17:00:01Z,246,Golden Crusader Ring,0.00073,2392.5,1.7465
2026-09-16T17:00:01Z,247,Golden Foxglove Ring,0.000729999,2392.5,1.7465
2026-09-16T17:00:01Z,248,Golden Overseer Ring,0.000746,2392.5,1.7848
2026-09-16T17:00:01Z,249,Golden Summoner Ring,0.000729,2392.5,1.7441
2026-09-16T17:30:02Z,134,Chobo Silver Ring,4.99899e-05,2387.28,0.1193
2026-09-16T17:30:02Z,135,Crusader Silver Ring,6.225e-05,2387.28,0.1486
2026-09-16T17:30:02Z,136,Overseer Silver Ring,4.8999979e-05,2387.28,0.117
2026-09-16T17:30:02Z,137,Athena Silver Ring,4.6e-05,2387.28,0.1098
2026-09-16T17:30:02Z,138,Archon Silver Ring,4.599e-05,2387.28,0.1098
2026-09-16T17:30:02Z,139,Foxglove Silver Ring,4.841e-05,2387.28,0.1156
2026-09-16T17:30:02Z,140,Summoner Silver Ring,5.89e-05,2387.28,0.1406
2026-09-16T17:30:02Z,243,Golden Archon Ring,0.00072999,2387.28,1.7427
2026-09-16T17:30:02Z,244,Golden Athena Ring,0.000729,2387.28,1.7403
2026-09-16T17:30:02Z,245,Golden Chobo Ring,0.000697,2387.28,1.6639
2026-09-16T17:30:02Z,246,Golden Crusader Ring,0.00073,2387.28,1.7427
2026-09-16T17:30:02Z,247,Golden Foxglove Ring,0.000729999,2387.28,1.7427
2026-09-16T17:30:02Z,248,Golden Overseer Ring,0.000746,2387.28,1.7809
2026-09-16T17:30:02Z,249,Golden Summoner Ring,0.000729,2387.28,1.7403
2026-09-16T18:00:02Z,134,Chobo Silver Ring,4.99899e-05,2388.67,0.1194
2026-09-16T18:00:02Z,135,Crusader Silver Ring,6.225e-05,2388.67,0.1487
2026-09-16T18:00:02Z,136,Overseer Silver Ring,4.8999979e-05,2388.67,0.117
2026-09-16T18:00:02Z,137,Athena Silver Ring,4.6e-05,2388.67,0.1099
2026-09-16T18:00:02Z,138,Archon Silver Ring,4.599e-05,2388.67,0.1099
2026-09-16T18:00:02Z,139,Foxglove Silver Ring,4.841e-05,2388.67,0.1156
2026-09-16T18:00:02Z,140,Summoner Silver Ring,5.89e-05,2388.67,0.1407
2026-09-16T18:00:02Z,243,Golden Archon Ring,0.00072999,2388.67,1.7437
2026-09-16T18:00:02Z,244,Golden Athena Ring,0.000729,2388.67,1.7413
2026-09-16T18:00:02Z,245,Golden Chobo Ring,0.000697,2388.67,1.6649
2026-09-16T18:00:02Z,246,Golden Crusader Ring,0.00073,2388.67,1.7437
2026-09-16T18:00:02Z,247,Golden Foxglove Ring,0.000729999,2388.67,1.7437
2026-09-16T18:00:02Z,248,Golden Overseer Ring,0.000746,2388.67,1.7819
2026-09-16T18:00:02Z,249,Golden Summoner Ring,0.000729,2388.67,1.7413
2026-09-16T18:05:13Z,134,Chobo Silver Ring,4.99899e-05,2391.16,0.1195
2026-09-16T18:05:13Z,135,Crusader Silver Ring,6.225e-05,2391.16,0.1488
2026-09-16T18:05:13Z,136,Overseer Silver Ring,4.8999979e-05,2391.16,0.1172
2026-09-16T18:05:13Z,137,Athena Silver Ring,4.99e-05,2391.16,0.1193
2026-09-16T18:05:13Z,138,Archon Silver Ring,4.6e-05,2391.16,0.11
2026-09-16T18:05:13Z,139,Foxglove Silver Ring,4.841e-05,2391.16,0.1158
2026-09-16T18:05:13Z,140,Summoner Silver Ring,5.89e-05,2391.16,0.1408
2026-09-16T18:05:13Z,243,Golden Archon Ring,0.00072999,2391.16,1.7455
2026-09-16T18:05:13Z,244,Golden Athena Ring,0.000729,2391.16,1.7432
2026-09-16T18:05:13Z,245,Golden Chobo Ring,0.000697,2391.16,1.6666
2026-09-16T18:05:13Z,246,Golden Crusader Ring,0.00073,2391.16,1.7455
2026-09-16T18:05:13Z,247,Golden Foxglove Ring,0.000729999,2391.16,1.7455
2026-09-16T18:05:13Z,248,Golden Overseer Ring,0.000746,2391.16,1.7838
2026-09-16T18:05:13Z,249,Golden Summoner Ring,0.000729,2391.16,1.7432
2026-09-16T18:30:03Z,134,Chobo Silver Ring,4.9989e-05,2402.21,0.1201
2026-09-16T18:30:03Z,135,Crusader Silver Ring,6.226e-05,2402.21,0.1496
2026-09-16T18:30:03Z,136,Overseer Silver Ring,4.899999001e-05,2402.21,0.1177
2026-09-16T18:30:03Z,137,Athena Silver Ring,4.9899e-05,2402.21,0.1199
2026-09-16T18:30:03Z,138,Archon Silver Ring,4.59999e-05,2402.21,0.1105
2026-09-16T18:30:03Z,139,Foxglove Silver Ring,5e-05,2402.21,0.1201
2026-09-16T18:30:03Z,140,Summoner Silver Ring,5.899e-05,2402.21,0.1417
2026-09-16T18:30:03Z,243,Golden Archon Ring,0.00072999,2402.21,1.7536
2026-09-16T18:30:03Z,244,Golden Athena Ring,0.000729,2402.21,1.7512
2026-09-16T18:30:03Z,245,Golden Chobo Ring,0.000697,2402.21,1.6743
2026-09-16T18:30:03Z,246,Golden Crusader Ring,0.00073,2402.21,1.7536
2026-09-16T18:30:03Z,247,Golden Foxglove Ring,0.000729999,2402.21,1.7536
2026-09-16T18:30:03Z,248,Golden Overseer Ring,0.000746,2402.21,1.792
2026-09-16T18:30:03Z,249,Golden Summoner Ring,0.000729,2402.21,1.7512
2026-09-16T19:00:02Z,134,Chobo Silver Ring,4.9989e-05,2392.94,0.1196
2026-09-16T19:00:02Z,135,Crusader Silver Ring,6.226e-05,2392.94,0.149
2026-09-16T19:00:02Z,136,Overseer Silver Ring,4.899999001e-05,2392.94,0.1173
2026-09-16T19:00:02Z,137,Athena Silver Ring,4.99e-05,2392.94,0.1194
2026-09-16T19:00:02Z,138,Archon Silver Ring,5.099999999999e-05,2392.94,0.122
2026-09-16T19:00:02Z,139,Foxglove Silver Ring,5e-05,2392.94,0.1196
2026-09-16T19:00:02Z,140,Summoner Silver Ring,5.899e-05,2392.94,0.1412
2026-09-16T19:00:02Z,243,Golden Archon Ring,0.0007,2392.94,1.6751
2026-09-16T19:00:02Z,244,Golden Athena Ring,0.000729,2392.94,1.7445
2026-09-16T19:00:02Z,245,Golden Chobo Ring,0.00067,2392.94,1.6033
2026-09-16T19:00:02Z,246,Golden Crusader Ring,0.0007,2392.94,1.6751
2026-09-16T19:00:02Z,247,Golden Foxglove Ring,0.0007,2392.94,1.6751
2026-09-16T19:00:02Z,248,Golden Overseer Ring,0.0007,2392.94,1.6751
2026-09-16T19:00:02Z,249,Golden Summoner Ring,0.000729,2392.94,1.7445
2026-09-16T19:30:02Z,134,Chobo Silver Ring,4.99899e-05,2383.26,0.1191
2026-09-16T19:30:02Z,135,Crusader Silver Ring,6.226e-05,2383.26,0.1484
2026-09-16T19:30:02Z,136,Overseer Silver Ring,4.899999001e-05,2383.26,0.1168
2026-09-16T19:30:02Z,137,Athena Silver Ring,4.99e-05,2383.26,0.1189
2026-09-16T19:30:02Z,138,Archon Silver Ring,5.099999999999e-05,2383.26,0.1215
2026-09-16T19:30:02Z,139,Foxglove Silver Ring,5e-05,2383.26,0.1192
2026-09-16T19:30:02Z,140,Summoner Silver Ring,5.899e-05,2383.26,0.1406
2026-09-16T19:30:02Z,243,Golden Archon Ring,0.0007,2383.26,1.6683
2026-09-16T19:30:02Z,244,Golden Athena Ring,0.000729,2383.26,1.7374
2026-09-16T19:30:02Z,245,Golden Chobo Ring,0.00067,2383.26,1.5968
2026-09-16T19:30:02Z,246,Golden Crusader Ring,0.0007,2383.26,1.6683
2026-09-16T19:30:02Z,247,Golden Foxglove Ring,0.0007,2383.26,1.6683
2026-09-16T19:30:02Z,248,Golden Overseer Ring,0.0007,2383.26,1.6683
2026-09-16T19:30:02Z,249,Golden Summoner Ring,0.000729,2383.26,1.7374
2026-09-16T20:00:02Z,134,Chobo Silver Ring,4.99899e-05,2405.07,0.1202
2026-09-16T20:00:02Z,135,Crusader Silver Ring,6.226e-05,2405.07,0.1497
2026-09-16T20:00:02Z,136,Overseer Silver Ring,4.899999001e-05,2405.07,0.1178
2026-09-16T20:00:02Z,137,Athena Silver Ring,4.99e-05,2405.07,0.12
2026-09-16T20:00:02Z,138,Archon Silver Ring,5.099999999999e-05,2405.07,0.1227
2026-09-16T20:00:02Z,139,Foxglove Silver Ring,5e-05,2405.07,0.1203
2026-09-16T20:00:02Z,140,Summoner Silver Ring,5.899e-05,2405.07,0.1419
2026-09-16T20:00:02Z,243,Golden Archon Ring,0.0007,2405.07,1.6835
2026-09-16T20:00:02Z,244,Golden Athena Ring,0.000729,2405.07,1.7533
2026-09-16T20:00:02Z,245,Golden Chobo Ring,0.00067,2405.07,1.6114
2026-09-16T20:00:02Z,246,Golden Crusader Ring,0.0007,2405.07,1.6835
2026-09-16T20:00:02Z,247,Golden Foxglove Ring,0.0007,2405.07,1.6835
2026-09-16T20:00:02Z,248,Golden Overseer Ring,0.0007,2405.07,1.6835
2026-09-16T20:00:02Z,249,Golden Summoner Ring,0.000729,2405.07,1.7533
2026-09-16T20:30:03Z,134,Chobo Silver Ring,4.9989901e-05,2411.72,0.1206
2026-09-16T20:30:03Z,135,Crusader Silver Ring,6.226e-05,2411.72,0.1502
2026-09-16T20:30:03Z,136,Overseer Silver Ring,4.899999001e-05,2411.72,0.1182
2026-09-16T20:30:03Z,137,Athena Silver Ring,4.99e-05,2411.72,0.1203
2026-09-16T20:30:03Z,138,Archon Silver Ring,5.19999999999e-05,2411.72,0.1254
2026-09-16T20:30:03Z,139,Foxglove Silver Ring,5e-05,2411.72,0.1206
2026-09-16T20:30:03Z,140,Summoner Silver Ring,5.899e-05,2411.72,0.1423
2026-09-16T20:30:03Z,243,Golden Archon Ring,0.0007,2411.72,1.6882
2026-09-16T20:30:03Z,244,Golden Athena Ring,0.00072899,2411.72,1.7581
2026-09-16T20:30:03Z,245,Golden Chobo Ring,0.00067,2411.72,1.6159
2026-09-16T20:30:03Z,246,Golden Crusader Ring,0.0007,2411.72,1.6882
2026-09-16T20:30:03Z,247,Golden Foxglove Ring,0.0007,2411.72,1.6882
2026-09-16T20:30:03Z,248,Golden Overseer Ring,0.0007,2411.72,1.6882
2026-09-16T20:30:03Z,249,Golden Summoner Ring,0.00072899,2411.72,1.7581
2026-09-16T21:00:03Z,134,Chobo Silver Ring,4.9989901e-05,2408.72,0.1204
2026-09-16T21:00:03Z,135,Crusader Silver Ring,6.226e-05,2408.72,0.15
2026-09-16T21:00:03Z,136,Overseer Silver Ring,4.994999999e-05,2408.72,0.1203
2026-09-16T21:00:03Z,137,Athena Silver Ring,4.99e-05,2408.72,0.1202
2026-09-16T21:00:03Z,138,Archon Silver Ring,5.19999999999e-05,2408.72,0.1253
2026-09-16T21:00:03Z,139,Foxglove Silver Ring,5e-05,2408.72,0.1204
2026-09-16T21:00:03Z,140,Summoner Silver Ring,5.899e-05,2408.72,0.1421
2026-09-16T21:00:03Z,243,Golden Archon Ring,0.0007,2408.72,1.6861
2026-09-16T21:00:03Z,244,Golden Athena Ring,0.00072899,2408.72,1.7559
2026-09-16T21:00:03Z,245,Golden Chobo Ring,0.00067,2408.72,1.6138
2026-09-16T21:00:03Z,246,Golden Crusader Ring,0.0007,2408.72,1.6861
2026-09-16T21:00:03Z,247,Golden Foxglove Ring,0.0007,2408.72,1.6861
2026-09-16T21:00:03Z,248,Golden Overseer Ring,0.0007,2408.72,1.6861
2026-09-16T21:00:03Z,249,Golden Summoner Ring,0.00072899,2408.72,1.7559
2026-09-16T21:30:03Z,134,Chobo Silver Ring,4.9989901e-05,2406.84,0.1203
2026-09-16T21:30:03Z,135,Crusader Silver Ring,6.226e-05,2406.84,0.1498
2026-09-16T21:30:03Z,136,Overseer Silver Ring,4.994999999e-05,2406.84,0.1202
2026-09-16T21:30:03Z,137,Athena Silver Ring,5e-05,2406.84,0.1203
2026-09-16T21:30:03Z,138,Archon Silver Ring,5.1999999999e-05,2406.84,0.1252
2026-09-16T21:30:03Z,139,Foxglove Silver Ring,5e-05,2406.84,0.1203
2026-09-16T21:30:03Z,140,Summoner Silver Ring,5.899e-05,2406.84,0.142
2026-09-16T21:30:03Z,243,Golden Archon Ring,0.0007,2406.84,1.6848
2026-09-16T21:30:03Z,244,Golden Athena Ring,0.00072898,2406.84,1.7545
2026-09-16T21:30:03Z,245,Golden Chobo Ring,0.00066999,2406.84,1.6126
2026-09-16T21:30:03Z,246,Golden Crusader Ring,0.0007,2406.84,1.6848
2026-09-16T21:30:03Z,247,Golden Foxglove Ring,0.0006999,2406.84,1.6845
2026-09-16T21:30:03Z,248,Golden Overseer Ring,0.0007,2406.84,1.6848
2026-09-16T21:30:03Z,249,Golden Summoner Ring,0.000728989,2406.84,1.7546
2026-09-16T22:00:02Z,134,Chobo Silver Ring,4.99899e-05,2401.8,0.1201
2026-09-16T22:00:02Z,135,Crusader Silver Ring,6.226e-05,2401.8,0.1495
2026-09-16T22:00:02Z,136,Overseer Silver Ring,4.994999999e-05,2401.8,0.12
2026-09-16T22:00:02Z,137,Athena Silver Ring,5e-05,2401.8,0.1201
2026-09-16T22:00:02Z,138,Archon Silver Ring,4.8e-05,2401.8,0.1153
2026-09-16T22:00:02Z,139,Foxglove Silver Ring,4.99999e-05,2401.8,0.1201
2026-09-16T22:00:02Z,140,Summoner Silver Ring,5.899e-05,2401.8,0.1417
2026-09-16T22:00:02Z,243,Golden Archon Ring,0.0007,2401.8,1.6813
2026-09-16T22:00:02Z,244,Golden Athena Ring,0.00072898,2401.8,1.7509
2026-09-16T22:00:02Z,245,Golden Chobo Ring,0.00066999,2401.8,1.6092
2026-09-16T22:00:02Z,246,Golden Crusader Ring,0.0007,2401.8,1.6813
2026-09-16T22:00:02Z,247,Golden Foxglove Ring,0.0006999,2401.8,1.681
2026-09-16T22:00:02Z,248,Golden Overseer Ring,0.0007,2401.8,1.6813
2026-09-16T22:00:02Z,249,Golden Summoner Ring,0.000728989,2401.8,1.7509
2026-09-16T22:30:02Z,134,Chobo Silver Ring,4.99899e-05,2394.16,0.1197
2026-09-16T22:30:02Z,135,Crusader Silver Ring,6.226e-05,2394.16,0.1491
2026-09-16T22:30:02Z,136,Overseer Silver Ring,4.994999999e-05,2394.16,0.1196
2026-09-16T22:30:02Z,137,Athena Silver Ring,5e-05,2394.16,0.1197
2026-09-16T22:30:02Z,138,Archon Silver Ring,5.1999999999e-05,2394.16,0.1245
2026-09-16T22:30:02Z,139,Foxglove Silver Ring,4.99999e-05,2394.16,0.1197
2026-09-16T22:30:02Z,140,Summoner Silver Ring,5.899e-05,2394.16,0.1412
2026-09-16T22:30:02Z,243,Golden Archon Ring,0.0007,2394.16,1.6759
2026-09-16T22:30:02Z,244,Golden Athena Ring,0.00072898,2394.16,1.7453
2026-09-16T22:30:02Z,245,Golden Chobo Ring,0.00066999,2394.16,1.6041
2026-09-16T22:30:02Z,246,Golden Crusader Ring,0.0007,2394.16,1.6759
2026-09-16T22:30:02Z,247,Golden Foxglove Ring,0.0006999,2394.16,1.6757
2026-09-16T22:30:02Z,248,Golden Overseer Ring,0.0007,2394.16,1.6759
2026-09-16T22:30:02Z,249,Golden Summoner Ring,0.000728989,2394.16,1.7453
2026-09-16T23:00:02Z,134,Chobo Silver Ring,4.99899e-05,2390.07,0.1195
2026-09-16T23:00:02Z,135,Crusader Silver Ring,6.226e-05,2390.07,0.1488
2026-09-16T23:00:02Z,136,Overseer Silver Ring,4.994999999e-05,2390.07,0.1194
2026-09-16T23:00:02Z,137,Athena Silver Ring,5e-05,2390.07,0.1195
2026-09-16T23:00:02Z,138,Archon Silver Ring,4.7e-05,2390.07,0.1123
2026-09-16T23:00:02Z,139,Foxglove Silver Ring,4.99999e-05,2390.07,0.1195
2026-09-16T23:00:02Z,140,Summoner Silver Ring,5.899e-05,2390.07,0.141
2026-09-16T23:00:02Z,243,Golden Archon Ring,0.0007,2390.07,1.673
2026-09-16T23:00:02Z,244,Golden Athena Ring,0.000727,2390.07,1.7376
2026-09-16T23:00:02Z,245,Golden Chobo Ring,0.00066999,2390.07,1.6013
2026-09-16T23:00:02Z,246,Golden Crusader Ring,0.00069,2390.07,1.6491
2026-09-16T23:00:02Z,247,Golden Foxglove Ring,0.0006999,2390.07,1.6728
2026-09-16T23:00:02Z,248,Golden Overseer Ring,0.000698,2390.07,1.6683
2026-09-16T23:00:02Z,249,Golden Summoner Ring,0.000728,2390.07,1.74
2026-09-16T23:30:03Z,134,Chobo Silver Ring,4.99899e-05,2410.08,0.1205
2026-09-16T23:30:03Z,135,Crusader Silver Ring,6.226e-05,2410.08,0.1501
2026-09-16T23:30:03Z,136,Overseer Silver Ring,4.994999999e-05,2410.08,0.1204
2026-09-16T23:30:03Z,137,Athena Silver Ring,4.5e-05,2410.08,0.1085
2026-09-16T23:30:03Z,138,Archon Silver Ring,4.7e-05,2410.08,0.1133
2026-09-16T23:30:03Z,139,Foxglove Silver Ring,4.5e-05,2410.08,0.1085
2026-09-16T23:30:03Z,140,Summoner Silver Ring,5.899e-05,2410.08,0.1422
2026-09-16T23:30:03Z,243,Golden Archon Ring,0.0007,2410.08,1.6871
2026-09-16T23:30:03Z,244,Golden Athena Ring,0.000727,2410.08,1.7521
2026-09-16T23:30:03Z,245,Golden Chobo Ring,0.00066999,2410.08,1.6147
2026-09-16T23:30:03Z,246,Golden Crusader Ring,0.00069,2410.08,1.663
2026-09-16T23:30:03Z,247,Golden Foxglove Ring,0.0006999,2410.08,1.6868
2026-09-16T23:30:03Z,248,Golden Overseer Ring,0.000698,2410.08,1.6822
2026-09-16T23:30:03Z,249,Golden Summoner Ring,0.000728,2410.08,1.7545
2026-09-17T00:00:03Z,134,Chobo Silver Ring,4.99899e-05,2415.85,0.1208
2026-09-17T00:00:03Z,135,Crusader Silver Ring,6.22e-05,2415.85,0.1503
2026-09-17T00:00:03Z,136,Overseer Silver Ring,4.994999999e-05,2415.85,0.1207
2026-09-17T00:00:03Z,137,Athena Silver Ring,4.5e-05,2415.85,0.1087
2026-09-17T00:00:03Z,138,Archon Silver Ring,4.7e-05,2415.85,0.1135
2026-09-17T00:00:03Z,139,Foxglove Silver Ring,4.5e-05,2415.85,0.1087
2026-09-17T00:00:03Z,140,Summoner Silver Ring,5.899e-05,2415.85,0.1425
2026-09-17T00:00:03Z,243,Golden Archon Ring,0.0007,2415.85,1.6911
2026-09-17T00:00:03Z,244,Golden Athena Ring,0.000727,2415.85,1.7563
2026-09-17T00:00:03Z,245,Golden Chobo Ring,0.00066999,2415.85,1.6186
2026-09-17T00:00:03Z,246,Golden Crusader Ring,0.00069,2415.85,1.6669
2026-09-17T00:00:03Z,247,Golden Foxglove Ring,0.0006999,2415.85,1.6909
2026-09-17T00:00:03Z,248,Golden Overseer Ring,0.000698,2415.85,1.6863
2026-09-17T00:00:03Z,249,Golden Summoner Ring,0.000728,2415.85,1.7587
2026-09-17T00:30:02Z,134,Chobo Silver Ring,4.99899e-05,2423.85,0.1212
2026-09-17T00:30:02Z,135,Crusader Silver Ring,6.22e-05,2423.85,0.1508
2026-09-17T00:30:02Z,136,Overseer Silver Ring,4.994999999e-05,2423.85,0.1211
2026-09-17T00:30:02Z,137,Athena Silver Ring,4.5e-05,2423.85,0.1091
2026-09-17T00:30:02Z,138,Archon Silver Ring,4.7e-05,2423.85,0.1139
2026-09-17T00:30:02Z,139,Foxglove Silver Ring,4.5e-05,2423.85,0.1091
2026-09-17T00:30:02Z,140,Summoner Silver Ring,5.899e-05,2423.85,0.143
2026-09-17T00:30:02Z,243,Golden Archon Ring,0.0007,2423.85,1.6967
2026-09-17T00:30:02Z,244,Golden Athena Ring,0.000727,2423.85,1.7621
2026-09-17T00:30:02Z,245,Golden Chobo Ring,0.0007,2423.85,1.6967
2026-09-17T00:30:02Z,246,Golden Crusader Ring,0.0007,2423.85,1.6967
2026-09-17T00:30:02Z,247,Golden Foxglove Ring,0.0006999,2423.85,1.6965
2026-09-17T00:30:02Z,248,Golden Overseer Ring,0.000698,2423.85,1.6918
2026-09-17T00:30:02Z,249,Golden Summoner Ring,0.000728,2423.85,1.7646
2026-09-17T01:00:02Z,134,Chobo Silver Ring,4.99899e-05,2418.37,0.1209
2026-09-17T01:00:02Z,135,Crusader Silver Ring,6.22e-05,2418.37,0.1504
2026-09-17T01:00:02Z,136,Overseer Silver Ring,4.994999999e-05,2418.37,0.1208
2026-09-17T01:00:02Z,137,Athena Silver Ring,4.5e-05,2418.37,0.1088
2026-09-17T01:00:02Z,138,Archon Silver Ring,5.1999999999e-05,2418.37,0.1258
2026-09-17T01:00:02Z,139,Foxglove Silver Ring,4.496e-05,2418.37,0.1087
2026-09-17T01:00:02Z,140,Summoner Silver Ring,5.899e-05,2418.37,0.1427
2026-09-17T01:00:02Z,243,Golden Archon Ring,0.0007,2418.37,1.6929
2026-09-17T01:00:02Z,244,Golden Athena Ring,0.000727,2418.37,1.7582
2026-09-17T01:00:02Z,245,Golden Chobo Ring,0.0007,2418.37,1.6929
2026-09-17T01:00:02Z,246,Golden Crusader Ring,0.0007,2418.37,1.6929
2026-09-17T01:00:02Z,247,Golden Foxglove Ring,0.0006999,2418.37,1.6926
2026-09-17T01:00:02Z,248,Golden Overseer Ring,0.000739,2418.37,1.7872
2026-09-17T01:00:02Z,249,Golden Summoner Ring,0.00072899,2418.37,1.763
2026-09-17T01:30:01Z,134,Chobo Silver Ring,5e-05,2433.6,0.1217
2026-09-17T01:30:01Z,135,Crusader Silver Ring,6.226e-05,2433.6,0.1515
2026-09-17T01:30:01Z,136,Overseer Silver Ring,4.994999999e-05,2433.6,0.1216
2026-09-17T01:30:01Z,137,Athena Silver Ring,4.5e-05,2433.6,0.1095
2026-09-17T01:30:01Z,138,Archon Silver Ring,5.19999999999e-05,2433.6,0.1265
2026-09-17T01:30:01Z,139,Foxglove Silver Ring,4.496e-05,2433.6,0.1094
2026-09-17T01:30:01Z,140,Summoner Silver Ring,5.899e-05,2433.6,0.1436
2026-09-17T01:30:01Z,243,Golden Archon Ring,0.0006999,2433.6,1.7033
2026-09-17T01:30:01Z,244,Golden Athena Ring,0.0007269,2433.6,1.769
2026-09-17T01:30:01Z,245,Golden Chobo Ring,0.0007,2433.6,1.7035
2026-09-17T01:30:01Z,246,Golden Crusader Ring,0.0007,2433.6,1.7035
2026-09-17T01:30:01Z,247,Golden Foxglove Ring,0.0006999,2433.6,1.7033
2026-09-17T01:30:01Z,248,Golden Overseer Ring,0.000739,2433.6,1.7984
2026-09-17T01:30:01Z,249,Golden Summoner Ring,0.000728989,2433.6,1.7741
2026-09-17T02:00:03Z,134,Chobo Silver Ring,5e-05,2426.42,0.1213
2026-09-17T02:00:03Z,135,Crusader Silver Ring,6.226e-05,2426.42,0.1511
2026-09-17T02:00:03Z,136,Overseer Silver Ring,4.994999999e-05,2426.42,0.1212
2026-09-17T02:00:03Z,137,Athena Silver Ring,4.5e-05,2426.42,0.1092
2026-09-17T02:00:03Z,138,Archon Silver Ring,5.19999999999e-05,2426.42,0.1262
2026-09-17T02:00:03Z,139,Foxglove Silver Ring,4.496e-05,2426.42,0.1091
2026-09-17T02:00:03Z,140,Summoner Silver Ring,5.899e-05,2426.42,0.1431
2026-09-17T02:00:03Z,243,Golden Archon Ring,0.0006999,2426.42,1.6983
2026-09-17T02:00:03Z,244,Golden Athena Ring,0.0007269,2426.42,1.7638
2026-09-17T02:00:03Z,245,Golden Chobo Ring,0.0007,2426.42,1.6985
2026-09-17T02:00:03Z,246,Golden Crusader Ring,0.0007,2426.42,1.6985
2026-09-17T02:00:03Z,247,Golden Foxglove Ring,0.0006999,2426.42,1.6983
2026-09-17T02:00:03Z,248,Golden Overseer Ring,0.000739,2426.42,1.7931
2026-09-17T02:00:03Z,249,Golden Summoner Ring,0.000728989,2426.42,1.7688
2026-09-17T02:30:02Z,134,Chobo Silver Ring,5e-05,2419.96,0.121
2026-09-17T02:30:02Z,135,Crusader Silver Ring,6.226e-05,2419.96,0.1507
2026-09-17T02:30:02Z,136,Overseer Silver Ring,4.994999999e-05,2419.96,0.1209
2026-09-17T02:30:02Z,137,Athena Silver Ring,4.5e-05,2419.96,0.1089
2026-09-17T02:30:02Z,138,Archon Silver Ring,5.19999999999e-05,2419.96,0.1258
2026-09-17T02:30:02Z,139,Foxglove Silver Ring,4.496e-05,2419.96,0.1088
2026-09-17T02:30:02Z,140,Summoner Silver Ring,5.899e-05,2419.96,0.1428
2026-09-17T02:30:02Z,243,Golden Archon Ring,0.0006999,2419.96,1.6937
2026-09-17T02:30:02Z,244,Golden Athena Ring,0.0007269,2419.96,1.7591
2026-09-17T02:30:02Z,245,Golden Chobo Ring,0.0007,2419.96,1.694
2026-09-17T02:30:02Z,246,Golden Crusader Ring,0.0007,2419.96,1.694
2026-09-17T02:30:02Z,247,Golden Foxglove Ring,0.0006999,2419.96,1.6937
2026-09-17T02:30:02Z,248,Golden Overseer Ring,0.000739,2419.96,1.7884
2026-09-17T02:30:02Z,249,Golden Summoner Ring,0.000728989,2419.96,1.7641
2026-09-17T03:00:03Z,134,Chobo Silver Ring,5e-05,2427.9,0.1214
2026-09-17T03:00:03Z,135,Crusader Silver Ring,6.226e-05,2427.9,0.1512
2026-09-17T03:00:03Z,136,Overseer Silver Ring,4.994999999e-05,2427.9,0.1213
2026-09-17T03:00:03Z,137,Athena Silver Ring,4.5e-05,2427.9,0.1093
2026-09-17T03:00:03Z,138,Archon Silver Ring,5.19999999999e-05,2427.9,0.1263
2026-09-17T03:00:03Z,139,Foxglove Silver Ring,4.496e-05,2427.9,0.1092
2026-09-17T03:00:03Z,140,Summoner Silver Ring,5.899e-05,2427.9,0.1432
2026-09-17T03:00:03Z,243,Golden Archon Ring,0.0006999,2427.9,1.6993
2026-09-17T03:00:03Z,244,Golden Athena Ring,0.0007269,2427.9,1.7648
2026-09-17T03:00:03Z,245,Golden Chobo Ring,0.0007,2427.9,1.6995
2026-09-17T03:00:03Z,246,Golden Crusader Ring,0.0007,2427.9,1.6995
2026-09-17T03:00:03Z,247,Golden Foxglove Ring,0.0006999,2427.9,1.6993
2026-09-17T03:00:03Z,248,Golden Overseer Ring,0.000739,2427.9,1.7942
2026-09-17T03:00:03Z,249,Golden Summoner Ring,0.000728989,2427.9,1.7699
2026-09-17T03:30:02Z,134,Chobo Silver Ring,5e-05,2434.98,0.1217
2026-09-17T03:30:02Z,135,Crusader Silver Ring,6.226e-05,2434.98,0.1516
2026-09-17T03:30:02Z,136,Overseer Silver Ring,4e-05,2434.98,0.0974
2026-09-17T03:30:02Z,137,Athena Silver Ring,4.5e-05,2434.98,0.1096
2026-09-17T03:30:02Z,138,Archon Silver Ring,5.19999999999e-05,2434.98,0.1266
2026-09-17T03:30:02Z,139,Foxglove Silver Ring,4.496e-05,2434.98,0.1095
2026-09-17T03:30:02Z,140,Summoner Silver Ring,5.8e-05,2434.98,0.1412
2026-09-17T03:30:02Z,243,Golden Archon Ring,0.000699,2434.98,1.7021
2026-09-17T03:30:02Z,244,Golden Athena Ring,0.0007269,2434.98,1.77
2026-09-17T03:30:02Z,245,Golden Chobo Ring,0.0007,2434.98,1.7045
2026-09-17T03:30:02Z,246,Golden Crusader Ring,0.0006998,2434.98,1.704
2026-09-17T03:30:02Z,247,Golden Foxglove Ring,0.000697,2434.98,1.6972
2026-09-17T03:30:02Z,248,Golden Overseer Ring,0.000739,2434.98,1.7995
2026-09-17T03:30:02Z,249,Golden Summoner Ring,0.000728989,2434.98,1.7751
2026-09-17T04:00:02Z,134,Chobo Silver Ring,5e-05,2433.66,0.1217
2026-09-17T04:00:02Z,135,Crusader Silver Ring,6.226e-05,2433.66,0.1515
2026-09-17T04:00:02Z,136,Overseer Silver Ring,4e-05,2433.66,0.0973
2026-09-17T04:00:02Z,137,Athena Silver Ring,4.5e-05,2433.66,0.1095
2026-09-17T04:00:02Z,138,Archon Silver Ring,5.19999999999e-05,2433.66,0.1266
2026-09-17T04:00:02Z,139,Foxglove Silver Ring,4.496e-05,2433.66,0.1094
2026-09-17T04:00:02Z,140,Summoner Silver Ring,5.8e-05,2433.66,0.1412
2026-09-17T04:00:02Z,243,Golden Archon Ring,0.000699,2433.66,1.7011
2026-09-17T04:00:02Z,244,Golden Athena Ring,0.00065,2433.66,1.5819
2026-09-17T04:00:02Z,245,Golden Chobo Ring,0.0007,2433.66,1.7036
2026-09-17T04:00:02Z,246,Golden Crusader Ring,0.00065,2433.66,1.5819
2026-09-17T04:00:02Z,247,Golden Foxglove Ring,0.00065,2433.66,1.5819
2026-09-17T04:00:02Z,248,Golden Overseer Ring,0.00065,2433.66,1.5819
2026-09-17T04:00:02Z,249,Golden Summoner Ring,0.00072899,2433.66,1.7741
2026-09-17T04:30:02Z,134,Chobo Silver Ring,5e-05,2424.01,0.1212
2026-09-17T04:30:02Z,135,Crusader Silver Ring,6.226e-05,2424.01,0.1509
2026-09-17T04:30:02Z,136,Overseer Silver Ring,4e-05,2424.01,0.097
2026-09-17T04:30:02Z,137,Athena Silver Ring,4.5e-05,2424.01,0.1091
2026-09-17T04:30:02Z,138,Archon Silver Ring,5.19999999999e-05,2424.01,0.126
2026-09-17T04:30:02Z,139,Foxglove Silver Ring,4.496e-05,2424.01,0.109
2026-09-17T04:30:02Z,140,Summoner Silver Ring,5.8e-05,2424.01,0.1406
2026-09-17T04:30:02Z,243,Golden Archon Ring,0.00059,2424.01,1.4302
2026-09-17T04:30:02Z,244,Golden Athena Ring,0.00059,2424.01,1.4302
2026-09-17T04:30:02Z,245,Golden Chobo Ring,0.00059,2424.01,1.4302
2026-09-17T04:30:02Z,246,Golden Crusader Ring,0.00065,2424.01,1.5756
2026-09-17T04:30:02Z,247,Golden Foxglove Ring,0.00065,2424.01,1.5756
2026-09-17T04:30:02Z,248,Golden Overseer Ring,0.00065,2424.01,1.5756
2026-09-17T04:30:02Z,249,Golden Summoner Ring,0.00072899,2424.01,1.7671
2026-09-17T05:00:02Z,134,Chobo Silver Ring,5e-05,2444.37,0.1222
2026-09-17T05:00:02Z,135,Crusader Silver Ring,6.226e-05,2444.37,0.1522
2026-09-17T05:00:02Z,136,Overseer Silver Ring,4e-05,2444.37,0.0978
2026-09-17T05:00:02Z,137,Athena Silver Ring,4.5e-05,2444.37,0.11
2026-09-17T05:00:02Z,138,Archon Silver Ring,5.19999999999e-05,2444.37,0.1271
2026-09-17T05:00:02Z,139,Foxglove Silver Ring,4.496e-05,2444.37,0.1099
2026-09-17T05:00:02Z,140,Summoner Silver Ring,5.8e-05,2444.37,0.1418
2026-09-17T05:00:02Z,243,Golden Archon Ring,0.00059,2444.37,1.4422
2026-09-17T05:00:02Z,244,Golden Athena Ring,0.00059,2444.37,1.4422
2026-09-17T05:00:02Z,245,Golden Chobo Ring,0.00059,2444.37,1.4422
2026-09-17T05:00:02Z,246,Golden Crusader Ring,0.00065,2444.37,1.5888
2026-09-17T05:00:02Z,247,Golden Foxglove Ring,0.00065,2444.37,1.5888
2026-09-17T05:00:02Z,248,Golden Overseer Ring,0.00065,2444.37,1.5888
2026-09-17T05:00:02Z,249,Golden Summoner Ring,0.00072899,2444.37,1.7819
2026-09-17T05:30:02Z,134,Chobo Silver Ring,5e-05,2441.37,0.1221
2026-09-17T05:30:02Z,135,Crusader Silver Ring,6.226e-05,2441.37,0.152
2026-09-17T05:30:02Z,136,Overseer Silver Ring,4e-05,2441.37,0.0977
2026-09-17T05:30:02Z,137,Athena Silver Ring,4.5e-05,2441.37,0.1099
2026-09-17T05:30:02Z,138,Archon Silver Ring,5.19999999999e-05,2441.37,0.127
2026-09-17T05:30:02Z,139,Foxglove Silver Ring,4.496e-05,2441.37,0.1098
2026-09-17T05:30:02Z,140,Summoner Silver Ring,5.8e-05,2441.37,0.1416
2026-09-17T05:30:02Z,243,Golden Archon Ring,0.00059,2441.37,1.4404
2026-09-17T05:30:02Z,244,Golden Athena Ring,0.00059,2441.37,1.4404
2026-09-17T05:30:02Z,245,Golden Chobo Ring,0.00059,2441.37,1.4404
2026-09-17T05:30:02Z,246,Golden Crusader Ring,0.00065,2441.37,1.5869
2026-09-17T05:30:02Z,247,Golden Foxglove Ring,0.00065,2441.37,1.5869
2026-09-17T05:30:02Z,248,Golden Overseer Ring,0.00065,2441.37,1.5869
2026-09-17T05:30:02Z,249,Golden Summoner Ring,0.00072899,2441.37,1.7797
2026-09-17T06:00:02Z,134,Chobo Silver Ring,5e-05,2437.26,0.1219
2026-09-17T06:00:02Z,135,Crusader Silver Ring,6.226e-05,2437.26,0.1517
2026-09-17T06:00:02Z,136,Overseer Silver Ring,4e-05,2437.26,0.0975
2026-09-17T06:00:02Z,137,Athena Silver Ring,4.5e-05,2437.26,0.1097
2026-09-17T06:00:02Z,138,Archon Silver Ring,5.19999999999e-05,2437.26,0.1267
2026-09-17T06:00:02Z,139,Foxglove Silver Ring,4.496e-05,2437.26,0.1096
2026-09-17T06:00:02Z,140,Summoner Silver Ring,5.8e-05,2437.26,0.1414
2026-09-17T06:00:02Z,243,Golden Archon Ring,0.00059,2437.26,1.438
2026-09-17T06:00:02Z,244,Golden Athena Ring,0.00059,2437.26,1.438
2026-09-17T06:00:02Z,245,Golden Chobo Ring,0.00059,2437.26,1.438
2026-09-17T06:00:02Z,246,Golden Crusader Ring,0.00065,2437.26,1.5842
2026-09-17T06:00:02Z,247,Golden Foxglove Ring,0.00065,2437.26,1.5842
2026-09-17T06:00:02Z,248,Golden Overseer Ring,0.00065,2437.26,1.5842
2026-09-17T06:00:02Z,249,Golden Summoner Ring,0.00072899,2437.26,1.7767
2026-09-17T06:30:02Z,134,Chobo Silver Ring,5e-05,2433.79,0.1217
2026-09-17T06:30:02Z,135,Crusader Silver Ring,6.226e-05,2433.79,0.1515
2026-09-17T06:30:02Z,136,Overseer Silver Ring,4e-05,2433.79,0.0974
2026-09-17T06:30:02Z,137,Athena Silver Ring,4.5e-05,2433.79,0.1095
2026-09-17T06:30:02Z,138,Archon Silver Ring,5.19999999999e-05,2433.79,0.1266
2026-09-17T06:30:02Z,139,Foxglove Silver Ring,4.496e-05,2433.79,0.1094
2026-09-17T06:30:02Z,140,Summoner Silver Ring,5.8e-05,2433.79,0.1412
2026-09-17T06:30:02Z,243,Golden Archon Ring,0.00059,2433.79,1.4359
2026-09-17T06:30:02Z,244,Golden Athena Ring,0.00059,2433.79,1.4359
2026-09-17T06:30:02Z,245,Golden Chobo Ring,0.00059,2433.79,1.4359
2026-09-17T06:30:02Z,246,Golden Crusader Ring,0.00065,2433.79,1.582
2026-09-17T06:30:02Z,247,Golden Foxglove Ring,0.00065,2433.79,1.582
2026-09-17T06:30:02Z,248,Golden Overseer Ring,0.00065,2433.79,1.582
2026-09-17T06:30:02Z,249,Golden Summoner Ring,0.00072899,2433.79,1.7742
2026-09-17T07:00:02Z,134,Chobo Silver Ring,5e-05,2442.54,0.1221
2026-09-17T07:00:02Z,135,Crusader Silver Ring,6.226e-05,2442.54,0.1521
2026-09-17T07:00:02Z,136,Overseer Silver Ring,4.994999999e-05,2442.54,0.122
2026-09-17T07:00:02Z,137,Athena Silver Ring,4.5e-05,2442.54,0.1099
2026-09-17T07:00:02Z,138,Archon Silver Ring,5.19999999999e-05,2442.54,0.127
2026-09-17T07:00:02Z,139,Foxglove Silver Ring,4.496e-05,2442.54,0.1098
2026-09-17T07:00:02Z,140,Summoner Silver Ring,5.8e-05,2442.54,0.1417
2026-09-17T07:00:02Z,243,Golden Archon Ring,0.00059,2442.54,1.4411
2026-09-17T07:00:02Z,244,Golden Athena Ring,0.00059,2442.54,1.4411
2026-09-17T07:00:02Z,245,Golden Chobo Ring,0.00059,2442.54,1.4411
2026-09-17T07:00:02Z,246,Golden Crusader Ring,0.00065,2442.54,1.5877
2026-09-17T07:00:02Z,247,Golden Foxglove Ring,0.00065,2442.54,1.5877
2026-09-17T07:00:02Z,248,Golden Overseer Ring,0.00065,2442.54,1.5877
2026-09-17T07:00:02Z,249,Golden Summoner Ring,0.00072898,2442.54,1.7806
2026-09-17T07:30:02Z,134,Chobo Silver Ring,5e-05,2446.07,0.1223
2026-09-17T07:30:02Z,135,Crusader Silver Ring,6.226e-05,2446.07,0.1523
2026-09-17T07:30:02Z,136,Overseer Silver Ring,4.994999999e-05,2446.07,0.1222
2026-09-17T07:30:02Z,137,Athena Silver Ring,4.5e-05,2446.07,0.1101
2026-09-17T07:30:02Z,138,Archon Silver Ring,5.19999999999e-05,2446.07,0.1272
2026-09-17T07:30:02Z,139,Foxglove Silver Ring,4.496e-05,2446.07,0.11
2026-09-17T07:30:02Z,140,Summoner Silver Ring,5.8e-05,2446.07,0.1419
2026-09-17T07:30:02Z,243,Golden Archon Ring,0.00059,2446.07,1.4432
2026-09-17T07:30:02Z,244,Golden Athena Ring,0.00059,2446.07,1.4432
2026-09-17T07:30:02Z,245,Golden Chobo Ring,0.00059,2446.07,1.4432
2026-09-17T07:30:02Z,246,Golden Crusader Ring,0.00065,2446.07,1.5899
2026-09-17T07:30:02Z,247,Golden Foxglove Ring,0.00065,2446.07,1.5899
2026-09-17T07:30:02Z,248,Golden Overseer Ring,0.00065,2446.07,1.5899
2026-09-17T07:30:02Z,249,Golden Summoner Ring,0.00072898,2446.07,1.7831
2026-09-17T08:00:02Z,134,Chobo Silver Ring,5e-05,2440.5,0.122
2026-09-17T08:00:02Z,135,Crusader Silver Ring,6.226e-05,2440.5,0.1519
2026-09-17T08:00:02Z,136,Overseer Silver Ring,4.994999999e-05,2440.5,0.1219
2026-09-17T08:00:02Z,137,Athena Silver Ring,4.5e-05,2440.5,0.1098
2026-09-17T08:00:02Z,138,Archon Silver Ring,5.19999999999e-05,2440.5,0.1269
2026-09-17T08:00:02Z,139,Foxglove Silver Ring,4.496e-05,2440.5,0.1097
2026-09-17T08:00:02Z,140,Summoner Silver Ring,5.8e-05,2440.5,0.1415
2026-09-17T08:00:02Z,243,Golden Archon Ring,0.00059,2440.5,1.4399
2026-09-17T08:00:02Z,244,Golden Athena Ring,0.00059,2440.5,1.4399
2026-09-17T08:00:02Z,245,Golden Chobo Ring,0.00059,2440.5,1.4399
2026-09-17T08:00:02Z,246,Golden Crusader Ring,0.00065,2440.5,1.5863
2026-09-17T08:00:02Z,247,Golden Foxglove Ring,0.00065,2440.5,1.5863
2026-09-17T08:00:02Z,248,Golden Overseer Ring,0.00065,2440.5,1.5863
2026-09-17T08:00:02Z,249,Golden Summoner Ring,0.00072898,2440.5,1.7791
2026-09-17T08:30:02Z,134,Chobo Silver Ring,5e-05,2436.67,0.1218
2026-09-17T08:30:02Z,135,Crusader Silver Ring,6.226e-05,2436.67,0.1517
2026-09-17T08:30:02Z,136,Overseer Silver Ring,4.994999999e-05,2436.67,0.1217
2026-09-17T08:30:02Z,137,Athena Silver Ring,4.5e-05,2436.67,0.1097
2026-09-17T08:30:02Z,138,Archon Silver Ring,5.19999999999e-05,2436.67,0.1267
2026-09-17T08:30:02Z,139,Foxglove Silver Ring,4.496e-05,2436.67,0.1096
2026-09-17T08:30:02Z,140,Summoner Silver Ring,5.8e-05,2436.67,0.1413
2026-09-17T08:30:02Z,243,Golden Archon Ring,0.000699,2436.67,1.7032
2026-09-17T08:30:02Z,244,Golden Athena Ring,0.00065,2436.67,1.5838
2026-09-17T08:30:02Z,245,Golden Chobo Ring,0.0007,2436.67,1.7057
2026-09-17T08:30:02Z,246,Golden Crusader Ring,0.00065,2436.67,1.5838
2026-09-17T08:30:02Z,247,Golden Foxglove Ring,0.000697,2436.67,1.6984
2026-09-17T08:30:02Z,248,Golden Overseer Ring,0.00065,2436.67,1.5838
2026-09-17T08:30:02Z,249,Golden Summoner Ring,0.00072898,2436.67,1.7763
2026-09-17T09:00:03Z,134,Chobo Silver Ring,5e-05,2443.11,0.1222
2026-09-17T09:00:03Z,135,Crusader Silver Ring,6.226e-05,2443.11,0.1521
2026-09-17T09:00:03Z,136,Overseer Silver Ring,4.994999999e-05,2443.11,0.122
2026-09-17T09:00:03Z,137,Athena Silver Ring,4.5e-05,2443.11,0.1099
2026-09-17T09:00:03Z,138,Archon Silver Ring,5.19999999999e-05,2443.11,0.127
2026-09-17T09:00:03Z,139,Foxglove Silver Ring,4.496e-05,2443.11,0.1098
2026-09-17T09:00:03Z,140,Summoner Silver Ring,5.8e-05,2443.11,0.1417
2026-09-17T09:00:03Z,243,Golden Archon Ring,0.00069,2443.11,1.6857
2026-09-17T09:00:03Z,244,Golden Athena Ring,0.0007269,2443.11,1.7759
2026-09-17T09:00:03Z,245,Golden Chobo Ring,0.00069,2443.11,1.6857
2026-09-17T09:00:03Z,246,Golden Crusader Ring,0.000699,2443.11,1.7077
2026-09-17T09:00:03Z,247,Golden Foxglove Ring,0.00069,2443.11,1.6857
2026-09-17T09:00:03Z,248,Golden Overseer Ring,0.00073,2443.11,1.7835
2026-09-17T09:00:03Z,249,Golden Summoner Ring,0.000728,2443.11,1.7786
2026-09-17T09:30:02Z,134,Chobo Silver Ring,4.999e-05,2446.6,0.1223
2026-09-17T09:30:02Z,135,Crusader Silver Ring,6.226e-05,2446.6,0.1523
2026-09-17T09:30:02Z,136,Overseer Silver Ring,4.994999999e-05,2446.6,0.1222
2026-09-17T09:30:02Z,137,Athena Silver Ring,4.499e-05,2446.6,0.1101
2026-09-17T09:30:02Z,138,Archon Silver Ring,5.19999999999e-05,2446.6,0.1272
2026-09-17T09:30:02Z,139,Foxglove Silver Ring,4.495e-05,2446.6,0.11
2026-09-17T09:30:02Z,140,Summoner Silver Ring,5.8e-05,2446.6,0.1419
2026-09-17T09:30:02Z,243,Golden Archon Ring,0.00069,2446.6,1.6882
2026-09-17T09:30:02Z,244,Golden Athena Ring,0.0007269,2446.6,1.7784
2026-09-17T09:30:02Z,245,Golden Chobo Ring,0.00069,2446.6,1.6882
2026-09-17T09:30:02Z,246,Golden Crusader Ring,0.000699,2446.6,1.7102
2026-09-17T09:30:02Z,247,Golden Foxglove Ring,0.00069,2446.6,1.6882
2026-09-17T09:30:02Z,248,Golden Overseer Ring,0.00073,2446.6,1.786
2026-09-17T09:30:02Z,249,Golden Summoner Ring,0.000728,2446.6,1.7811
2026-09-17T10:00:03Z,134,Chobo Silver Ring,4.999e-05,2439.72,0.122
2026-09-17T10:00:03Z,135,Crusader Silver Ring,6.226e-05,2439.72,0.1519
2026-09-17T10:00:03Z,136,Overseer Silver Ring,4.994999999e-05,2439.72,0.1219
2026-09-17T10:00:03Z,137,Athena Silver Ring,4.499e-05,2439.72,0.1098
2026-09-17T10:00:03Z,138,Archon Silver Ring,5.19999999999e-05,2439.72,0.1269
2026-09-17T10:00:03Z,139,Foxglove Silver Ring,4.495e-05,2439.72,0.1097
2026-09-17T10:00:03Z,140,Summoner Silver Ring,5.8e-05,2439.72,0.1415
2026-09-17T10:00:03Z,243,Golden Archon Ring,0.00068,2439.72,1.659
2026-09-17T10:00:03Z,244,Golden Athena Ring,0.0007269,2439.72,1.7734
2026-09-17T10:00:03Z,245,Golden Chobo Ring,0.00068,2439.72,1.659
2026-09-17T10:00:03Z,246,Golden Crusader Ring,0.000699,2439.72,1.7054
2026-09-17T10:00:03Z,247,Golden Foxglove Ring,0.00069,2439.72,1.6834
2026-09-17T10:00:03Z,248,Golden Overseer Ring,0.00073,2439.72,1.781
2026-09-17T10:00:03Z,249,Golden Summoner Ring,0.00072,2439.72,1.7566
2026-09-17T10:30:02Z,134,Chobo Silver Ring,4.999e-05,2432.19,0.1216
2026-09-17T10:30:02Z,135,Crusader Silver Ring,6.226e-05,2432.19,0.1514
2026-09-17T10:30:02Z,136,Overseer Silver Ring,4.994e-05,2432.19,0.1215
2026-09-17T10:30:02Z,137,Athena Silver Ring,4.499e-05,2432.19,0.1094
2026-09-17T10:30:02Z,138,Archon Silver Ring,5.19999999999e-05,2432.19,0.1265
2026-09-17T10:30:02Z,139,Foxglove Silver Ring,4.495e-05,2432.19,0.1093
2026-09-17T10:30:02Z,140,Summoner Silver Ring,5.8e-05,2432.19,0.1411
2026-09-17T10:30:02Z,243,Golden Archon Ring,0.00068,2432.19,1.6539
2026-09-17T10:30:02Z,244,Golden Athena Ring,0.0007269,2432.19,1.768
2026-09-17T10:30:02Z,245,Golden Chobo Ring,0.00068,2432.19,1.6539
2026-09-17T10:30:02Z,246,Golden Crusader Ring,0.000699,2432.19,1.7001
2026-09-17T10:30:02Z,247,Golden Foxglove Ring,0.00069,2432.19,1.6782
2026-09-17T10:30:02Z,248,Golden Overseer Ring,0.00073,2432.19,1.7755
2026-09-17T10:30:02Z,249,Golden Summoner Ring,0.00072,2432.19,1.7512
2026-09-17T11:00:02Z,134,Chobo Silver Ring,4.999e-05,2431.52,0.1216
2026-09-17T11:00:02Z,135,Crusader Silver Ring,6.226e-05,2431.52,0.1514
2026-09-17T11:00:02Z,136,Overseer Silver Ring,4.994999999e-05,2431.52,0.1215
2026-09-17T11:00:02Z,137,Athena Silver Ring,4.499e-05,2431.52,0.1094
2026-09-17T11:00:02Z,138,Archon Silver Ring,5.19999999999e-05,2431.52,0.1264
2026-09-17T11:00:02Z,139,Foxglove Silver Ring,4.495e-05,2431.52,0.1093
2026-09-17T11:00:02Z,140,Summoner Silver Ring,5.8e-05,2431.52,0.141
2026-09-17T11:00:02Z,243,Golden Archon Ring,0.00068,2431.52,1.6534
2026-09-17T11:00:02Z,244,Golden Athena Ring,0.0007269,2431.52,1.7675
2026-09-17T11:00:02Z,245,Golden Chobo Ring,0.00068,2431.52,1.6534
2026-09-17T11:00:02Z,246,Golden Crusader Ring,0.000699,2431.52,1.6996
2026-09-17T11:00:02Z,247,Golden Foxglove Ring,0.00069,2431.52,1.6777
2026-09-17T11:00:02Z,248,Golden Overseer Ring,0.00073,2431.52,1.775
2026-09-17T11:00:02Z,249,Golden Summoner Ring,0.00072,2431.52,1.7507
2026-09-17T11:30:02Z,134,Chobo Silver Ring,4.999e-05,2432.49,0.1216
2026-09-17T11:30:02Z,135,Crusader Silver Ring,6.226e-05,2432.49,0.1514
2026-09-17T11:30:02Z,136,Overseer Silver Ring,4.994999999e-05,2432.49,0.1215
2026-09-17T11:30:02Z,137,Athena Silver Ring,4.499e-05,2432.49,0.1094
2026-09-17T11:30:02Z,138,Archon Silver Ring,5.19999999999e-05,2432.49,0.1265
2026-09-17T11:30:02Z,139,Foxglove Silver Ring,4.495e-05,2432.49,0.1093
2026-09-17T11:30:02Z,140,Summoner Silver Ring,5.8e-05,2432.49,0.1411
2026-09-17T11:30:02Z,243,Golden Archon Ring,0.00068,2432.49,1.6541
2026-09-17T11:30:02Z,244,Golden Athena Ring,0.0007269,2432.49,1.7682
2026-09-17T11:30:02Z,245,Golden Chobo Ring,0.00068,2432.49,1.6541
2026-09-17T11:30:02Z,246,Golden Crusader Ring,0.000699,2432.49,1.7003
2026-09-17T11:30:02Z,247,Golden Foxglove Ring,0.00069,2432.49,1.6784
2026-09-17T11:30:02Z,248,Golden Overseer Ring,0.00073,2432.49,1.7757
2026-09-17T11:30:02Z,249,Golden Summoner Ring,0.00072,2432.49,1.7514
2026-09-17T12:00:02Z,134,Chobo Silver Ring,4.999e-05,2441.13,0.122
2026-09-17T12:00:02Z,135,Crusader Silver Ring,6.226e-05,2441.13,0.152
2026-09-17T12:00:02Z,136,Overseer Silver Ring,4.994999999e-05,2441.13,0.1219
2026-09-17T12:00:02Z,137,Athena Silver Ring,4.5e-05,2441.13,0.1099
2026-09-17T12:00:02Z,138,Archon Silver Ring,5.19999999999e-05,2441.13,0.1269
2026-09-17T12:00:02Z,139,Foxglove Silver Ring,4.5e-05,2441.13,0.1099
2026-09-17T12:00:02Z,140,Summoner Silver Ring,5.8e-05,2441.13,0.1416
2026-09-17T12:00:02Z,243,Golden Archon Ring,0.00068,2441.13,1.66
2026-09-17T12:00:02Z,244,Golden Athena Ring,0.000726,2441.13,1.7723
2026-09-17T12:00:02Z,245,Golden Chobo Ring,0.00068,2441.13,1.66
2026-09-17T12:00:02Z,246,Golden Crusader Ring,0.000699,2441.13,1.7063
2026-09-17T12:00:02Z,247,Golden Foxglove Ring,0.00069,2441.13,1.6844
2026-09-17T12:00:02Z,248,Golden Overseer Ring,0.00073,2441.13,1.782
2026-09-17T12:00:02Z,249,Golden Summoner Ring,0.00072,2441.13,1.7576
2026-09-17T12:30:02Z,134,Chobo Silver Ring,4.999e-05,2462.62,0.1231
2026-09-17T12:30:02Z,135,Crusader Silver Ring,6.226e-05,2462.62,0.1533
2026-09-17T12:30:02Z,136,Overseer Silver Ring,4.994999999e-05,2462.62,0.123
2026-09-17T12:30:02Z,137,Athena Silver Ring,4.5e-05,2462.62,0.1108
2026-09-17T12:30:02Z,138,Archon Silver Ring,5.19999999999e-05,2462.62,0.1281
2026-09-17T12:30:02Z,139,Foxglove Silver Ring,4.5e-05,2462.62,0.1108
2026-09-17T12:30:02Z,140,Summoner Silver Ring,5.8e-05,2462.62,0.1428
2026-09-17T12:30:02Z,243,Golden Archon Ring,0.00068,2462.62,1.6746
2026-09-17T12:30:02Z,244,Golden Athena Ring,0.000726,2462.62,1.7879
2026-09-17T12:30:02Z,245,Golden Chobo Ring,0.00068,2462.62,1.6746
2026-09-17T12:30:02Z,246,Golden Crusader Ring,0.000699,2462.62,1.7214
2026-09-17T12:30:02Z,247,Golden Foxglove Ring,0.00069,2462.62,1.6992
2026-09-17T12:30:02Z,248,Golden Overseer Ring,0.00073,2462.62,1.7977
2026-09-17T12:30:02Z,249,Golden Summoner Ring,0.00072,2462.62,1.7731
2026-09-17T13:00:02Z,134,Chobo Silver Ring,4.9989999e-05,2461.57,0.1231
2026-09-17T13:00:02Z,135,Crusader Silver Ring,6.226e-05,2461.57,0.1533
2026-09-17T13:00:02Z,136,Overseer Silver Ring,4.994999999e-05,2461.57,0.123
2026-09-17T13:00:02Z,137,Athena Silver Ring,4.5e-05,2461.57,0.1108
2026-09-17T13:00:02Z,138,Archon Silver Ring,5.19999999999e-05,2461.57,0.128
2026-09-17T13:00:02Z,139,Foxglove Silver Ring,4.5e-05,2461.57,0.1108
2026-09-17T13:00:02Z,140,Summoner Silver Ring,5.8e-05,2461.57,0.1428
2026-09-17T13:00:02Z,243,Golden Archon Ring,0.00068,2461.57,1.6739
2026-09-17T13:00:02Z,244,Golden Athena Ring,0.000726,2461.57,1.7871
2026-09-17T13:00:02Z,245,Golden Chobo Ring,0.00068,2461.57,1.6739
2026-09-17T13:00:02Z,246,Golden Crusader Ring,0.000699,2461.57,1.7206
2026-09-17T13:00:02Z,247,Golden Foxglove Ring,0.00069,2461.57,1.6985
2026-09-17T13:00:02Z,248,Golden Overseer Ring,0.00073,2461.57,1.7969
2026-09-17T13:00:02Z,249,Golden Summoner Ring,0.00072,2461.57,1.7723
2026-09-17T13:30:02Z,134,Chobo Silver Ring,4.9989999e-05,2449.19,0.1224
2026-09-17T13:30:02Z,135,Crusader Silver Ring,6.226e-05,2449.19,0.1525
2026-09-17T13:30:02Z,136,Overseer Silver Ring,4.994999999e-05,2449.19,0.1223
2026-09-17T13:30:02Z,137,Athena Silver Ring,4.5e-05,2449.19,0.1102
2026-09-17T13:30:02Z,138,Archon Silver Ring,5.19999999999e-05,2449.19,0.1274
2026-09-17T13:30:02Z,139,Foxglove Silver Ring,4.5e-05,2449.19,0.1102
2026-09-17T13:30:02Z,140,Summoner Silver Ring,5.8e-05,2449.19,0.1421
2026-09-17T13:30:02Z,243,Golden Archon Ring,0.00068,2449.19,1.6654
2026-09-17T13:30:02Z,244,Golden Athena Ring,0.00072599,2449.19,1.7781
2026-09-17T13:30:02Z,245,Golden Chobo Ring,0.00068,2449.19,1.6654
2026-09-17T13:30:02Z,246,Golden Crusader Ring,0.000699,2449.19,1.712
2026-09-17T13:30:02Z,247,Golden Foxglove Ring,0.00069,2449.19,1.6899
2026-09-17T13:30:02Z,248,Golden Overseer Ring,0.00072999,2449.19,1.7879
2026-09-17T13:30:02Z,249,Golden Summoner Ring,0.00071999,2449.19,1.7634
2026-09-17T14:00:02Z,134,Chobo Silver Ring,4.9989999e-05,2456.07,0.1228
2026-09-17T14:00:02Z,135,Crusader Silver Ring,6.226e-05,2456.07,0.1529
2026-09-17T14:00:02Z,136,Overseer Silver Ring,4.994999998e-05,2456.07,0.1227
2026-09-17T14:00:02Z,137,Athena Silver Ring,4.5e-05,2456.07,0.1105
2026-09-17T14:00:02Z,138,Archon Silver Ring,5.19999999999e-05,2456.07,0.1277
2026-09-17T14:00:02Z,139,Foxglove Silver Ring,4.5e-05,2456.07,0.1105
2026-09-17T14:00:02Z,140,Summoner Silver Ring,5.8e-05,2456.07,0.1425
2026-09-17T14:00:02Z,243,Golden Archon Ring,0.00068,2456.07,1.6701
2026-09-17T14:00:02Z,244,Golden Athena Ring,0.00072599,2456.07,1.7831
2026-09-17T14:00:02Z,245,Golden Chobo Ring,0.00068,2456.07,1.6701
2026-09-17T14:00:02Z,246,Golden Crusader Ring,0.000699,2456.07,1.7168
2026-09-17T14:00:02Z,247,Golden Foxglove Ring,0.00069,2456.07,1.6947
2026-09-17T14:00:02Z,248,Golden Overseer Ring,0.00072999,2456.07,1.7929
2026-09-17T14:00:02Z,249,Golden Summoner Ring,0.00071999,2456.07,1.7683
2026-09-17T14:30:06Z,134,Chobo Silver Ring,4.7e-05,2482.69,0.1167
2026-09-17T14:30:06Z,135,Crusader Silver Ring,6.226e-05,2482.69,0.1546
2026-09-17T14:30:06Z,136,Overseer Silver Ring,4.994999998e-05,2482.69,0.124
2026-09-17T14:30:06Z,137,Athena Silver Ring,4.5e-05,2482.69,0.1117
2026-09-17T14:30:06Z,138,Archon Silver Ring,5e-05,2482.69,0.1241
2026-09-17T14:30:06Z,139,Foxglove Silver Ring,4.5e-05,2482.69,0.1117
2026-09-17T14:30:06Z,140,Summoner Silver Ring,5.8e-05,2482.69,0.144
2026-09-17T14:30:06Z,243,Golden Archon Ring,0.00068,2482.69,1.6882
2026-09-17T14:30:06Z,244,Golden Athena Ring,0.00072599,2482.69,1.8024
2026-09-17T14:30:06Z,245,Golden Chobo Ring,0.00068,2482.69,1.6882
2026-09-17T14:30:06Z,246,Golden Crusader Ring,0.000699,2482.69,1.7354
2026-09-17T14:30:06Z,247,Golden Foxglove Ring,0.00069,2482.69,1.7131
2026-09-17T14:30:06Z,248,Golden Overseer Ring,0.00072999,2482.69,1.8123
2026-09-17T14:30:06Z,249,Golden Summoner Ring,0.00071999,2482.69,1.7875
2026-09-17T15:00:02Z,134,Chobo Silver Ring,4.7e-05,2460.08,0.1156
2026-09-17T15:00:02Z,135,Crusader Silver Ring,6.1e-05,2460.08,0.1501
2026-09-17T15:00:02Z,136,Overseer Silver Ring,4.994999999e-05,2460.08,0.1229
2026-09-17T15:00:02Z,137,Athena Silver Ring,4.5e-05,2460.08,0.1107
2026-09-17T15:00:02Z,138,Archon Silver Ring,5.19999999999e-05,2460.08,0.1279
2026-09-17T15:00:02Z,139,Foxglove Silver Ring,4.5e-05,2460.08,0.1107
2026-09-17T15:00:02Z,140,Summoner Silver Ring,5.899e-05,2460.08,0.1451
2026-09-17T15:00:02Z,243,Golden Archon Ring,0.00068,2460.08,1.6729
2026-09-17T15:00:02Z,244,Golden Athena Ring,0.00072599,2460.08,1.786
2026-09-17T15:00:02Z,245,Golden Chobo Ring,0.00068,2460.08,1.6729
2026-09-17T15:00:02Z,246,Golden Crusader Ring,0.000699,2460.08,1.7196
2026-09-17T15:00:02Z,247,Golden Foxglove Ring,0.00069,2460.08,1.6975
2026-09-17T15:00:02Z,248,Golden Overseer Ring,0.00072999,2460.08,1.7958
2026-09-17T15:00:02Z,249,Golden Summoner Ring,0.00071999,2460.08,1.7712
2026-09-17T15:30:02Z,134,Chobo Silver Ring,4.7e-05,2453.75,0.1153
2026-09-17T15:30:02Z,135,Crusader Silver Ring,6.1e-05,2453.75,0.1497
2026-09-17T15:30:02Z,136,Overseer Silver Ring,4.994999999e-05,2453.75,0.1226
2026-09-17T15:30:02Z,137,Athena Silver Ring,4.5e-05,2453.75,0.1104
2026-09-17T15:30:02Z,138,Archon Silver Ring,5.19999999999e-05,2453.75,0.1276
2026-09-17T15:30:02Z,139,Foxglove Silver Ring,4.5e-05,2453.75,0.1104
2026-09-17T15:30:02Z,140,Summoner Silver Ring,5.899e-05,2453.75,0.1447
2026-09-17T15:30:02Z,243,Golden Archon Ring,0.00068,2453.75,1.6686
2026-09-17T15:30:02Z,244,Golden Athena Ring,0.00072599,2453.75,1.7814
2026-09-17T15:30:02Z,245,Golden Chobo Ring,0.00068,2453.75,1.6686
2026-09-17T15:30:02Z,246,Golden Crusader Ring,0.000699,2453.75,1.7152
2026-09-17T15:30:02Z,247,Golden Foxglove Ring,0.00069,2453.75,1.6931
2026-09-17T15:30:02Z,248,Golden Overseer Ring,0.00072999,2453.75,1.7912
2026-09-17T15:30:02Z,249,Golden Summoner Ring,0.00071999,2453.75,1.7667
2026-09-17T16:00:03Z,134,Chobo Silver Ring,4.6e-05,2467.75,0.1135
2026-09-17T16:00:03Z,135,Crusader Silver Ring,6.1e-05,2467.75,0.1505
2026-09-17T16:00:03Z,136,Overseer Silver Ring,4.994999999e-05,2467.75,0.1233
2026-09-17T16:00:03Z,137,Athena Silver Ring,4.5e-05,2467.75,0.111
2026-09-17T16:00:03Z,138,Archon Silver Ring,5.1e-05,2467.75,0.1259
2026-09-17T16:00:03Z,139,Foxglove Silver Ring,4.5e-05,2467.75,0.111
2026-09-17T16:00:03Z,140,Summoner Silver Ring,5.899e-05,2467.75,0.1456
2026-09-17T16:00:03Z,243,Golden Archon Ring,0.00068,2467.75,1.6781
2026-09-17T16:00:03Z,244,Golden Athena Ring,0.00072599,2467.75,1.7916
2026-09-17T16:00:03Z,245,Golden Chobo Ring,0.00068,2467.75,1.6781
2026-09-17T16:00:03Z,246,Golden Crusader Ring,0.000699,2467.75,1.725
2026-09-17T16:00:03Z,247,Golden Foxglove Ring,0.00069,2467.75,1.7027
2026-09-17T16:00:03Z,248,Golden Overseer Ring,0.00072999,2467.75,1.8014
2026-09-17T16:00:03Z,249,Golden Summoner Ring,0.00071999,2467.75,1.7768
2026-09-17T16:30:01Z,134,Chobo Silver Ring,5e-05,2466.68,0.1233
2026-09-17T16:30:01Z,135,Crusader Silver Ring,6.1e-05,2466.68,0.1505
2026-09-17T16:30:01Z,136,Overseer Silver Ring,4.994999999e-05,2466.68,0.1232
2026-09-17T16:30:01Z,137,Athena Silver Ring,4.5e-05,2466.68,0.111
2026-09-17T16:30:01Z,138,Archon Silver Ring,5.1e-05,2466.68,0.1258
2026-09-17T16:30:01Z,139,Foxglove Silver Ring,4.5e-05,2466.68,0.111
2026-09-17T16:30:01Z,140,Summoner Silver Ring,5.899e-05,2466.68,0.1455
2026-09-17T16:30:01Z,243,Golden Archon Ring,0.00068,2466.68,1.6773
2026-09-17T16:30:01Z,244,Golden Athena Ring,0.00072599,2466.68,1.7908
2026-09-17T16:30:01Z,245,Golden Chobo Ring,0.00068,2466.68,1.6773
2026-09-17T16:30:01Z,246,Golden Crusader Ring,0.000699,2466.68,1.7242
2026-09-17T16:30:01Z,247,Golden Foxglove Ring,0.00069,2466.68,1.702
2026-09-17T16:30:01Z,248,Golden Overseer Ring,0.00072999,2466.68,1.8007
2026-09-17T16:30:01Z,249,Golden Summoner Ring,0.00071999,2466.68,1.776
2026-09-17T17:00:02Z,134,Chobo Silver Ring,5e-05,2464.6,0.1232
2026-09-17T17:00:02Z,135,Crusader Silver Ring,6.1e-05,2464.6,0.1503
2026-09-17T17:00:02Z,136,Overseer Silver Ring,4.994999999e-05,2464.6,0.1231
2026-09-17T17:00:02Z,137,Athena Silver Ring,4.5e-05,2464.6,0.1109
2026-09-17T17:00:02Z,138,Archon Silver Ring,5.1e-05,2464.6,0.1257
2026-09-17T17:00:02Z,139,Foxglove Silver Ring,4.946e-05,2464.6,0.1219
2026-09-17T17:00:02Z,140,Summoner Silver Ring,5.899e-05,2464.6,0.1454
2026-09-17T17:00:02Z,243,Golden Archon Ring,0.00068,2464.6,1.6759
2026-09-17T17:00:02Z,244,Golden Athena Ring,0.00072599,2464.6,1.7893
2026-09-17T17:00:02Z,245,Golden Chobo Ring,0.00068,2464.6,1.6759
2026-09-17T17:00:02Z,246,Golden Crusader Ring,0.000699,2464.6,1.7228
2026-09-17T17:00:02Z,247,Golden Foxglove Ring,0.00069,2464.6,1.7006
2026-09-17T17:00:02Z,248,Golden Overseer Ring,0.00072999,2464.6,1.7991
2026-09-17T17:00:02Z,249,Golden Summoner Ring,0.00071999,2464.6,1.7745
2026-09-17T17:30:02Z,134,Chobo Silver Ring,5e-05,2470.22,0.1235
2026-09-17T17:30:02Z,135,Crusader Silver Ring,6.1e-05,2470.22,0.1507
2026-09-17T17:30:02Z,136,Overseer Silver Ring,4.994999999e-05,2470.22,0.1234
2026-09-17T17:30:02Z,137,Athena Silver Ring,4.5e-05,2470.22,0.1112
2026-09-17T17:30:02Z,138,Archon Silver Ring,5.1e-05,2470.22,0.126
2026-09-17T17:30:02Z,139,Foxglove Silver Ring,4.946e-05,2470.22,0.1222
2026-09-17T17:30:02Z,140,Summoner Silver Ring,5.899e-05,2470.22,0.1457
2026-09-17T17:30:02Z,243,Golden Archon Ring,0.00069,2470.22,1.7045
2026-09-17T17:30:02Z,244,Golden Athena Ring,0.00072599,2470.22,1.7934
2026-09-17T17:30:02Z,245,Golden Chobo Ring,0.0007,2470.22,1.7292
2026-09-17T17:30:02Z,246,Golden Crusader Ring,0.000699,2470.22,1.7267
2026-09-17T17:30:02Z,247,Golden Foxglove Ring,0.000697,2470.22,1.7217
2026-09-17T17:30:02Z,248,Golden Overseer Ring,0.00072999,2470.22,1.8032
2026-09-17T17:30:02Z,249,Golden Summoner Ring,0.00071999,2470.22,1.7785
2026-09-17T18:00:02Z,134,Chobo Silver Ring,5e-05,2463.52,0.1232
2026-09-17T18:00:02Z,135,Crusader Silver Ring,6.1e-05,2463.52,0.1503
2026-09-17T18:00:02Z,136,Overseer Silver Ring,4.99499999e-05,2463.52,0.1231
2026-09-17T18:00:02Z,137,Athena Silver Ring,4.5e-05,2463.52,0.1109
2026-09-17T18:00:02Z,138,Archon Silver Ring,5.1e-05,2463.52,0.1256
2026-09-17T18:00:02Z,139,Foxglove Silver Ring,4.946e-05,2463.52,0.1218
2026-09-17T18:00:02Z,140,Summoner Silver Ring,5.899e-05,2463.52,0.1453
2026-09-17T18:00:02Z,243,Golden Archon Ring,0.00069,2463.52,1.6998
2026-09-17T18:00:02Z,244,Golden Athena Ring,0.00072599,2463.52,1.7885
2026-09-17T18:00:02Z,245,Golden Chobo Ring,0.0007,2463.52,1.7245
2026-09-17T18:00:02Z,246,Golden Crusader Ring,0.000699,2463.52,1.722
2026-09-17T18:00:02Z,247,Golden Foxglove Ring,0.000697,2463.52,1.7171
2026-09-17T18:00:02Z,248,Golden Overseer Ring,0.00072999,2463.52,1.7983
2026-09-17T18:00:02Z,249,Golden Summoner Ring,0.00071999,2463.52,1.7737
2026-09-17T18:05:14Z,134,Chobo Silver Ring,4.9999e-05,2459.28,0.123
2026-09-17T18:05:14Z,135,Crusader Silver Ring,6.1e-05,2459.28,0.15
2026-09-17T18:05:14Z,136,Overseer Silver Ring,4.99499999e-05,2459.28,0.1228
2026-09-17T18:05:14Z,137,Athena Silver Ring,4.49999e-05,2459.28,0.1107
2026-09-17T18:05:14Z,138,Archon Silver Ring,5.1e-05,2459.28,0.1254
2026-09-17T18:05:14Z,139,Foxglove Silver Ring,4.9459e-05,2459.28,0.1216
2026-09-17T18:05:14Z,140,Summoner Silver Ring,5.89999e-05,2459.28,0.1451
2026-09-17T18:05:14Z,243,Golden Archon Ring,0.00069,2459.28,1.6969
2026-09-17T18:05:14Z,244,Golden Athena Ring,0.00072599,2459.28,1.7854
2026-09-17T18:05:14Z,245,Golden Chobo Ring,0.0007,2459.28,1.7215
2026-09-17T18:05:14Z,246,Golden Crusader Ring,0.000699,2459.28,1.719
2026-09-17T18:05:14Z,247,Golden Foxglove Ring,0.000697,2459.28,1.7141
2026-09-17T18:05:14Z,248,Golden Overseer Ring,0.00072999,2459.28,1.7952
2026-09-17T18:05:14Z,249,Golden Summoner Ring,0.00071999,2459.28,1.7707
2026-09-17T18:30:02Z,134,Chobo Silver Ring,5e-05,2461.22,0.1231
2026-09-17T18:30:02Z,135,Crusader Silver Ring,6.226e-05,2461.22,0.1532
2026-09-17T18:30:02Z,136,Overseer Silver Ring,4.994999999e-05,2461.22,0.1229
2026-09-17T18:30:02Z,137,Athena Silver Ring,5.295e-05,2461.22,0.1303
2026-09-17T18:30:02Z,138,Archon Silver Ring,5.1e-05,2461.22,0.1255
2026-09-17T18:30:02Z,139,Foxglove Silver Ring,4.94599e-05,2461.22,0.1217
2026-09-17T18:30:02Z,140,Summoner Silver Ring,5.89999e-05,2461.22,0.1452
2026-09-17T18:30:02Z,243,Golden Archon Ring,0.00069,2461.22,1.6982
2026-09-17T18:30:02Z,244,Golden Athena Ring,0.000727,2461.22,1.7893
2026-09-17T18:30:02Z,245,Golden Chobo Ring,0.0007,2461.22,1.7229
2026-09-17T18:30:02Z,246,Golden Crusader Ring,0.000699,2461.22,1.7204
2026-09-17T18:30:02Z,247,Golden Foxglove Ring,0.000697,2461.22,1.7155
2026-09-17T18:30:02Z,248,Golden Overseer Ring,0.00072999,2461.22,1.7967
2026-09-17T18:30:02Z,249,Golden Summoner Ring,0.00071999,2461.22,1.7721
2026-09-17T19:00:02Z,134,Chobo Silver Ring,5e-05,2454.87,0.1227
2026-09-17T19:00:02Z,135,Crusader Silver Ring,6.225e-05,2454.87,0.1528
2026-09-17T19:00:02Z,136,Overseer Silver Ring,4.994e-05,2454.87,0.1226
2026-09-17T19:00:02Z,137,Athena Silver Ring,5.295e-05,2454.87,0.13
2026-09-17T19:00:02Z,138,Archon Silver Ring,5.099e-05,2454.87,0.1252
2026-09-17T19:00:02Z,139,Foxglove Silver Ring,4.94599e-05,2454.87,0.1214
2026-09-17T19:00:02Z,140,Summoner Silver Ring,5.89999e-05,2454.87,0.1448
2026-09-17T19:00:02Z,243,Golden Archon Ring,0.00069,2454.87,1.6939
2026-09-17T19:00:02Z,244,Golden Athena Ring,0.000727,2454.87,1.7847
2026-09-17T19:00:02Z,245,Golden Chobo Ring,0.0007,2454.87,1.7184
2026-09-17T19:00:02Z,246,Golden Crusader Ring,0.000699,2454.87,1.716
2026-09-17T19:00:02Z,247,Golden Foxglove Ring,0.000697,2454.87,1.711
2026-09-17T19:00:02Z,248,Golden Overseer Ring,0.00072999,2454.87,1.792
2026-09-17T19:00:02Z,249,Golden Summoner Ring,0.00071999,2454.87,1.7675
2026-09-17T19:30:02Z,134,Chobo Silver Ring,5e-05,2453.26,0.1227
2026-09-17T19:30:02Z,135,Crusader Silver Ring,6.226e-05,2453.26,0.1527
2026-09-17T19:30:02Z,136,Overseer Silver Ring,4.994e-05,2453.26,0.1225
2026-09-17T19:30:02Z,137,Athena Silver Ring,5.295e-05,2453.26,0.1299
2026-09-17T19:30:02Z,138,Archon Silver Ring,5.19999999999e-05,2453.26,0.1276
2026-09-17T19:30:02Z,139,Foxglove Silver Ring,4.94599e-05,2453.26,0.1213
2026-09-17T19:30:02Z,140,Summoner Silver Ring,5.89999e-05,2453.26,0.1447
2026-09-17T19:30:02Z,243,Golden Archon Ring,0.00069,2453.26,1.6927
2026-09-17T19:30:02Z,244,Golden Athena Ring,0.000727,2453.26,1.7835
2026-09-17T19:30:02Z,245,Golden Chobo Ring,0.0007,2453.26,1.7173
2026-09-17T19:30:02Z,246,Golden Crusader Ring,0.000699,2453.26,1.7148
2026-09-17T19:30:02Z,247,Golden Foxglove Ring,0.000697,2453.26,1.7099
2026-09-17T19:30:02Z,248,Golden Overseer Ring,0.00072999,2453.26,1.7909
2026-09-17T19:30:02Z,249,Golden Summoner Ring,0.00072898,2453.26,1.7884
2026-09-17T20:00:02Z,134,Chobo Silver Ring,5e-05,2449.5,0.1225
2026-09-17T20:00:02Z,135,Crusader Silver Ring,6.22599999e-05,2449.5,0.1525
2026-09-17T20:00:02Z,136,Overseer Silver Ring,4.994e-05,2449.5,0.1223
2026-09-17T20:00:02Z,137,Athena Silver Ring,5.299e-05,2449.5,0.1298
2026-09-17T20:00:02Z,138,Archon Silver Ring,5.19999999999e-05,2449.5,0.1274
2026-09-17T20:00:02Z,139,Foxglove Silver Ring,4.946e-05,2449.5,0.1212
2026-09-17T20:00:02Z,140,Summoner Silver Ring,5.899e-05,2449.5,0.1445
2026-09-17T20:00:02Z,243,Golden Archon Ring,0.00069,2449.5,1.6902
2026-09-17T20:00:02Z,244,Golden Athena Ring,0.000727,2449.5,1.7808
2026-09-17T20:00:02Z,245,Golden Chobo Ring,0.0007,2449.5,1.7147
2026-09-17T20:00:02Z,246,Golden Crusader Ring,0.000699,2449.5,1.7122
2026-09-17T20:00:02Z,247,Golden Foxglove Ring,0.000697,2449.5,1.7073
2026-09-17T20:00:02Z,248,Golden Overseer Ring,0.00072999,2449.5,1.7881
2026-09-17T20:00:02Z,249,Golden Summoner Ring,0.00072898,2449.5,1.7856
2026-09-17T20:30:03Z,134,Chobo Silver Ring,4.8e-05,2457.76,0.118
2026-09-17T20:30:03Z,135,Crusader Silver Ring,6.226e-05,2457.76,0.153
2026-09-17T20:30:03Z,136,Overseer Silver Ring,4.994999999e-05,2457.76,0.1228
2026-09-17T20:30:03Z,137,Athena Silver Ring,5.2999e-05,2457.76,0.1303
2026-09-17T20:30:03Z,138,Archon Silver Ring,4.9e-05,2457.76,0.1204
2026-09-17T20:30:03Z,139,Foxglove Silver Ring,5e-05,2457.76,0.1229
2026-09-17T20:30:03Z,140,Summoner Silver Ring,5.89999e-05,2457.76,0.145
2026-09-17T20:30:03Z,243,Golden Archon Ring,0.00069,2457.76,1.6959
2026-09-17T20:30:03Z,244,Golden Athena Ring,0.000727,2457.76,1.7868
2026-09-17T20:30:03Z,245,Golden Chobo Ring,0.0007,2457.76,1.7204
2026-09-17T20:30:03Z,246,Golden Crusader Ring,0.000699,2457.76,1.718
2026-09-17T20:30:03Z,247,Golden Foxglove Ring,0.000697,2457.76,1.7131
2026-09-17T20:30:03Z,248,Golden Overseer Ring,0.00072999,2457.76,1.7941
2026-09-17T20:30:03Z,249,Golden Summoner Ring,0.00072898,2457.76,1.7917
2026-09-17T21:00:02Z,134,Chobo Silver Ring,4.8e-05,2452.81,0.1177
2026-09-17T21:00:02Z,135,Crusader Silver Ring,6.226e-05,2452.81,0.1527
2026-09-17T21:00:02Z,136,Overseer Silver Ring,4.994999999e-05,2452.81,0.1225
2026-09-17T21:00:02Z,137,Athena Silver Ring,5.2999e-05,2452.81,0.13
2026-09-17T21:00:02Z,138,Archon Silver Ring,5.19999999999e-05,2452.81,0.1275
2026-09-17T21:00:02Z,139,Foxglove Silver Ring,5e-05,2452.81,0.1226
2026-09-17T21:00:02Z,140,Summoner Silver Ring,5.99999e-05,2452.81,0.1472
2026-09-17T21:00:02Z,243,Golden Archon Ring,0.00069,2452.81,1.6924
2026-09-17T21:00:02Z,244,Golden Athena Ring,0.000727,2452.81,1.7832
2026-09-17T21:00:02Z,245,Golden Chobo Ring,0.0007,2452.81,1.717
2026-09-17T21:00:02Z,246,Golden Crusader Ring,0.000699,2452.81,1.7145
2026-09-17T21:00:02Z,247,Golden Foxglove Ring,0.000697,2452.81,1.7096
2026-09-17T21:00:02Z,248,Golden Overseer Ring,0.00072999,2452.81,1.7905
2026-09-17T21:00:02Z,249,Golden Summoner Ring,0.00072898,2452.81,1.788
2026-09-17T21:30:02Z,134,Chobo Silver Ring,4.794e-05,2452.09,0.1176
2026-09-17T21:30:02Z,135,Crusader Silver Ring,6.226e-05,2452.09,0.1527
2026-09-17T21:30:02Z,136,Overseer Silver Ring,5e-05,2452.09,0.1226
2026-09-17T21:30:02Z,137,Athena Silver Ring,5.2999e-05,2452.09,0.13
2026-09-17T21:30:02Z,138,Archon Silver Ring,5.194e-05,2452.09,0.1274
2026-09-17T21:30:02Z,139,Foxglove Silver Ring,5e-05,2452.09,0.1226
2026-09-17T21:30:02Z,140,Summoner Silver Ring,5.99999e-05,2452.09,0.1471
2026-09-17T21:30:02Z,243,Golden Archon Ring,0.00069,2452.09,1.6919
2026-09-17T21:30:02Z,244,Golden Athena Ring,0.000727,2452.09,1.7827
2026-09-17T21:30:02Z,245,Golden Chobo Ring,0.0007,2452.09,1.7165
2026-09-17T21:30:02Z,246,Golden Crusader Ring,0.000699,2452.09,1.714
2026-09-17T21:30:02Z,247,Golden Foxglove Ring,0.000697,2452.09,1.7091
2026-09-17T21:30:02Z,248,Golden Overseer Ring,0.00072999,2452.09,1.79
2026-09-17T21:30:02Z,249,Golden Summoner Ring,0.00072899,2452.09,1.7875
2026-09-17T22:00:03Z,134,Chobo Silver Ring,5e-05,2445.43,0.1223
2026-09-17T22:00:03Z,135,Crusader Silver Ring,6.492e-05,2445.43,0.1588
2026-09-17T22:00:03Z,136,Overseer Silver Ring,4.994e-05,2445.43,0.1221
2026-09-17T22:00:03Z,137,Athena Silver Ring,6.4929e-05,2445.43,0.1588
2026-09-17T22:00:03Z,138,Archon Silver Ring,5.194e-05,2445.43,0.127
2026-09-17T22:00:03Z,139,Foxglove Silver Ring,5e-05,2445.43,0.1223
2026-09-17T22:00:03Z,140,Summoner Silver Ring,5.986e-05,2445.43,0.1464
2026-09-17T22:00:03Z,243,Golden Archon Ring,0.00068999,2445.43,1.6873
2026-09-17T22:00:03Z,244,Golden Athena Ring,0.00072699,2445.43,1.7778
2026-09-17T22:00:03Z,245,Golden Chobo Ring,0.0007,2445.43,1.7118
2026-09-17T22:00:03Z,246,Golden Crusader Ring,0.000699,2445.43,1.7094
2026-09-17T22:00:03Z,247,Golden Foxglove Ring,0.00069699,2445.43,1.7044
2026-09-17T22:00:03Z,248,Golden Overseer Ring,0.00072999,2445.43,1.7851
2026-09-17T22:00:03Z,249,Golden Summoner Ring,0.00072898999,2445.43,1.7827
2026-09-17T22:30:02Z,134,Chobo Silver Ring,4.994e-05,2437.25,0.1217
2026-09-17T22:30:02Z,135,Crusader Silver Ring,6.492e-05,2437.25,0.1582
2026-09-17T22:30:02Z,136,Overseer Silver Ring,4.9829e-05,2437.25,0.1214
2026-09-17T22:30:02Z,137,Athena Silver Ring,6.4859e-05,2437.25,0.1581
2026-09-17T22:30:02Z,138,Archon Silver Ring,5.194e-05,2437.25,0.1266
2026-09-17T22:30:02Z,139,Foxglove Silver Ring,5.19999e-05,2437.25,0.1267
2026-09-17T22:30:02Z,140,Summoner Silver Ring,5.9729e-05,2437.25,0.1456
2026-09-17T22:30:02Z,243,Golden Archon Ring,0.00068929,2437.25,1.68
2026-09-17T22:30:02Z,244,Golden Athena Ring,0.00072699,2437.25,1.7719
2026-09-17T22:30:02Z,245,Golden Chobo Ring,0.0007,2437.25,1.7061
2026-09-17T22:30:02Z,246,Golden Crusader Ring,0.00069829,2437.25,1.7019
2026-09-17T22:30:02Z,247,Golden Foxglove Ring,0.00069699,2437.25,1.6987
2026-09-17T22:30:02Z,248,Golden Overseer Ring,0.00072999,2437.25,1.7792
2026-09-17T22:30:02Z,249,Golden Summoner Ring,0.00072898999,2437.25,1.7767
2026-09-17T23:00:03Z,134,Chobo Silver Ring,4.4e-05,2442.82,0.1075
2026-09-17T23:00:03Z,135,Crusader Silver Ring,6e-05,2442.82,0.1466
2026-09-17T23:00:03Z,136,Overseer Silver Ring,4.9829e-05,2442.82,0.1217
2026-09-17T23:00:03Z,137,Athena Silver Ring,6.4859e-05,2442.82,0.1584
2026-09-17T23:00:03Z,138,Archon Silver Ring,5.194e-05,2442.82,0.1269
2026-09-17T23:00:03Z,139,Foxglove Silver Ring,4.8e-05,2442.82,0.1173
2026-09-17T23:00:03Z,140,Summoner Silver Ring,5.5e-05,2442.82,0.1344
2026-09-17T23:00:03Z,243,Golden Archon Ring,0.00068859,2442.82,1.6821
2026-09-17T23:00:03Z,244,Golden Athena Ring,0.000726259,2442.82,1.7741
2026-09-17T23:00:03Z,245,Golden Chobo Ring,0.000699299,2442.82,1.7083
2026-09-17T23:00:03Z,246,Golden Crusader Ring,0.000697589,2442.82,1.7041
2026-09-17T23:00:03Z,247,Golden Foxglove Ring,0.000696289,2442.82,1.7009
2026-09-17T23:00:03Z,248,Golden Overseer Ring,0.00072999,2442.82,1.7832
2026-09-17T23:00:03Z,249,Golden Summoner Ring,0.00072898999,2442.82,1.7808
2026-09-17T23:30:02Z,134,Chobo Silver Ring,4.4e-05,2447.59,0.1077
2026-09-17T23:30:02Z,135,Crusader Silver Ring,6e-05,2447.59,0.1469
2026-09-17T23:30:02Z,136,Overseer Silver Ring,5.2999e-05,2447.59,0.1297
2026-09-17T23:30:02Z,137,Athena Silver Ring,6.4854e-05,2447.59,0.1587
2026-09-17T23:30:02Z,138,Archon Silver Ring,5.194e-05,2447.59,0.1271
2026-09-17T23:30:02Z,139,Foxglove Silver Ring,4.8e-05,2447.59,0.1175
2026-09-17T23:30:02Z,140,Summoner Silver Ring,5.4949e-05,2447.59,0.1345
2026-09-17T23:30:02Z,243,Golden Archon Ring,0.00068859,2447.59,1.6854
2026-09-17T23:30:02Z,244,Golden Athena Ring,0.000726259,2447.59,1.7776
2026-09-17T23:30:02Z,245,Golden Chobo Ring,0.000699299,2447.59,1.7116
2026-09-17T23:30:02Z,246,Golden Crusader Ring,0.000697589,2447.59,1.7074
2026-09-17T23:30:02Z,247,Golden Foxglove Ring,0.000696289,2447.59,1.7042
2026-09-17T23:30:02Z,248,Golden Overseer Ring,0.00072999,2447.59,1.7867
2026-09-17T23:30:02Z,249,Golden Summoner Ring,0.000728259,2447.59,1.7825
2026-09-18T00:00:03Z,134,Chobo Silver Ring,4.4e-05,2447.2,0.1077
2026-09-18T00:00:03Z,135,Crusader Silver Ring,6e-05,2447.2,0.1468
2026-09-18T00:00:03Z,136,Overseer Silver Ring,5e-05,2447.2,0.1224
2026-09-18T00:00:03Z,137,Athena Silver Ring,6.4854e-05,2447.2,0.1587
2026-09-18T00:00:03Z,138,Archon Silver Ring,5.19999999999e-05,2447.2,0.1273
2026-09-18T00:00:03Z,139,Foxglove Silver Ring,4.8e-05,2447.2,0.1175
2026-09-18T00:00:03Z,140,Summoner Silver Ring,5.4949e-05,2447.2,0.1345
2026-09-18T00:00:03Z,243,Golden Archon Ring,0.0006879,2447.2,1.6834
2026-09-18T00:00:03Z,244,Golden Athena Ring,0.000726259,2447.2,1.7773
2026-09-18T00:00:03Z,245,Golden Chobo Ring,0.0006986,2447.2,1.7096
2026-09-18T00:00:03Z,246,Golden Crusader Ring,0.00069689,2447.2,1.7054
2026-09-18T00:00:03Z,247,Golden Foxglove Ring,0.000696289,2447.2,1.704
2026-09-18T00:00:03Z,248,Golden Overseer Ring,0.00072926,2447.2,1.7846
2026-09-18T00:00:03Z,249,Golden Summoner Ring,0.000728259,2447.2,1.7822
2026-09-18T00:30:02Z,134,Chobo Silver Ring,4.4e-05,2438.9,0.1073
2026-09-18T00:30:02Z,135,Crusader Silver Ring,6e-05,2438.9,0.1463
2026-09-18T00:30:02Z,136,Overseer Silver Ring,5e-05,2438.9,0.1219
2026-09-18T00:30:02Z,137,Athena Silver Ring,6.4854e-05,2438.9,0.1582
2026-09-18T00:30:02Z,138,Archon Silver Ring,5.19999999999e-05,2438.9,0.1268
2026-09-18T00:30:02Z,139,Foxglove Silver Ring,4.8e-05,2438.9,0.1171
2026-09-18T00:30:02Z,140,Summoner Silver Ring,5.4949e-05,2438.9,0.134
2026-09-18T00:30:02Z,243,Golden Archon Ring,0.0006879,2438.9,1.6777
2026-09-18T00:30:02Z,244,Golden Athena Ring,0.000726259,2438.9,1.7713
2026-09-18T00:30:02Z,245,Golden Chobo Ring,0.0006986,2438.9,1.7038
2026-09-18T00:30:02Z,246,Golden Crusader Ring,0.00069689,2438.9,1.6996
2026-09-18T00:30:02Z,247,Golden Foxglove Ring,0.000696289,2438.9,1.6982
2026-09-18T00:30:02Z,248,Golden Overseer Ring,0.00072926,2438.9,1.7786
2026-09-18T00:30:02Z,249,Golden Summoner Ring,0.000728259,2438.9,1.7762
2026-09-18T01:00:03Z,134,Chobo Silver Ring,4.4e-05,2444.92,0.1076
2026-09-18T01:00:03Z,135,Crusader Silver Ring,6e-05,2444.92,0.1467
2026-09-18T01:00:03Z,136,Overseer Silver Ring,5e-05,2444.92,0.1222
2026-09-18T01:00:03Z,137,Athena Silver Ring,6.4854e-05,2444.92,0.1586
2026-09-18T01:00:03Z,138,Archon Silver Ring,5.19999999999e-05,2444.92,0.1271
2026-09-18T01:00:03Z,139,Foxglove Silver Ring,4.8e-05,2444.92,0.1174
2026-09-18T01:00:03Z,140,Summoner Silver Ring,5.4949e-05,2444.92,0.1343
2026-09-18T01:00:03Z,243,Golden Archon Ring,0.000687,2444.92,1.6797
2026-09-18T01:00:03Z,244,Golden Athena Ring,0.000726,2444.92,1.775
2026-09-18T01:00:03Z,245,Golden Chobo Ring,0.000698,2444.92,1.7066
2026-09-18T01:00:03Z,246,Golden Crusader Ring,0.000696,2444.92,1.7017
2026-09-18T01:00:03Z,247,Golden Foxglove Ring,0.000695,2444.92,1.6992
2026-09-18T01:00:03Z,248,Golden Overseer Ring,0.000728,2444.92,1.7799
2026-09-18T01:00:03Z,249,Golden Summoner Ring,0.000728259,2444.92,1.7805
2026-09-18T01:30:02Z,134,Chobo Silver Ring,4.4e-05,2447.98,0.1077
2026-09-18T01:30:02Z,135,Crusader Silver Ring,6.492e-05,2447.98,0.1589
2026-09-18T01:30:02Z,136,Overseer Silver Ring,5e-05,2447.98,0.1224
2026-09-18T01:30:02Z,137,Athena Silver Ring,6.4854e-05,2447.98,0.1588
2026-09-18T01:30:02Z,138,Archon Silver Ring,5.19999999999e-05,2447.98,0.1273
2026-09-18T01:30:02Z,139,Foxglove Silver Ring,4.8e-05,2447.98,0.1175
2026-09-18T01:30:02Z,140,Summoner Silver Ring,5.4949e-05,2447.98,0.1345
2026-09-18T01:30:02Z,243,Golden Archon Ring,0.000687,2447.98,1.6818
2026-09-18T01:30:02Z,244,Golden Athena Ring,0.000726,2447.98,1.7772
2026-09-18T01:30:02Z,245,Golden Chobo Ring,0.000698,2447.98,1.7087
2026-09-18T01:30:02Z,246,Golden Crusader Ring,0.000696,2447.98,1.7038
2026-09-18T01:30:02Z,247,Golden Foxglove Ring,0.000695,2447.98,1.7013
2026-09-18T01:30:02Z,248,Golden Overseer Ring,0.000728,2447.98,1.7821
2026-09-18T01:30:02Z,249,Golden Summoner Ring,0.000728259,2447.98,1.7828
2026-09-18T02:00:03Z,134,Chobo Silver Ring,5e-05,2456.72,0.1228
2026-09-18T02:00:03Z,135,Crusader Silver Ring,6.69998e-05,2456.72,0.1646
2026-09-18T02:00:03Z,136,Overseer Silver Ring,6.09999e-05,2456.72,0.1499
2026-09-18T02:00:03Z,137,Athena Silver Ring,6.4929e-05,2456.72,0.1595
2026-09-18T02:00:03Z,138,Archon Silver Ring,5.19999999999e-05,2456.72,0.1277
2026-09-18T02:00:03Z,139,Foxglove Silver Ring,5.879701e-05,2456.72,0.1444
2026-09-18T02:00:03Z,140,Summoner Silver Ring,5.4949e-05,2456.72,0.135
2026-09-18T02:00:03Z,243,Golden Archon Ring,0.0006869,2456.72,1.6875
2026-09-18T02:00:03Z,244,Golden Athena Ring,0.000726,2456.72,1.7836
2026-09-18T02:00:03Z,245,Golden Chobo Ring,0.000698,2456.72,1.7148
2026-09-18T02:00:03Z,246,Golden Crusader Ring,0.000696,2456.72,1.7099
2026-09-18T02:00:03Z,247,Golden Foxglove Ring,0.00069499,2456.72,1.7074
2026-09-18T02:00:03Z,248,Golden Overseer Ring,0.000728,2456.72,1.7885
2026-09-18T02:00:03Z,249,Golden Summoner Ring,0.000728259,2456.72,1.7891
2026-09-18T02:30:02Z,134,Chobo Silver Ring,5e-05,2461.26,0.1231
2026-09-18T02:30:02Z,135,Crusader Silver Ring,6.69998e-05,2461.26,0.1649
2026-09-18T02:30:02Z,136,Overseer Silver Ring,6.199e-05,2461.26,0.1526
2026-09-18T02:30:02Z,137,Athena Silver Ring,6.4929e-05,2461.26,0.1598
2026-09-18T02:30:02Z,138,Archon Silver Ring,5.29e-05,2461.26,0.1302
2026-09-18T02:30:02Z,139,Foxglove Silver Ring,5.879701e-05,2461.26,0.1447
2026-09-18T02:30:02Z,140,Summoner Silver Ring,5.4949e-05,2461.26,0.1352
2026-09-18T02:30:02Z,243,Golden Archon Ring,0.0006869,2461.26,1.6906
2026-09-18T02:30:02Z,244,Golden Athena Ring,0.000726,2461.26,1.7869
2026-09-18T02:30:02Z,245,Golden Chobo Ring,0.000698,2461.26,1.718
2026-09-18T02:30:02Z,246,Golden Crusader Ring,0.000696,2461.26,1.713
2026-09-18T02:30:02Z,247,Golden Foxglove Ring,0.000698,2461.26,1.718
2026-09-18T02:30:02Z,248,Golden Overseer Ring,0.000728,2461.26,1.7918
2026-09-18T02:30:02Z,249,Golden Summoner Ring,0.000728259,2461.26,1.7924
2026-09-18T03:00:02Z,134,Chobo Silver Ring,5.19999999994e-05,2461.06,0.128
2026-09-18T03:00:02Z,135,Crusader Silver Ring,6.89999e-05,2461.06,0.1698
2026-09-18T03:00:02Z,136,Overseer Silver Ring,6.19997e-05,2461.06,0.1526
2026-09-18T03:00:02Z,137,Athena Silver Ring,6.49999e-05,2461.06,0.16
2026-09-18T03:00:02Z,138,Archon Silver Ring,5.2999e-05,2461.06,0.1304
2026-09-18T03:00:02Z,139,Foxglove Silver Ring,5.8999799e-05,2461.06,0.1452
2026-09-18T03:00:02Z,140,Summoner Silver Ring,5.99999e-05,2461.06,0.1477
2026-09-18T03:00:02Z,243,Golden Archon Ring,0.000686,2461.06,1.6883
2026-09-18T03:00:02Z,244,Golden Athena Ring,0.000725,2461.06,1.7843
2026-09-18T03:00:02Z,245,Golden Chobo Ring,0.000698,2461.06,1.7178
2026-09-18T03:00:02Z,246,Golden Crusader Ring,0.000696,2461.06,1.7129
2026-09-18T03:00:02Z,247,Golden Foxglove Ring,0.000696,2461.06,1.7129
2026-09-18T03:00:02Z,248,Golden Overseer Ring,0.000727,2461.06,1.7892
2026-09-18T03:00:02Z,249,Golden Summoner Ring,0.000728,2461.06,1.7917
2026-09-18T03:30:02Z,134,Chobo Silver Ring,5.19999999994e-05,2467.73,0.1283
2026-09-18T03:30:02Z,135,Crusader Silver Ring,6.89999e-05,2467.73,0.1703
2026-09-18T03:30:02Z,136,Overseer Silver Ring,6.19997e-05,2467.73,0.153
2026-09-18T03:30:02Z,137,Athena Silver Ring,6.49999e-05,2467.73,0.1604
2026-09-18T03:30:02Z,138,Archon Silver Ring,5.2999e-05,2467.73,0.1308
2026-09-18T03:30:02Z,139,Foxglove Silver Ring,5.8999799e-05,2467.73,0.1456
2026-09-18T03:30:02Z,140,Summoner Silver Ring,5.99999e-05,2467.73,0.1481
2026-09-18T03:30:02Z,243,Golden Archon Ring,0.000686,2467.73,1.6929
2026-09-18T03:30:02Z,244,Golden Athena Ring,0.000725,2467.73,1.7891
2026-09-18T03:30:02Z,245,Golden Chobo Ring,0.000698,2467.73,1.7225
2026-09-18T03:30:02Z,246,Golden Crusader Ring,0.000696,2467.73,1.7175
2026-09-18T03:30:02Z,247,Golden Foxglove Ring,0.000696,2467.73,1.7175
2026-09-18T03:30:02Z,248,Golden Overseer Ring,0.000727,2467.73,1.794
2026-09-18T03:30:02Z,249,Golden Summoner Ring,0.000728,2467.73,1.7965
2026-09-18T04:00:03Z,134,Chobo Silver Ring,5.19999999994e-05,2479.68,0.1289
2026-09-18T04:00:03Z,135,Crusader Silver Ring,6.89999e-05,2479.68,0.1711
2026-09-18T04:00:03Z,136,Overseer Silver Ring,6.19997e-05,2479.68,0.1537
2026-09-18T04:00:03Z,137,Athena Silver Ring,6.49999e-05,2479.68,0.1612
2026-09-18T04:00:03Z,138,Archon Silver Ring,5.2999e-05,2479.68,0.1314
2026-09-18T04:00:03Z,139,Foxglove Silver Ring,6e-05,2479.68,0.1488
2026-09-18T04:00:03Z,140,Summoner Silver Ring,5.99999e-05,2479.68,0.1488
2026-09-18T04:00:03Z,243,Golden Archon Ring,0.000686,2479.68,1.7011
2026-09-18T04:00:03Z,244,Golden Athena Ring,0.000725,2479.68,1.7978
2026-09-18T04:00:03Z,245,Golden Chobo Ring,0.000698,2479.68,1.7308
2026-09-18T04:00:03Z,246,Golden Crusader Ring,0.000696,2479.68,1.7259
2026-09-18T04:00:03Z,247,Golden Foxglove Ring,0.000696,2479.68,1.7259
2026-09-18T04:00:03Z,248,Golden Overseer Ring,0.000727,2479.68,1.8027
2026-09-18T04:00:03Z,249,Golden Summoner Ring,0.000728,2479.68,1.8052
2026-09-18T04:30:02Z,134,Chobo Silver Ring,5.19999999994e-05,2472.28,0.1286
2026-09-18T04:30:02Z,135,Crusader Silver Ring,6.89999e-05,2472.28,0.1706
2026-09-18T04:30:02Z,136,Overseer Silver Ring,6.19997e-05,2472.28,0.1533
2026-09-18T04:30:02Z,137,Athena Silver Ring,6.49999e-05,2472.28,0.1607
2026-09-18T04:30:02Z,138,Archon Silver Ring,5.2999e-05,2472.28,0.131
2026-09-18T04:30:02Z,139,Foxglove Silver Ring,6e-05,2472.28,0.1483
2026-09-18T04:30:02Z,140,Summoner Silver Ring,5.99999e-05,2472.28,0.1483
2026-09-18T04:30:02Z,243,Golden Archon Ring,0.000686,2472.28,1.696
2026-09-18T04:30:02Z,244,Golden Athena Ring,0.000725,2472.28,1.7924
2026-09-18T04:30:02Z,245,Golden Chobo Ring,0.000698,2472.28,1.7257
2026-09-18T04:30:02Z,246,Golden Crusader Ring,0.000696,2472.28,1.7207
2026-09-18T04:30:02Z,247,Golden Foxglove Ring,0.000696,2472.28,1.7207
2026-09-18T04:30:02Z,248,Golden Overseer Ring,0.000727,2472.28,1.7973
2026-09-18T04:30:02Z,249,Golden Summoner Ring,0.000728,2472.28,1.7998
2026-09-18T05:00:02Z,134,Chobo Silver Ring,5.19999999994e-05,2480.05,0.129
2026-09-18T05:00:02Z,135,Crusader Silver Ring,6.89999e-05,2480.05,0.1711
2026-09-18T05:00:02Z,136,Overseer Silver Ring,6.19997e-05,2480.05,0.1538
2026-09-18T05:00:02Z,137,Athena Silver Ring,6.49999e-05,2480.05,0.1612
2026-09-18T05:00:02Z,138,Archon Silver Ring,5.2999e-05,2480.05,0.1314
2026-09-18T05:00:02Z,139,Foxglove Silver Ring,6e-05,2480.05,0.1488
2026-09-18T05:00:02Z,140,Summoner Silver Ring,5.99999e-05,2480.05,0.1488
2026-09-18T05:00:02Z,243,Golden Archon Ring,0.000686,2480.05,1.7013
2026-09-18T05:00:02Z,244,Golden Athena Ring,0.000725,2480.05,1.798
2026-09-18T05:00:02Z,245,Golden Chobo Ring,0.00072,2480.05,1.7856
2026-09-18T05:00:02Z,246,Golden Crusader Ring,0.000696,2480.05,1.7261
2026-09-18T05:00:02Z,247,Golden Foxglove Ring,0.000696,2480.05,1.7261
2026-09-18T05:00:02Z,248,Golden Overseer Ring,0.000727,2480.05,1.803
2026-09-18T05:00:02Z,249,Golden Summoner Ring,0.000728,2480.05,1.8055
2026-09-18T05:30:02Z,134,Chobo Silver Ring,5.19999999997e-05,2481.46,0.129
2026-09-18T05:30:02Z,135,Crusader Silver Ring,6.89999e-05,2481.46,0.1712
2026-09-18T05:30:02Z,136,Overseer Silver Ring,6.19997e-05,2481.46,0.1538
2026-09-18T05:30:02Z,137,Athena Silver Ring,6.49999e-05,2481.46,0.1613
2026-09-18T05:30:02Z,138,Archon Silver Ring,6.89998e-05,2481.46,0.1712
2026-09-18T05:30:02Z,139,Foxglove Silver Ring,6.19999e-05,2481.46,0.1539
2026-09-18T05:30:02Z,140,Summoner Silver Ring,5.99999e-05,2481.46,0.1489
2026-09-18T05:30:02Z,243,Golden Archon Ring,0.000686,2481.46,1.7023
2026-09-18T05:30:02Z,244,Golden Athena Ring,0.000725,2481.46,1.7991
2026-09-18T05:30:02Z,245,Golden Chobo Ring,0.00072,2481.46,1.7867
2026-09-18T05:30:02Z,246,Golden Crusader Ring,0.000696,2481.46,1.7271
2026-09-18T05:30:02Z,247,Golden Foxglove Ring,0.000696,2481.46,1.7271
2026-09-18T05:30:02Z,248,Golden Overseer Ring,0.000727,2481.46,1.804
2026-09-18T05:30:02Z,249,Golden Summoner Ring,0.000728,2481.46,1.8065
2026-09-18T06:00:02Z,134,Chobo Silver Ring,5.19999999998e-05,2478.68,0.1289
2026-09-18T06:00:02Z,135,Crusader Silver Ring,6.7e-05,2478.68,0.1661
2026-09-18T06:00:02Z,136,Overseer Silver Ring,6.17e-05,2478.68,0.1529
2026-09-18T06:00:02Z,137,Athena Silver Ring,6.49999e-05,2478.68,0.1611
2026-09-18T06:00:02Z,138,Archon Silver Ring,6.89998e-05,2478.68,0.171
2026-09-18T06:00:02Z,139,Foxglove Silver Ring,6.19999e-05,2478.68,0.1537
2026-09-18T06:00:02Z,140,Summoner Silver Ring,5.8e-05,2478.68,0.1438
2026-09-18T06:00:02Z,243,Golden Archon Ring,0.000686,2478.68,1.7004
2026-09-18T06:00:02Z,244,Golden Athena Ring,0.000725,2478.68,1.797
2026-09-18T06:00:02Z,245,Golden Chobo Ring,0.00072,2478.68,1.7846
2026-09-18T06:00:02Z,246,Golden Crusader Ring,0.000696,2478.68,1.7252
2026-09-18T06:00:02Z,247,Golden Foxglove Ring,0.000696,2478.68,1.7252
2026-09-18T06:00:02Z,248,Golden Overseer Ring,0.000727,2478.68,1.802
2026-09-18T06:00:02Z,249,Golden Summoner Ring,0.000728,2478.68,1.8045
2026-09-18T06:30:02Z,134,Chobo Silver Ring,5.18e-05,2483.41,0.1286
2026-09-18T06:30:02Z,135,Crusader Silver Ring,6.7e-05,2483.41,0.1664
2026-09-18T06:30:02Z,136,Overseer Silver Ring,6.17e-05,2483.41,0.1532
2026-09-18T06:30:02Z,137,Athena Silver Ring,6.49999e-05,2483.41,0.1614
2026-09-18T06:30:02Z,138,Archon Silver Ring,6.7e-05,2483.41,0.1664
2026-09-18T06:30:02Z,139,Foxglove Silver Ring,6.18e-05,2483.41,0.1535
2026-09-18T06:30:02Z,140,Summoner Silver Ring,5.8e-05,2483.41,0.144
2026-09-18T06:30:02Z,243,Golden Archon Ring,0.000686,2483.41,1.7036
2026-09-18T06:30:02Z,244,Golden Athena Ring,0.000725,2483.41,1.8005
2026-09-18T06:30:02Z,245,Golden Chobo Ring,0.00072,2483.41,1.7881
2026-09-18T06:30:02Z,246,Golden Crusader Ring,0.000696,2483.41,1.7285
2026-09-18T06:30:02Z,247,Golden Foxglove Ring,0.000696,2483.41,1.7285
2026-09-18T06:30:02Z,248,Golden Overseer Ring,0.000727,2483.41,1.8054
2026-09-18T06:30:02Z,249,Golden Summoner Ring,0.000728,2483.41,1.8079
2026-09-18T07:00:02Z,134,Chobo Silver Ring,5.18e-05,2483.93,0.1287
2026-09-18T07:00:02Z,135,Crusader Silver Ring,6.7e-05,2483.93,0.1664
2026-09-18T07:00:02Z,136,Overseer Silver Ring,6.17e-05,2483.93,0.1533
2026-09-18T07:00:02Z,137,Athena Silver Ring,6.49999e-05,2483.93,0.1615
2026-09-18T07:00:02Z,138,Archon Silver Ring,6.89998e-05,2483.93,0.1714
2026-09-18T07:00:02Z,139,Foxglove Silver Ring,6.18e-05,2483.93,0.1535
2026-09-18T07:00:02Z,140,Summoner Silver Ring,5.8e-05,2483.93,0.1441
2026-09-18T07:00:02Z,243,Golden Archon Ring,0.0006999,2483.93,1.7385
2026-09-18T07:00:02Z,244,Golden Athena Ring,0.000725,2483.93,1.8008
2026-09-18T07:00:02Z,245,Golden Chobo Ring,0.00072,2483.93,1.7884
2026-09-18T07:00:02Z,246,Golden Crusader Ring,0.000696,2483.93,1.7288
2026-09-18T07:00:02Z,247,Golden Foxglove Ring,0.000696,2483.93,1.7288
2026-09-18T07:00:02Z,248,Golden Overseer Ring,0.000727,2483.93,1.8058
2026-09-18T07:00:02Z,249,Golden Summoner Ring,0.000728,2483.93,1.8083
2026-09-18T07:30:02Z,134,Chobo Silver Ring,5.179e-05,2495.76,0.1293
2026-09-18T07:30:02Z,135,Crusader Silver Ring,6.699e-05,2495.76,0.1672
2026-09-18T07:30:02Z,136,Overseer Silver Ring,6.1699e-05,2495.76,0.154
2026-09-18T07:30:02Z,137,Athena Silver Ring,6.49999e-05,2495.76,0.1622
2026-09-18T07:30:02Z,138,Archon Silver Ring,6.89998e-05,2495.76,0.1722
2026-09-18T07:30:02Z,139,Foxglove Silver Ring,6.18e-05,2495.76,0.1542
2026-09-18T07:30:02Z,140,Summoner Silver Ring,5.799e-05,2495.76,0.1447
2026-09-18T07:30:02Z,243,Golden Archon Ring,0.0006999,2495.76,1.7468
2026-09-18T07:30:02Z,244,Golden Athena Ring,0.000725,2495.76,1.8094
2026-09-18T07:30:02Z,245,Golden Chobo Ring,0.00072,2495.76,1.7969
2026-09-18T07:30:02Z,246,Golden Crusader Ring,0.000696,2495.76,1.737
2026-09-18T07:30:02Z,247,Golden Foxglove Ring,0.000696,2495.76,1.737
2026-09-18T07:30:02Z,248,Golden Overseer Ring,0.000727,2495.76,1.8144
2026-09-18T07:30:02Z,249,Golden Summoner Ring,0.000728,2495.76,1.8169
2026-09-18T08:00:02Z,134,Chobo Silver Ring,5.179e-05,2486.22,0.1288
2026-09-18T08:00:02Z,135,Crusader Silver Ring,6.699e-05,2486.22,0.1666
2026-09-18T08:00:02Z,136,Overseer Silver Ring,6.1699e-05,2486.22,0.1534
2026-09-18T08:00:02Z,137,Athena Silver Ring,6.49999e-05,2486.22,0.1616
2026-09-18T08:00:02Z,138,Archon Silver Ring,6.89998e-05,2486.22,0.1715
2026-09-18T08:00:02Z,139,Foxglove Silver Ring,6.18e-05,2486.22,0.1536
2026-09-18T08:00:02Z,140,Summoner Silver Ring,5.799e-05,2486.22,0.1442
2026-09-18T08:00:02Z,243,Golden Archon Ring,0.0006999,2486.22,1.7401
2026-09-18T08:00:02Z,244,Golden Athena Ring,0.000725,2486.22,1.8025
2026-09-18T08:00:02Z,245,Golden Chobo Ring,0.00072,2486.22,1.7901
2026-09-18T08:00:02Z,246,Golden Crusader Ring,0.000696,2486.22,1.7304
2026-09-18T08:00:02Z,247,Golden Foxglove Ring,0.000696,2486.22,1.7304
2026-09-18T08:00:02Z,248,Golden Overseer Ring,0.000727,2486.22,1.8075
2026-09-18T08:00:02Z,249,Golden Summoner Ring,0.000728,2486.22,1.81
2026-09-18T08:30:02Z,134,Chobo Silver Ring,5.179e-05,2503.62,0.1297
2026-09-18T08:30:02Z,135,Crusader Silver Ring,6.699e-05,2503.62,0.1677
2026-09-18T08:30:02Z,136,Overseer Silver Ring,6.1699e-05,2503.62,0.1545
2026-09-18T08:30:02Z,137,Athena Silver Ring,6.49999e-05,2503.62,0.1627
2026-09-18T08:30:02Z,138,Archon Silver Ring,6.89998e-05,2503.62,0.1727
2026-09-18T08:30:02Z,139,Foxglove Silver Ring,6.18e-05,2503.62,0.1547
2026-09-18T08:30:02Z,140,Summoner Silver Ring,5.799e-05,2503.62,0.1452
2026-09-18T08:30:02Z,243,Golden Archon Ring,0.0006999,2503.62,1.7523
2026-09-18T08:30:02Z,244,Golden Athena Ring,0.000725,2503.62,1.8151
2026-09-18T08:30:02Z,245,Golden Chobo Ring,0.00072,2503.62,1.8026
2026-09-18T08:30:02Z,246,Golden Crusader Ring,0.000696,2503.62,1.7425
2026-09-18T08:30:02Z,247,Golden Foxglove Ring,0.000696,2503.62,1.7425
2026-09-18T08:30:02Z,248,Golden Overseer Ring,0.000727,2503.62,1.8201
2026-09-18T08:30:02Z,249,Golden Summoner Ring,0.000728,2503.62,1.8226
2026-09-18T09:00:02Z,134,Chobo Silver Ring,5.179e-05,2501.58,0.1296
2026-09-18T09:00:02Z,135,Crusader Silver Ring,6.7e-05,2501.58,0.1676
2026-09-18T09:00:02Z,136,Overseer Silver Ring,6.1699e-05,2501.58,0.1543
2026-09-18T09:00:02Z,137,Athena Silver Ring,6.49999e-05,2501.58,0.1626
2026-09-18T09:00:02Z,138,Archon Silver Ring,6.89998e-05,2501.58,0.1726
2026-09-18T09:00:02Z,139,Foxglove Silver Ring,6.18e-05,2501.58,0.1546
2026-09-18T09:00:02Z,140,Summoner Silver Ring,5.799e-05,2501.58,0.1451
2026-09-18T09:00:02Z,243,Golden Archon Ring,0.0006999,2501.58,1.7509
2026-09-18T09:00:02Z,244,Golden Athena Ring,0.000725,2501.58,1.8136
2026-09-18T09:00:02Z,245,Golden Chobo Ring,0.00072,2501.58,1.8011
2026-09-18T09:00:02Z,246,Golden Crusader Ring,0.000696,2501.58,1.7411
2026-09-18T09:00:02Z,247,Golden Foxglove Ring,0.000696,2501.58,1.7411
2026-09-18T09:00:02Z,248,Golden Overseer Ring,0.000727,2501.58,1.8186
2026-09-18T09:00:02Z,249,Golden Summoner Ring,0.000728,2501.58,1.8212
2026-09-18T09:30:02Z,134,Chobo Silver Ring,5.179e-05,2506.07,0.1298
2026-09-18T09:30:02Z,135,Crusader Silver Ring,6e-05,2506.07,0.1504
2026-09-18T09:30:02Z,136,Overseer Silver Ring,6e-05,2506.07,0.1504
2026-09-18T09:30:02Z,137,Athena Silver Ring,6e-05,2506.07,0.1504
2026-09-18T09:30:02Z,138,Archon Silver Ring,6e-05,2506.07,0.1504
2026-09-18T09:30:02Z,139,Foxglove Silver Ring,5.5e-05,2506.07,0.1378
2026-09-18T09:30:02Z,140,Summoner Silver Ring,5.799e-05,2506.07,0.1453
2026-09-18T09:30:02Z,243,Golden Archon Ring,0.0006999,2506.07,1.754
2026-09-18T09:30:02Z,244,Golden Athena Ring,0.000725,2506.07,1.8169
2026-09-18T09:30:02Z,245,Golden Chobo Ring,0.00072,2506.07,1.8044
2026-09-18T09:30:02Z,246,Golden Crusader Ring,0.000696,2506.07,1.7442
2026-09-18T09:30:02Z,247,Golden Foxglove Ring,0.000696,2506.07,1.7442
2026-09-18T09:30:02Z,248,Golden Overseer Ring,0.000727,2506.07,1.8219
2026-09-18T09:30:02Z,249,Golden Summoner Ring,0.000728,2506.07,1.8244
2026-09-18T10:00:02Z,134,Chobo Silver Ring,5.179e-05,2505.4,0.1298
2026-09-18T10:00:02Z,135,Crusader Silver Ring,6e-05,2505.4,0.1503
2026-09-18T10:00:02Z,136,Overseer Silver Ring,6.17e-05,2505.4,0.1546
2026-09-18T10:00:02Z,137,Athena Silver Ring,6e-05,2505.4,0.1503
2026-09-18T10:00:02Z,138,Archon Silver Ring,6e-05,2505.4,0.1503
2026-09-18T10:00:02Z,139,Foxglove Silver Ring,5.5e-05,2505.4,0.1378
2026-09-18T10:00:02Z,140,Summoner Silver Ring,5.799e-05,2505.4,0.1453
2026-09-18T10:00:02Z,243,Golden Archon Ring,0.0006999,2505.4,1.7535
2026-09-18T10:00:02Z,244,Golden Athena Ring,0.000725,2505.4,1.8164
2026-09-18T10:00:02Z,245,Golden Chobo Ring,0.00072,2505.4,1.8039
2026-09-18T10:00:02Z,246,Golden Crusader Ring,0.000696,2505.4,1.7438
2026-09-18T10:00:02Z,247,Golden Foxglove Ring,0.000696,2505.4,1.7438
2026-09-18T10:00:02Z,248,Golden Overseer Ring,0.000727,2505.4,1.8214
2026-09-18T10:00:02Z,249,Golden Summoner Ring,0.000728,2505.4,1.8239
2026-09-18T10:30:02Z,134,Chobo Silver Ring,5.8999e-05,2510.3,0.1481
2026-09-18T10:30:02Z,135,Crusader Silver Ring,7.59999e-05,2510.3,0.1908
2026-09-18T10:30:02Z,136,Overseer Silver Ring,6.19997e-05,2510.3,0.1556
2026-09-18T10:30:02Z,137,Athena Silver Ring,6.897e-05,2510.3,0.1731
2026-09-18T10:30:02Z,138,Archon Silver Ring,6.899990101e-05,2510.3,0.1732
2026-09-18T10:30:02Z,139,Foxglove Silver Ring,7.99699e-05,2510.3,0.2007
2026-09-18T10:30:02Z,140,Summoner Silver Ring,5.8e-05,2510.3,0.1456
2026-09-18T10:30:02Z,243,Golden Archon Ring,0.00069989,2510.3,1.7569
2026-09-18T10:30:02Z,244,Golden Athena Ring,0.000725,2510.3,1.82
2026-09-18T10:30:02Z,245,Golden Chobo Ring,0.00072,2510.3,1.8074
2026-09-18T10:30:02Z,246,Golden Crusader Ring,0.000696,2510.3,1.7472
2026-09-18T10:30:02Z,247,Golden Foxglove Ring,0.000696,2510.3,1.7472
2026-09-18T10:30:02Z,248,Golden Overseer Ring,0.000727,2510.3,1.825
2026-09-18T10:30:02Z,249,Golden Summoner Ring,0.000728,2510.3,1.8275
2026-09-18T11:00:03Z,134,Chobo Silver Ring,5.8999e-05,2511.46,0.1482
2026-09-18T11:00:03Z,135,Crusader Silver Ring,7.2e-05,2511.46,0.1808
2026-09-18T11:00:03Z,136,Overseer Silver Ring,6.19997e-05,2511.46,0.1557
2026-09-18T11:00:03Z,137,Athena Silver Ring,6.897e-05,2511.46,0.1732
2026-09-18T11:00:03Z,138,Archon Silver Ring,6.899990101e-05,2511.46,0.1733
2026-09-18T11:00:03Z,139,Foxglove Silver Ring,7.99699e-05,2511.46,0.2008
2026-09-18T11:00:03Z,140,Summoner Silver Ring,5.8e-05,2511.46,0.1457
2026-09-18T11:00:03Z,243,Golden Archon Ring,0.00069989,2511.46,1.7577
2026-09-18T11:00:03Z,244,Golden Athena Ring,0.000725,2511.46,1.8208
2026-09-18T11:00:03Z,245,Golden Chobo Ring,0.00072,2511.46,1.8083
2026-09-18T11:00:03Z,246,Golden Crusader Ring,0.000696,2511.46,1.748
2026-09-18T11:00:03Z,247,Golden Foxglove Ring,0.000696,2511.46,1.748
2026-09-18T11:00:03Z,248,Golden Overseer Ring,0.000727,2511.46,1.8258
2026-09-18T11:00:03Z,249,Golden Summoner Ring,0.000728,2511.46,1.8283
2026-09-18T11:30:02Z,134,Chobo Silver Ring,5.8999e-05,2501.9,0.1476
2026-09-18T11:30:02Z,135,Crusader Silver Ring,7.2e-05,2501.9,0.1801
2026-09-18T11:30:02Z,136,Overseer Silver Ring,6.19997e-05,2501.9,0.1551
2026-09-18T11:30:02Z,137,Athena Silver Ring,6.897e-05,2501.9,0.1726
2026-09-18T11:30:02Z,138,Archon Silver Ring,6.899990101e-05,2501.9,0.1726
2026-09-18T11:30:02Z,139,Foxglove Silver Ring,7.99699e-05,2501.9,0.2001
2026-09-18T11:30:02Z,140,Summoner Silver Ring,5.8e-05,2501.9,0.1451
2026-09-18T11:30:02Z,243,Golden Archon Ring,0.00069989,2501.9,1.7511
2026-09-18T11:30:02Z,244,Golden Athena Ring,0.00072499,2501.9,1.8139
2026-09-18T11:30:02Z,245,Golden Chobo Ring,0.0007198,2501.9,1.8009
2026-09-18T11:30:02Z,246,Golden Crusader Ring,0.000696,2501.9,1.7413
2026-09-18T11:30:02Z,247,Golden Foxglove Ring,0.000696,2501.9,1.7413
2026-09-18T11:30:02Z,248,Golden Overseer Ring,0.000727,2501.9,1.8189
2026-09-18T11:30:02Z,249,Golden Summoner Ring,0.000728,2501.9,1.8214
2026-09-18T12:00:02Z,134,Chobo Silver Ring,5.8999e-05,2505.46,0.1478
2026-09-18T12:00:02Z,135,Crusader Silver Ring,7.2e-05,2505.46,0.1804
2026-09-18T12:00:02Z,136,Overseer Silver Ring,6.19997e-05,2505.46,0.1553
2026-09-18T12:00:02Z,137,Athena Silver Ring,6.897e-05,2505.46,0.1728
2026-09-18T12:00:02Z,138,Archon Silver Ring,6.899990101e-05,2505.46,0.1729
2026-09-18T12:00:02Z,139,Foxglove Silver Ring,7.99699e-05,2505.46,0.2004
2026-09-18T12:00:02Z,140,Summoner Silver Ring,5.8e-05,2505.46,0.1453
2026-09-18T12:00:02Z,243,Golden Archon Ring,0.00069989,2505.46,1.7535
2026-09-18T12:00:02Z,244,Golden Athena Ring,0.0007249899,2505.46,1.8164
2026-09-18T12:00:02Z,245,Golden Chobo Ring,0.0007198,2505.46,1.8034
2026-09-18T12:00:02Z,246,Golden Crusader Ring,0.000696,2505.46,1.7438
2026-09-18T12:00:02Z,247,Golden Foxglove Ring,0.000696,2505.46,1.7438
2026-09-18T12:00:02Z,248,Golden Overseer Ring,0.000727,2505.46,1.8215
2026-09-18T12:00:02Z,249,Golden Summoner Ring,0.0007279899,2505.46,1.8239
2026-09-18T12:30:02Z,134,Chobo Silver Ring,5.8999e-05,2504.36,0.1478
2026-09-18T12:30:02Z,135,Crusader Silver Ring,7.2e-05,2504.36,0.1803
2026-09-18T12:30:02Z,136,Overseer Silver Ring,6.19999e-05,2504.36,0.1553
2026-09-18T12:30:02Z,137,Athena Silver Ring,6.897e-05,2504.36,0.1727
2026-09-18T12:30:02Z,138,Archon Silver Ring,6.899990101e-05,2504.36,0.1728
2026-09-18T12:30:02Z,139,Foxglove Silver Ring,7.99699e-05,2504.36,0.2003
2026-09-18T12:30:02Z,140,Summoner Silver Ring,5.7999999999e-05,2504.36,0.1453
2026-09-18T12:30:02Z,243,Golden Archon Ring,0.00069989,2504.36,1.7528
2026-09-18T12:30:02Z,244,Golden Athena Ring,0.0007249899,2504.36,1.8156
2026-09-18T12:30:02Z,245,Golden Chobo Ring,0.0007198,2504.36,1.8026
2026-09-18T12:30:02Z,246,Golden Crusader Ring,0.000696,2504.36,1.743
2026-09-18T12:30:02Z,247,Golden Foxglove Ring,0.000696,2504.36,1.743
2026-09-18T12:30:02Z,248,Golden Overseer Ring,0.000727,2504.36,1.8207
2026-09-18T12:30:02Z,249,Golden Summoner Ring,0.0007279899,2504.36,1.8231
2026-09-18T13:00:02Z,134,Chobo Silver Ring,5.8999e-05,2502.85,0.1477
2026-09-18T13:00:02Z,135,Crusader Silver Ring,7.2e-05,2502.85,0.1802
2026-09-18T13:00:02Z,136,Overseer Silver Ring,6.19999e-05,2502.85,0.1552
2026-09-18T13:00:02Z,137,Athena Silver Ring,6.897e-05,2502.85,0.1726
2026-09-18T13:00:02Z,138,Archon Silver Ring,6.899990101e-05,2502.85,0.1727
2026-09-18T13:00:02Z,139,Foxglove Silver Ring,7.99699e-05,2502.85,0.2002
2026-09-18T13:00:02Z,140,Summoner Silver Ring,5.7999999999e-05,2502.85,0.1452
2026-09-18T13:00:02Z,243,Golden Archon Ring,0.0006998899,2502.85,1.7517
2026-09-18T13:00:02Z,244,Golden Athena Ring,0.0007249899,2502.85,1.8145
2026-09-18T13:00:02Z,245,Golden Chobo Ring,0.0007198,2502.85,1.8016
2026-09-18T13:00:02Z,246,Golden Crusader Ring,0.000696,2502.85,1.742
2026-09-18T13:00:02Z,247,Golden Foxglove Ring,0.000696,2502.85,1.742
2026-09-18T13:00:02Z,248,Golden Overseer Ring,0.000727,2502.85,1.8196
2026-09-18T13:00:02Z,249,Golden Summoner Ring,0.0007279899,2502.85,1.822
2026-09-18T13:30:02Z,134,Chobo Silver Ring,5.8939e-05,2500.54,0.1474
2026-09-18T13:30:02Z,135,Crusader Silver Ring,7.199999999e-05,2500.54,0.18
2026-09-18T13:30:02Z,136,Overseer Silver Ring,6.19999e-05,2500.54,0.155
2026-09-18T13:30:02Z,137,Athena Silver Ring,6.4889e-05,2500.54,0.1623
2026-09-18T13:30:02Z,138,Archon Silver Ring,6.8929e-05,2500.54,0.1724
2026-09-18T13:30:02Z,139,Foxglove Silver Ring,7.99699e-05,2500.54,0.2
2026-09-18T13:30:02Z,140,Summoner Silver Ring,5.8e-05,2500.54,0.145
2026-09-18T13:30:02Z,243,Golden Archon Ring,0.0006998899,2500.54,1.7501
2026-09-18T13:30:02Z,244,Golden Athena Ring,0.0007249899,2500.54,1.8129
2026-09-18T13:30:02Z,245,Golden Chobo Ring,0.0007198,2500.54,1.7999
2026-09-18T13:30:02Z,246,Golden Crusader Ring,0.000696,2500.54,1.7404
2026-09-18T13:30:02Z,247,Golden Foxglove Ring,0.000696,2500.54,1.7404
2026-09-18T13:30:02Z,248,Golden Overseer Ring,0.00072699,2500.54,1.8179
2026-09-18T13:30:02Z,249,Golden Summoner Ring,0.0007279899,2500.54,1.8204
2026-09-18T14:00:02Z,134,Chobo Silver Ring,5.892e-05,2549.1,0.1502
2026-09-18T14:00:02Z,135,Crusader Silver Ring,7.18e-05,2549.1,0.183
2026-09-18T14:00:02Z,136,Overseer Silver Ring,6.19999e-05,2549.1,0.158
2026-09-18T14:00:02Z,137,Athena Silver Ring,6.487e-05,2549.1,0.1654
2026-09-18T14:00:02Z,138,Archon Silver Ring,6.891e-05,2549.1,0.1757
2026-09-18T14:00:02Z,139,Foxglove Silver Ring,7.9969899e-05,2549.1,0.2039
2026-09-18T14:00:02Z,140,Summoner Silver Ring,5.7e-05,2549.1,0.1453
2026-09-18T14:00:02Z,243,Golden Archon Ring,0.0006998899,2549.1,1.7841
2026-09-18T14:00:02Z,244,Golden Athena Ring,0.0007249899,2549.1,1.8481
2026-09-18T14:00:02Z,245,Golden Chobo Ring,0.0007198,2549.1,1.8348
2026-09-18T14:00:02Z,246,Golden Crusader Ring,0.000696,2549.1,1.7742
2026-09-18T14:00:02Z,247,Golden Foxglove Ring,0.000696,2549.1,1.7742
2026-09-18T14:00:02Z,248,Golden Overseer Ring,0.00072699,2549.1,1.8532
2026-09-18T14:00:02Z,249,Golden Summoner Ring,0.0007279899,2549.1,1.8557
2026-09-18T14:30:02Z,134,Chobo Silver Ring,5.892e-05,2579.96,0.152
2026-09-18T14:30:02Z,135,Crusader Silver Ring,7.179999e-05,2579.96,0.1852
2026-09-18T14:30:02Z,136,Overseer Silver Ring,6e-05,2579.96,0.1548
2026-09-18T14:30:02Z,137,Athena Silver Ring,6.487e-05,2579.96,0.1674
2026-09-18T14:30:02Z,138,Archon Silver Ring,6.891e-05,2579.96,0.1778
2026-09-18T14:30:02Z,139,Foxglove Silver Ring,7.8e-05,2579.96,0.2012
2026-09-18T14:30:02Z,140,Summoner Silver Ring,5.7e-05,2579.96,0.1471
2026-09-18T14:30:02Z,243,Golden Archon Ring,0.0006998899,2579.96,1.8057
2026-09-18T14:30:02Z,244,Golden Athena Ring,0.0007249899,2579.96,1.8704
2026-09-18T14:30:02Z,245,Golden Chobo Ring,0.0007198,2579.96,1.8571
2026-09-18T14:30:02Z,246,Golden Crusader Ring,0.000696,2579.96,1.7957
2026-09-18T14:30:02Z,247,Golden Foxglove Ring,0.000696,2579.96,1.7957
2026-09-18T14:30:02Z,248,Golden Overseer Ring,0.00072699,2579.96,1.8756
2026-09-18T14:30:02Z,249,Golden Summoner Ring,0.0007279899,2579.96,1.8782
2026-09-18T15:00:02Z,134,Chobo Silver Ring,5.892e-05,2581.96,0.1521
2026-09-18T15:00:02Z,135,Crusader Silver Ring,7.999e-05,2581.96,0.2065
2026-09-18T15:00:02Z,136,Overseer Silver Ring,6e-05,2581.96,0.1549
2026-09-18T15:00:02Z,137,Athena Silver Ring,6.487e-05,2581.96,0.1675
2026-09-18T15:00:02Z,138,Archon Silver Ring,6.891e-05,2581.96,0.1779
2026-09-18T15:00:02Z,139,Foxglove Silver Ring,7.8e-05,2581.96,0.2014
2026-09-18T15:00:02Z,140,Summoner Silver Ring,5.7e-05,2581.96,0.1472
2026-09-18T15:00:02Z,243,Golden Archon Ring,0.0006998899,2581.96,1.8071
2026-09-18T15:00:02Z,244,Golden Athena Ring,0.0007249899,2581.96,1.8719
2026-09-18T15:00:02Z,245,Golden Chobo Ring,0.0007198,2581.96,1.8585
2026-09-18T15:00:02Z,246,Golden Crusader Ring,0.000696,2581.96,1.797
2026-09-18T15:00:02Z,247,Golden Foxglove Ring,0.000696,2581.96,1.797
2026-09-18T15:00:02Z,248,Golden Overseer Ring,0.00072699,2581.96,1.8771
2026-09-18T15:00:02Z,249,Golden Summoner Ring,0.0007279899,2581.96,1.8796
2026-09-18T15:30:02Z,134,Chobo Silver Ring,5.89199e-05,2587.52,0.1525
2026-09-18T15:30:02Z,135,Crusader Silver Ring,7.999e-05,2587.52,0.207
2026-09-18T15:30:02Z,136,Overseer Silver Ring,5.99999e-05,2587.52,0.1553
2026-09-18T15:30:02Z,137,Athena Silver Ring,6.486999e-05,2587.52,0.1679
2026-09-18T15:30:02Z,138,Archon Silver Ring,6.891e-05,2587.52,0.1783
2026-09-18T15:30:02Z,139,Foxglove Silver Ring,7.79999e-05,2587.52,0.2018
2026-09-18T15:30:02Z,140,Summoner Silver Ring,5.69999e-05,2587.52,0.1475
2026-09-18T15:30:02Z,243,Golden Archon Ring,0.0006998899,2587.52,1.811
2026-09-18T15:30:02Z,244,Golden Athena Ring,0.0007249899,2587.52,1.8759
2026-09-18T15:30:02Z,245,Golden Chobo Ring,0.0007198,2587.52,1.8625
2026-09-18T15:30:02Z,246,Golden Crusader Ring,0.000696,2587.52,1.8009
2026-09-18T15:30:02Z,247,Golden Foxglove Ring,0.000696,2587.52,1.8009
2026-09-18T15:30:02Z,248,Golden Overseer Ring,0.00072699,2587.52,1.8811
2026-09-18T15:30:02Z,249,Golden Summoner Ring,0.0007279899,2587.52,1.8837
2026-09-18T16:00:03Z,134,Chobo Silver Ring,5.89199e-05,2583.01,0.1522
2026-09-18T16:00:03Z,135,Crusader Silver Ring,7.999e-05,2583.01,0.2066
2026-09-18T16:00:03Z,136,Overseer Silver Ring,5.999e-05,2583.01,0.155
2026-09-18T16:00:03Z,137,Athena Silver Ring,6.486999e-05,2583.01,0.1676
2026-09-18T16:00:03Z,138,Archon Silver Ring,6.89e-05,2583.01,0.178
2026-09-18T16:00:03Z,139,Foxglove Silver Ring,7.79999e-05,2583.01,0.2015
2026-09-18T16:00:03Z,140,Summoner Silver Ring,5.69999e-05,2583.01,0.1472
2026-09-18T16:00:03Z,243,Golden Archon Ring,0.0006998899,2583.01,1.8078
2026-09-18T16:00:03Z,244,Golden Athena Ring,0.0007249899,2583.01,1.8727
2026-09-18T16:00:03Z,245,Golden Chobo Ring,0.0007198,2583.01,1.8593
2026-09-18T16:00:03Z,246,Golden Crusader Ring,0.000696,2583.01,1.7978
2026-09-18T16:00:03Z,247,Golden Foxglove Ring,0.000696,2583.01,1.7978
2026-09-18T16:00:03Z,248,Golden Overseer Ring,0.00072699,2583.01,1.8778
2026-09-18T16:00:03Z,249,Golden Summoner Ring,0.0007279899,2583.01,1.8804
2026-09-18T16:30:02Z,134,Chobo Silver Ring,5.89199e-05,2597.53,0.153
2026-09-18T16:30:02Z,135,Crusader Silver Ring,7.999e-05,2597.53,0.2078
2026-09-18T16:30:02Z,136,Overseer Silver Ring,5.999e-05,2597.53,0.1558
2026-09-18T16:30:02Z,137,Athena Silver Ring,6.486999e-05,2597.53,0.1685
2026-09-18T16:30:02Z,138,Archon Silver Ring,6.89e-05,2597.53,0.179
2026-09-18T16:30:02Z,139,Foxglove Silver Ring,7.79999e-05,2597.53,0.2026
2026-09-18T16:30:02Z,140,Summoner Silver Ring,5.69999e-05,2597.53,0.1481
2026-09-18T16:30:02Z,243,Golden Archon Ring,0.0006998899,2597.53,1.818
2026-09-18T16:30:02Z,244,Golden Athena Ring,0.0007249899,2597.53,1.8832
2026-09-18T16:30:02Z,245,Golden Chobo Ring,0.0007198,2597.53,1.8697
2026-09-18T16:30:02Z,246,Golden Crusader Ring,0.000696,2597.53,1.8079
2026-09-18T16:30:02Z,247,Golden Foxglove Ring,0.000696,2597.53,1.8079
2026-09-18T16:30:02Z,248,Golden Overseer Ring,0.00072699,2597.53,1.8884
2026-09-18T16:30:02Z,249,Golden Summoner Ring,0.0007279899,2597.53,1.891
2026-09-18T17:00:06Z,134,Chobo Silver Ring,5.89199e-05,2597.51,0.153
2026-09-18T17:00:06Z,135,Crusader Silver Ring,7.999e-05,2597.51,0.2078
2026-09-18T17:00:06Z,136,Overseer Silver Ring,5.999e-05,2597.51,0.1558
2026-09-18T17:00:06Z,137,Athena Silver Ring,6.486999e-05,2597.51,0.1685
2026-09-18T17:00:06Z,138,Archon Silver Ring,6.89e-05,2597.51,0.179
2026-09-18T17:00:06Z,139,Foxglove Silver Ring,7.79999e-05,2597.51,0.2026
2026-09-18T17:00:06Z,140,Summoner Silver Ring,5.69999e-05,2597.51,0.1481
2026-09-18T17:00:06Z,243,Golden Archon Ring,0.0006998899,2597.51,1.818
2026-09-18T17:00:06Z,244,Golden Athena Ring,0.0007249899,2597.51,1.8832
2026-09-18T17:00:06Z,245,Golden Chobo Ring,0.0007198,2597.51,1.8697
2026-09-18T17:00:06Z,246,Golden Crusader Ring,0.000696,2597.51,1.8079
2026-09-18T17:00:06Z,247,Golden Foxglove Ring,0.000696,2597.51,1.8079
2026-09-18T17:00:06Z,248,Golden Overseer Ring,0.00072699,2597.51,1.8884
2026-09-18T17:00:06Z,249,Golden Summoner Ring,0.0007279899,2597.51,1.891
2026-09-18T17:30:03Z,134,Chobo Silver Ring,5.892e-05,2594.62,0.1529
2026-09-18T17:30:03Z,135,Crusader Silver Ring,7.999e-05,2594.62,0.2075
2026-09-18T17:30:03Z,136,Overseer Silver Ring,5.999e-05,2594.62,0.1557
2026-09-18T17:30:03Z,137,Athena Silver Ring,6.486999e-05,2594.62,0.1683
2026-09-18T17:30:03Z,138,Archon Silver Ring,6.89e-05,2594.62,0.1788
2026-09-18T17:30:03Z,139,Foxglove Silver Ring,7.79999e-05,2594.62,0.2024
2026-09-18T17:30:03Z,140,Summoner Silver Ring,5.69999e-05,2594.62,0.1479
2026-09-18T17:30:03Z,243,Golden Archon Ring,0.0006998899,2594.62,1.8159
2026-09-18T17:30:03Z,244,Golden Athena Ring,0.0007249899,2594.62,1.8811
2026-09-18T17:30:03Z,245,Golden Chobo Ring,0.0007198,2594.62,1.8676
2026-09-18T17:30:03Z,246,Golden Crusader Ring,0.000696,2594.62,1.8059
2026-09-18T17:30:03Z,247,Golden Foxglove Ring,0.000696,2594.62,1.8059
2026-09-18T17:30:03Z,248,Golden Overseer Ring,0.00072699,2594.62,1.8863
2026-09-18T17:30:03Z,249,Golden Summoner Ring,0.0007279899,2594.62,1.8889
2026-09-18T18:00:02Z,134,Chobo Silver Ring,5.892e-05,2607.63,0.1536
2026-09-18T18:00:02Z,135,Crusader Silver Ring,7.99999895e-05,2607.63,0.2086
2026-09-18T18:00:02Z,136,Overseer Silver Ring,5.999e-05,2607.63,0.1564
2026-09-18T18:00:02Z,137,Athena Silver Ring,6.89699e-05,2607.63,0.1798
2026-09-18T18:00:02Z,138,Archon Silver Ring,6.89e-05,2607.63,0.1797
2026-09-18T18:00:02Z,139,Foxglove Silver Ring,7.79999e-05,2607.63,0.2034
2026-09-18T18:00:02Z,140,Summoner Silver Ring,5.69999e-05,2607.63,0.1486
2026-09-18T18:00:02Z,243,Golden Archon Ring,0.0006998899,2607.63,1.8251
2026-09-18T18:00:02Z,244,Golden Athena Ring,0.0007249899,2607.63,1.8905
2026-09-18T18:00:02Z,245,Golden Chobo Ring,0.0007198,2607.63,1.877
2026-09-18T18:00:02Z,246,Golden Crusader Ring,0.000696,2607.63,1.8149
2026-09-18T18:00:02Z,247,Golden Foxglove Ring,0.000696,2607.63,1.8149
2026-09-18T18:00:02Z,248,Golden Overseer Ring,0.00072699,2607.63,1.8957
2026-09-18T18:00:02Z,249,Golden Summoner Ring,0.0007279899,2607.63,1.8983
2026-09-18T18:05:12Z,134,Chobo Silver Ring,5.892e-05,2603.4,0.1534
2026-09-18T18:05:12Z,135,Crusader Silver Ring,7.99999899e-05,2603.4,0.2083
2026-09-18T18:05:12Z,136,Overseer Silver Ring,5.999e-05,2603.4,0.1562
2026-09-18T18:05:12Z,137,Athena Silver Ring,6.89699e-05,2603.4,0.1796
2026-09-18T18:05:12Z,138,Archon Silver Ring,6.8929e-05,2603.4,0.1794
2026-09-18T18:05:12Z,139,Foxglove Silver Ring,7.79999e-05,2603.4,0.2031
2026-09-18T18:05:12Z,140,Summoner Silver Ring,5.69999e-05,2603.4,0.1484
2026-09-18T18:05:12Z,243,Golden Archon Ring,0.0006998899,2603.4,1.8221
2026-09-18T18:05:12Z,244,Golden Athena Ring,0.0007249899,2603.4,1.8874
2026-09-18T18:05:12Z,245,Golden Chobo Ring,0.0007198,2603.4,1.8739
2026-09-18T18:05:12Z,246,Golden Crusader Ring,0.000696,2603.4,1.812
2026-09-18T18:05:12Z,247,Golden Foxglove Ring,0.000696,2603.4,1.812
2026-09-18T18:05:12Z,248,Golden Overseer Ring,0.00072699,2603.4,1.8926
2026-09-18T18:05:12Z,249,Golden Summoner Ring,0.0007279899,2603.4,1.8952
2026-09-18T18:30:02Z,134,Chobo Silver Ring,5.89999e-05,2609.23,0.1539
2026-09-18T18:30:02Z,135,Crusader Silver Ring,7.99999899e-05,2609.23,0.2087
2026-09-18T18:30:02Z,136,Overseer Silver Ring,5.999e-05,2609.23,0.1565
2026-09-18T18:30:02Z,137,Athena Silver Ring,6.89701e-05,2609.23,0.18
2026-09-18T18:30:02Z,138,Archon Silver Ring,6.8929e-05,2609.23,0.1799
2026-09-18T18:30:02Z,139,Foxglove Silver Ring,7.79999e-05,2609.23,0.2035
2026-09-18T18:30:02Z,140,Summoner Silver Ring,6.099998e-05,2609.23,0.1592
2026-09-18T18:30:02Z,243,Golden Archon Ring,0.0007,2609.23,1.8265
2026-09-18T18:30:02Z,244,Golden Athena Ring,0.000725,2609.23,1.8917
2026-09-18T18:30:02Z,245,Golden Chobo Ring,0.00072999,2609.23,1.9047
2026-09-18T18:30:02Z,246,Golden Crusader Ring,0.00069829,2609.23,1.822
2026-09-18T18:30:02Z,247,Golden Foxglove Ring,0.000696,2609.23,1.816
2026-09-18T18:30:02Z,248,Golden Overseer Ring,0.000727,2609.23,1.8969
2026-09-18T18:30:02Z,249,Golden Summoner Ring,0.00072799,2609.23,1.8995
2026-09-18T19:00:02Z,134,Chobo Silver Ring,5.899991e-05,2614.04,0.1542
2026-09-18T19:00:02Z,135,Crusader Silver Ring,8e-05,2614.04,0.2091
2026-09-18T19:00:02Z,136,Overseer Silver Ring,5.999e-05,2614.04,0.1568
2026-09-18T19:00:02Z,137,Athena Silver Ring,6.89701e-05,2614.04,0.1803
2026-09-18T19:00:02Z,138,Archon Silver Ring,6.8929e-05,2614.04,0.1802
2026-09-18T19:00:02Z,139,Foxglove Silver Ring,7.8e-05,2614.04,0.2039
2026-09-18T19:00:02Z,140,Summoner Silver Ring,6.099998e-05,2614.04,0.1595
2026-09-18T19:00:02Z,243,Golden Archon Ring,0.00069999,2614.04,1.8298
2026-09-18T19:00:02Z,244,Golden Athena Ring,0.000725,2614.04,1.8952
2026-09-18T19:00:02Z,245,Golden Chobo Ring,0.0007299899,2614.04,1.9082
2026-09-18T19:00:02Z,246,Golden Crusader Ring,0.00069829,2614.04,1.8254
2026-09-18T19:00:02Z,247,Golden Foxglove Ring,0.000696,2614.04,1.8194
2026-09-18T19:00:02Z,248,Golden Overseer Ring,0.000727,2614.04,1.9004
2026-09-18T19:00:02Z,249,Golden Summoner Ring,0.0007279899,2614.04,1.903
2026-09-18T19:30:02Z,134,Chobo Silver Ring,5.899991e-05,2637.06,0.1556
2026-09-18T19:30:02Z,135,Crusader Silver Ring,8e-05,2637.06,0.211
2026-09-18T19:30:02Z,136,Overseer Silver Ring,5.999e-05,2637.06,0.1582
2026-09-18T19:30:02Z,137,Athena Silver Ring,6.9e-05,2637.06,0.182
2026-09-18T19:30:02Z,138,Archon Silver Ring,6.8929e-05,2637.06,0.1818
2026-09-18T19:30:02Z,139,Foxglove Silver Ring,7.99699e-05,2637.06,0.2109
2026-09-18T19:30:02Z,140,Summoner Silver Ring,6.099997e-05,2637.06,0.1609
2026-09-18T19:30:02Z,243,Golden Archon Ring,0.00069998999,2637.06,1.8459
2026-09-18T19:30:02Z,244,Golden Athena Ring,0.00072499999,2637.06,1.9119
2026-09-18T19:30:02Z,245,Golden Chobo Ring,0.000729989889,2637.06,1.925
2026-09-18T19:30:02Z,246,Golden Crusader Ring,0.00069828999,2637.06,1.8414
2026-09-18T19:30:02Z,247,Golden Foxglove Ring,0.00069599999,2637.06,1.8354
2026-09-18T19:30:02Z,248,Golden Overseer Ring,0.00072699999,2637.06,1.9171
2026-09-18T19:30:02Z,249,Golden Summoner Ring,0.00072799999,2637.06,1.9198
2026-09-18T20:00:03Z,134,Chobo Silver Ring,5.899991e-05,2638.61,0.1557
2026-09-18T20:00:03Z,135,Crusader Silver Ring,8e-05,2638.61,0.2111
2026-09-18T20:00:03Z,136,Overseer Silver Ring,5.999e-05,2638.61,0.1583
2026-09-18T20:00:03Z,137,Athena Silver Ring,6.9e-05,2638.61,0.1821
2026-09-18T20:00:03Z,138,Archon Silver Ring,6.8929e-05,2638.61,0.1819
2026-09-18T20:00:03Z,139,Foxglove Silver Ring,7.99699e-05,2638.61,0.211
2026-09-18T20:00:03Z,140,Summoner Silver Ring,6.099997e-05,2638.61,0.161
2026-09-18T20:00:03Z,243,Golden Archon Ring,0.00069998999,2638.61,1.847
2026-09-18T20:00:03Z,244,Golden Athena Ring,0.00072499999,2638.61,1.913
2026-09-18T20:00:03Z,245,Golden Chobo Ring,0.000729989889,2638.61,1.9262
2026-09-18T20:00:03Z,246,Golden Crusader Ring,0.00069828999,2638.61,1.8425
2026-09-18T20:00:03Z,247,Golden Foxglove Ring,0.00069599999,2638.61,1.8365
2026-09-18T20:00:03Z,248,Golden Overseer Ring,0.00072699999,2638.61,1.9183
2026-09-18T20:00:03Z,249,Golden Summoner Ring,0.00072799999,2638.61,1.9209
2026-09-18T20:30:02Z,134,Chobo Silver Ring,5.899991e-05,2634.22,0.1554
2026-09-18T20:30:02Z,135,Crusader Silver Ring,8e-05,2634.22,0.2107
2026-09-18T20:30:02Z,136,Overseer Silver Ring,5.999e-05,2634.22,0.158
2026-09-18T20:30:02Z,137,Athena Silver Ring,6.9e-05,2634.22,0.1818
2026-09-18T20:30:02Z,138,Archon Silver Ring,6.8929e-05,2634.22,0.1816
2026-09-18T20:30:02Z,139,Foxglove Silver Ring,7.99699e-05,2634.22,0.2107
2026-09-18T20:30:02Z,140,Summoner Silver Ring,6.099997e-05,2634.22,0.1607
2026-09-18T20:30:02Z,243,Golden Archon Ring,0.00069998999,2634.22,1.8439
2026-09-18T20:30:02Z,244,Golden Athena Ring,0.00072499999,2634.22,1.9098
2026-09-18T20:30:02Z,245,Golden Chobo Ring,0.000729989889,2634.22,1.923
2026-09-18T20:30:02Z,246,Golden Crusader Ring,0.00069828999,2634.22,1.8394
2026-09-18T20:30:02Z,247,Golden Foxglove Ring,0.00069599999,2634.22,1.8334
2026-09-18T20:30:02Z,248,Golden Overseer Ring,0.00072699999,2634.22,1.9151
2026-09-18T20:30:02Z,249,Golden Summoner Ring,0.00072799999,2634.22,1.9177
2026-09-18T21:00:02Z,134,Chobo Silver Ring,5.899991e-05,2630.9,0.1552
2026-09-18T21:00:02Z,135,Crusader Silver Ring,8.999999e-05,2630.9,0.2368
2026-09-18T21:00:02Z,136,Overseer Silver Ring,5.999e-05,2630.9,0.1578
2026-09-18T21:00:02Z,137,Athena Silver Ring,6.9e-05,2630.9,0.1815
2026-09-18T21:00:02Z,138,Archon Silver Ring,6.8929e-05,2630.9,0.1813
2026-09-18T21:00:02Z,139,Foxglove Silver Ring,7.99699e-05,2630.9,0.2104
2026-09-18T21:00:02Z,140,Summoner Silver Ring,6.099999e-05,2630.9,0.1605
2026-09-18T21:00:02Z,243,Golden Archon Ring,0.00069998999,2630.9,1.8416
2026-09-18T21:00:02Z,244,Golden Athena Ring,0.00072499999,2630.9,1.9074
2026-09-18T21:00:02Z,245,Golden Chobo Ring,0.000729989889,2630.9,1.9205
2026-09-18T21:00:02Z,246,Golden Crusader Ring,0.00069828999,2630.9,1.8371
2026-09-18T21:00:02Z,247,Golden Foxglove Ring,0.00069599999,2630.9,1.8311
2026-09-18T21:00:02Z,248,Golden Overseer Ring,0.00072699999,2630.9,1.9127
2026-09-18T21:00:02Z,249,Golden Summoner Ring,0.00072799999,2630.9,1.9153
2026-09-18T21:30:02Z,134,Chobo Silver Ring,5.899991e-05,2631.95,0.1553
2026-09-18T21:30:02Z,135,Crusader Silver Ring,7.9999e-05,2631.95,0.2106
2026-09-18T21:30:02Z,136,Overseer Silver Ring,6.1e-05,2631.95,0.1605
2026-09-18T21:30:02Z,137,Athena Silver Ring,6.5e-05,2631.95,0.1711
2026-09-18T21:30:02Z,138,Archon Silver Ring,6.8e-05,2631.95,0.179
2026-09-18T21:30:02Z,139,Foxglove Silver Ring,7.7e-05,2631.95,0.2027
2026-09-18T21:30:02Z,140,Summoner Silver Ring,5.9999e-05,2631.95,0.1579
2026-09-18T21:30:02Z,243,Golden Archon Ring,0.000699989,2631.95,1.8423
2026-09-18T21:30:02Z,244,Golden Athena Ring,0.00072499999,2631.95,1.9082
2026-09-18T21:30:02Z,245,Golden Chobo Ring,0.000729989889,2631.95,1.9213
2026-09-18T21:30:02Z,246,Golden Crusader Ring,0.00069829,2631.95,1.8379
2026-09-18T21:30:02Z,247,Golden Foxglove Ring,0.00069599999,2631.95,1.8318
2026-09-18T21:30:02Z,248,Golden Overseer Ring,0.00072699999,2631.95,1.9134
2026-09-18T21:30:02Z,249,Golden Summoner Ring,0.00072799999,2631.95,1.9161
2026-09-18T22:00:02Z,134,Chobo Silver Ring,5.899991e-05,2626,0.1549
2026-09-18T22:00:02Z,135,Crusader Silver Ring,8.999999e-05,2626,0.2363
2026-09-18T22:00:02Z,136,Overseer Silver Ring,6.1e-05,2626,0.1602
2026-09-18T22:00:02Z,137,Athena Silver Ring,6.5e-05,2626,0.1707
2026-09-18T22:00:02Z,138,Archon Silver Ring,6.8e-05,2626,0.1786
2026-09-18T22:00:02Z,139,Foxglove Silver Ring,7.7e-05,2626,0.2022
2026-09-18T22:00:02Z,140,Summoner Silver Ring,5.9999e-05,2626,0.1576
2026-09-18T22:00:02Z,243,Golden Archon Ring,0.000699989,2626,1.8382
2026-09-18T22:00:02Z,244,Golden Athena Ring,0.00072499,2626,1.9038
2026-09-18T22:00:02Z,245,Golden Chobo Ring,0.000729989889,2626,1.917
2026-09-18T22:00:02Z,246,Golden Crusader Ring,0.00069829,2626,1.8337
2026-09-18T22:00:02Z,247,Golden Foxglove Ring,0.00069599999,2626,1.8277
2026-09-18T22:00:02Z,248,Golden Overseer Ring,0.00072699999,2626,1.9091
2026-09-18T22:00:02Z,249,Golden Summoner Ring,0.00072799,2626,1.9117
2026-09-18T22:30:02Z,134,Chobo Silver Ring,5.899991e-05,2631.98,0.1553
2026-09-18T22:30:02Z,135,Crusader Silver Ring,8.69e-05,2631.98,0.2287
2026-09-18T22:30:02Z,136,Overseer Silver Ring,6.798e-05,2631.98,0.1789
2026-09-18T22:30:02Z,137,Athena Silver Ring,6.5e-05,2631.98,0.1711
2026-09-18T22:30:02Z,138,Archon Silver Ring,6.8e-05,2631.98,0.179
2026-09-18T22:30:02Z,139,Foxglove Silver Ring,7.7e-05,2631.98,0.2027
2026-09-18T22:30:02Z,140,Summoner Silver Ring,5.9999e-05,2631.98,0.1579
2026-09-18T22:30:02Z,243,Golden Archon Ring,0.000699989,2631.98,1.8424
2026-09-18T22:30:02Z,244,Golden Athena Ring,0.00072499,2631.98,1.9082
2026-09-18T22:30:02Z,245,Golden Chobo Ring,0.000729989889,2631.98,1.9213
2026-09-18T22:30:02Z,246,Golden Crusader Ring,0.00069829,2631.98,1.8379
2026-09-18T22:30:02Z,247,Golden Foxglove Ring,0.00069599999,2631.98,1.8319
2026-09-18T22:30:02Z,248,Golden Overseer Ring,0.00072699999,2631.98,1.9134
2026-09-18T22:30:02Z,249,Golden Summoner Ring,0.00072799,2631.98,1.9161
2026-09-18T23:00:05Z,134,Chobo Silver Ring,5.899991e-05,2620.7,0.1546
2026-09-18T23:00:05Z,135,Crusader Silver Ring,8.68999e-05,2620.7,0.2277
2026-09-18T23:00:05Z,136,Overseer Silver Ring,6.798e-05,2620.7,0.1782
2026-09-18T23:00:05Z,137,Athena Silver Ring,6.5e-05,2620.7,0.1703
2026-09-18T23:00:05Z,138,Archon Silver Ring,6.8e-05,2620.7,0.1782
2026-09-18T23:00:05Z,139,Foxglove Silver Ring,7.7e-05,2620.7,0.2018
2026-09-18T23:00:05Z,140,Summoner Silver Ring,5.5e-05,2620.7,0.1441
2026-09-18T23:00:05Z,243,Golden Archon Ring,0.000699989,2620.7,1.8345
2026-09-18T23:00:05Z,244,Golden Athena Ring,0.00072499,2620.7,1.9
2026-09-18T23:00:05Z,245,Golden Chobo Ring,0.000729989889,2620.7,1.9131
2026-09-18T23:00:05Z,246,Golden Crusader Ring,0.00069829,2620.7,1.83
2026-09-18T23:00:05Z,247,Golden Foxglove Ring,0.00069599999,2620.7,1.824
2026-09-18T23:00:05Z,248,Golden Overseer Ring,0.00072699999,2620.7,1.9052
2026-09-18T23:00:05Z,249,Golden Summoner Ring,0.00072726,2620.7,1.9059
2026-09-18T23:30:02Z,134,Chobo Silver Ring,5.899991e-05,2615.05,0.1543
2026-09-18T23:30:02Z,135,Crusader Silver Ring,8.68999e-05,2615.05,0.2272
2026-09-18T23:30:02Z,136,Overseer Silver Ring,6.798e-05,2615.05,0.1778
2026-09-18T23:30:02Z,137,Athena Silver Ring,6.5e-05,2615.05,0.17
2026-09-18T23:30:02Z,138,Archon Silver Ring,6.8e-05,2615.05,0.1778
2026-09-18T23:30:02Z,139,Foxglove Silver Ring,7.7e-05,2615.05,0.2014
2026-09-18T23:30:02Z,140,Summoner Silver Ring,5.5e-05,2615.05,0.1438
2026-09-18T23:30:02Z,243,Golden Archon Ring,0.00069929,2615.05,1.8287
2026-09-18T23:30:02Z,244,Golden Athena Ring,0.00072427,2615.05,1.894
2026-09-18T23:30:02Z,245,Golden Chobo Ring,0.000729,2615.05,1.9064
2026-09-18T23:30:02Z,246,Golden Crusader Ring,0.000697,2615.05,1.8227
2026-09-18T23:30:02Z,247,Golden Foxglove Ring,0.00069599999,2615.05,1.8201
2026-09-18T23:30:02Z,248,Golden Overseer Ring,0.00072699999,2615.05,1.9011
2026-09-18T23:30:02Z,249,Golden Summoner Ring,0.00072726,2615.05,1.9018
2026-09-19T00:00:02Z,134,Chobo Silver Ring,5.899991e-05,2611.78,0.1541
2026-09-19T00:00:02Z,135,Crusader Silver Ring,8.68999e-05,2611.78,0.227
2026-09-19T00:00:02Z,136,Overseer Silver Ring,6.798e-05,2611.78,0.1775
2026-09-19T00:00:02Z,137,Athena Silver Ring,6.5e-05,2611.78,0.1698
2026-09-19T00:00:02Z,138,Archon Silver Ring,6.8e-05,2611.78,0.1776
2026-09-19T00:00:02Z,139,Foxglove Silver Ring,7.7e-05,2611.78,0.2011
2026-09-19T00:00:02Z,140,Summoner Silver Ring,5.5e-05,2611.78,0.1436
2026-09-19T00:00:02Z,243,Golden Archon Ring,0.000699989,2611.78,1.8282
2026-09-19T00:00:02Z,244,Golden Athena Ring,0.00072499,2611.78,1.8935
2026-09-19T00:00:02Z,245,Golden Chobo Ring,0.000729,2611.78,1.904
2026-09-19T00:00:02Z,246,Golden Crusader Ring,0.000697,2611.78,1.8204
2026-09-19T00:00:02Z,247,Golden Foxglove Ring,0.000696,2611.78,1.8178
2026-09-19T00:00:02Z,248,Golden Overseer Ring,0.000727,2611.78,1.8988
2026-09-19T00:00:02Z,249,Golden Summoner Ring,0.00072726,2611.78,1.8994
2026-09-19T00:30:02Z,134,Chobo Silver Ring,5.899991e-05,2613.36,0.1542
2026-09-19T00:30:02Z,135,Crusader Silver Ring,8.68999e-05,2613.36,0.2271
2026-09-19T00:30:02Z,136,Overseer Silver Ring,6.798e-05,2613.36,0.1777
2026-09-19T00:30:02Z,137,Athena Silver Ring,6.5e-05,2613.36,0.1699
2026-09-19T00:30:02Z,138,Archon Silver Ring,6.8e-05,2613.36,0.1777
2026-09-19T00:30:02Z,139,Foxglove Silver Ring,7.99699e-05,2613.36,0.209
2026-09-19T00:30:02Z,140,Summoner Silver Ring,5.5e-05,2613.36,0.1437
2026-09-19T00:30:02Z,243,Golden Archon Ring,0.000699,2613.36,1.8267
2026-09-19T00:30:02Z,244,Golden Athena Ring,0.000723,2613.36,1.8895
2026-09-19T00:30:02Z,245,Golden Chobo Ring,0.000729,2613.36,1.9051
2026-09-19T00:30:02Z,246,Golden Crusader Ring,0.000697,2613.36,1.8215
2026-09-19T00:30:02Z,247,Golden Foxglove Ring,0.000695,2613.36,1.8163
2026-09-19T00:30:02Z,248,Golden Overseer Ring,0.000726,2613.36,1.8973
2026-09-19T00:30:02Z,249,Golden Summoner Ring,0.000727,2613.36,1.8999
2026-09-19T01:00:02Z,134,Chobo Silver Ring,6.47099e-05,2624.16,0.1698
2026-09-19T01:00:02Z,135,Crusader Silver Ring,8.68999e-05,2624.16,0.228
2026-09-19T01:00:02Z,136,Overseer Silver Ring,6.899899899e-05,2624.16,0.1811
2026-09-19T01:00:02Z,137,Athena Silver Ring,6.5e-05,2624.16,0.1706
2026-09-19T01:00:02Z,138,Archon Silver Ring,6.8e-05,2624.16,0.1784
2026-09-19T01:00:02Z,139,Foxglove Silver Ring,7.99699e-05,2624.16,0.2099
2026-09-19T01:00:02Z,140,Summoner Silver Ring,5.5e-05,2624.16,0.1443
2026-09-19T01:00:02Z,243,Golden Archon Ring,0.000696,2624.16,1.8264
2026-09-19T01:00:02Z,244,Golden Athena Ring,0.00072,2624.16,1.8894
2026-09-19T01:00:02Z,245,Golden Chobo Ring,0.000727,2624.16,1.9078
2026-09-19T01:00:02Z,246,Golden Crusader Ring,0.000696,2624.16,1.8264
2026-09-19T01:00:02Z,247,Golden Foxglove Ring,0.000694,2624.16,1.8212
2026-09-19T01:00:02Z,248,Golden Overseer Ring,0.000725,2624.16,1.9025
2026-09-19T01:00:02Z,249,Golden Summoner Ring,0.000724,2624.16,1.8999
2026-09-19T01:30:03Z,134,Chobo Silver Ring,6.47099e-05,2613.64,0.1691
2026-09-19T01:30:03Z,135,Crusader Silver Ring,8.68999e-05,2613.64,0.2271
2026-09-19T01:30:03Z,136,Overseer Silver Ring,6.899899899e-05,2613.64,0.1803
2026-09-19T01:30:03Z,137,Athena Silver Ring,6.5e-05,2613.64,0.1699
2026-09-19T01:30:03Z,138,Archon Silver Ring,6.8e-05,2613.64,0.1777
2026-09-19T01:30:03Z,139,Foxglove Silver Ring,7.99699e-05,2613.64,0.209
2026-09-19T01:30:03Z,140,Summoner Silver Ring,5.5e-05,2613.64,0.1438
2026-09-19T01:30:03Z,243,Golden Archon Ring,0.000696,2613.64,1.8191
2026-09-19T01:30:03Z,244,Golden Athena Ring,0.00072,2613.64,1.8818
2026-09-19T01:30:03Z,245,Golden Chobo Ring,0.000727,2613.64,1.9001
2026-09-19T01:30:03Z,246,Golden Crusader Ring,0.000696,2613.64,1.8191
2026-09-19T01:30:03Z,247,Golden Foxglove Ring,0.000694,2613.64,1.8139
2026-09-19T01:30:03Z,248,Golden Overseer Ring,0.000725,2613.64,1.8949
2026-09-19T01:30:03Z,249,Golden Summoner Ring,0.000724,2613.64,1.8923
2026-09-19T02:00:02Z,134,Chobo Silver Ring,6.47098999e-05,2612.08,0.169
2026-09-19T02:00:02Z,135,Crusader Silver Ring,8.6899899e-05,2612.08,0.227
2026-09-19T02:00:02Z,136,Overseer Silver Ring,6.89989989899e-05,2612.08,0.1802
2026-09-19T02:00:02Z,137,Athena Silver Ring,6.5e-05,2612.08,0.1698
2026-09-19T02:00:02Z,138,Archon Silver Ring,6.799e-05,2612.08,0.1776
2026-09-19T02:00:02Z,139,Foxglove Silver Ring,7.99699e-05,2612.08,0.2089
2026-09-19T02:00:02Z,140,Summoner Silver Ring,5.5e-05,2612.08,0.1437
2026-09-19T02:00:02Z,243,Golden Archon Ring,0.000697,2612.08,1.8206
2026-09-19T02:00:02Z,244,Golden Athena Ring,0.000721,2612.08,1.8833
2026-09-19T02:00:02Z,245,Golden Chobo Ring,0.000727,2612.08,1.899
2026-09-19T02:00:02Z,246,Golden Crusader Ring,0.000697,2612.08,1.8206
2026-09-19T02:00:02Z,247,Golden Foxglove Ring,0.000694,2612.08,1.8128
2026-09-19T02:00:02Z,248,Golden Overseer Ring,0.000726,2612.08,1.8964
2026-09-19T02:00:02Z,249,Golden Summoner Ring,0.000724,2612.08,1.8911
2026-09-19T02:30:02Z,134,Chobo Silver Ring,6.47098999e-05,2619.5,0.1695
2026-09-19T02:30:02Z,135,Crusader Silver Ring,8.6899899e-05,2619.5,0.2276
2026-09-19T02:30:02Z,136,Overseer Silver Ring,6.89989989899e-05,2619.5,0.1807
2026-09-19T02:30:02Z,137,Athena Silver Ring,6.5e-05,2619.5,0.1703
2026-09-19T02:30:02Z,138,Archon Silver Ring,6.799e-05,2619.5,0.1781
2026-09-19T02:30:02Z,139,Foxglove Silver Ring,7.999e-05,2619.5,0.2095
2026-09-19T02:30:02Z,140,Summoner Silver Ring,5.5e-05,2619.5,0.1441
2026-09-19T02:30:02Z,243,Golden Archon Ring,0.000697,2619.5,1.8258
2026-09-19T02:30:02Z,244,Golden Athena Ring,0.000721,2619.5,1.8887
2026-09-19T02:30:02Z,245,Golden Chobo Ring,0.000727,2619.5,1.9044
2026-09-19T02:30:02Z,246,Golden Crusader Ring,0.000697,2619.5,1.8258
2026-09-19T02:30:02Z,247,Golden Foxglove Ring,0.000694,2619.5,1.8179
2026-09-19T02:30:02Z,248,Golden Overseer Ring,0.000726,2619.5,1.9018
2026-09-19T02:30:02Z,249,Golden Summoner Ring,0.000726,2619.5,1.9018
2026-09-19T03:00:02Z,134,Chobo Silver Ring,6.47098999e-05,2620.59,0.1696
2026-09-19T03:00:02Z,135,Crusader Silver Ring,8.69e-05,2620.59,0.2277
2026-09-19T03:00:02Z,136,Overseer Silver Ring,6.9e-05,2620.59,0.1808
2026-09-19T03:00:02Z,137,Athena Silver Ring,6.5e-05,2620.59,0.1703
2026-09-19T03:00:02Z,138,Archon Silver Ring,6.799e-05,2620.59,0.1782
2026-09-19T03:00:02Z,139,Foxglove Silver Ring,7.999e-05,2620.59,0.2096
2026-09-19T03:00:02Z,140,Summoner Silver Ring,6.173999901e-05,2620.59,0.1618
2026-09-19T03:00:02Z,243,Golden Archon Ring,0.00069,2620.59,1.8082
2026-09-19T03:00:02Z,244,Golden Athena Ring,0.00061,2620.59,1.5986
2026-09-19T03:00:02Z,245,Golden Chobo Ring,0.00061,2620.59,1.5986
2026-09-19T03:00:02Z,246,Golden Crusader Ring,0.00069,2620.59,1.8082
2026-09-19T03:00:02Z,247,Golden Foxglove Ring,0.00061,2620.59,1.5986
2026-09-19T03:00:02Z,248,Golden Overseer Ring,0.00061,2620.59,1.5986
2026-09-19T03:00:02Z,249,Golden Summoner Ring,0.0007,2620.59,1.8344
2026-09-19T03:30:02Z,134,Chobo Silver Ring,6.47098999e-05,2621.79,0.1697
2026-09-19T03:30:02Z,135,Crusader Silver Ring,8.69e-05,2621.79,0.2278
2026-09-19T03:30:02Z,136,Overseer Silver Ring,6.9e-05,2621.79,0.1809
2026-09-19T03:30:02Z,137,Athena Silver Ring,6.5e-05,2621.79,0.1704
2026-09-19T03:30:02Z,138,Archon Silver Ring,6.799e-05,2621.79,0.1783
2026-09-19T03:30:02Z,139,Foxglove Silver Ring,7.999e-05,2621.79,0.2097
2026-09-19T03:30:02Z,140,Summoner Silver Ring,6.173999901e-05,2621.79,0.1619
2026-09-19T03:30:02Z,243,Golden Archon Ring,0.00069,2621.79,1.809
2026-09-19T03:30:02Z,244,Golden Athena Ring,0.00061,2621.79,1.5993
2026-09-19T03:30:02Z,245,Golden Chobo Ring,0.00061,2621.79,1.5993
2026-09-19T03:30:02Z,246,Golden Crusader Ring,0.0007,2621.79,1.8353
2026-09-19T03:30:02Z,247,Golden Foxglove Ring,0.00061,2621.79,1.5993
2026-09-19T03:30:02Z,248,Golden Overseer Ring,0.00061,2621.79,1.5993
2026-09-19T03:30:02Z,249,Golden Summoner Ring,0.0007,2621.79,1.8353
2026-09-19T04:00:02Z,134,Chobo Silver Ring,6.47098999e-05,2620.97,0.1696
2026-09-19T04:00:02Z,135,Crusader Silver Ring,8.69e-05,2620.97,0.2278
2026-09-19T04:00:02Z,136,Overseer Silver Ring,6.9e-05,2620.97,0.1808
2026-09-19T04:00:02Z,137,Athena Silver Ring,6.5e-05,2620.97,0.1704
2026-09-19T04:00:02Z,138,Archon Silver Ring,6.799e-05,2620.97,0.1782
2026-09-19T04:00:02Z,139,Foxglove Silver Ring,7.999e-05,2620.97,0.2097
2026-09-19T04:00:02Z,140,Summoner Silver Ring,6.173999901e-05,2620.97,0.1618
2026-09-19T04:00:02Z,243,Golden Archon Ring,0.00069,2620.97,1.8085
2026-09-19T04:00:02Z,244,Golden Athena Ring,0.00061,2620.97,1.5988
2026-09-19T04:00:02Z,245,Golden Chobo Ring,0.00061,2620.97,1.5988
2026-09-19T04:00:02Z,246,Golden Crusader Ring,0.0007,2620.97,1.8347
2026-09-19T04:00:02Z,247,Golden Foxglove Ring,0.00061,2620.97,1.5988
2026-09-19T04:00:02Z,248,Golden Overseer Ring,0.00061,2620.97,1.5988
2026-09-19T04:00:02Z,249,Golden Summoner Ring,0.0007,2620.97,1.8347
2026-09-19T04:30:02Z,134,Chobo Silver Ring,6.47098999e-05,2625.44,0.1699
2026-09-19T04:30:02Z,135,Crusader Silver Ring,8.69e-05,2625.44,0.2282
2026-09-19T04:30:02Z,136,Overseer Silver Ring,6.9e-05,2625.44,0.1812
2026-09-19T04:30:02Z,137,Athena Silver Ring,6.5e-05,2625.44,0.1707
2026-09-19T04:30:02Z,138,Archon Silver Ring,6.799e-05,2625.44,0.1785
2026-09-19T04:30:02Z,139,Foxglove Silver Ring,7.999e-05,2625.44,0.21
2026-09-19T04:30:02Z,140,Summoner Silver Ring,6.173999901e-05,2625.44,0.1621
2026-09-19T04:30:02Z,243,Golden Archon Ring,0.00069,2625.44,1.8116
2026-09-19T04:30:02Z,244,Golden Athena Ring,0.000721,2625.44,1.8929
2026-09-19T04:30:02Z,245,Golden Chobo Ring,0.00062,2625.44,1.6278
2026-09-19T04:30:02Z,246,Golden Crusader Ring,0.0007,2625.44,1.8378
2026-09-19T04:30:02Z,247,Golden Foxglove Ring,0.00061,2625.44,1.6015
2026-09-19T04:30:02Z,248,Golden Overseer Ring,0.00062,2625.44,1.6278
2026-09-19T04:30:02Z,249,Golden Summoner Ring,0.0007,2625.44,1.8378
2026-09-19T05:00:02Z,134,Chobo Silver Ring,6.47098999e-05,2618.4,0.1694
2026-09-19T05:00:02Z,135,Crusader Silver Ring,8.69e-05,2618.4,0.2275
2026-09-19T05:00:02Z,136,Overseer Silver Ring,6.9e-05,2618.4,0.1807
2026-09-19T05:00:02Z,137,Athena Silver Ring,6.5e-05,2618.4,0.1702
2026-09-19T05:00:02Z,138,Archon Silver Ring,6.799e-05,2618.4,0.178
2026-09-19T05:00:02Z,139,Foxglove Silver Ring,7.999e-05,2618.4,0.2094
2026-09-19T05:00:02Z,140,Summoner Silver Ring,6.173999901e-05,2618.4,0.1617
2026-09-19T05:00:02Z,243,Golden Archon Ring,0.00069,2618.4,1.8067
2026-09-19T05:00:02Z,244,Golden Athena Ring,0.000722,2618.4,1.8905
2026-09-19T05:00:02Z,245,Golden Chobo Ring,0.00066,2618.4,1.7281
2026-09-19T05:00:02Z,246,Golden Crusader Ring,0.0007,2618.4,1.8329
2026-09-19T05:00:02Z,247,Golden Foxglove Ring,0.000694,2618.4,1.8172
2026-09-19T05:00:02Z,248,Golden Overseer Ring,0.000726,2618.4,1.901
2026-09-19T05:00:02Z,249,Golden Summoner Ring,0.0007,2618.4,1.8329
2026-09-19T05:30:03Z,134,Chobo Silver Ring,6.47098999e-05,2630.81,0.1702
2026-09-19T05:30:03Z,135,Crusader Silver Ring,8.69e-05,2630.81,0.2286
2026-09-19T05:30:03Z,136,Overseer Silver Ring,6.9e-05,2630.81,0.1815
2026-09-19T05:30:03Z,137,Athena Silver Ring,6.5e-05,2630.81,0.171
2026-09-19T05:30:03Z,138,Archon Silver Ring,6.799e-05,2630.81,0.1789
2026-09-19T05:30:03Z,139,Foxglove Silver Ring,7.999e-05,2630.81,0.2104
2026-09-19T05:30:03Z,140,Summoner Silver Ring,6.173999901e-05,2630.81,0.1624
2026-09-19T05:30:03Z,243,Golden Archon Ring,0.00069,2630.81,1.8153
2026-09-19T05:30:03Z,244,Golden Athena Ring,0.000722,2630.81,1.8994
2026-09-19T05:30:03Z,245,Golden Chobo Ring,0.00066,2630.81,1.7363
2026-09-19T05:30:03Z,246,Golden Crusader Ring,0.0007,2630.81,1.8416
2026-09-19T05:30:03Z,247,Golden Foxglove Ring,0.000694,2630.81,1.8258
2026-09-19T05:30:03Z,248,Golden Overseer Ring,0.000726,2630.81,1.91
2026-09-19T05:30:03Z,249,Golden Summoner Ring,0.00069,2630.81,1.8153
2026-09-19T06:00:02Z,134,Chobo Silver Ring,6.47098999e-05,2630.8,0.1702
2026-09-19T06:00:02Z,135,Crusader Silver Ring,8.69e-05,2630.8,0.2286
2026-09-19T06:00:02Z,136,Overseer Silver Ring,6.9e-05,2630.8,0.1815
2026-09-19T06:00:02Z,137,Athena Silver Ring,6.5e-05,2630.8,0.171
2026-09-19T06:00:02Z,138,Archon Silver Ring,6.799e-05,2630.8,0.1789
2026-09-19T06:00:02Z,139,Foxglove Silver Ring,8.7999998e-05,2630.8,0.2315
2026-09-19T06:00:02Z,140,Summoner Silver Ring,6.173999901e-05,2630.8,0.1624
2026-09-19T06:00:02Z,243,Golden Archon Ring,0.00069,2630.8,1.8153
2026-09-19T06:00:02Z,244,Golden Athena Ring,0.000722,2630.8,1.8994
2026-09-19T06:00:02Z,245,Golden Chobo Ring,0.00066,2630.8,1.7363
2026-09-19T06:00:02Z,246,Golden Crusader Ring,0.0007,2630.8,1.8416
2026-09-19T06:00:02Z,247,Golden Foxglove Ring,0.000694,2630.8,1.8258
2026-09-19T06:00:02Z,248,Golden Overseer Ring,0.000726,2630.8,1.91
2026-09-19T06:00:02Z,249,Golden Summoner Ring,0.00069,2630.8,1.8153
2026-09-19T06:30:04Z,134,Chobo Silver Ring,6.47098999e-05,2620.31,0.1696
2026-09-19T06:30:04Z,135,Crusader Silver Ring,9.19999997e-05,2620.31,0.2411
2026-09-19T06:30:04Z,136,Overseer Silver Ring,6.9e-05,2620.31,0.1808
2026-09-19T06:30:04Z,137,Athena Silver Ring,6.5e-05,2620.31,0.1703
2026-09-19T06:30:04Z,138,Archon Silver Ring,6.799e-05,2620.31,0.1782
2026-09-19T06:30:04Z,139,Foxglove Silver Ring,8.7999998e-05,2620.31,0.2306
2026-09-19T06:30:04Z,140,Summoner Silver Ring,6.173999901e-05,2620.31,0.1618
2026-09-19T06:30:04Z,243,Golden Archon Ring,0.00069,2620.31,1.808
2026-09-19T06:30:04Z,244,Golden Athena Ring,0.000722,2620.31,1.8919
2026-09-19T06:30:04Z,245,Golden Chobo Ring,0.00066,2620.31,1.7294
2026-09-19T06:30:04Z,246,Golden Crusader Ring,0.0007,2620.31,1.8342
2026-09-19T06:30:04Z,247,Golden Foxglove Ring,0.000694,2620.31,1.8185
2026-09-19T06:30:04Z,248,Golden Overseer Ring,0.000726,2620.31,1.9023
2026-09-19T06:30:04Z,249,Golden Summoner Ring,0.00069,2620.31,1.808
2026-09-19T07:00:02Z,134,Chobo Silver Ring,6.47098999e-05,2626.65,0.17
2026-09-19T07:00:02Z,135,Crusader Silver Ring,9.19999997e-05,2626.65,0.2417
2026-09-19T07:00:02Z,136,Overseer Silver Ring,6.9e-05,2626.65,0.1812
2026-09-19T07:00:02Z,137,Athena Silver Ring,6.5e-05,2626.65,0.1707
2026-09-19T07:00:02Z,138,Archon Silver Ring,6.799e-05,2626.65,0.1786
2026-09-19T07:00:02Z,139,Foxglove Silver Ring,8.7999998e-05,2626.65,0.2311
2026-09-19T07:00:02Z,140,Summoner Silver Ring,6.173999901e-05,2626.65,0.1622
2026-09-19T07:00:02Z,243,Golden Archon Ring,0.00065,2626.65,1.7073
2026-09-19T07:00:02Z,244,Golden Athena Ring,0.0006999999,2626.65,1.8387
2026-09-19T07:00:02Z,245,Golden Chobo Ring,0.0006,2626.65,1.576
2026-09-19T07:00:02Z,246,Golden Crusader Ring,0.00065,2626.65,1.7073
2026-09-19T07:00:02Z,247,Golden Foxglove Ring,0.0006,2626.65,1.576
2026-09-19T07:00:02Z,248,Golden Overseer Ring,0.0007,2626.65,1.8387
2026-09-19T07:00:02Z,249,Golden Summoner Ring,0.00065,2626.65,1.7073
2026-09-19T07:30:03Z,134,Chobo Silver Ring,6.47098999e-05,2627.41,0.17
2026-09-19T07:30:03Z,135,Crusader Silver Ring,9.19999998e-05,2627.41,0.2417
2026-09-19T07:30:03Z,136,Overseer Silver Ring,6.3e-05,2627.41,0.1655
2026-09-19T07:30:03Z,137,Athena Silver Ring,6.5e-05,2627.41,0.1708
2026-09-19T07:30:03Z,138,Archon Silver Ring,6.799e-05,2627.41,0.1786
2026-09-19T07:30:03Z,139,Foxglove Silver Ring,8.7999998e-05,2627.41,0.2312
2026-09-19T07:30:03Z,140,Summoner Silver Ring,6.173999901e-05,2627.41,0.1622
2026-09-19T07:30:03Z,243,Golden Archon Ring,0.00065,2627.41,1.7078
2026-09-19T07:30:03Z,244,Golden Athena Ring,0.0006999999,2627.41,1.8392
2026-09-19T07:30:03Z,245,Golden Chobo Ring,0.0006,2627.41,1.5764
2026-09-19T07:30:03Z,246,Golden Crusader Ring,0.00065,2627.41,1.7078
2026-09-19T07:30:03Z,247,Golden Foxglove Ring,0.0006,2627.41,1.5764
2026-09-19T07:30:03Z,248,Golden Overseer Ring,0.0007,2627.41,1.8392
2026-09-19T07:30:03Z,249,Golden Summoner Ring,0.00065,2627.41,1.7078
2026-09-19T08:00:02Z,134,Chobo Silver Ring,6.47098999e-05,2627.08,0.17
2026-09-19T08:00:02Z,135,Crusader Silver Ring,9.19999998e-05,2627.08,0.2417
2026-09-19T08:00:02Z,136,Overseer Silver Ring,6.3e-05,2627.08,0.1655
2026-09-19T08:00:02Z,137,Athena Silver Ring,6.5e-05,2627.08,0.1708
2026-09-19T08:00:02Z,138,Archon Silver Ring,6.799e-05,2627.08,0.1786
2026-09-19T08:00:02Z,139,Foxglove Silver Ring,8.7999998e-05,2627.08,0.2312
2026-09-19T08:00:02Z,140,Summoner Silver Ring,6.173999901e-05,2627.08,0.1622
2026-09-19T08:00:02Z,243,Golden Archon Ring,0.00065,2627.08,1.7076
2026-09-19T08:00:02Z,244,Golden Athena Ring,0.0006999999,2627.08,1.839
2026-09-19T08:00:02Z,245,Golden Chobo Ring,0.000659999,2627.08,1.7339
2026-09-19T08:00:02Z,246,Golden Crusader Ring,0.00065,2627.08,1.7076
2026-09-19T08:00:02Z,247,Golden Foxglove Ring,0.0006,2627.08,1.5762
2026-09-19T08:00:02Z,248,Golden Overseer Ring,0.0007,2627.08,1.839
2026-09-19T08:00:02Z,249,Golden Summoner Ring,0.00065,2627.08,1.7076
2026-09-19T08:30:02Z,134,Chobo Silver Ring,7.199e-05,2644.9,0.1904
2026-09-19T08:30:02Z,135,Crusader Silver Ring,9.1999999799e-05,2644.9,0.2433
2026-09-19T08:30:02Z,136,Overseer Silver Ring,6.3e-05,2644.9,0.1666
2026-09-19T08:30:02Z,137,Athena Silver Ring,6.5e-05,2644.9,0.1719
2026-09-19T08:30:02Z,138,Archon Silver Ring,6.799e-05,2644.9,0.1798
2026-09-19T08:30:02Z,139,Foxglove Silver Ring,8.7999998e-05,2644.9,0.2328
2026-09-19T08:30:02Z,140,Summoner Silver Ring,6.173999901e-05,2644.9,0.1633
2026-09-19T08:30:02Z,243,Golden Archon Ring,0.00065,2644.9,1.7192
2026-09-19T08:30:02Z,244,Golden Athena Ring,0.0006999999,2644.9,1.8514
2026-09-19T08:30:02Z,245,Golden Chobo Ring,0.000659999,2644.9,1.7456
2026-09-19T08:30:02Z,246,Golden Crusader Ring,0.00065,2644.9,1.7192
2026-09-19T08:30:02Z,247,Golden Foxglove Ring,0.0006,2644.9,1.5869
2026-09-19T08:30:02Z,248,Golden Overseer Ring,0.0007,2644.9,1.8514
2026-09-19T08:30:02Z,249,Golden Summoner Ring,0.00065,2644.9,1.7192
2026-09-19T09:00:02Z,134,Chobo Silver Ring,7.199e-05,2644.4,0.1904
2026-09-19T09:00:02Z,135,Crusader Silver Ring,9.1e-05,2644.4,0.2406
2026-09-19T09:00:02Z,136,Overseer Silver Ring,6.3e-05,2644.4,0.1666
2026-09-19T09:00:02Z,137,Athena Silver Ring,6e-05,2644.4,0.1587
2026-09-19T09:00:02Z,138,Archon Silver Ring,6.799e-05,2644.4,0.1798
2026-09-19T09:00:02Z,139,Foxglove Silver Ring,8e-05,2644.4,0.2116
2026-09-19T09:00:02Z,140,Summoner Silver Ring,6.173999901e-05,2644.4,0.1633
2026-09-19T09:00:02Z,243,Golden Archon Ring,0.00065,2644.4,1.7189
2026-09-19T09:00:02Z,244,Golden Athena Ring,0.0006999999,2644.4,1.8511
2026-09-19T09:00:02Z,245,Golden Chobo Ring,0.000659999,2644.4,1.7453
2026-09-19T09:00:02Z,246,Golden Crusader Ring,0.00065,2644.4,1.7189
2026-09-19T09:00:02Z,247,Golden Foxglove Ring,0.0006,2644.4,1.5866
2026-09-19T09:00:02Z,248,Golden Overseer Ring,0.0007,2644.4,1.8511
2026-09-19T09:00:02Z,249,Golden Summoner Ring,0.00065,2644.4,1.7189
2026-09-19T09:30:03Z,134,Chobo Silver Ring,7.199e-05,2651.71,0.1909
2026-09-19T09:30:03Z,135,Crusader Silver Ring,9.1e-05,2651.71,0.2413
2026-09-19T09:30:03Z,136,Overseer Silver Ring,6.3e-05,2651.71,0.1671
2026-09-19T09:30:03Z,137,Athena Silver Ring,6e-05,2651.71,0.1591
2026-09-19T09:30:03Z,138,Archon Silver Ring,6.7e-05,2651.71,0.1777
2026-09-19T09:30:03Z,139,Foxglove Silver Ring,8e-05,2651.71,0.2121
2026-09-19T09:30:03Z,140,Summoner Silver Ring,6.173999901e-05,2651.71,0.1637
2026-09-19T09:30:03Z,243,Golden Archon Ring,0.00063,2651.71,1.6706
2026-09-19T09:30:03Z,244,Golden Athena Ring,0.00067,2651.71,1.7766
2026-09-19T09:30:03Z,245,Golden Chobo Ring,0.00065,2651.71,1.7236
2026-09-19T09:30:03Z,246,Golden Crusader Ring,0.00065,2651.71,1.7236
2026-09-19T09:30:03Z,247,Golden Foxglove Ring,0.0006,2651.71,1.591
2026-09-19T09:30:03Z,248,Golden Overseer Ring,0.00068,2651.71,1.8032
2026-09-19T09:30:03Z,249,Golden Summoner Ring,0.00065,2651.71,1.7236
2026-09-19T10:00:02Z,134,Chobo Silver Ring,7.199e-05,2642.12,0.1902
2026-09-19T10:00:02Z,135,Crusader Silver Ring,9.1e-05,2642.12,0.2404
2026-09-19T10:00:02Z,136,Overseer Silver Ring,6.3e-05,2642.12,0.1665
2026-09-19T10:00:02Z,137,Athena Silver Ring,6e-05,2642.12,0.1585
2026-09-19T10:00:02Z,138,Archon Silver Ring,6.7e-05,2642.12,0.177
2026-09-19T10:00:02Z,139,Foxglove Silver Ring,8e-05,2642.12,0.2114
2026-09-19T10:00:02Z,140,Summoner Silver Ring,6.173999901e-05,2642.12,0.1631
2026-09-19T10:00:02Z,243,Golden Archon Ring,0.00065,2642.12,1.7174
2026-09-19T10:00:02Z,244,Golden Athena Ring,0.00067,2642.12,1.7702
2026-09-19T10:00:02Z,245,Golden Chobo Ring,0.000659999,2642.12,1.7438
2026-09-19T10:00:02Z,246,Golden Crusader Ring,0.00065,2642.12,1.7174
2026-09-19T10:00:02Z,247,Golden Foxglove Ring,0.000694,2642.12,1.8336
2026-09-19T10:00:02Z,248,Golden Overseer Ring,0.00068,2642.12,1.7966
2026-09-19T10:00:02Z,249,Golden Summoner Ring,0.00068999999,2642.12,1.8231
2026-09-19T10:30:02Z,134,Chobo Silver Ring,7.199e-05,2643.25,0.1903
2026-09-19T10:30:02Z,135,Crusader Silver Ring,9.1e-05,2643.25,0.2405
2026-09-19T10:30:02Z,136,Overseer Silver Ring,6.3e-05,2643.25,0.1665
2026-09-19T10:30:02Z,137,Athena Silver Ring,6e-05,2643.25,0.1586
2026-09-19T10:30:02Z,138,Archon Silver Ring,6.7e-05,2643.25,0.1771
2026-09-19T10:30:02Z,139,Foxglove Silver Ring,8e-05,2643.25,0.2115
2026-09-19T10:30:02Z,140,Summoner Silver Ring,6.1e-05,2643.25,0.1612
2026-09-19T10:30:02Z,243,Golden Archon Ring,0.00064999,2643.25,1.7181
2026-09-19T10:30:02Z,244,Golden Athena Ring,0.00067,2643.25,1.771
2026-09-19T10:30:02Z,245,Golden Chobo Ring,0.00065999899,2643.25,1.7445
2026-09-19T10:30:02Z,246,Golden Crusader Ring,0.00065,2643.25,1.7181
2026-09-19T10:30:02Z,247,Golden Foxglove Ring,0.000694,2643.25,1.8344
2026-09-19T10:30:02Z,248,Golden Overseer Ring,0.00068,2643.25,1.7974
2026-09-19T10:30:02Z,249,Golden Summoner Ring,0.00068999999,2643.25,1.8238
2026-09-19T11:00:02Z,134,Chobo Silver Ring,7.199e-05,2638.08,0.1899
2026-09-19T11:00:02Z,135,Crusader Silver Ring,9.1e-05,2638.08,0.2401
2026-09-19T11:00:02Z,136,Overseer Silver Ring,6.3e-05,2638.08,0.1662
2026-09-19T11:00:02Z,137,Athena Silver Ring,6e-05,2638.08,0.1583
2026-09-19T11:00:02Z,138,Archon Silver Ring,6.7e-05,2638.08,0.1768
2026-09-19T11:00:02Z,139,Foxglove Silver Ring,8e-05,2638.08,0.211
2026-09-19T11:00:02Z,140,Summoner Silver Ring,6.1e-05,2638.08,0.1609
2026-09-19T11:00:02Z,243,Golden Archon Ring,0.00064999,2638.08,1.7147
2026-09-19T11:00:02Z,244,Golden Athena Ring,0.00067,2638.08,1.7675
2026-09-19T11:00:02Z,245,Golden Chobo Ring,0.00065999899,2638.08,1.7411
2026-09-19T11:00:02Z,246,Golden Crusader Ring,0.00065,2638.08,1.7148
2026-09-19T11:00:02Z,247,Golden Foxglove Ring,0.000694,2638.08,1.8308
2026-09-19T11:00:02Z,248,Golden Overseer Ring,0.00068,2638.08,1.7939
2026-09-19T11:00:02Z,249,Golden Summoner Ring,0.00068999999,2638.08,1.8203
2026-09-19T11:30:02Z,134,Chobo Silver Ring,7.199e-05,2638.72,0.19
2026-09-19T11:30:02Z,135,Crusader Silver Ring,9.1e-05,2638.72,0.2401
2026-09-19T11:30:02Z,136,Overseer Silver Ring,6.29e-05,2638.72,0.166
2026-09-19T11:30:02Z,137,Athena Silver Ring,6e-05,2638.72,0.1583
2026-09-19T11:30:02Z,138,Archon Silver Ring,6.7e-05,2638.72,0.1768
2026-09-19T11:30:02Z,139,Foxglove Silver Ring,8e-05,2638.72,0.2111
2026-09-19T11:30:02Z,140,Summoner Silver Ring,6.1e-05,2638.72,0.161
2026-09-19T11:30:02Z,243,Golden Archon Ring,0.00065,2638.72,1.7152
2026-09-19T11:30:02Z,244,Golden Athena Ring,0.00067,2638.72,1.7679
2026-09-19T11:30:02Z,245,Golden Chobo Ring,0.00065999899,2638.72,1.7416
2026-09-19T11:30:02Z,246,Golden Crusader Ring,0.00065,2638.72,1.7152
2026-09-19T11:30:02Z,247,Golden Foxglove Ring,0.000694,2638.72,1.8313
2026-09-19T11:30:02Z,248,Golden Overseer Ring,0.00068,2638.72,1.7943
2026-09-19T11:30:02Z,249,Golden Summoner Ring,0.00068999999,2638.72,1.8207
2026-09-19T12:00:02Z,134,Chobo Silver Ring,7.199e-05,2639.99,0.1901
2026-09-19T12:00:02Z,135,Crusader Silver Ring,9.1e-05,2639.99,0.2402
2026-09-19T12:00:02Z,136,Overseer Silver Ring,6.29e-05,2639.99,0.1661
2026-09-19T12:00:02Z,137,Athena Silver Ring,6e-05,2639.99,0.1584
2026-09-19T12:00:02Z,138,Archon Silver Ring,6.799e-05,2639.99,0.1795
2026-09-19T12:00:02Z,139,Foxglove Silver Ring,7.991e-05,2639.99,0.211
2026-09-19T12:00:02Z,140,Summoner Silver Ring,6.1e-05,2639.99,0.161
2026-09-19T12:00:02Z,243,Golden Archon Ring,0.00065,2639.99,1.716
2026-09-19T12:00:02Z,244,Golden Athena Ring,0.00067,2639.99,1.7688
2026-09-19T12:00:02Z,245,Golden Chobo Ring,0.00065999899,2639.99,1.7424
2026-09-19T12:00:02Z,246,Golden Crusader Ring,0.00065,2639.99,1.716
2026-09-19T12:00:02Z,247,Golden Foxglove Ring,0.000694,2639.99,1.8322
2026-09-19T12:00:02Z,248,Golden Overseer Ring,0.00068,2639.99,1.7952
2026-09-19T12:00:02Z,249,Golden Summoner Ring,0.00068999999,2639.99,1.8216
2026-09-19T12:30:02Z,134,Chobo Silver Ring,7.199e-05,2640.44,0.1901
2026-09-19T12:30:02Z,135,Crusader Silver Ring,9.0909e-05,2640.44,0.24
2026-09-19T12:30:02Z,136,Overseer Silver Ring,6.29e-05,2640.44,0.1661
2026-09-19T12:30:02Z,137,Athena Silver Ring,6.4e-05,2640.44,0.169
2026-09-19T12:30:02Z,138,Archon Silver Ring,6.799e-05,2640.44,0.1795
2026-09-19T12:30:02Z,139,Foxglove Silver Ring,7.9829e-05,2640.44,0.2108
2026-09-19T12:30:02Z,140,Summoner Silver Ring,6.1679e-05,2640.44,0.1629
2026-09-19T12:30:02Z,243,Golden Archon Ring,0.00065,2640.44,1.7163
2026-09-19T12:30:02Z,244,Golden Athena Ring,0.00067,2640.44,1.7691
2026-09-19T12:30:02Z,245,Golden Chobo Ring,0.00065999899,2640.44,1.7427
2026-09-19T12:30:02Z,246,Golden Crusader Ring,0.00065,2640.44,1.7163
2026-09-19T12:30:02Z,247,Golden Foxglove Ring,0.000694,2640.44,1.8325
2026-09-19T12:30:02Z,248,Golden Overseer Ring,0.00068,2640.44,1.7955
2026-09-19T12:30:02Z,249,Golden Summoner Ring,0.00068999999,2640.44,1.8219
2026-09-19T13:00:02Z,134,Chobo Silver Ring,7.1919e-05,2641.17,0.19
2026-09-19T13:00:02Z,135,Crusader Silver Ring,9.0819e-05,2641.17,0.2399
2026-09-19T13:00:02Z,136,Overseer Silver Ring,6.29e-05,2641.17,0.1661
2026-09-19T13:00:02Z,137,Athena Silver Ring,6.4e-05,2641.17,0.169
2026-09-19T13:00:02Z,138,Archon Silver Ring,6.799e-05,2641.17,0.1796
2026-09-19T13:00:02Z,139,Foxglove Silver Ring,7.9829e-05,2641.17,0.2108
2026-09-19T13:00:02Z,140,Summoner Silver Ring,6.1619e-05,2641.17,0.1627
2026-09-19T13:00:02Z,243,Golden Archon Ring,0.00069,2641.17,1.8224
2026-09-19T13:00:02Z,244,Golden Athena Ring,0.00067,2641.17,1.7696
2026-09-19T13:00:02Z,245,Golden Chobo Ring,0.00065999899,2641.17,1.7432
2026-09-19T13:00:02Z,246,Golden Crusader Ring,0.00065,2641.17,1.7168
2026-09-19T13:00:02Z,247,Golden Foxglove Ring,0.000694,2641.17,1.833
2026-09-19T13:00:02Z,248,Golden Overseer Ring,0.00068,2641.17,1.796
2026-09-19T13:00:02Z,249,Golden Summoner Ring,0.00068999999,2641.17,1.8224
2026-09-19T13:30:02Z,134,Chobo Silver Ring,7.1919e-05,2636.21,0.1896
2026-09-19T13:30:02Z,135,Crusader Silver Ring,9.081899999999e-05,2636.21,0.2394
2026-09-19T13:30:02Z,136,Overseer Silver Ring,6.29e-05,2636.21,0.1658
2026-09-19T13:30:02Z,137,Athena Silver Ring,6.3e-05,2636.21,0.1661
2026-09-19T13:30:02Z,138,Archon Silver Ring,6.7e-05,2636.21,0.1766
2026-09-19T13:30:02Z,139,Foxglove Silver Ring,7.98e-05,2636.21,0.2104
2026-09-19T13:30:02Z,140,Summoner Silver Ring,6.174e-05,2636.21,0.1628
2026-09-19T13:30:02Z,243,Golden Archon Ring,0.0006899,2636.21,1.8187
2026-09-19T13:30:02Z,244,Golden Athena Ring,0.00067,2636.21,1.7663
2026-09-19T13:30:02Z,245,Golden Chobo Ring,0.00065999899,2636.21,1.7399
2026-09-19T13:30:02Z,246,Golden Crusader Ring,0.00064999,2636.21,1.7135
2026-09-19T13:30:02Z,247,Golden Foxglove Ring,0.00069399,2636.21,1.8295
2026-09-19T13:30:02Z,248,Golden Overseer Ring,0.00068,2636.21,1.7926
2026-09-19T13:30:02Z,249,Golden Summoner Ring,0.00068999999,2636.21,1.819
2026-09-19T14:00:02Z,134,Chobo Silver Ring,7e-05,2637.19,0.1846
2026-09-19T14:00:02Z,135,Crusader Silver Ring,9.081899999999e-05,2637.19,0.2395
2026-09-19T14:00:02Z,136,Overseer Silver Ring,6.29e-05,2637.19,0.1659
2026-09-19T14:00:02Z,137,Athena Silver Ring,6.3e-05,2637.19,0.1661
2026-09-19T14:00:02Z,138,Archon Silver Ring,6.5e-05,2637.19,0.1714
2026-09-19T14:00:02Z,139,Foxglove Silver Ring,7.97e-05,2637.19,0.2102
2026-09-19T14:00:02Z,140,Summoner Silver Ring,6.174e-05,2637.19,0.1628
2026-09-19T14:00:02Z,243,Golden Archon Ring,0.0006899,2637.19,1.8194
2026-09-19T14:00:02Z,244,Golden Athena Ring,0.00067,2637.19,1.7669
2026-09-19T14:00:02Z,245,Golden Chobo Ring,0.00065999899,2637.19,1.7405
2026-09-19T14:00:02Z,246,Golden Crusader Ring,0.00064999,2637.19,1.7141
2026-09-19T14:00:02Z,247,Golden Foxglove Ring,0.00069399,2637.19,1.8302
2026-09-19T14:00:02Z,248,Golden Overseer Ring,0.00068,2637.19,1.7933
2026-09-19T14:00:02Z,249,Golden Summoner Ring,0.00068999999,2637.19,1.8197
2026-09-19T14:30:02Z,134,Chobo Silver Ring,6.99299e-05,2642.74,0.1848
2026-09-19T14:30:02Z,135,Crusader Silver Ring,9.081899999999e-05,2642.74,0.24
2026-09-19T14:30:02Z,136,Overseer Silver Ring,6.3e-05,2642.74,0.1665
2026-09-19T14:30:02Z,137,Athena Silver Ring,6.2939e-05,2642.74,0.1663
2026-09-19T14:30:02Z,138,Archon Silver Ring,6e-05,2642.74,0.1586
2026-09-19T14:30:02Z,139,Foxglove Silver Ring,7.97e-05,2642.74,0.2106
2026-09-19T14:30:02Z,140,Summoner Silver Ring,6.174e-05,2642.74,0.1632
2026-09-19T14:30:02Z,243,Golden Archon Ring,0.000689209,2642.74,1.8214
2026-09-19T14:30:02Z,244,Golden Athena Ring,0.000669329,2642.74,1.7689
2026-09-19T14:30:02Z,245,Golden Chobo Ring,0.000659339,2642.74,1.7425
2026-09-19T14:30:02Z,246,Golden Crusader Ring,0.000649339,2642.74,1.716
2026-09-19T14:30:02Z,247,Golden Foxglove Ring,0.00069399,2642.74,1.834
2026-09-19T14:30:02Z,248,Golden Overseer Ring,0.00068,2642.74,1.7971
2026-09-19T14:30:02Z,249,Golden Summoner Ring,0.000689309,2642.74,1.8217
2026-09-19T15:00:02Z,134,Chobo Silver Ring,6.99298999e-05,2637.86,0.1845
2026-09-19T15:00:02Z,135,Crusader Silver Ring,9.081899999999e-05,2637.86,0.2396
2026-09-19T15:00:02Z,136,Overseer Silver Ring,6.3e-05,2637.86,0.1662
2026-09-19T15:00:02Z,137,Athena Silver Ring,6.2939e-05,2637.86,0.166
2026-09-19T15:00:02Z,138,Archon Silver Ring,6e-05,2637.86,0.1583
2026-09-19T15:00:02Z,139,Foxglove Silver Ring,7.97e-05,2637.86,0.2102
2026-09-19T15:00:02Z,140,Summoner Silver Ring,6.174e-05,2637.86,0.1629
2026-09-19T15:00:02Z,243,Golden Archon Ring,0.000689209,2637.86,1.818
2026-09-19T15:00:02Z,244,Golden Athena Ring,0.000669329,2637.86,1.7656
2026-09-19T15:00:02Z,245,Golden Chobo Ring,0.000659339,2637.86,1.7392
2026-09-19T15:00:02Z,246,Golden Crusader Ring,0.000649339,2637.86,1.7129
2026-09-19T15:00:02Z,247,Golden Foxglove Ring,0.00069399,2637.86,1.8306
2026-09-19T15:00:02Z,248,Golden Overseer Ring,0.00068,2637.86,1.7937
2026-09-19T15:00:02Z,249,Golden Summoner Ring,0.000689309,2637.86,1.8183
2026-09-19T15:30:02Z,134,Chobo Silver Ring,6.99298999e-05,2637.32,0.1844
2026-09-19T15:30:02Z,135,Crusader Silver Ring,9.081899999999e-05,2637.32,0.2395
2026-09-19T15:30:02Z,136,Overseer Silver Ring,6.3e-05,2637.32,0.1662
2026-09-19T15:30:02Z,137,Athena Silver Ring,6.2939e-05,2637.32,0.166
2026-09-19T15:30:02Z,138,Archon Silver Ring,6e-05,2637.32,0.1582
2026-09-19T15:30:02Z,139,Foxglove Silver Ring,7.97e-05,2637.32,0.2102
2026-09-19T15:30:02Z,140,Summoner Silver Ring,6.174e-05,2637.32,0.1628
2026-09-19T15:30:02Z,243,Golden Archon Ring,0.000689209,2637.32,1.8177
2026-09-19T15:30:02Z,244,Golden Athena Ring,0.000669329,2637.32,1.7652
2026-09-19T15:30:02Z,245,Golden Chobo Ring,0.000659339,2637.32,1.7389
2026-09-19T15:30:02Z,246,Golden Crusader Ring,0.000649339,2637.32,1.7125
2026-09-19T15:30:02Z,247,Golden Foxglove Ring,0.00069399,2637.32,1.8303
2026-09-19T15:30:02Z,248,Golden Overseer Ring,0.00068,2637.32,1.7934
2026-09-19T15:30:02Z,249,Golden Summoner Ring,0.000689309,2637.32,1.8179
2026-09-19T16:00:02Z,134,Chobo Silver Ring,6.99298999e-05,2640.01,0.1846
2026-09-19T16:00:02Z,135,Crusader Silver Ring,9.081899999999e-05,2640.01,0.2398
2026-09-19T16:00:02Z,136,Overseer Silver Ring,6.3e-05,2640.01,0.1663
2026-09-19T16:00:02Z,137,Athena Silver Ring,6.2939e-05,2640.01,0.1662
2026-09-19T16:00:02Z,138,Archon Silver Ring,6e-05,2640.01,0.1584
2026-09-19T16:00:02Z,139,Foxglove Silver Ring,7.97e-05,2640.01,0.2104
2026-09-19T16:00:02Z,140,Summoner Silver Ring,6.174e-05,2640.01,0.163
2026-09-19T16:00:02Z,243,Golden Archon Ring,0.000689209,2640.01,1.8195
2026-09-19T16:00:02Z,244,Golden Athena Ring,0.000669329,2640.01,1.767
2026-09-19T16:00:02Z,245,Golden Chobo Ring,0.000659339,2640.01,1.7407
2026-09-19T16:00:02Z,246,Golden Crusader Ring,0.000649339,2640.01,1.7143
2026-09-19T16:00:02Z,247,Golden Foxglove Ring,0.00069399,2640.01,1.8321
2026-09-19T16:00:02Z,248,Golden Overseer Ring,0.00068,2640.01,1.7952
2026-09-19T16:00:02Z,249,Golden Summoner Ring,0.0007,2640.01,1.848
2026-09-19T16:30:02Z,134,Chobo Silver Ring,6.99298999e-05,2648.43,0.1852
2026-09-19T16:30:02Z,135,Crusader Silver Ring,9.081899999999e-05,2648.43,0.2405
2026-09-19T16:30:02Z,136,Overseer Silver Ring,6.3e-05,2648.43,0.1669
2026-09-19T16:30:02Z,137,Athena Silver Ring,6.2939e-05,2648.43,0.1667
2026-09-19T16:30:02Z,138,Archon Silver Ring,6e-05,2648.43,0.1589
2026-09-19T16:30:02Z,139,Foxglove Silver Ring,7.97e-05,2648.43,0.2111
2026-09-19T16:30:02Z,140,Summoner Silver Ring,6.174e-05,2648.43,0.1635
2026-09-19T16:30:02Z,243,Golden Archon Ring,0.000689209,2648.43,1.8253
2026-09-19T16:30:02Z,244,Golden Athena Ring,0.000669329,2648.43,1.7727
2026-09-19T16:30:02Z,245,Golden Chobo Ring,0.000659339,2648.43,1.7462
2026-09-19T16:30:02Z,246,Golden Crusader Ring,0.000649339,2648.43,1.7197
2026-09-19T16:30:02Z,247,Golden Foxglove Ring,0.00069399,2648.43,1.838
2026-09-19T16:30:02Z,248,Golden Overseer Ring,0.00068,2648.43,1.8009
2026-09-19T16:30:02Z,249,Golden Summoner Ring,0.0007,2648.43,1.8539
2026-09-19T17:00:02Z,134,Chobo Silver Ring,6.99298999e-05,2650.12,0.1853
2026-09-19T17:00:02Z,135,Crusader Silver Ring,9.08179999e-05,2650.12,0.2407
2026-09-19T17:00:02Z,136,Overseer Silver Ring,6.2e-05,2650.12,0.1643
2026-09-19T17:00:02Z,137,Athena Silver Ring,6.2939e-05,2650.12,0.1668
2026-09-19T17:00:02Z,138,Archon Silver Ring,6e-05,2650.12,0.159
2026-09-19T17:00:02Z,139,Foxglove Silver Ring,7.96999999e-05,2650.12,0.2112
2026-09-19T17:00:02Z,140,Summoner Silver Ring,6.174e-05,2650.12,0.1636
2026-09-19T17:00:02Z,243,Golden Archon Ring,0.000689209,2650.12,1.8265
2026-09-19T17:00:02Z,244,Golden Athena Ring,0.000669329,2650.12,1.7738
2026-09-19T17:00:02Z,245,Golden Chobo Ring,0.000659339,2650.12,1.7473
2026-09-19T17:00:02Z,246,Golden Crusader Ring,0.000649339,2650.12,1.7208
2026-09-19T17:00:02Z,247,Golden Foxglove Ring,0.00069399,2650.12,1.8392
2026-09-19T17:00:02Z,248,Golden Overseer Ring,0.00068,2650.12,1.8021
2026-09-19T17:00:02Z,249,Golden Summoner Ring,0.0007,2650.12,1.8551
2026-09-19T17:30:02Z,134,Chobo Silver Ring,6.99298999e-05,2648.86,0.1852
2026-09-19T17:30:02Z,135,Crusader Silver Ring,9.08179999e-05,2648.86,0.2406
2026-09-19T17:30:02Z,136,Overseer Silver Ring,6.2e-05,2648.86,0.1642
2026-09-19T17:30:02Z,137,Athena Silver Ring,6.2939e-05,2648.86,0.1667
2026-09-19T17:30:02Z,138,Archon Silver Ring,6e-05,2648.86,0.1589
2026-09-19T17:30:02Z,139,Foxglove Silver Ring,7.96999999e-05,2648.86,0.2111
2026-09-19T17:30:02Z,140,Summoner Silver Ring,6.174e-05,2648.86,0.1635
2026-09-19T17:30:02Z,243,Golden Archon Ring,0.000689209,2648.86,1.8256
2026-09-19T17:30:02Z,244,Golden Athena Ring,0.000669329,2648.86,1.773
2026-09-19T17:30:02Z,245,Golden Chobo Ring,0.000659339,2648.86,1.7465
2026-09-19T17:30:02Z,246,Golden Crusader Ring,0.000649339,2648.86,1.72
2026-09-19T17:30:02Z,247,Golden Foxglove Ring,0.00069399,2648.86,1.8383
2026-09-19T17:30:02Z,248,Golden Overseer Ring,0.00068,2648.86,1.8012
2026-09-19T17:30:02Z,249,Golden Summoner Ring,0.0007,2648.86,1.8542
2026-09-19T18:00:02Z,134,Chobo Silver Ring,6.99298999e-05,2646.61,0.1851
2026-09-19T18:00:02Z,135,Crusader Silver Ring,9.081799989e-05,2646.61,0.2404
2026-09-19T18:00:02Z,136,Overseer Silver Ring,6.199e-05,2646.61,0.1641
2026-09-19T18:00:02Z,137,Athena Silver Ring,6.4e-05,2646.61,0.1694
2026-09-19T18:00:02Z,138,Archon Silver Ring,6e-05,2646.61,0.1588
2026-09-19T18:00:02Z,139,Foxglove Silver Ring,7.96999999e-05,2646.61,0.2109
2026-09-19T18:00:02Z,140,Summoner Silver Ring,6.173e-05,2646.61,0.1634
2026-09-19T18:00:02Z,243,Golden Archon Ring,0.000689209,2646.61,1.8241
2026-09-19T18:00:02Z,244,Golden Athena Ring,0.000669329,2646.61,1.7715
2026-09-19T18:00:02Z,245,Golden Chobo Ring,0.000659339,2646.61,1.745
2026-09-19T18:00:02Z,246,Golden Crusader Ring,0.000649339,2646.61,1.7185
2026-09-19T18:00:02Z,247,Golden Foxglove Ring,0.00069399,2646.61,1.8367
2026-09-19T18:00:02Z,248,Golden Overseer Ring,0.00068,2646.61,1.7997
2026-09-19T18:00:02Z,249,Golden Summoner Ring,0.0007,2646.61,1.8526
2026-09-19T18:05:12Z,134,Chobo Silver Ring,6.99298999e-05,2646.08,0.185
2026-09-19T18:05:12Z,135,Crusader Silver Ring,9.081799989e-05,2646.08,0.2403
2026-09-19T18:05:12Z,136,Overseer Silver Ring,6.3e-05,2646.08,0.1667
2026-09-19T18:05:12Z,137,Athena Silver Ring,6.4e-05,2646.08,0.1693
2026-09-19T18:05:12Z,138,Archon Silver Ring,6e-05,2646.08,0.1588
2026-09-19T18:05:12Z,139,Foxglove Silver Ring,7.96999999e-05,2646.08,0.2109
2026-09-19T18:05:12Z,140,Summoner Silver Ring,6.173e-05,2646.08,0.1633
2026-09-19T18:05:12Z,243,Golden Archon Ring,0.000689209,2646.08,1.8237
2026-09-19T18:05:12Z,244,Golden Athena Ring,0.000669329,2646.08,1.7711
2026-09-19T18:05:12Z,245,Golden Chobo Ring,0.000659339,2646.08,1.7447
2026-09-19T18:05:12Z,246,Golden Crusader Ring,0.000649339,2646.08,1.7182
2026-09-19T18:05:12Z,247,Golden Foxglove Ring,0.00069399,2646.08,1.8364
2026-09-19T18:05:12Z,248,Golden Overseer Ring,0.00068,2646.08,1.7993
2026-09-19T18:05:12Z,249,Golden Summoner Ring,0.0007,2646.08,1.8523
2026-09-19T18:30:02Z,134,Chobo Silver Ring,6.99298e-05,2640.63,0.1847
2026-09-19T18:30:02Z,135,Crusader Silver Ring,9.081799989e-05,2640.63,0.2398
2026-09-19T18:30:02Z,136,Overseer Silver Ring,6.2999e-05,2640.63,0.1664
2026-09-19T18:30:02Z,137,Athena Silver Ring,6.4e-05,2640.63,0.169
2026-09-19T18:30:02Z,138,Archon Silver Ring,6e-05,2640.63,0.1584
2026-09-19T18:30:02Z,139,Foxglove Silver Ring,7.9699e-05,2640.63,0.2105
2026-09-19T18:30:02Z,140,Summoner Silver Ring,6.17299e-05,2640.63,0.163
2026-09-19T18:30:02Z,243,Golden Archon Ring,0.000689209,2640.63,1.8199
2026-09-19T18:30:02Z,244,Golden Athena Ring,0.00066932898,2640.63,1.7675
2026-09-19T18:30:02Z,245,Golden Chobo Ring,0.000659339,2640.63,1.7411
2026-09-19T18:30:02Z,246,Golden Crusader Ring,0.00064933899,2640.63,1.7147
2026-09-19T18:30:02Z,247,Golden Foxglove Ring,0.000693989998,2640.63,1.8326
2026-09-19T18:30:02Z,248,Golden Overseer Ring,0.00068,2640.63,1.7956
2026-09-19T18:30:02Z,249,Golden Summoner Ring,0.0007,2640.63,1.8484
2026-09-19T19:00:02Z,134,Chobo Silver Ring,6.99298e-05,2639,0.1845
2026-09-19T19:00:02Z,135,Crusader Silver Ring,9.081799989e-05,2639,0.2397
2026-09-19T19:00:02Z,136,Overseer Silver Ring,6.2999e-05,2639,0.1663
2026-09-19T19:00:02Z,137,Athena Silver Ring,6.5e-05,2639,0.1715
2026-09-19T19:00:02Z,138,Archon Silver Ring,6e-05,2639,0.1583
2026-09-19T19:00:02Z,139,Foxglove Silver Ring,7.9698999e-05,2639,0.2103
2026-09-19T19:00:02Z,140,Summoner Silver Ring,6.168e-05,2639,0.1628
2026-09-19T19:00:02Z,243,Golden Archon Ring,0.000689209,2639,1.8188
2026-09-19T19:00:02Z,244,Golden Athena Ring,0.00066932898,2639,1.7664
2026-09-19T19:00:02Z,245,Golden Chobo Ring,0.000659339,2639,1.74
2026-09-19T19:00:02Z,246,Golden Crusader Ring,0.00064933899,2639,1.7136
2026-09-19T19:00:02Z,247,Golden Foxglove Ring,0.000693989998,2639,1.8314
2026-09-19T19:00:02Z,248,Golden Overseer Ring,0.00068,2639,1.7945
2026-09-19T19:00:02Z,249,Golden Summoner Ring,0.0007,2639,1.8473
2026-09-19T19:30:10Z,134,Chobo Silver Ring,6.99298e-05,2636.68,0.1844
2026-09-19T19:30:10Z,135,Crusader Silver Ring,9.081799989e-05,2636.68,0.2395
2026-09-19T19:30:10Z,136,Overseer Silver Ring,8.487998e-05,2636.68,0.2238
2026-09-19T19:30:10Z,137,Athena Silver Ring,6.4999e-05,2636.68,0.1714
2026-09-19T19:30:10Z,138,Archon Silver Ring,6e-05,2636.68,0.1582
2026-09-19T19:30:10Z,139,Foxglove Silver Ring,8e-05,2636.68,0.2109
2026-09-19T19:30:10Z,140,Summoner Silver Ring,6.162e-05,2636.68,0.1625
2026-09-19T19:30:10Z,243,Golden Archon Ring,0.0006892,2636.68,1.8172
2026-09-19T19:30:10Z,244,Golden Athena Ring,0.00066932,2636.68,1.7648
2026-09-19T19:30:10Z,245,Golden Chobo Ring,0.000659339,2636.68,1.7385
2026-09-19T19:30:10Z,246,Golden Crusader Ring,0.00064933899,2636.68,1.7121
2026-09-19T19:30:10Z,247,Golden Foxglove Ring,0.00069398,2636.68,1.8298
2026-09-19T19:30:10Z,248,Golden Overseer Ring,0.00068,2636.68,1.7929
2026-09-19T19:30:10Z,249,Golden Summoner Ring,0.00069999,2636.68,1.8456
2026-09-19T20:00:02Z,134,Chobo Silver Ring,6.99298e-05,2634.83,0.1843
2026-09-19T20:00:02Z,135,Crusader Silver Ring,9.081799989e-05,2634.83,0.2393
2026-09-19T20:00:02Z,136,Overseer Silver Ring,8.487998e-05,2634.83,0.2236
2026-09-19T20:00:02Z,137,Athena Silver Ring,6.4999e-05,2634.83,0.1713
2026-09-19T20:00:02Z,138,Archon Silver Ring,6e-05,2634.83,0.1581
2026-09-19T20:00:02Z,139,Foxglove Silver Ring,8e-05,2634.83,0.2108
2026-09-19T20:00:02Z,140,Summoner Silver Ring,6.168e-05,2634.83,0.1625
2026-09-19T20:00:02Z,243,Golden Archon Ring,0.0006892,2634.83,1.8159
2026-09-19T20:00:02Z,244,Golden Athena Ring,0.00066932,2634.83,1.7635
2026-09-19T20:00:02Z,245,Golden Chobo Ring,0.000659338,2634.83,1.7372
2026-09-19T20:00:02Z,246,Golden Crusader Ring,0.0007,2634.83,1.8444
2026-09-19T20:00:02Z,247,Golden Foxglove Ring,0.00069398,2634.83,1.8285
2026-09-19T20:00:02Z,248,Golden Overseer Ring,0.00068,2634.83,1.7917
2026-09-19T20:00:02Z,249,Golden Summoner Ring,0.00069999,2634.83,1.8444
2026-09-19T20:30:02Z,134,Chobo Silver Ring,6.99298e-05,2638.69,0.1845
2026-09-19T20:30:02Z,135,Crusader Silver Ring,9.081799989e-05,2638.69,0.2396
2026-09-19T20:30:02Z,136,Overseer Silver Ring,8.487999e-05,2638.69,0.224
2026-09-19T20:30:02Z,137,Athena Silver Ring,6.4999e-05,2638.69,0.1715
2026-09-19T20:30:02Z,138,Archon Silver Ring,6e-05,2638.69,0.1583
2026-09-19T20:30:02Z,139,Foxglove Silver Ring,8e-05,2638.69,0.2111
2026-09-19T20:30:02Z,140,Summoner Silver Ring,6.167e-05,2638.69,0.1627
2026-09-19T20:30:02Z,243,Golden Archon Ring,0.00062,2638.69,1.636
2026-09-19T20:30:02Z,244,Golden Athena Ring,0.0006,2638.69,1.5832
2026-09-19T20:30:02Z,245,Golden Chobo Ring,0.0006,2638.69,1.5832
2026-09-19T20:30:02Z,246,Golden Crusader Ring,0.00062,2638.69,1.636
2026-09-19T20:30:02Z,247,Golden Foxglove Ring,0.00062,2638.69,1.636
2026-09-19T20:30:02Z,248,Golden Overseer Ring,0.0006,2638.69,1.5832
2026-09-19T20:30:02Z,249,Golden Summoner Ring,0.0006,2638.69,1.5832
2026-09-19T21:00:02Z,134,Chobo Silver Ring,6.99298e-05,2636.83,0.1844
2026-09-19T21:00:02Z,135,Crusader Silver Ring,9.081799989e-05,2636.83,0.2395
2026-09-19T21:00:02Z,136,Overseer Silver Ring,8.487999e-05,2636.83,0.2238
2026-09-19T21:00:02Z,137,Athena Silver Ring,6.4999e-05,2636.83,0.1714
2026-09-19T21:00:02Z,138,Archon Silver Ring,6e-05,2636.83,0.1582
2026-09-19T21:00:02Z,139,Foxglove Silver Ring,8e-05,2636.83,0.2109
2026-09-19T21:00:02Z,140,Summoner Silver Ring,6.168e-05,2636.83,0.1626
2026-09-19T21:00:02Z,243,Golden Archon Ring,0.00062,2636.83,1.6348
2026-09-19T21:00:02Z,244,Golden Athena Ring,0.0006,2636.83,1.5821
2026-09-19T21:00:02Z,245,Golden Chobo Ring,0.0006,2636.83,1.5821
2026-09-19T21:00:02Z,246,Golden Crusader Ring,0.00062,2636.83,1.6348
2026-09-19T21:00:02Z,247,Golden Foxglove Ring,0.00062,2636.83,1.6348
2026-09-19T21:00:02Z,248,Golden Overseer Ring,0.0006,2636.83,1.5821
2026-09-19T21:00:02Z,249,Golden Summoner Ring,0.00069999,2636.83,1.8458
2026-09-19T21:30:02Z,134,Chobo Silver Ring,6.99298e-05,2627.59,0.1837
2026-09-19T21:30:02Z,135,Crusader Silver Ring,9.081799989e-05,2627.59,0.2386
2026-09-19T21:30:02Z,136,Overseer Silver Ring,8.3e-05,2627.59,0.2181
2026-09-19T21:30:02Z,137,Athena Silver Ring,6.9e-05,2627.59,0.1813
2026-09-19T21:30:02Z,138,Archon Silver Ring,6.7e-05,2627.59,0.176
2026-09-19T21:30:02Z,139,Foxglove Silver Ring,8e-05,2627.59,0.2102
2026-09-19T21:30:02Z,140,Summoner Silver Ring,6.174e-05,2627.59,0.1622
2026-09-19T21:30:02Z,243,Golden Archon Ring,0.00062,2627.59,1.6291
2026-09-19T21:30:02Z,244,Golden Athena Ring,0.00066932,2627.59,1.7587
2026-09-19T21:30:02Z,245,Golden Chobo Ring,0.0006,2627.59,1.5766
2026-09-19T21:30:02Z,246,Golden Crusader Ring,0.00062,2627.59,1.6291
2026-09-19T21:30:02Z,247,Golden Foxglove Ring,0.00062,2627.59,1.6291
2026-09-19T21:30:02Z,248,Golden Overseer Ring,0.0006,2627.59,1.5766
2026-09-19T21:30:02Z,249,Golden Summoner Ring,0.00069999,2627.59,1.8393
2026-09-19T22:00:02Z,134,Chobo Silver Ring,6.99298e-05,2627.45,0.1837
2026-09-19T22:00:02Z,135,Crusader Silver Ring,9.081799989e-05,2627.45,0.2386
2026-09-19T22:00:02Z,136,Overseer Silver Ring,8.3e-05,2627.45,0.2181
2026-09-19T22:00:02Z,137,Athena Silver Ring,6.9e-05,2627.45,0.1813
2026-09-19T22:00:02Z,138,Archon Silver Ring,6.7e-05,2627.45,0.176
2026-09-19T22:00:02Z,139,Foxglove Silver Ring,8e-05,2627.45,0.2102
2026-09-19T22:00:02Z,140,Summoner Silver Ring,6.174e-05,2627.45,0.1622
2026-09-19T22:00:02Z,243,Golden Archon Ring,0.00061938,2627.45,1.6274
2026-09-19T22:00:02Z,244,Golden Athena Ring,0.00066932899,2627.45,1.7586
2026-09-19T22:00:02Z,245,Golden Chobo Ring,0.0005994,2627.45,1.5749
2026-09-19T22:00:02Z,246,Golden Crusader Ring,0.00062,2627.45,1.629
2026-09-19T22:00:02Z,247,Golden Foxglove Ring,0.00062,2627.45,1.629
2026-09-19T22:00:02Z,248,Golden Overseer Ring,0.0005994,2627.45,1.5749
2026-09-19T22:00:02Z,249,Golden Summoner Ring,0.00069999,2627.45,1.8392
2026-09-19T22:30:02Z,134,Chobo Silver Ring,6.99298e-05,2621.86,0.1833
2026-09-19T22:30:02Z,135,Crusader Silver Ring,9.081799989e-05,2621.86,0.2381
2026-09-19T22:30:02Z,136,Overseer Silver Ring,8.3e-05,2621.86,0.2176
2026-09-19T22:30:02Z,137,Athena Silver Ring,6.9e-05,2621.86,0.1809
2026-09-19T22:30:02Z,138,Archon Silver Ring,6.7e-05,2621.86,0.1757
2026-09-19T22:30:02Z,139,Foxglove Silver Ring,8e-05,2621.86,0.2097
2026-09-19T22:30:02Z,140,Summoner Silver Ring,6.174e-05,2621.86,0.1619
2026-09-19T22:30:02Z,243,Golden Archon Ring,0.00061938,2621.86,1.6239
2026-09-19T22:30:02Z,244,Golden Athena Ring,0.00066932899,2621.86,1.7549
2026-09-19T22:30:02Z,245,Golden Chobo Ring,0.0005994,2621.86,1.5715
2026-09-19T22:30:02Z,246,Golden Crusader Ring,0.00062,2621.86,1.6256
2026-09-19T22:30:02Z,247,Golden Foxglove Ring,0.00062,2621.86,1.6256
2026-09-19T22:30:02Z,248,Golden Overseer Ring,0.0005994,2621.86,1.5715
2026-09-19T22:30:02Z,249,Golden Summoner Ring,0.00069999,2621.86,1.8353
2026-09-19T23:00:02Z,134,Chobo Silver Ring,6.986e-05,2629.79,0.1837
2026-09-19T23:00:02Z,135,Crusader Silver Ring,9.073e-05,2629.79,0.2386
2026-09-19T23:00:02Z,136,Overseer Silver Ring,8.292e-05,2629.79,0.2181
2026-09-19T23:00:02Z,137,Athena Silver Ring,6.893e-05,2629.79,0.1813
2026-09-19T23:00:02Z,138,Archon Silver Ring,6.693e-05,2629.79,0.176
2026-09-19T23:00:02Z,139,Foxglove Silver Ring,7.992e-05,2629.79,0.2102
2026-09-19T23:00:02Z,140,Summoner Silver Ring,6.168e-05,2629.79,0.1622
2026-09-19T23:00:02Z,243,Golden Archon Ring,0.00062,2629.79,1.6305
2026-09-19T23:00:02Z,244,Golden Athena Ring,0.00066866,2629.79,1.7584
2026-09-19T23:00:02Z,245,Golden Chobo Ring,0.0006,2629.79,1.5779
2026-09-19T23:00:02Z,246,Golden Crusader Ring,0.00062,2629.79,1.6305
2026-09-19T23:00:02Z,247,Golden Foxglove Ring,0.00062,2629.79,1.6305
2026-09-19T23:00:02Z,248,Golden Overseer Ring,0.0006,2629.79,1.5779
2026-09-19T23:00:02Z,249,Golden Summoner Ring,0.00069929,2629.79,1.839
2026-09-19T23:30:01Z,134,Chobo Silver Ring,6.985e-05,2631.37,0.1838
2026-09-19T23:30:01Z,135,Crusader Silver Ring,9.072999e-05,2631.37,0.2387
2026-09-19T23:30:01Z,136,Overseer Silver Ring,8.292e-05,2631.37,0.2182
2026-09-19T23:30:01Z,137,Athena Silver Ring,6.893e-05,2631.37,0.1814
2026-09-19T23:30:01Z,138,Archon Silver Ring,6.693e-05,2631.37,0.1761
2026-09-19T23:30:01Z,139,Foxglove Silver Ring,7.992e-05,2631.37,0.2103
2026-09-19T23:30:01Z,140,Summoner Silver Ring,6.168e-05,2631.37,0.1623
2026-09-19T23:30:01Z,243,Golden Archon Ring,0.0006891,2631.37,1.8133
2026-09-19T23:30:01Z,244,Golden Athena Ring,0.00066866,2631.37,1.7595
2026-09-19T23:30:01Z,245,Golden Chobo Ring,0.00065933,2631.37,1.7349
2026-09-19T23:30:01Z,246,Golden Crusader Ring,0.00062,2631.37,1.6314
2026-09-19T23:30:01Z,247,Golden Foxglove Ring,0.00062,2631.37,1.6314
2026-09-19T23:30:01Z,248,Golden Overseer Ring,0.00067999,2631.37,1.7893
2026-09-19T23:30:01Z,249,Golden Summoner Ring,0.00069929,2631.37,1.8401
2026-09-20T00:00:02Z,134,Chobo Silver Ring,6.9849998e-05,2631.93,0.1838
2026-09-20T00:00:02Z,135,Crusader Silver Ring,9.0729989999e-05,2631.93,0.2388
2026-09-20T00:00:02Z,136,Overseer Silver Ring,8.29199999e-05,2631.93,0.2182
2026-09-20T00:00:02Z,137,Athena Silver Ring,6.893e-05,2631.93,0.1814
2026-09-20T00:00:02Z,138,Archon Silver Ring,6.692e-05,2631.93,0.1761
2026-09-20T00:00:02Z,139,Foxglove Silver Ring,7.9919999e-05,2631.93,0.2103
2026-09-20T00:00:02Z,140,Summoner Silver Ring,6.168e-05,2631.93,0.1623
2026-09-20T00:00:02Z,243,Golden Archon Ring,0.0006891,2631.93,1.8137
2026-09-20T00:00:02Z,244,Golden Athena Ring,0.00066866,2631.93,1.7599
2026-09-20T00:00:02Z,245,Golden Chobo Ring,0.00065933,2631.93,1.7353
2026-09-20T00:00:02Z,246,Golden Crusader Ring,0.0007,2631.93,1.8424
2026-09-20T00:00:02Z,247,Golden Foxglove Ring,0.00069397,2631.93,1.8265
2026-09-20T00:00:02Z,248,Golden Overseer Ring,0.00067999,2631.93,1.7897
2026-09-20T00:00:02Z,249,Golden Summoner Ring,0.00069929,2631.93,1.8405
2026-09-20T00:30:03Z,134,Chobo Silver Ring,6.9849998e-05,2628.07,0.1836
2026-09-20T00:30:03Z,135,Crusader Silver Ring,9.07298e-05,2628.07,0.2384
2026-09-20T00:30:03Z,136,Overseer Silver Ring,8.29199998e-05,2628.07,0.2179
2026-09-20T00:30:03Z,137,Athena Silver Ring,6.89299e-05,2628.07,0.1812
2026-09-20T00:30:03Z,138,Archon Silver Ring,6.692e-05,2628.07,0.1759
2026-09-20T00:30:03Z,139,Foxglove Silver Ring,7.9919999e-05,2628.07,0.21
2026-09-20T00:30:03Z,140,Summoner Silver Ring,6.168e-05,2628.07,0.1621
2026-09-20T00:30:03Z,243,Golden Archon Ring,0.00059,2628.07,1.5506
2026-09-20T00:30:03Z,244,Golden Athena Ring,0.000668,2628.07,1.7556
2026-09-20T00:30:03Z,245,Golden Chobo Ring,0.00065933,2628.07,1.7328
2026-09-20T00:30:03Z,246,Golden Crusader Ring,0.00059,2628.07,1.5506
2026-09-20T00:30:03Z,247,Golden Foxglove Ring,0.000692999,2628.07,1.8212
2026-09-20T00:30:03Z,248,Golden Overseer Ring,0.000679,2628.07,1.7845
2026-09-20T00:30:03Z,249,Golden Summoner Ring,0.000697,2628.07,1.8318
2026-09-20T01:00:02Z,134,Chobo Silver Ring,6.9849998e-05,2626.74,0.1835
2026-09-20T01:00:02Z,135,Crusader Silver Ring,9.07298e-05,2626.74,0.2383
2026-09-20T01:00:02Z,136,Overseer Silver Ring,8.29199998e-05,2626.74,0.2178
2026-09-20T01:00:02Z,137,Athena Silver Ring,6.89299e-05,2626.74,0.1811
2026-09-20T01:00:02Z,138,Archon Silver Ring,6.692e-05,2626.74,0.1758
2026-09-20T01:00:02Z,139,Foxglove Silver Ring,7.9919999e-05,2626.74,0.2099
2026-09-20T01:00:02Z,140,Summoner Silver Ring,6.168e-05,2626.74,0.162
2026-09-20T01:00:02Z,243,Golden Archon Ring,0.00059,2626.74,1.5498
2026-09-20T01:00:02Z,244,Golden Athena Ring,0.00065,2626.74,1.7074
2026-09-20T01:00:02Z,245,Golden Chobo Ring,0.00064,2626.74,1.6811
2026-09-20T01:00:02Z,246,Golden Crusader Ring,0.00059,2626.74,1.5498
2026-09-20T01:00:02Z,247,Golden Foxglove Ring,0.000692999,2626.74,1.8203
2026-09-20T01:00:02Z,248,Golden Overseer Ring,0.00065,2626.74,1.7074
2026-09-20T01:00:02Z,249,Golden Summoner Ring,0.000697,2626.74,1.8308
2026-09-20T01:30:05Z,134,Chobo Silver Ring,6.9849998e-05,2621.54,0.1831
2026-09-20T01:30:05Z,135,Crusader Silver Ring,9.07298e-05,2621.54,0.2379
2026-09-20T01:30:05Z,136,Overseer Silver Ring,8.29199998e-05,2621.54,0.2174
2026-09-20T01:30:05Z,137,Athena Silver Ring,6.893e-05,2621.54,0.1807
2026-09-20T01:30:05Z,138,Archon Silver Ring,6.692e-05,2621.54,0.1754
2026-09-20T01:30:05Z,139,Foxglove Silver Ring,7.9919999e-05,2621.54,0.2095
2026-09-20T01:30:05Z,140,Summoner Silver Ring,6.174e-05,2621.54,0.1619
2026-09-20T01:30:05Z,243,Golden Archon Ring,0.00059,2621.54,1.5467
2026-09-20T01:30:05Z,244,Golden Athena Ring,0.0006498,2621.54,1.7035
2026-09-20T01:30:05Z,245,Golden Chobo Ring,0.00064,2621.54,1.6778
2026-09-20T01:30:05Z,246,Golden Crusader Ring,0.0005888,2621.54,1.5436
2026-09-20T01:30:05Z,247,Golden Foxglove Ring,0.000692999,2621.54,1.8167
2026-09-20T01:30:05Z,248,Golden Overseer Ring,0.0006489,2621.54,1.7011
2026-09-20T01:30:05Z,249,Golden Summoner Ring,0.0006968,2621.54,1.8267
2026-09-20T02:00:03Z,134,Chobo Silver Ring,6.986e-05,2617.56,0.1829
2026-09-20T02:00:03Z,135,Crusader Silver Ring,9.07298e-05,2617.56,0.2375
2026-09-20T02:00:03Z,136,Overseer Silver Ring,8.29199998e-05,2617.56,0.217
2026-09-20T02:00:03Z,137,Athena Silver Ring,6.893e-05,2617.56,0.1804
2026-09-20T02:00:03Z,138,Archon Silver Ring,6.692e-05,2617.56,0.1752
2026-09-20T02:00:03Z,139,Foxglove Silver Ring,7.9919999e-05,2617.56,0.2092
2026-09-20T02:00:03Z,140,Summoner Silver Ring,6.174e-05,2617.56,0.1616
2026-09-20T02:00:03Z,243,Golden Archon Ring,0.00059,2617.56,1.5444
2026-09-20T02:00:03Z,244,Golden Athena Ring,0.0006498,2617.56,1.7009
2026-09-20T02:00:03Z,245,Golden Chobo Ring,0.00064,2617.56,1.6752
2026-09-20T02:00:03Z,246,Golden Crusader Ring,0.0005888,2617.56,1.5412
2026-09-20T02:00:03Z,247,Golden Foxglove Ring,0.000692999,2617.56,1.814
2026-09-20T02:00:03Z,248,Golden Overseer Ring,0.0006489,2617.56,1.6985
2026-09-20T02:00:03Z,249,Golden Summoner Ring,0.0006968,2617.56,1.8239
2026-09-20T02:30:02Z,134,Chobo Silver Ring,6.986e-05,2613.65,0.1826
2026-09-20T02:30:02Z,135,Crusader Silver Ring,9.07298e-05,2613.65,0.2371
2026-09-20T02:30:02Z,136,Overseer Silver Ring,8.29199998e-05,2613.65,0.2167
2026-09-20T02:30:02Z,137,Athena Silver Ring,6.893e-05,2613.65,0.1802
2026-09-20T02:30:02Z,138,Archon Silver Ring,6.692e-05,2613.65,0.1749
2026-09-20T02:30:02Z,139,Foxglove Silver Ring,7.9919999e-05,2613.65,0.2089
2026-09-20T02:30:02Z,140,Summoner Silver Ring,6.174e-05,2613.65,0.1614
2026-09-20T02:30:02Z,243,Golden Archon Ring,0.00059,2613.65,1.5421
2026-09-20T02:30:02Z,244,Golden Athena Ring,0.0006498,2613.65,1.6983
2026-09-20T02:30:02Z,245,Golden Chobo Ring,0.000659338,2613.65,1.7233
2026-09-20T02:30:02Z,246,Golden Crusader Ring,0.0005888,2613.65,1.5389
2026-09-20T02:30:02Z,247,Golden Foxglove Ring,0.000692999,2613.65,1.8113
2026-09-20T02:30:02Z,248,Golden Overseer Ring,0.0006489,2613.65,1.696
2026-09-20T02:30:02Z,249,Golden Summoner Ring,0.0006968,2613.65,1.8212
2026-09-20T03:00:02Z,134,Chobo Silver Ring,6.986e-05,2572.5,0.1797
2026-09-20T03:00:02Z,135,Crusader Silver Ring,9.07298e-05,2572.5,0.2334
2026-09-20T03:00:02Z,136,Overseer Silver Ring,8.29199998e-05,2572.5,0.2133
2026-09-20T03:00:02Z,137,Athena Silver Ring,6.893e-05,2572.5,0.1773
2026-09-20T03:00:02Z,138,Archon Silver Ring,6.692e-05,2572.5,0.1722
2026-09-20T03:00:02Z,139,Foxglove Silver Ring,8.79999e-05,2572.5,0.2264
2026-09-20T03:00:02Z,140,Summoner Silver Ring,6.174e-05,2572.5,0.1588
2026-09-20T03:00:02Z,243,Golden Archon Ring,0.00059,2572.5,1.5178
2026-09-20T03:00:02Z,244,Golden Athena Ring,0.0006498,2572.5,1.6716
2026-09-20T03:00:02Z,245,Golden Chobo Ring,0.000659338,2572.5,1.6961
2026-09-20T03:00:02Z,246,Golden Crusader Ring,0.0005888,2572.5,1.5147
2026-09-20T03:00:02Z,247,Golden Foxglove Ring,0.000692999,2572.5,1.7827
2026-09-20T03:00:02Z,248,Golden Overseer Ring,0.0006489,2572.5,1.6693
2026-09-20T03:00:02Z,249,Golden Summoner Ring,0.0006968,2572.5,1.7925
2026-09-20T03:30:02Z,134,Chobo Silver Ring,7.698791e-05,2584.96,0.199
2026-09-20T03:30:02Z,135,Crusader Silver Ring,9.07298e-05,2584.96,0.2345
2026-09-20T03:30:02Z,136,Overseer Silver Ring,8.29199998e-05,2584.96,0.2143
2026-09-20T03:30:02Z,137,Athena Silver Ring,7.19999e-05,2584.96,0.1861
2026-09-20T03:30:02Z,138,Archon Silver Ring,6.899990101e-05,2584.96,0.1784
2026-09-20T03:30:02Z,139,Foxglove Silver Ring,8.79999e-05,2584.96,0.2275
2026-09-20T03:30:02Z,140,Summoner Silver Ring,6.697999e-05,2584.96,0.1731
2026-09-20T03:30:02Z,243,Golden Archon Ring,0.00059,2584.96,1.5251
2026-09-20T03:30:02Z,244,Golden Athena Ring,0.0006498,2584.96,1.6797
2026-09-20T03:30:02Z,245,Golden Chobo Ring,0.000659338,2584.96,1.7044
2026-09-20T03:30:02Z,246,Golden Crusader Ring,0.0005888,2584.96,1.522
2026-09-20T03:30:02Z,247,Golden Foxglove Ring,0.000692999,2584.96,1.7914
2026-09-20T03:30:02Z,248,Golden Overseer Ring,0.0006489,2584.96,1.6774
2026-09-20T03:30:02Z,249,Golden Summoner Ring,0.0006968,2584.96,1.8012
2026-09-20T04:00:02Z,134,Chobo Silver Ring,7.698791e-05,2586.77,0.1992
2026-09-20T04:00:02Z,135,Crusader Silver Ring,9.07298e-05,2586.77,0.2347
2026-09-20T04:00:02Z,136,Overseer Silver Ring,8.29199998e-05,2586.77,0.2145
2026-09-20T04:00:02Z,137,Athena Silver Ring,7.19999e-05,2586.77,0.1862
2026-09-20T04:00:02Z,138,Archon Silver Ring,6.899990101e-05,2586.77,0.1785
2026-09-20T04:00:02Z,139,Foxglove Silver Ring,8.79999e-05,2586.77,0.2276
2026-09-20T04:00:02Z,140,Summoner Silver Ring,6.697999e-05,2586.77,0.1733
2026-09-20T04:00:02Z,243,Golden Archon Ring,0.0006892,2586.77,1.7828
2026-09-20T04:00:02Z,244,Golden Athena Ring,0.0006498,2586.77,1.6809
2026-09-20T04:00:02Z,245,Golden Chobo Ring,0.000659338,2586.77,1.7056
2026-09-20T04:00:02Z,246,Golden Crusader Ring,0.0005888,2586.77,1.5231
2026-09-20T04:00:02Z,247,Golden Foxglove Ring,0.000692999,2586.77,1.7926
2026-09-20T04:00:02Z,248,Golden Overseer Ring,0.0006489,2586.77,1.6786
2026-09-20T04:00:02Z,249,Golden Summoner Ring,0.0006968,2586.77,1.8025
2026-09-20T04:30:02Z,134,Chobo Silver Ring,7.698791e-05,2582.39,0.1988
2026-09-20T04:30:02Z,135,Crusader Silver Ring,9.07298e-05,2582.39,0.2343
2026-09-20T04:30:02Z,136,Overseer Silver Ring,8.29199998e-05,2582.39,0.2141
2026-09-20T04:30:02Z,137,Athena Silver Ring,7.19999e-05,2582.39,0.1859
2026-09-20T04:30:02Z,138,Archon Silver Ring,6.899990101e-05,2582.39,0.1782
2026-09-20T04:30:02Z,139,Foxglove Silver Ring,8.79999e-05,2582.39,0.2273
2026-09-20T04:30:02Z,140,Summoner Silver Ring,6.697999e-05,2582.39,0.173
2026-09-20T04:30:02Z,243,Golden Archon Ring,0.0006892,2582.39,1.7798
2026-09-20T04:30:02Z,244,Golden Athena Ring,0.0006498,2582.39,1.678
2026-09-20T04:30:02Z,245,Golden Chobo Ring,0.000659338,2582.39,1.7027
2026-09-20T04:30:02Z,246,Golden Crusader Ring,0.0005888,2582.39,1.5205
2026-09-20T04:30:02Z,247,Golden Foxglove Ring,0.000692999,2582.39,1.7896
2026-09-20T04:30:02Z,248,Golden Overseer Ring,0.0006489,2582.39,1.6757
2026-09-20T04:30:02Z,249,Golden Summoner Ring,0.0006968,2582.39,1.7994
2026-09-20T05:00:03Z,134,Chobo Silver Ring,7.698791e-05,2579.95,0.1986
2026-09-20T05:00:03Z,135,Crusader Silver Ring,9.07298e-05,2579.95,0.2341
2026-09-20T05:00:03Z,136,Overseer Silver Ring,8.29199998e-05,2579.95,0.2139
2026-09-20T05:00:03Z,137,Athena Silver Ring,7.19999e-05,2579.95,0.1858
2026-09-20T05:00:03Z,138,Archon Silver Ring,6.899990101e-05,2579.95,0.178
2026-09-20T05:00:03Z,139,Foxglove Silver Ring,8.79999e-05,2579.95,0.227
2026-09-20T05:00:03Z,140,Summoner Silver Ring,6.697999e-05,2579.95,0.1728
2026-09-20T05:00:03Z,243,Golden Archon Ring,0.0006892,2579.95,1.7781
2026-09-20T05:00:03Z,244,Golden Athena Ring,0.0006498,2579.95,1.6765
2026-09-20T05:00:03Z,245,Golden Chobo Ring,0.000659338,2579.95,1.7011
2026-09-20T05:00:03Z,246,Golden Crusader Ring,0.0005498,2579.95,1.4185
2026-09-20T05:00:03Z,247,Golden Foxglove Ring,0.000692999,2579.95,1.7879
2026-09-20T05:00:03Z,248,Golden Overseer Ring,0.0006489,2579.95,1.6741
2026-09-20T05:00:03Z,249,Golden Summoner Ring,0.0006968,2579.95,1.7977
2026-09-20T05:30:02Z,134,Chobo Silver Ring,7.698791e-05,2577,0.1984
2026-09-20T05:30:02Z,135,Crusader Silver Ring,9.07298e-05,2577,0.2338
2026-09-20T05:30:02Z,136,Overseer Silver Ring,8.29199998e-05,2577,0.2137
2026-09-20T05:30:02Z,137,Athena Silver Ring,7.19999e-05,2577,0.1855
2026-09-20T05:30:02Z,138,Archon Silver Ring,6.899990101e-05,2577,0.1778
2026-09-20T05:30:02Z,139,Foxglove Silver Ring,8.79999e-05,2577,0.2268
2026-09-20T05:30:02Z,140,Summoner Silver Ring,6.697999e-05,2577,0.1726
2026-09-20T05:30:02Z,243,Golden Archon Ring,0.0006892,2577,1.7761
2026-09-20T05:30:02Z,244,Golden Athena Ring,0.0006498,2577,1.6745
2026-09-20T05:30:02Z,245,Golden Chobo Ring,0.000659338,2577,1.6991
2026-09-20T05:30:02Z,246,Golden Crusader Ring,0.0005888,2577,1.5173
2026-09-20T05:30:02Z,247,Golden Foxglove Ring,0.000692999,2577,1.7859
2026-09-20T05:30:02Z,248,Golden Overseer Ring,0.0006489,2577,1.6722
2026-09-20T05:30:02Z,249,Golden Summoner Ring,0.0006968,2577,1.7957
2026-09-20T06:00:02Z,134,Chobo Silver Ring,7.698791e-05,2576.04,0.1983
2026-09-20T06:00:02Z,135,Crusader Silver Ring,9.07298e-05,2576.04,0.2337
2026-09-20T06:00:02Z,136,Overseer Silver Ring,8.29199998e-05,2576.04,0.2136
2026-09-20T06:00:02Z,137,Athena Silver Ring,7.19999e-05,2576.04,0.1855
2026-09-20T06:00:02Z,138,Archon Silver Ring,6.899990101e-05,2576.04,0.1777
2026-09-20T06:00:02Z,139,Foxglove Silver Ring,8.79999e-05,2576.04,0.2267
2026-09-20T06:00:02Z,140,Summoner Silver Ring,6.697999e-05,2576.04,0.1725
2026-09-20T06:00:02Z,243,Golden Archon Ring,0.0006892,2576.04,1.7754
2026-09-20T06:00:02Z,244,Golden Athena Ring,0.0006498,2576.04,1.6739
2026-09-20T06:00:02Z,245,Golden Chobo Ring,0.000659338,2576.04,1.6985
2026-09-20T06:00:02Z,246,Golden Crusader Ring,0.0007,2576.04,1.8032
2026-09-20T06:00:02Z,247,Golden Foxglove Ring,0.000692999,2576.04,1.7852
2026-09-20T06:00:02Z,248,Golden Overseer Ring,0.000679,2576.04,1.7491
2026-09-20T06:00:02Z,249,Golden Summoner Ring,0.0006968,2576.04,1.795
2026-09-20T06:30:02Z,134,Chobo Silver Ring,7.698791e-05,2580.61,0.1987
2026-09-20T06:30:02Z,135,Crusader Silver Ring,9.07298e-05,2580.61,0.2341
2026-09-20T06:30:02Z,136,Overseer Silver Ring,8.292e-05,2580.61,0.214
2026-09-20T06:30:02Z,137,Athena Silver Ring,7.19999e-05,2580.61,0.1858
2026-09-20T06:30:02Z,138,Archon Silver Ring,6.899990101e-05,2580.61,0.1781
2026-09-20T06:30:02Z,139,Foxglove Silver Ring,8.79999e-05,2580.61,0.2271
2026-09-20T06:30:02Z,140,Summoner Silver Ring,6.697999e-05,2580.61,0.1728
2026-09-20T06:30:02Z,243,Golden Archon Ring,0.0006892,2580.61,1.7786
2026-09-20T06:30:02Z,244,Golden Athena Ring,0.0006498,2580.61,1.6769
2026-09-20T06:30:02Z,245,Golden Chobo Ring,0.000659338,2580.61,1.7015
2026-09-20T06:30:02Z,246,Golden Crusader Ring,0.0007,2580.61,1.8064
2026-09-20T06:30:02Z,247,Golden Foxglove Ring,0.000692999,2580.61,1.7884
2026-09-20T06:30:02Z,248,Golden Overseer Ring,0.00069,2580.61,1.7806
2026-09-20T06:30:02Z,249,Golden Summoner Ring,0.0006968,2580.61,1.7982
2026-09-20T07:00:02Z,134,Chobo Silver Ring,7.698791e-05,2572.63,0.1981
2026-09-20T07:00:02Z,135,Crusader Silver Ring,9.07298e-05,2572.63,0.2334
2026-09-20T07:00:02Z,136,Overseer Silver Ring,8.292e-05,2572.63,0.2133
2026-09-20T07:00:02Z,137,Athena Silver Ring,7.19999e-05,2572.63,0.1852
2026-09-20T07:00:02Z,138,Archon Silver Ring,6.899990101e-05,2572.63,0.1775
2026-09-20T07:00:02Z,139,Foxglove Silver Ring,8.79999e-05,2572.63,0.2264
2026-09-20T07:00:02Z,140,Summoner Silver Ring,6.699e-05,2572.63,0.1723
2026-09-20T07:00:02Z,243,Golden Archon Ring,0.0006892,2572.63,1.7731
2026-09-20T07:00:02Z,244,Golden Athena Ring,0.0006498,2572.63,1.6717
2026-09-20T07:00:02Z,245,Golden Chobo Ring,0.000659338,2572.63,1.6962
2026-09-20T07:00:02Z,246,Golden Crusader Ring,0.0007,2572.63,1.8008
2026-09-20T07:00:02Z,247,Golden Foxglove Ring,0.000692999,2572.63,1.7828
2026-09-20T07:00:02Z,248,Golden Overseer Ring,0.00069,2572.63,1.7751
2026-09-20T07:00:02Z,249,Golden Summoner Ring,0.0006968,2572.63,1.7926
2026-09-20T07:30:02Z,134,Chobo Silver Ring,7.698791e-05,2576.72,0.1984
2026-09-20T07:30:02Z,135,Crusader Silver Ring,9.07298e-05,2576.72,0.2338
2026-09-20T07:30:02Z,136,Overseer Silver Ring,8.292e-05,2576.72,0.2137
2026-09-20T07:30:02Z,137,Athena Silver Ring,7.19999e-05,2576.72,0.1855
2026-09-20T07:30:02Z,138,Archon Silver Ring,6.899990101e-05,2576.72,0.1778
2026-09-20T07:30:02Z,139,Foxglove Silver Ring,8.79999e-05,2576.72,0.2268
2026-09-20T07:30:02Z,140,Summoner Silver Ring,6.699e-05,2576.72,0.1726
2026-09-20T07:30:02Z,243,Golden Archon Ring,0.0006892,2576.72,1.7759
2026-09-20T07:30:02Z,244,Golden Athena Ring,0.0006498,2576.72,1.6744
2026-09-20T07:30:02Z,245,Golden Chobo Ring,0.000659338,2576.72,1.6989
2026-09-20T07:30:02Z,246,Golden Crusader Ring,0.0007,2576.72,1.8037
2026-09-20T07:30:02Z,247,Golden Foxglove Ring,0.000692999,2576.72,1.7857
2026-09-20T07:30:02Z,248,Golden Overseer Ring,0.00069,2576.72,1.7779
2026-09-20T07:30:02Z,249,Golden Summoner Ring,0.0006968,2576.72,1.7955
2026-09-20T08:00:02Z,134,Chobo Silver Ring,7.698791e-05,2578.1,0.1985
2026-09-20T08:00:02Z,135,Crusader Silver Ring,9.07298e-05,2578.1,0.2339
2026-09-20T08:00:02Z,136,Overseer Silver Ring,8.292e-05,2578.1,0.2138
2026-09-20T08:00:02Z,137,Athena Silver Ring,7.19999e-05,2578.1,0.1856
2026-09-20T08:00:02Z,138,Archon Silver Ring,6.899990101e-05,2578.1,0.1779
2026-09-20T08:00:02Z,139,Foxglove Silver Ring,8.79999e-05,2578.1,0.2269
2026-09-20T08:00:02Z,140,Summoner Silver Ring,6.699e-05,2578.1,0.1727
2026-09-20T08:00:02Z,243,Golden Archon Ring,0.0006892,2578.1,1.7768
2026-09-20T08:00:02Z,244,Golden Athena Ring,0.0006498,2578.1,1.6752
2026-09-20T08:00:02Z,245,Golden Chobo Ring,0.000659338,2578.1,1.6998
2026-09-20T08:00:02Z,246,Golden Crusader Ring,0.0007,2578.1,1.8047
2026-09-20T08:00:02Z,247,Golden Foxglove Ring,0.000692999,2578.1,1.7866
2026-09-20T08:00:02Z,248,Golden Overseer Ring,0.00069,2578.1,1.7789
2026-09-20T08:00:02Z,249,Golden Summoner Ring,0.0006968,2578.1,1.7964
2026-09-20T08:30:02Z,134,Chobo Silver Ring,7.698791e-05,2576.37,0.1983
2026-09-20T08:30:02Z,135,Crusader Silver Ring,9.07298e-05,2576.37,0.2338
2026-09-20T08:30:02Z,136,Overseer Silver Ring,8.292e-05,2576.37,0.2136
2026-09-20T08:30:02Z,137,Athena Silver Ring,7.19999e-05,2576.37,0.1855
2026-09-20T08:30:02Z,138,Archon Silver Ring,6.899990101e-05,2576.37,0.1778
2026-09-20T08:30:02Z,139,Foxglove Silver Ring,8.79999e-05,2576.37,0.2267
2026-09-20T08:30:02Z,140,Summoner Silver Ring,6.699e-05,2576.37,0.1726
2026-09-20T08:30:02Z,243,Golden Archon Ring,0.0006892,2576.37,1.7756
2026-09-20T08:30:02Z,244,Golden Athena Ring,0.0006498,2576.37,1.6741
2026-09-20T08:30:02Z,245,Golden Chobo Ring,0.0006593379,2576.37,1.6987
2026-09-20T08:30:02Z,246,Golden Crusader Ring,0.0007,2576.37,1.8035
2026-09-20T08:30:02Z,247,Golden Foxglove Ring,0.0006929989,2576.37,1.7854
2026-09-20T08:30:02Z,248,Golden Overseer Ring,0.00069,2576.37,1.7777
2026-09-20T08:30:02Z,249,Golden Summoner Ring,0.0006968,2576.37,1.7952
2026-09-20T09:00:02Z,134,Chobo Silver Ring,7.698791e-05,2574.09,0.1982
2026-09-20T09:00:02Z,135,Crusader Silver Ring,9.0729799e-05,2574.09,0.2335
2026-09-20T09:00:02Z,136,Overseer Silver Ring,8.2919999e-05,2574.09,0.2134
2026-09-20T09:00:02Z,137,Athena Silver Ring,7.19999e-05,2574.09,0.1853
2026-09-20T09:00:02Z,138,Archon Silver Ring,6.899990101e-05,2574.09,0.1776
2026-09-20T09:00:02Z,139,Foxglove Silver Ring,8.79999e-05,2574.09,0.2265
2026-09-20T09:00:02Z,140,Summoner Silver Ring,6.699e-05,2574.09,0.1724
2026-09-20T09:00:02Z,243,Golden Archon Ring,0.00068,2574.09,1.7504
2026-09-20T09:00:02Z,244,Golden Athena Ring,0.00064979999,2574.09,1.6726
2026-09-20T09:00:02Z,245,Golden Chobo Ring,0.0006593379,2574.09,1.6972
2026-09-20T09:00:02Z,246,Golden Crusader Ring,0.00068,2574.09,1.7504
2026-09-20T09:00:02Z,247,Golden Foxglove Ring,0.00068,2574.09,1.7504
2026-09-20T09:00:02Z,248,Golden Overseer Ring,0.00069,2574.09,1.7761
2026-09-20T09:00:02Z,249,Golden Summoner Ring,0.00068,2574.09,1.7504
2026-09-20T09:30:03Z,134,Chobo Silver Ring,7.698791e-05,2578.8,0.1985
2026-09-20T09:30:03Z,135,Crusader Silver Ring,9.0729799e-05,2578.8,0.234
2026-09-20T09:30:03Z,136,Overseer Silver Ring,8.2919999e-05,2578.8,0.2138
2026-09-20T09:30:03Z,137,Athena Silver Ring,7.19999e-05,2578.8,0.1857
2026-09-20T09:30:03Z,138,Archon Silver Ring,6.899990101e-05,2578.8,0.1779
2026-09-20T09:30:03Z,139,Foxglove Silver Ring,8.79999e-05,2578.8,0.2269
2026-09-20T09:30:03Z,140,Summoner Silver Ring,6.699e-05,2578.8,0.1728
2026-09-20T09:30:03Z,243,Golden Archon Ring,0.00068,2578.8,1.7536
2026-09-20T09:30:03Z,244,Golden Athena Ring,0.00064979999,2578.8,1.6757
2026-09-20T09:30:03Z,245,Golden Chobo Ring,0.0006593379,2578.8,1.7003
2026-09-20T09:30:03Z,246,Golden Crusader Ring,0.00068,2578.8,1.7536
2026-09-20T09:30:03Z,247,Golden Foxglove Ring,0.0006799999,2578.8,1.7536
2026-09-20T09:30:03Z,248,Golden Overseer Ring,0.00069,2578.8,1.7794
2026-09-20T09:30:03Z,249,Golden Summoner Ring,0.00068,2578.8,1.7536
2026-09-20T10:00:02Z,134,Chobo Silver Ring,7.698791e-05,2579.2,0.1986
2026-09-20T10:00:02Z,135,Crusader Silver Ring,9.0729799e-05,2579.2,0.234
2026-09-20T10:00:02Z,136,Overseer Silver Ring,8.2919999e-05,2579.2,0.2139
2026-09-20T10:00:02Z,137,Athena Silver Ring,7.19999e-05,2579.2,0.1857
2026-09-20T10:00:02Z,138,Archon Silver Ring,6.899990101e-05,2579.2,0.178
2026-09-20T10:00:02Z,139,Foxglove Silver Ring,8.79999e-05,2579.2,0.227
2026-09-20T10:00:02Z,140,Summoner Silver Ring,6.699e-05,2579.2,0.1728
2026-09-20T10:00:02Z,243,Golden Archon Ring,0.00068,2579.2,1.7539
2026-09-20T10:00:02Z,244,Golden Athena Ring,0.00064979999,2579.2,1.676
2026-09-20T10:00:02Z,245,Golden Chobo Ring,0.0006593379,2579.2,1.7006
2026-09-20T10:00:02Z,246,Golden Crusader Ring,0.00068,2579.2,1.7539
2026-09-20T10:00:02Z,247,Golden Foxglove Ring,0.00067999,2579.2,1.7538
2026-09-20T10:00:02Z,248,Golden Overseer Ring,0.00069,2579.2,1.7796
2026-09-20T10:00:02Z,249,Golden Summoner Ring,0.00068,2579.2,1.7539
2026-09-20T10:30:02Z,134,Chobo Silver Ring,7.698791e-05,2574.3,0.1982
2026-09-20T10:30:02Z,135,Crusader Silver Ring,9.0729799e-05,2574.3,0.2336
2026-09-20T10:30:02Z,136,Overseer Silver Ring,8.2919999e-05,2574.3,0.2135
2026-09-20T10:30:02Z,137,Athena Silver Ring,7.19999e-05,2574.3,0.1853
2026-09-20T10:30:02Z,138,Archon Silver Ring,6.899990101e-05,2574.3,0.1776
2026-09-20T10:30:02Z,139,Foxglove Silver Ring,8.79999e-05,2574.3,0.2265
2026-09-20T10:30:02Z,140,Summoner Silver Ring,6.699e-05,2574.3,0.1725
2026-09-20T10:30:02Z,243,Golden Archon Ring,0.00068,2574.3,1.7505
2026-09-20T10:30:02Z,244,Golden Athena Ring,0.00064979999,2574.3,1.6728
2026-09-20T10:30:02Z,245,Golden Chobo Ring,0.0006593379,2574.3,1.6973
2026-09-20T10:30:02Z,246,Golden Crusader Ring,0.00068,2574.3,1.7505
2026-09-20T10:30:02Z,247,Golden Foxglove Ring,0.00067999,2574.3,1.7505
2026-09-20T10:30:02Z,248,Golden Overseer Ring,0.00069,2574.3,1.7763
2026-09-20T10:30:02Z,249,Golden Summoner Ring,0.00068,2574.3,1.7505
2026-09-20T11:00:03Z,134,Chobo Silver Ring,7.5e-05,2570.35,0.1928
2026-09-20T11:00:03Z,135,Crusader Silver Ring,9.0729799e-05,2570.35,0.2332
2026-09-20T11:00:03Z,136,Overseer Silver Ring,8.2919999e-05,2570.35,0.2131
2026-09-20T11:00:03Z,137,Athena Silver Ring,7.19999e-05,2570.35,0.1851
2026-09-20T11:00:03Z,138,Archon Silver Ring,6.899990101e-05,2570.35,0.1774
2026-09-20T11:00:03Z,139,Foxglove Silver Ring,8.79999e-05,2570.35,0.2262
2026-09-20T11:00:03Z,140,Summoner Silver Ring,6.699e-05,2570.35,0.1722
2026-09-20T11:00:03Z,243,Golden Archon Ring,0.00068,2570.35,1.7478
2026-09-20T11:00:03Z,244,Golden Athena Ring,0.00064979999,2570.35,1.6702
2026-09-20T11:00:03Z,245,Golden Chobo Ring,0.000659337899,2570.35,1.6947
2026-09-20T11:00:03Z,246,Golden Crusader Ring,0.00068,2570.35,1.7478
2026-09-20T11:00:03Z,247,Golden Foxglove Ring,0.000679989,2570.35,1.7478
2026-09-20T11:00:03Z,248,Golden Overseer Ring,0.00069,2570.35,1.7735
2026-09-20T11:00:03Z,249,Golden Summoner Ring,0.00068,2570.35,1.7478
2026-09-20T11:30:01Z,134,Chobo Silver Ring,7.492e-05,2571.21,0.1926
2026-09-20T11:30:01Z,135,Crusader Silver Ring,9.064e-05,2571.21,0.2331
2026-09-20T11:30:01Z,136,Overseer Silver Ring,8.284e-05,2571.21,0.213
2026-09-20T11:30:01Z,137,Athena Silver Ring,7.193e-05,2571.21,0.1849
2026-09-20T11:30:01Z,138,Archon Silver Ring,6.893e-05,2571.21,0.1772
2026-09-20T11:30:01Z,139,Foxglove Silver Ring,8.79999e-05,2571.21,0.2263
2026-09-20T11:30:01Z,140,Summoner Silver Ring,6.692e-05,2571.21,0.1721
2026-09-20T11:30:01Z,243,Golden Archon Ring,0.00067932,2571.21,1.7467
2026-09-20T11:30:01Z,244,Golden Athena Ring,0.00064915,2571.21,1.6691
2026-09-20T11:30:01Z,245,Golden Chobo Ring,0.0006586799,2571.21,1.6936
2026-09-20T11:30:01Z,246,Golden Crusader Ring,0.00067932,2571.21,1.7467
2026-09-20T11:30:01Z,247,Golden Foxglove Ring,0.00067930999,2571.21,1.7466
2026-09-20T11:30:01Z,248,Golden Overseer Ring,0.00068931,2571.21,1.7724
2026-09-20T11:30:01Z,249,Golden Summoner Ring,0.00067932,2571.21,1.7467
2026-09-20T12:00:02Z,134,Chobo Silver Ring,7.492e-05,2577.83,0.1931
2026-09-20T12:00:02Z,135,Crusader Silver Ring,9.064e-05,2577.83,0.2337
2026-09-20T12:00:02Z,136,Overseer Silver Ring,8.283999e-05,2577.83,0.2135
2026-09-20T12:00:02Z,137,Athena Silver Ring,7.193e-05,2577.83,0.1854
2026-09-20T12:00:02Z,138,Archon Silver Ring,6.886e-05,2577.83,0.1775
2026-09-20T12:00:02Z,139,Foxglove Silver Ring,8.79999e-05,2577.83,0.2268
2026-09-20T12:00:02Z,140,Summoner Silver Ring,6.692e-05,2577.83,0.1725
2026-09-20T12:00:02Z,243,Golden Archon Ring,0.00067932,2577.83,1.7512
2026-09-20T12:00:02Z,244,Golden Athena Ring,0.0006484999,2577.83,1.6717
2026-09-20T12:00:02Z,245,Golden Chobo Ring,0.00065801,2577.83,1.6962
2026-09-20T12:00:02Z,246,Golden Crusader Ring,0.00067932,2577.83,1.7512
2026-09-20T12:00:02Z,247,Golden Foxglove Ring,0.0006786299,2577.83,1.7494
2026-09-20T12:00:02Z,248,Golden Overseer Ring,0.00068931,2577.83,1.7769
2026-09-20T12:00:02Z,249,Golden Summoner Ring,0.00067932,2577.83,1.7512
2026-09-20T12:30:02Z,134,Chobo Silver Ring,7.492e-05,2575.13,0.1929
2026-09-20T12:30:02Z,135,Crusader Silver Ring,9.0549e-05,2575.13,0.2332
2026-09-20T12:30:02Z,136,Overseer Silver Ring,8.283999e-05,2575.13,0.2133
2026-09-20T12:30:02Z,137,Athena Silver Ring,7.193e-05,2575.13,0.1852
2026-09-20T12:30:02Z,138,Archon Silver Ring,6.886e-05,2575.13,0.1773
2026-09-20T12:30:02Z,139,Foxglove Silver Ring,8.79999e-05,2575.13,0.2266
2026-09-20T12:30:02Z,140,Summoner Silver Ring,6.692e-05,2575.13,0.1723
2026-09-20T12:30:02Z,243,Golden Archon Ring,0.00067932,2575.13,1.7493
2026-09-20T12:30:02Z,244,Golden Athena Ring,0.0006484999,2575.13,1.67
2026-09-20T12:30:02Z,245,Golden Chobo Ring,0.00065801,2575.13,1.6945
2026-09-20T12:30:02Z,246,Golden Crusader Ring,0.00067932,2575.13,1.7493
2026-09-20T12:30:02Z,247,Golden Foxglove Ring,0.0006786299,2575.13,1.7476
2026-09-20T12:30:02Z,248,Golden Overseer Ring,0.00068931,2575.13,1.7751
2026-09-20T12:30:02Z,249,Golden Summoner Ring,0.00067932,2575.13,1.7493
2026-09-20T13:00:02Z,134,Chobo Silver Ring,7.492e-05,2579.53,0.1933
2026-09-20T13:00:02Z,135,Crusader Silver Ring,9.0549e-05,2579.53,0.2336
2026-09-20T13:00:02Z,136,Overseer Silver Ring,8.283999e-05,2579.53,0.2137
2026-09-20T13:00:02Z,137,Athena Silver Ring,7.193e-05,2579.53,0.1855
2026-09-20T13:00:02Z,138,Archon Silver Ring,6.886e-05,2579.53,0.1776
2026-09-20T13:00:02Z,139,Foxglove Silver Ring,8.79999e-05,2579.53,0.227
2026-09-20T13:00:02Z,140,Summoner Silver Ring,6.692e-05,2579.53,0.1726
2026-09-20T13:00:02Z,243,Golden Archon Ring,0.000679318,2579.53,1.7523
2026-09-20T13:00:02Z,244,Golden Athena Ring,0.0006484998,2579.53,1.6728
2026-09-20T13:00:02Z,245,Golden Chobo Ring,0.000659338,2579.53,1.7008
2026-09-20T13:00:02Z,246,Golden Crusader Ring,0.00067932,2579.53,1.7523
2026-09-20T13:00:02Z,247,Golden Foxglove Ring,0.0006786298,2579.53,1.7505
2026-09-20T13:00:02Z,248,Golden Overseer Ring,0.00068931,2579.53,1.7781
2026-09-20T13:00:02Z,249,Golden Summoner Ring,0.00067932,2579.53,1.7523
2026-09-20T13:30:02Z,134,Chobo Silver Ring,7.492e-05,2579.51,0.1933
2026-09-20T13:30:02Z,135,Crusader Silver Ring,9.0549e-05,2579.51,0.2336
2026-09-20T13:30:02Z,136,Overseer Silver Ring,8.283999e-05,2579.51,0.2137
2026-09-20T13:30:02Z,137,Athena Silver Ring,7.193e-05,2579.51,0.1855
2026-09-20T13:30:02Z,138,Archon Silver Ring,6.893e-05,2579.51,0.1778
2026-09-20T13:30:02Z,139,Foxglove Silver Ring,8.79999e-05,2579.51,0.227
2026-09-20T13:30:02Z,140,Summoner Silver Ring,6.692e-05,2579.51,0.1726
2026-09-20T13:30:02Z,243,Golden Archon Ring,0.000679318,2579.51,1.7523
2026-09-20T13:30:02Z,244,Golden Athena Ring,0.0006484997999,2579.51,1.6728
2026-09-20T13:30:02Z,245,Golden Chobo Ring,0.000659338,2579.51,1.7008
2026-09-20T13:30:02Z,246,Golden Crusader Ring,0.00067932,2579.51,1.7523
2026-09-20T13:30:02Z,247,Golden Foxglove Ring,0.000678629799,2579.51,1.7505
2026-09-20T13:30:02Z,248,Golden Overseer Ring,0.00067932,2579.51,1.7523
2026-09-20T13:30:02Z,249,Golden Summoner Ring,0.00067932,2579.51,1.7523
2026-09-20T14:00:02Z,134,Chobo Silver Ring,7.492e-05,2579.31,0.1932
2026-09-20T14:00:02Z,135,Crusader Silver Ring,9.05489e-05,2579.31,0.2336
2026-09-20T14:00:02Z,136,Overseer Silver Ring,8.283999e-05,2579.31,0.2137
2026-09-20T14:00:02Z,137,Athena Silver Ring,7.193e-05,2579.31,0.1855
2026-09-20T14:00:02Z,138,Archon Silver Ring,6.893e-05,2579.31,0.1778
2026-09-20T14:00:02Z,139,Foxglove Silver Ring,8.79999e-05,2579.31,0.227
2026-09-20T14:00:02Z,140,Summoner Silver Ring,6.692e-05,2579.31,0.1726
2026-09-20T14:00:02Z,243,Golden Archon Ring,0.000679318,2579.31,1.7522
2026-09-20T14:00:02Z,244,Golden Athena Ring,0.0006484997999,2579.31,1.6727
2026-09-20T14:00:02Z,245,Golden Chobo Ring,0.000659338,2579.31,1.7006
2026-09-20T14:00:02Z,246,Golden Crusader Ring,0.00067932,2579.31,1.7522
2026-09-20T14:00:02Z,247,Golden Foxglove Ring,0.000678629799,2579.31,1.7504
2026-09-20T14:00:02Z,248,Golden Overseer Ring,0.00067932,2579.31,1.7522
2026-09-20T14:00:02Z,249,Golden Summoner Ring,0.00067932,2579.31,1.7522
2026-09-20T14:30:02Z,134,Chobo Silver Ring,7.492e-05,2577.53,0.1931
2026-09-20T14:30:02Z,135,Crusader Silver Ring,9.054899e-05,2577.53,0.2334
2026-09-20T14:30:02Z,136,Overseer Silver Ring,8.283999e-05,2577.53,0.2135
2026-09-20T14:30:02Z,137,Athena Silver Ring,7.193e-05,2577.53,0.1854
2026-09-20T14:30:02Z,138,Archon Silver Ring,6.893e-05,2577.53,0.1777
2026-09-20T14:30:02Z,139,Foxglove Silver Ring,8.79999e-05,2577.53,0.2268
2026-09-20T14:30:02Z,140,Summoner Silver Ring,6.692e-05,2577.53,0.1725
2026-09-20T14:30:02Z,243,Golden Archon Ring,0.000679318,2577.53,1.751
2026-09-20T14:30:02Z,244,Golden Athena Ring,0.0006484997999,2577.53,1.6715
2026-09-20T14:30:02Z,245,Golden Chobo Ring,0.000659338,2577.53,1.6995
2026-09-20T14:30:02Z,246,Golden Crusader Ring,0.00067932,2577.53,1.751
2026-09-20T14:30:02Z,247,Golden Foxglove Ring,0.000678629799,2577.53,1.7492
2026-09-20T14:30:02Z,248,Golden Overseer Ring,0.00067932,2577.53,1.751
2026-09-20T14:30:02Z,249,Golden Summoner Ring,0.00067932,2577.53,1.751
2026-09-20T15:00:02Z,134,Chobo Silver Ring,7.49e-05,2587.52,0.1938
2026-09-20T15:00:02Z,135,Crusader Silver Ring,9.054888e-05,2587.52,0.2343
2026-09-20T15:00:02Z,136,Overseer Silver Ring,8.28399e-05,2587.52,0.2143
2026-09-20T15:00:02Z,137,Athena Silver Ring,7.299e-05,2587.52,0.1889
2026-09-20T15:00:02Z,138,Archon Silver Ring,6.89e-05,2587.52,0.1783
2026-09-20T15:00:02Z,139,Foxglove Silver Ring,8.7999e-05,2587.52,0.2277
2026-09-20T15:00:02Z,140,Summoner Silver Ring,6.692e-05,2587.52,0.1732
2026-09-20T15:00:02Z,243,Golden Archon Ring,0.000679318,2587.52,1.7577
2026-09-20T15:00:02Z,244,Golden Athena Ring,0.0006484997999,2587.52,1.678
2026-09-20T15:00:02Z,245,Golden Chobo Ring,0.000659338,2587.52,1.7061
2026-09-20T15:00:02Z,246,Golden Crusader Ring,0.00067932,2587.52,1.7578
2026-09-20T15:00:02Z,247,Golden Foxglove Ring,0.000678629799,2587.52,1.756
2026-09-20T15:00:02Z,248,Golden Overseer Ring,0.00067932,2587.52,1.7578
2026-09-20T15:00:02Z,249,Golden Summoner Ring,0.00067932,2587.52,1.7578
2026-09-20T15:30:02Z,134,Chobo Silver Ring,4.6e-05,2595.83,0.1194
2026-09-20T15:30:02Z,135,Crusader Silver Ring,9.054888e-05,2595.83,0.235
2026-09-20T15:30:02Z,136,Overseer Silver Ring,8.28399e-05,2595.83,0.215
2026-09-20T15:30:02Z,137,Athena Silver Ring,4e-05,2595.83,0.1038
2026-09-20T15:30:02Z,138,Archon Silver Ring,6.89e-05,2595.83,0.1789
2026-09-20T15:30:02Z,139,Foxglove Silver Ring,8.7999e-05,2595.83,0.2284
2026-09-20T15:30:02Z,140,Summoner Silver Ring,6.692e-05,2595.83,0.1737
2026-09-20T15:30:02Z,243,Golden Archon Ring,0.000679318,2595.83,1.7634
2026-09-20T15:30:02Z,244,Golden Athena Ring,0.0006484997999,2595.83,1.6834
2026-09-20T15:30:02Z,245,Golden Chobo Ring,0.000659338,2595.83,1.7115
2026-09-20T15:30:02Z,246,Golden Crusader Ring,0.00067932,2595.83,1.7634
2026-09-20T15:30:02Z,247,Golden Foxglove Ring,0.000678629799,2595.83,1.7616
2026-09-20T15:30:02Z,248,Golden Overseer Ring,0.00067932,2595.83,1.7634
2026-09-20T15:30:02Z,249,Golden Summoner Ring,0.00067932,2595.83,1.7634
2026-09-20T16:00:02Z,134,Chobo Silver Ring,4.6e-05,2606.96,0.1199
2026-09-20T16:00:02Z,135,Crusader Silver Ring,9.054888e-05,2606.96,0.2361
2026-09-20T16:00:02Z,136,Overseer Silver Ring,8.28399e-05,2606.96,0.216
2026-09-20T16:00:02Z,137,Athena Silver Ring,4e-05,2606.96,0.1043
2026-09-20T16:00:02Z,138,Archon Silver Ring,6.89e-05,2606.96,0.1796
2026-09-20T16:00:02Z,139,Foxglove Silver Ring,8.7999e-05,2606.96,0.2294
2026-09-20T16:00:02Z,140,Summoner Silver Ring,6.692e-05,2606.96,0.1745
2026-09-20T16:00:02Z,243,Golden Archon Ring,0.000679318,2606.96,1.771
2026-09-20T16:00:02Z,244,Golden Athena Ring,0.0006484997999,2606.96,1.6906
2026-09-20T16:00:02Z,245,Golden Chobo Ring,0.000659338,2606.96,1.7189
2026-09-20T16:00:02Z,246,Golden Crusader Ring,0.00067932,2606.96,1.771
2026-09-20T16:00:02Z,247,Golden Foxglove Ring,0.000678629799,2606.96,1.7692
2026-09-20T16:00:02Z,248,Golden Overseer Ring,0.00067932,2606.96,1.771
2026-09-20T16:00:02Z,249,Golden Summoner Ring,0.00067932,2606.96,1.771
