date,doc_id,name,volume_items,volume_eth
2025-04-11,137,Athena Silver Ring,1,0.148
2025-04-12,137,Athena Silver Ring,1,0.0999
2025-04-12,139,Foxglove Silver Ring,1,0.097
2025-04-14,138,Archon Silver Ring,1,0.0397
2025-04-15,135,Crusader Silver Ring,1,0.018
2025-04-15,140,Summoner Silver Ring,2,0.045
2025-04-16,134,Chobo Silver Ring,1,0.015
2025-04-16,135,Crusader Silver Ring,4,0.0905
2025-04-16,137,Athena Silver Ring,3,0.107
2025-04-16,138,Archon Silver Ring,2,0.043
2025-04-16,139,Foxglove Silver Ring,3,0.064
2025-04-16,140,Summoner Silver Ring,1,0.021
2025-04-17,135,Crusader Silver Ring,1,0.0179
2025-04-17,140,Summoner Silver Ring,1,0.0175
2025-04-18,134,Chobo Silver Ring,3,0.0443
2025-04-18,135,Crusader Silver Ring,1,0.0169
2025-04-18,136,Overseer Silver Ring,2,0.0287
2025-04-18,137,Athena Silver Ring,1,0.0179
2025-04-18,138,Archon Silver Ring,1,0.018
2025-04-19,134,Chobo Silver Ring,1,0.0149
2025-04-19,136,Overseer Silver Ring,3,0.041
2025-04-19,140,Summoner Silver Ring,1,0.029
2025-04-20,134,Chobo Silver Ring,2,0.0242
2025-04-20,135,Crusader Silver Ring,2,0.025
2025-04-20,136,Overseer Silver Ring,4,0.0548
2025-04-20,137,Athena Silver Ring,1,0.018
2025-04-20,138,Archon Silver Ring,1,0.019
2025-04-20,139,Foxglove Silver Ring,1,0.0169
2025-04-21,135,Crusader Silver Ring,1,0.0105
2025-04-21,136,Overseer Silver Ring,1,0.0106
2025-04-21,137,Athena Silver Ring,1,0.0105
2025-04-21,139,Foxglove Silver Ring,1,0.0134
2025-04-21,140,Summoner Silver Ring,2,0.02079
2025-04-22,135,Crusader Silver Ring,1,0.0098
2025-04-22,137,Athena Silver Ring,1,0.00997
2025-04-22,139,Foxglove Silver Ring,1,0.00987
2025-04-23,134,Chobo Silver Ring,1,0.0094
2025-04-23,135,Crusader Silver Ring,1,0.0096
2025-04-24,134,Chobo Silver Ring,2,0.01894
2025-04-24,135,Crusader Silver Ring,1,0.00699
2025-04-24,136,Overseer Silver Ring,1,0.0091
2025-04-24,137,Athena Silver Ring,4,0.02978
2025-04-24,138,Archon Silver Ring,1,0.0091
2025-04-24,139,Foxglove Silver Ring,1,0.00699
2025-04-24,140,Summoner Silver Ring,2,0.01347
2025-04-25,135,Crusader Silver Ring,1,0.0054
2025-04-25,136,Overseer Silver Ring,3,0.0158
2025-04-25,137,Athena Silver Ring,1,0.0055
2025-04-25,138,Archon Silver Ring,4,0.02287
2025-04-25,139,Foxglove Silver Ring,1,0.005
2025-04-25,140,Summoner Silver Ring,2,0.0103
2025-04-26,134,Chobo Silver Ring,1,0.00485
2025-04-26,135,Crusader Silver Ring,1,0.00497
2025-04-27,134,Chobo Silver Ring,2,0.00933
2025-04-27,135,Crusader Silver Ring,1,0.0046
2025-04-27,136,Overseer Silver Ring,1,0.00484
2025-04-27,138,Archon Silver Ring,2,0.00968
2025-04-27,139,Foxglove Silver Ring,2,0.0097
2025-04-27,140,Summoner Silver Ring,2,0.00966
2025-04-28,134,Chobo Silver Ring,1,0.0044
2025-04-28,135,Crusader Silver Ring,6,0.026
2025-04-28,136,Overseer Silver Ring,2,0.0092
2025-04-28,137,Athena Silver Ring,3,0.0132
2025-04-28,138,Archon Silver Ring,2,0.00926
2025-04-28,139,Foxglove Silver Ring,2,0.0087
2025-04-28,140,Summoner Silver Ring,2,0.0088
2025-04-29,134,Chobo Silver Ring,3,0.012399
2025-04-29,135,Crusader Silver Ring,3,0.012899
2025-04-29,136,Overseer Silver Ring,3,0.0125
2025-04-29,137,Athena Silver Ring,2,0.01
2025-04-29,140,Summoner Silver Ring,1,0.0041
2025-04-30,134,Chobo Silver Ring,3,0.01217
2025-04-30,135,Crusader Silver Ring,3,0.01252
2025-04-30,136,Overseer Silver Ring,3,0.01218
2025-04-30,137,Athena Silver Ring,2,0.009478
2025-04-30,138,Archon Silver Ring,3,0.01218
2025-04-30,139,Foxglove Silver Ring,3,0.01221
2025-04-30,140,Summoner Silver Ring,4,0.01628
2025-05-01,134,Chobo Silver Ring,3,0.01036
2025-05-01,135,Crusader Silver Ring,3,0.01066
2025-05-01,136,Overseer Silver Ring,2,0.005648
2025-05-01,137,Athena Silver Ring,2,0.005679
2025-05-01,138,Archon Silver Ring,4,0.012602
2025-05-01,140,Summoner Silver Ring,6,0.02096
2025-05-02,134,Chobo Silver Ring,1,0.002799
2025-05-02,135,Crusader Silver Ring,5,0.015376
2025-05-02,136,Overseer Silver Ring,13,0.035696
2025-05-02,137,Athena Silver Ring,5,0.01307
2025-05-02,138,Archon Silver Ring,3,0.008328
2025-05-02,139,Foxglove Silver Ring,7,0.019481
2025-05-02,140,Summoner Silver Ring,5,0.013849
2025-05-03,134,Chobo Silver Ring,5,0.013818
2025-05-03,135,Crusader Silver Ring,5,0.016558
2025-05-03,136,Overseer Silver Ring,4,0.010885
2025-05-03,137,Athena Silver Ring,5,0.018996
2025-05-03,138,Archon Silver Ring,5,0.0135
2025-05-03,139,Foxglove Silver Ring,3,0.0111
2025-05-03,140,Summoner Silver Ring,4,0.010759
2025-05-04,134,Chobo Silver Ring,1,0.002547
2025-05-04,135,Crusader Silver Ring,1,0.002659
2025-05-04,136,Overseer Silver Ring,6,0.01635
2025-05-04,137,Athena Silver Ring,3,0.0078
2025-05-04,138,Archon Silver Ring,1,0.002198
2025-05-04,139,Foxglove Silver Ring,1,0.002987
2025-05-04,140,Summoner Silver Ring,8,0.020429
2025-05-05,134,Chobo Silver Ring,5,0.01084
2025-05-05,135,Crusader Silver Ring,6,0.013385
2025-05-05,136,Overseer Silver Ring,4,0.00834
2025-05-05,137,Athena Silver Ring,5,0.011669
2025-05-05,138,Archon Silver Ring,6,0.013011
2025-05-05,139,Foxglove Silver Ring,5,0.0108
2025-05-05,140,Summoner Silver Ring,1,0.00215
2025-05-06,134,Chobo Silver Ring,2,0.00394
2025-05-06,135,Crusader Silver Ring,6,0.0115
2025-05-06,136,Overseer Silver Ring,6,0.011608
2025-05-06,137,Athena Silver Ring,6,0.011758
2025-05-06,138,Archon Silver Ring,5,0.00959
2025-05-06,139,Foxglove Silver Ring,6,0.011784
2025-05-06,140,Summoner Silver Ring,8,0.01563
2025-05-07,134,Chobo Silver Ring,23,0.04789
2025-05-07,135,Crusader Silver Ring,17,0.034246
2025-05-07,136,Overseer Silver Ring,17,0.035828
2025-05-07,137,Athena Silver Ring,11,0.026778
2025-05-07,138,Archon Silver Ring,18,0.032453
2025-05-07,139,Foxglove Silver Ring,13,0.044
2025-05-07,140,Summoner Silver Ring,10,0.024017
2025-05-08,134,Chobo Silver Ring,1,0.00399
2025-05-08,135,Crusader Silver Ring,1,0.00268
2025-05-08,136,Overseer Silver Ring,1,0.00267
2025-05-08,137,Athena Silver Ring,1,0.004149
2025-05-08,138,Archon Silver Ring,1,0.00368
2025-05-08,139,Foxglove Silver Ring,4,0.010658
2025-05-08,140,Summoner Silver Ring,1,0.00267
2025-05-09,134,Chobo Silver Ring,2,0.004738
2025-05-09,135,Crusader Silver Ring,3,0.007452
2025-05-09,136,Overseer Silver Ring,6,0.014774
2025-05-09,137,Athena Silver Ring,6,0.014358
2025-05-09,138,Archon Silver Ring,4,0.009442
2025-05-09,139,Foxglove Silver Ring,1,0.002444
2025-05-10,134,Chobo Silver Ring,1,0.00222
2025-05-10,135,Crusader Silver Ring,2,0.00352
2025-05-10,136,Overseer Silver Ring,1,0.002221
2025-05-10,137,Athena Silver Ring,2,0.004468
2025-05-10,138,Archon Silver Ring,2,0.004692
2025-05-11,134,Chobo Silver Ring,6,0.011934
2025-05-11,135,Crusader Silver Ring,10,0.015856
2025-05-11,136,Overseer Silver Ring,5,0.009778
2025-05-11,137,Athena Silver Ring,5,0.00884
2025-05-11,138,Archon Silver Ring,7,0.012893
2025-05-11,139,Foxglove Silver Ring,8,0.013708
2025-05-11,140,Summoner Silver Ring,6,0.010712
2025-05-12,134,Chobo Silver Ring,3,0.004549
2025-05-12,135,Crusader Silver Ring,4,0.005868
2025-05-12,136,Overseer Silver Ring,2,0.003024
2025-05-12,137,Athena Silver Ring,5,0.00733
2025-05-12,138,Archon Silver Ring,4,0.005829
2025-05-12,139,Foxglove Silver Ring,3,0.00444
2025-05-12,140,Summoner Silver Ring,6,0.008988
2025-05-13,134,Chobo Silver Ring,10,0.014907
2025-05-13,135,Crusader Silver Ring,2,0.002987
2025-05-13,136,Overseer Silver Ring,6,0.008872
2025-05-13,137,Athena Silver Ring,2,0.002958
2025-05-13,138,Archon Silver Ring,1,0.001396
2025-05-13,139,Foxglove Silver Ring,6,0.008247
2025-05-13,140,Summoner Silver Ring,7,0.010441
2025-05-14,134,Chobo Silver Ring,2,0.002993
2025-05-14,135,Crusader Silver Ring,5,0.007324
2025-05-14,136,Overseer Silver Ring,6,0.008265
2025-05-14,137,Athena Silver Ring,1,0.001439
2025-05-14,138,Archon Silver Ring,1,0.001388
2025-05-14,139,Foxglove Silver Ring,3,0.003883
2025-05-14,140,Summoner Silver Ring,2,0.002953
2025-05-15,135,Crusader Silver Ring,1,0.001272
2025-05-15,136,Overseer Silver Ring,1,0.001257
2025-05-15,137,Athena Silver Ring,4,0.005358
2025-05-15,138,Archon Silver Ring,1,0.001253
2025-05-15,139,Foxglove Silver Ring,2,0.002554
2025-05-15,140,Summoner Silver Ring,5,0.006704
2025-05-16,134,Chobo Silver Ring,4,0.00494
2025-05-16,135,Crusader Silver Ring,4,0.005079
2025-05-16,136,Overseer Silver Ring,2,0.002496
2025-05-16,137,Athena Silver Ring,7,0.008751
2025-05-16,138,Archon Silver Ring,3,0.003743
2025-05-16,139,Foxglove Silver Ring,5,0.006312
2025-05-16,140,Summoner Silver Ring,3,0.003774
2025-05-17,134,Chobo Silver Ring,6,0.007163
2025-05-17,135,Crusader Silver Ring,10,0.012395
2025-05-17,136,Overseer Silver Ring,10,0.012231
2025-05-17,137,Athena Silver Ring,5,0.00619
2025-05-17,138,Archon Silver Ring,2,0.002398
2025-05-17,139,Foxglove Silver Ring,2,0.002258
2025-05-17,140,Summoner Silver Ring,4,0.004877
2025-05-18,134,Chobo Silver Ring,15,0.017476
2025-05-18,135,Crusader Silver Ring,13,0.013592
2025-05-18,136,Overseer Silver Ring,15,0.017135
2025-05-18,137,Athena Silver Ring,9,0.009781
2025-05-18,138,Archon Silver Ring,7,0.008382
2025-05-18,139,Foxglove Silver Ring,6,0.006697
2025-05-18,140,Summoner Silver Ring,7,0.007693
2025-05-19,134,Chobo Silver Ring,2,0.002098
2025-05-19,135,Crusader Silver Ring,2,0.002195
2025-05-19,136,Overseer Silver Ring,3,0.003586
2025-05-19,137,Athena Silver Ring,2,0.002162
2025-05-19,138,Archon Silver Ring,3,0.003593
2025-05-19,139,Foxglove Silver Ring,2,0.0022
2025-05-19,140,Summoner Silver Ring,4,0.004378
2025-05-20,134,Chobo Silver Ring,1,0.001048
2025-05-20,135,Crusader Silver Ring,1,0.001069
2025-05-20,136,Overseer Silver Ring,2,0.002249
2025-05-20,137,Athena Silver Ring,5,0.004986
2025-05-20,138,Archon Silver Ring,6,0.007183
2025-05-20,139,Foxglove Silver Ring,3,0.003398
2025-05-20,140,Summoner Silver Ring,3,0.003282
2025-05-21,134,Chobo Silver Ring,1,0.001046
2025-05-21,137,Athena Silver Ring,10,0.0099249998
2025-05-21,138,Archon Silver Ring,1,0.00109
2025-05-21,139,Foxglove Silver Ring,2,0.002298
2025-05-21,140,Summoner Silver Ring,6,0.006292
2025-05-22,134,Chobo Silver Ring,2,0.002
2025-05-22,135,Crusader Silver Ring,3,0.003139
2025-05-22,136,Overseer Silver Ring,7,0.007281
2025-05-22,137,Athena Silver Ring,2,0.002158
2025-05-22,138,Archon Silver Ring,4,0.004089
2025-05-22,139,Foxglove Silver Ring,2,0.0021
2025-05-22,140,Summoner Silver Ring,3,0.003147
2025-05-23,135,Crusader Silver Ring,11,0.009717
2025-05-23,136,Overseer Silver Ring,2,0.00199
2025-05-23,137,Athena Silver Ring,6,0.006899
2025-05-23,138,Archon Silver Ring,4,0.0037
2025-05-23,140,Summoner Silver Ring,3,0.003149
2025-05-24,134,Chobo Silver Ring,5,0.00465
2025-05-24,135,Crusader Silver Ring,11,0.009
2025-05-24,137,Athena Silver Ring,2,0.002209
2025-05-24,138,Archon Silver Ring,1,0.00095
2025-05-24,139,Foxglove Silver Ring,4,0.00367
2025-05-24,140,Summoner Silver Ring,5,0.005243
2025-05-25,134,Chobo Silver Ring,2,0.001848
2025-05-25,135,Crusader Silver Ring,7,0.006273
2025-05-25,136,Overseer Silver Ring,6,0.005575
2025-05-25,137,Athena Silver Ring,5,0.005358
2025-05-25,138,Archon Silver Ring,8,0.007749
2025-05-25,139,Foxglove Silver Ring,5,0.004757
2025-05-25,140,Summoner Silver Ring,7,0.007387
2025-05-26,135,Crusader Silver Ring,9,0.007248
2025-05-26,136,Overseer Silver Ring,5,0.004649
2025-05-26,138,Archon Silver Ring,2,0.001537
2025-05-26,140,Summoner Silver Ring,1,0.001149
2025-05-27,134,Chobo Silver Ring,1,0.000916
2025-05-27,135,Crusader Silver Ring,2,0.001629
2025-05-27,136,Overseer Silver Ring,1,0.000899
2025-05-27,137,Athena Silver Ring,5,0.004477
2025-05-27,138,Archon Silver Ring,1,0.000768
2025-05-27,139,Foxglove Silver Ring,2,0.001797
2025-05-27,140,Summoner Silver Ring,3,0.00255
2025-05-28,136,Overseer Silver Ring,1,0.000895
2025-05-28,138,Archon Silver Ring,26,0.01662
2025-05-28,139,Foxglove Silver Ring,1,0.000849
2025-05-28,140,Summoner Silver Ring,1,0.000797
2025-05-29,134,Chobo Silver Ring,1,0.000747
2025-05-29,135,Crusader Silver Ring,2,0.001468
2025-05-29,136,Overseer Silver Ring,1,0.00063
2025-05-29,137,Athena Silver Ring,1,0.000778
2025-05-29,139,Foxglove Silver Ring,5,0.00345
2025-05-29,140,Summoner Silver Ring,1,0.000793
2025-05-30,134,Chobo Silver Ring,10,0.007039
2025-05-30,135,Crusader Silver Ring,2,0.001394
2025-05-30,136,Overseer Silver Ring,7,0.004907
2025-05-30,137,Athena Silver Ring,23,0.014941
2025-05-30,139,Foxglove Silver Ring,13,0.008447
2025-05-30,140,Summoner Silver Ring,1,0.000749
2025-05-31,135,Crusader Silver Ring,6,0.004176
2025-05-31,136,Overseer Silver Ring,7,0.004897
2025-05-31,137,Athena Silver Ring,11,0.007814
2025-05-31,139,Foxglove Silver Ring,11,0.0071
2025-05-31,140,Summoner Silver Ring,10,0.007474
2025-06-01,134,Chobo Silver Ring,26,0.014736
2025-06-01,135,Crusader Silver Ring,11,0.006783
2025-06-01,138,Archon Silver Ring,6,0.003957
2025-06-01,139,Foxglove Silver Ring,12,0.007397
2025-06-01,140,Summoner Silver Ring,17,0.010437
2025-06-02,134,Chobo Silver Ring,2,0.001258
2025-06-02,135,Crusader Silver Ring,15,0.00823
2025-06-02,136,Overseer Silver Ring,19,0.010768
2025-06-02,137,Athena Silver Ring,1,0.0006
2025-06-02,138,Archon Silver Ring,3,0.001794
2025-06-02,139,Foxglove Silver Ring,2,0.00115
2025-06-03,134,Chobo Silver Ring,2,0.001199
2025-06-03,135,Crusader Silver Ring,8,0.004
2025-06-03,136,Overseer Silver Ring,3,0.001619
2025-06-03,137,Athena Silver Ring,2,0.0012
2025-06-03,138,Archon Silver Ring,3,0.001617
2025-06-03,139,Foxglove Silver Ring,4,0.002156
2025-06-03,140,Summoner Silver Ring,1,0.00059
2025-06-03,249,Golden Summoner Ring,1,0.035
2025-06-04,134,Chobo Silver Ring,4,0.002
2025-06-04,135,Crusader Silver Ring,15,0.00641
2025-06-04,136,Overseer Silver Ring,4,0.002157
2025-06-04,137,Athena Silver Ring,11,0.006238
2025-06-04,138,Archon Silver Ring,7,0.003717
2025-06-04,139,Foxglove Silver Ring,9,0.004922
2025-06-04,140,Summoner Silver Ring,6,0.003297
2025-06-04,243,Golden Archon Ring,1,0.035
2025-06-04,244,Golden Athena Ring,1,0.035
2025-06-04,246,Golden Crusader Ring,1,0.023
2025-06-04,247,Golden Foxglove Ring,1,0.035
2025-06-04,248,Golden Overseer Ring,1,0.035
2025-06-04,249,Golden Summoner Ring,1,0.035
2025-06-05,134,Chobo Silver Ring,14,0.006333
2025-06-05,135,Crusader Silver Ring,1,0.000577
2025-06-05,136,Overseer Silver Ring,11,0.00498
2025-06-05,137,Athena Silver Ring,4,0.00226
2025-06-05,138,Archon Silver Ring,5,0.002568
2025-06-05,139,Foxglove Silver Ring,2,0.001094
2025-06-05,140,Summoner Silver Ring,2,0.001098
2025-06-05,245,Golden Chobo Ring,1,0.0217
2025-06-06,134,Chobo Silver Ring,7,0.003439
2025-06-06,136,Overseer Silver Ring,5,0.002699
2025-06-06,137,Athena Silver Ring,2,0.001126
2025-06-06,139,Foxglove Silver Ring,1,0.000542
2025-06-06,140,Summoner Silver Ring,10,0.005359
2025-06-06,246,Golden Crusader Ring,1,0.023
2025-06-07,136,Overseer Silver Ring,3,0.00147
2025-06-07,138,Archon Silver Ring,2,0.00103
2025-06-08,135,Crusader Silver Ring,6,0.003213
2025-06-08,136,Overseer Silver Ring,3,0.00149
2025-06-08,137,Athena Silver Ring,10,0.005434
2025-06-08,139,Foxglove Silver Ring,16,0.007593
2025-06-08,140,Summoner Silver Ring,3,0.00135
2025-06-09,134,Chobo Silver Ring,28,0.012595
2025-06-09,135,Crusader Silver Ring,4,0.002191
2025-06-09,136,Overseer Silver Ring,7,0.004206
2025-06-09,137,Athena Silver Ring,11,0.004363
2025-06-09,138,Archon Silver Ring,12,0.005855
2025-06-09,139,Foxglove Silver Ring,18,0.008765
2025-06-09,140,Summoner Silver Ring,1,0.00045
2025-06-09,243,Golden Archon Ring,2,0.0235
2025-06-09,244,Golden Athena Ring,1,0.015
2025-06-09,245,Golden Chobo Ring,1,0.013
2025-06-09,246,Golden Crusader Ring,1,0.013
2025-06-09,247,Golden Foxglove Ring,2,0.0264
2025-06-09,248,Golden Overseer Ring,2,0.0235
2025-06-09,249,Golden Summoner Ring,2,0.0245
2025-06-10,138,Archon Silver Ring,5,0.0021
2025-06-10,140,Summoner Silver Ring,1,0.00045
2025-06-11,135,Crusader Silver Ring,8,0.003944
2025-06-11,136,Overseer Silver Ring,6,0.002877
2025-06-11,137,Athena Silver Ring,1,0.00048
2025-06-11,139,Foxglove Silver Ring,3,0.001494
2025-06-12,134,Chobo Silver Ring,33,0.015031
2025-06-12,135,Crusader Silver Ring,32,0.015436
2025-06-12,136,Overseer Silver Ring,33,0.015661
2025-06-12,137,Athena Silver Ring,13,0.006564
2025-06-12,138,Archon Silver Ring,35,0.014541
2025-06-12,139,Foxglove Silver Ring,25,0.012396
2025-06-12,140,Summoner Silver Ring,33,0.014482
2025-06-13,134,Chobo Silver Ring,3,0.00145
2025-06-13,135,Crusader Silver Ring,10,0.005674
2025-06-13,136,Overseer Silver Ring,1,0.000685
2025-06-13,137,Athena Silver Ring,17,0.009593
2025-06-13,138,Archon Silver Ring,14,0.007217
2025-06-13,139,Foxglove Silver Ring,20,0.010896
2025-06-13,140,Summoner Silver Ring,11,0.00647
2025-06-13,244,Golden Athena Ring,1,0.00947
2025-06-13,247,Golden Foxglove Ring,1,0.0098
2025-06-14,139,Foxglove Silver Ring,11,0.00595
2025-06-14,140,Summoner Silver Ring,2,0.001196
2025-06-16,135,Crusader Silver Ring,1,0.00044
2025-06-17,134,Chobo Silver Ring,12,0.005918
2025-06-17,135,Crusader Silver Ring,43,0.018084
2025-06-17,136,Overseer Silver Ring,11,0.005122
2025-06-17,138,Archon Silver Ring,7,0.003357
2025-06-17,140,Summoner Silver Ring,3,0.00141
2025-06-18,134,Chobo Silver Ring,1,0.000469
2025-06-18,135,Crusader Silver Ring,1,0.00044
2025-06-18,136,Overseer Silver Ring,1,0.0004
2025-06-18,139,Foxglove Silver Ring,1,0.00047
2025-06-18,140,Summoner Silver Ring,1,0.000443
2025-06-19,134,Chobo Silver Ring,10,0.00317
2025-06-19,136,Overseer Silver Ring,14,0.00487
2025-06-19,137,Athena Silver Ring,14,0.005125
2025-06-19,138,Archon Silver Ring,16,0.005737
2025-06-19,139,Foxglove Silver Ring,8,0.002622
2025-06-19,140,Summoner Silver Ring,11,0.00395
2025-06-20,134,Chobo Silver Ring,10,0.00448
2025-06-20,135,Crusader Silver Ring,9,0.00351
2025-06-20,136,Overseer Silver Ring,24,0.00888
2025-06-20,137,Athena Silver Ring,20,0.008989
2025-06-20,138,Archon Silver Ring,11,0.00434
2025-06-20,139,Foxglove Silver Ring,18,0.007187
2025-06-20,140,Summoner Silver Ring,15,0.005969
2025-06-21,134,Chobo Silver Ring,7,0.0028
2025-06-21,137,Athena Silver Ring,11,0.003995
2025-06-22,134,Chobo Silver Ring,10,0.00419
2025-06-22,135,Crusader Silver Ring,10,0.003717
2025-06-22,136,Overseer Silver Ring,10,0.00399
2025-06-22,137,Athena Silver Ring,10,0.00469
2025-06-22,138,Archon Silver Ring,10,0.00352
2025-06-22,139,Foxglove Silver Ring,10,0.00399
2025-06-22,140,Summoner Silver Ring,10,0.003918
2025-06-22,245,Golden Chobo Ring,1,0.0045
2025-06-22,248,Golden Overseer Ring,1,0.0045
2025-06-23,137,Athena Silver Ring,1,0.000466
2025-06-23,140,Summoner Silver Ring,1,0.000426
2025-06-24,134,Chobo Silver Ring,15,0.00594
2025-06-24,135,Crusader Silver Ring,12,0.00457
2025-06-24,138,Archon Silver Ring,15,0.005956
2025-06-24,139,Foxglove Silver Ring,22,0.008105
2025-06-24,140,Summoner Silver Ring,1,0.000426
2025-06-24,243,Golden Archon Ring,1,0.0045
2025-06-24,244,Golden Athena Ring,1,0.0045
2025-06-24,245,Golden Chobo Ring,1,0.0045
2025-06-24,246,Golden Crusader Ring,1,0.0045
2025-06-24,247,Golden Foxglove Ring,1,0.0045
2025-06-24,248,Golden Overseer Ring,1,0.0045
2025-06-24,249,Golden Summoner Ring,2,0.0089
2025-06-25,244,Golden Athena Ring,1,0.00549
2025-06-25,248,Golden Overseer Ring,1,0.0054
2025-06-26,134,Chobo Silver Ring,16,0.00442
2025-06-26,136,Overseer Silver Ring,1,0.00036
2025-06-27,134,Chobo Silver Ring,25,0.010379
2025-06-27,135,Crusader Silver Ring,45,0.016234
2025-06-27,136,Overseer Silver Ring,33,0.012307
2025-06-27,137,Athena Silver Ring,30,0.010039
2025-06-27,138,Archon Silver Ring,45,0.01648
2025-06-27,139,Foxglove Silver Ring,37,0.012865
2025-06-27,140,Summoner Silver Ring,15,0.005926
2025-06-27,243,Golden Archon Ring,1,0.005
2025-06-27,244,Golden Athena Ring,2,0.01
2025-06-27,245,Golden Chobo Ring,2,0.01
2025-06-27,246,Golden Crusader Ring,2,0.01
2025-06-27,249,Golden Summoner Ring,1,0.005
2025-06-28,136,Overseer Silver Ring,2,0.0008
2025-06-28,137,Athena Silver Ring,14,0.00507
2025-06-29,134,Chobo Silver Ring,19,0.007705
2025-06-29,135,Crusader Silver Ring,10,0.00416
2025-06-29,136,Overseer Silver Ring,21,0.008091
2025-06-29,137,Athena Silver Ring,11,0.004417
2025-06-29,138,Archon Silver Ring,10,0.004495
2025-06-29,139,Foxglove Silver Ring,10,0.00382
2025-06-29,140,Summoner Silver Ring,16,0.00653
2025-06-29,243,Golden Archon Ring,1,0.00539
2025-06-29,245,Golden Chobo Ring,1,0.00529
2025-06-29,248,Golden Overseer Ring,1,0.005
2025-06-29,249,Golden Summoner Ring,1,0.00529
2025-06-30,135,Crusader Silver Ring,2,0.000878
2025-06-30,136,Overseer Silver Ring,2,0.00074
2025-06-30,140,Summoner Silver Ring,1,0.000399
2025-07-01,134,Chobo Silver Ring,1,0.00043
2025-07-01,136,Overseer Silver Ring,2,0.00072
2025-07-01,137,Athena Silver Ring,5,0.00183
2025-07-01,138,Archon Silver Ring,1,0.000429
2025-07-02,134,Chobo Silver Ring,1,0.00043
2025-07-02,136,Overseer Silver Ring,1,0.00037
2025-07-03,134,Chobo Silver Ring,1,0.00043
2025-07-03,135,Crusader Silver Ring,7,0.00272
2025-07-03,136,Overseer Silver Ring,17,0.006458
2025-07-03,137,Athena Silver Ring,36,0.013372
2025-07-03,138,Archon Silver Ring,10,0.003966
2025-07-03,139,Foxglove Silver Ring,39,0.014293
2025-07-03,140,Summoner Silver Ring,21,0.008261
2025-07-03,246,Golden Crusader Ring,1,0.008
2025-07-03,247,Golden Foxglove Ring,1,0.0079
2025-07-03,249,Golden Summoner Ring,1,0.0077
2025-07-04,134,Chobo Silver Ring,14,0.005726
2025-07-04,135,Crusader Silver Ring,10,0.00409
2025-07-04,136,Overseer Silver Ring,13,0.005187
2025-07-04,137,Athena Silver Ring,9,0.003431
2025-07-04,138,Archon Silver Ring,31,0.011897
2025-07-04,139,Foxglove Silver Ring,10,0.00411
2025-07-04,140,Summoner Silver Ring,10,0.004108
2025-07-04,245,Golden Chobo Ring,1,0.007
2025-07-05,135,Crusader Silver Ring,27,0.011066
2025-07-05,136,Overseer Silver Ring,3,0.001168
2025-07-05,137,Athena Silver Ring,15,0.005816
2025-07-05,138,Archon Silver Ring,15,0.006269
2025-07-05,139,Foxglove Silver Ring,11,0.004725
2025-07-05,140,Summoner Silver Ring,17,0.007269
2025-07-05,243,Golden Archon Ring,1,0.009
2025-07-05,244,Golden Athena Ring,1,0.0104
2025-07-05,245,Golden Chobo Ring,2,0.01569
2025-07-05,247,Golden Foxglove Ring,1,0.00799
2025-07-06,134,Chobo Silver Ring,2,0.000838
2025-07-06,135,Crusader Silver Ring,21,0.008324
2025-07-06,136,Overseer Silver Ring,20,0.007929
2025-07-06,137,Athena Silver Ring,17,0.006758
2025-07-06,138,Archon Silver Ring,12,0.004768
2025-07-06,139,Foxglove Silver Ring,10,0.004134
2025-07-06,140,Summoner Silver Ring,55,0.027738
2025-07-07,134,Chobo Silver Ring,10,0.004233
2025-07-07,135,Crusader Silver Ring,10,0.00403
2025-07-07,136,Overseer Silver Ring,36,0.013295
2025-07-07,137,Athena Silver Ring,18,0.00678
2025-07-07,138,Archon Silver Ring,29,0.011588
2025-07-07,139,Foxglove Silver Ring,5,0.00214
2025-07-07,140,Summoner Silver Ring,23,0.016515
2025-07-07,246,Golden Crusader Ring,1,0.0098
2025-07-07,249,Golden Summoner Ring,1,0.007899
2025-07-08,134,Chobo Silver Ring,28,0.011438
2025-07-08,135,Crusader Silver Ring,23,0.009303
2025-07-08,136,Overseer Silver Ring,40,0.016296
2025-07-08,137,Athena Silver Ring,21,0.00843
2025-07-08,138,Archon Silver Ring,27,0.010716
2025-07-08,139,Foxglove Silver Ring,30,0.012338
2025-07-08,140,Summoner Silver Ring,21,0.009307
2025-07-08,248,Golden Overseer Ring,1,0.0097
2025-07-09,134,Chobo Silver Ring,51,0.021523
2025-07-09,135,Crusader Silver Ring,44,0.019002
2025-07-09,136,Overseer Silver Ring,19,0.00833
2025-07-09,137,Athena Silver Ring,46,0.019894
2025-07-09,138,Archon Silver Ring,44,0.019004
2025-07-09,139,Foxglove Silver Ring,57,0.024617
2025-07-09,140,Summoner Silver Ring,11,0.005081
2025-07-10,134,Chobo Silver Ring,11,0.005132
2025-07-10,135,Crusader Silver Ring,1,0.000567
2025-07-10,136,Overseer Silver Ring,22,0.01017
2025-07-10,139,Foxglove Silver Ring,44,0.019983
2025-07-10,140,Summoner Silver Ring,32,0.014934
2025-07-10,245,Golden Chobo Ring,1,0.006
2025-07-10,247,Golden Foxglove Ring,1,0.0076
2025-07-11,134,Chobo Silver Ring,82,0.045804
2025-07-11,135,Crusader Silver Ring,279,0.196365
2025-07-11,136,Overseer Silver Ring,41,0.024039
2025-07-11,137,Athena Silver Ring,59,0.033254
2025-07-11,138,Archon Silver Ring,76,0.042273
2025-07-11,139,Foxglove Silver Ring,76,0.041021
2025-07-11,140,Summoner Silver Ring,61,0.033931
2025-07-11,243,Golden Archon Ring,1,0.00998
2025-07-11,244,Golden Athena Ring,1,0.009
2025-07-11,245,Golden Chobo Ring,1,0.006
2025-07-11,248,Golden Overseer Ring,1,0.00975
2025-07-12,134,Chobo Silver Ring,23,0.013427
2025-07-12,135,Crusader Silver Ring,110,0.071061
2025-07-12,136,Overseer Silver Ring,362,0.233437
2025-07-12,137,Athena Silver Ring,9,0.005827
2025-07-12,138,Archon Silver Ring,23,0.012549
2025-07-12,139,Foxglove Silver Ring,27,0.014609
2025-07-12,140,Summoner Silver Ring,30,0.016219
2025-07-12,246,Golden Crusader Ring,1,0.00849
2025-07-12,248,Golden Overseer Ring,1,0.009
2025-07-13,134,Chobo Silver Ring,18,0.01032
2025-07-13,135,Crusader Silver Ring,24,0.01384
2025-07-13,136,Overseer Silver Ring,199,0.130307
2025-07-13,137,Athena Silver Ring,474,0.280793
2025-07-13,138,Archon Silver Ring,1,0.00057
2025-07-13,139,Foxglove Silver Ring,21,0.011413
2025-07-13,140,Summoner Silver Ring,9,0.005582
2025-07-13,244,Golden Athena Ring,2,0.01639
2025-07-13,249,Golden Summoner Ring,1,0.007
2025-07-14,134,Chobo Silver Ring,17,0.00894
2025-07-14,135,Crusader Silver Ring,26,0.013831
2025-07-14,136,Overseer Silver Ring,15,0.008389
2025-07-14,137,Athena Silver Ring,146,0.087861
2025-07-14,138,Archon Silver Ring,45,0.024246
2025-07-14,139,Foxglove Silver Ring,502,0.285204
2025-07-14,140,Summoner Silver Ring,48,0.025405
2025-07-14,245,Golden Chobo Ring,1,0.0076
2025-07-14,247,Golden Foxglove Ring,2,0.0147
2025-07-14,249,Golden Summoner Ring,1,0.00769
2025-07-15,134,Chobo Silver Ring,47,0.024564
2025-07-15,135,Crusader Silver Ring,28,0.014911
2025-07-15,136,Overseer Silver Ring,13,0.00716
2025-07-15,137,Athena Silver Ring,18,0.010218
2025-07-15,138,Archon Silver Ring,18,0.0093
2025-07-15,139,Foxglove Silver Ring,547,0.320203
2025-07-15,140,Summoner Silver Ring,18,0.009423
2025-07-15,244,Golden Athena Ring,1,0.007
2025-07-16,134,Chobo Silver Ring,38,0.018804
2025-07-16,135,Crusader Silver Ring,11,0.005669
2025-07-16,136,Overseer Silver Ring,33,0.017797
2025-07-16,137,Athena Silver Ring,34,0.017576
2025-07-16,138,Archon Silver Ring,29,0.014115
2025-07-16,139,Foxglove Silver Ring,134,0.097906
2025-07-16,140,Summoner Silver Ring,504,0.275434
2025-07-17,134,Chobo Silver Ring,498,0.243001
2025-07-17,135,Crusader Silver Ring,10,0.004543
2025-07-17,136,Overseer Silver Ring,25,0.01107
2025-07-17,137,Athena Silver Ring,1,0.00047
2025-07-17,138,Archon Silver Ring,14,0.006333
2025-07-17,139,Foxglove Silver Ring,9,0.004368
2025-07-17,140,Summoner Silver Ring,156,0.084928
2025-07-17,244,Golden Athena Ring,1,0.0098
2025-07-17,245,Golden Chobo Ring,1,0.007896
2025-07-17,246,Golden Crusader Ring,1,0.009198
2025-07-17,247,Golden Foxglove Ring,2,0.01389
2025-07-17,248,Golden Overseer Ring,1,0.008
2025-07-17,249,Golden Summoner Ring,1,0.007
2025-07-18,134,Chobo Silver Ring,205,0.1074676
2025-07-18,135,Crusader Silver Ring,38,0.01591
2025-07-18,136,Overseer Silver Ring,8,0.003392
2025-07-18,137,Athena Silver Ring,55,0.021849
2025-07-18,138,Archon Silver Ring,32,0.013035
2025-07-18,139,Foxglove Silver Ring,35,0.0145036
2025-07-18,247,Golden Foxglove Ring,1,0.005
2025-07-19,134,Chobo Silver Ring,11,0.00358
2025-07-19,135,Crusader Silver Ring,24,0.007094
2025-07-19,137,Athena Silver Ring,8,0.00284
2025-07-19,138,Archon Silver Ring,16,0.005294
2025-07-19,139,Foxglove Silver Ring,2,0.000778
2025-07-19,140,Summoner Silver Ring,3,0.0009
2025-07-19,247,Golden Foxglove Ring,1,0.0056
2025-07-19,248,Golden Overseer Ring,1,0.00799
2025-07-20,134,Chobo Silver Ring,3,0.000859
2025-07-20,135,Crusader Silver Ring,1,0.0003
2025-07-20,136,Overseer Silver Ring,3,0.000765
2025-07-20,137,Athena Silver Ring,6,0.001605799999999998
2025-07-20,138,Archon Silver Ring,6,0.00172
2025-07-20,139,Foxglove Silver Ring,7,0.00205
2025-07-20,140,Summoner Silver Ring,14,0.003841899999999999
2025-07-20,249,Golden Summoner Ring,1,0.00839
2025-07-21,134,Chobo Silver Ring,7,0.0019748
2025-07-21,135,Crusader Silver Ring,28,0.007276
2025-07-21,136,Overseer Silver Ring,33,0.008448
2025-07-21,137,Athena Silver Ring,43,0.011053899999999998
2025-07-21,138,Archon Silver Ring,16,0.003819
2025-07-21,139,Foxglove Silver Ring,32,0.0082779
2025-07-21,140,Summoner Silver Ring,4,0.001119899999999999
2025-07-21,247,Golden Foxglove Ring,2,0.01
2025-07-22,134,Chobo Silver Ring,37,0.011063
2025-07-22,135,Crusader Silver Ring,57,0.015725
2025-07-22,136,Overseer Silver Ring,47,0.013317
2025-07-22,137,Athena Silver Ring,48,0.014518
2025-07-22,138,Archon Silver Ring,61,0.01626
2025-07-22,139,Foxglove Silver Ring,43,0.013052
2025-07-22,140,Summoner Silver Ring,57,0.016346
2025-07-22,243,Golden Archon Ring,1,0.007
2025-07-22,248,Golden Overseer Ring,1,0.006
2025-07-23,134,Chobo Silver Ring,130,0.043617
2025-07-23,135,Crusader Silver Ring,84,0.02814
2025-07-23,136,Overseer Silver Ring,88,0.029026
2025-07-23,137,Athena Silver Ring,119,0.0409207
2025-07-23,138,Archon Silver Ring,146,0.0447287
2025-07-23,139,Foxglove Silver Ring,65,0.021355
2025-07-23,140,Summoner Silver Ring,62,0.020193
2025-07-23,243,Golden Archon Ring,5,0.04209
2025-07-23,244,Golden Athena Ring,6,0.04796
2025-07-23,245,Golden Chobo Ring,8,0.065577
2025-07-23,246,Golden Crusader Ring,9,0.077929
2025-07-23,247,Golden Foxglove Ring,15,0.100399
2025-07-23,248,Golden Overseer Ring,6,0.04298
2025-07-23,249,Golden Summoner Ring,3,0.025055
2025-07-24,134,Chobo Silver Ring,60,0.0274564
2025-07-24,135,Crusader Silver Ring,67,0.030496
2025-07-24,136,Overseer Silver Ring,89,0.038807
2025-07-24,137,Athena Silver Ring,116,0.058132
2025-07-24,138,Archon Silver Ring,66,0.027658
2025-07-24,139,Foxglove Silver Ring,98,0.0437637
2025-07-24,140,Summoner Silver Ring,66,0.029367
2025-07-24,243,Golden Archon Ring,1,0.012
2025-07-24,244,Golden Athena Ring,2,0.019793
2025-07-24,245,Golden Chobo Ring,2,0.016
2025-07-24,246,Golden Crusader Ring,4,0.03489
2025-07-24,247,Golden Foxglove Ring,2,0.01898
2025-07-24,248,Golden Overseer Ring,2,0.019511
2025-07-24,249,Golden Summoner Ring,5,0.04029
2025-07-25,134,Chobo Silver Ring,600,0.440241
2025-07-25,135,Crusader Silver Ring,788,0.5816368
2025-07-25,136,Overseer Silver Ring,693,0.5129187
2025-07-25,137,Athena Silver Ring,553,0.4241709002
2025-07-25,138,Archon Silver Ring,638,0.4296647
2025-07-25,139,Foxglove Silver Ring,570,0.3970549
2025-07-25,140,Summoner Silver Ring,786,0.5730124
2025-07-25,243,Golden Archon Ring,17,0.151609
2025-07-25,244,Golden Athena Ring,21,0.207312
2025-07-25,245,Golden Chobo Ring,24,0.30902
2025-07-25,246,Golden Crusader Ring,27,0.307609
2025-07-25,247,Golden Foxglove Ring,23,0.270696
2025-07-25,248,Golden Overseer Ring,17,0.190172
2025-07-25,249,Golden Summoner Ring,30,0.329354
2025-07-26,134,Chobo Silver Ring,361,0.272963
2025-07-26,135,Crusader Silver Ring,297,0.210468
2025-07-26,136,Overseer Silver Ring,370,0.2719076
2025-07-26,137,Athena Silver Ring,234,0.160295
2025-07-26,138,Archon Silver Ring,367,0.243823
2025-07-26,139,Foxglove Silver Ring,242,0.1717764
2025-07-26,140,Summoner Silver Ring,350,0.2708975
2025-07-26,243,Golden Archon Ring,10,0.095467
2025-07-26,244,Golden Athena Ring,7,0.067134
2025-07-26,245,Golden Chobo Ring,3,0.03439
2025-07-26,246,Golden Crusader Ring,5,0.07344
2025-07-26,247,Golden Foxglove Ring,3,0.035756
2025-07-26,248,Golden Overseer Ring,11,0.136064
2025-07-26,249,Golden Summoner Ring,3,0.03609
2025-07-27,134,Chobo Silver Ring,154,0.123739
2025-07-27,135,Crusader Silver Ring,146,0.108375
2025-07-27,136,Overseer Silver Ring,213,0.167633
2025-07-27,137,Athena Silver Ring,202,0.155575
2025-07-27,138,Archon Silver Ring,164,0.11196
2025-07-27,139,Foxglove Silver Ring,146,0.113431
2025-07-27,140,Summoner Silver Ring,161,0.126338
2025-07-27,243,Golden Archon Ring,2,0.017498
2025-07-27,244,Golden Athena Ring,10,0.087046
2025-07-27,245,Golden Chobo Ring,10,0.07925
2025-07-27,246,Golden Crusader Ring,3,0.0283
2025-07-27,247,Golden Foxglove Ring,10,0.0806
2025-07-27,248,Golden Overseer Ring,5,0.06241
2025-07-27,249,Golden Summoner Ring,6,0.05399
2025-07-28,134,Chobo Silver Ring,122,0.093471
2025-07-28,135,Crusader Silver Ring,150,0.106988
2025-07-28,136,Overseer Silver Ring,141,0.104694
2025-07-28,137,Athena Silver Ring,197,0.144937
2025-07-28,138,Archon Silver Ring,146,0.090306
2025-07-28,139,Foxglove Silver Ring,135,0.096909
2025-07-28,140,Summoner Silver Ring,124,0.089592
2025-07-28,243,Golden Archon Ring,3,0.024599
2025-07-28,244,Golden Athena Ring,6,0.047296
2025-07-28,245,Golden Chobo Ring,4,0.031784
2025-07-28,246,Golden Crusader Ring,6,0.0551
2025-07-28,247,Golden Foxglove Ring,2,0.0161
2025-07-28,248,Golden Overseer Ring,5,0.04048
2025-07-28,249,Golden Summoner Ring,7,0.071376
2025-07-29,134,Chobo Silver Ring,192,0.106526
2025-07-29,135,Crusader Silver Ring,95,0.058587
2025-07-29,136,Overseer Silver Ring,177,0.098492
2025-07-29,137,Athena Silver Ring,107,0.066897
2025-07-29,138,Archon Silver Ring,231,0.130669
2025-07-29,139,Foxglove Silver Ring,136,0.083899
2025-07-29,140,Summoner Silver Ring,107,0.070355
2025-07-29,243,Golden Archon Ring,6,0.047171
2025-07-29,244,Golden Athena Ring,6,0.03618
2025-07-29,245,Golden Chobo Ring,5,0.0354
2025-07-29,246,Golden Crusader Ring,4,0.02769
2025-07-29,247,Golden Foxglove Ring,5,0.034838
2025-07-29,249,Golden Summoner Ring,1,0.0052
2025-07-30,134,Chobo Silver Ring,64,0.039907
2025-07-30,135,Crusader Silver Ring,117,0.062503
2025-07-30,136,Overseer Silver Ring,84,0.050077
2025-07-30,137,Athena Silver Ring,124,0.071861
2025-07-30,138,Archon Silver Ring,149,0.07876
2025-07-30,139,Foxglove Silver Ring,126,0.088683
2025-07-30,140,Summoner Silver Ring,126,0.078293
2025-07-30,243,Golden Archon Ring,7,0.047096
2025-07-30,244,Golden Athena Ring,3,0.020697
2025-07-30,245,Golden Chobo Ring,1,0.0064
2025-07-30,246,Golden Crusader Ring,3,0.020842
2025-07-30,247,Golden Foxglove Ring,5,0.035194
2025-07-30,248,Golden Overseer Ring,5,0.0265
2025-07-30,249,Golden Summoner Ring,6,0.031297
2025-07-31,134,Chobo Silver Ring,117,0.069028
2025-07-31,135,Crusader Silver Ring,125,0.063061
2025-07-31,136,Overseer Silver Ring,95,0.050756
2025-07-31,137,Athena Silver Ring,113,0.064328
2025-07-31,138,Archon Silver Ring,152,0.073995
2025-07-31,139,Foxglove Silver Ring,143,0.082553
2025-07-31,140,Summoner Silver Ring,153,0.085157
2025-07-31,243,Golden Archon Ring,3,0.02039
2025-07-31,244,Golden Athena Ring,1,0.006946
2025-07-31,245,Golden Chobo Ring,1,0.006243
2025-07-31,246,Golden Crusader Ring,3,0.019648
2025-07-31,247,Golden Foxglove Ring,8,0.056365
2025-07-31,248,Golden Overseer Ring,6,0.033379
2025-07-31,249,Golden Summoner Ring,7,0.041169
2025-08-01,134,Chobo Silver Ring,190,0.1100669
2025-08-01,135,Crusader Silver Ring,143,0.072113
2025-08-01,136,Overseer Silver Ring,110,0.058462
2025-08-01,137,Athena Silver Ring,70,0.035705
2025-08-01,138,Archon Silver Ring,187,0.095246
2025-08-01,139,Foxglove Silver Ring,111,0.063149
2025-08-01,140,Summoner Silver Ring,118,0.063898
2025-08-01,243,Golden Archon Ring,1,0.00676
2025-08-01,245,Golden Chobo Ring,7,0.042674
2025-08-01,246,Golden Crusader Ring,5,0.033264
2025-08-01,247,Golden Foxglove Ring,2,0.011
2025-08-01,248,Golden Overseer Ring,7,0.064417
2025-08-02,134,Chobo Silver Ring,107,0.062208
2025-08-02,135,Crusader Silver Ring,147,0.0759487
2025-08-02,136,Overseer Silver Ring,130,0.0679279
2025-08-02,137,Athena Silver Ring,153,0.0823069
2025-08-02,138,Archon Silver Ring,222,0.118964
2025-08-02,139,Foxglove Silver Ring,101,0.0563237
2025-08-02,140,Summoner Silver Ring,203,0.108538
2025-08-02,243,Golden Archon Ring,4,0.025287
2025-08-02,244,Golden Athena Ring,1,0.0044
2025-08-02,245,Golden Chobo Ring,5,0.029195
2025-08-02,246,Golden Crusader Ring,11,0.078105
2025-08-02,248,Golden Overseer Ring,4,0.031528
2025-08-02,249,Golden Summoner Ring,9,0.059058
2025-08-03,134,Chobo Silver Ring,223,0.1291313
2025-08-03,135,Crusader Silver Ring,155,0.0764
2025-08-03,136,Overseer Silver Ring,170,0.084941
2025-08-03,137,Athena Silver Ring,127,0.0622148
2025-08-03,138,Archon Silver Ring,128,0.067091
2025-08-03,139,Foxglove Silver Ring,71,0.0362099
2025-08-03,140,Summoner Silver Ring,210,0.113567
2025-08-03,243,Golden Archon Ring,6,0.0370889
2025-08-03,244,Golden Athena Ring,10,0.0519939
2025-08-03,245,Golden Chobo Ring,8,0.046794
2025-08-03,246,Golden Crusader Ring,5,0.042997
2025-08-03,247,Golden Foxglove Ring,5,0.032098
2025-08-03,248,Golden Overseer Ring,8,0.07675
2025-08-03,249,Golden Summoner Ring,3,0.019
2025-08-04,134,Chobo Silver Ring,232,0.1336757
2025-08-04,135,Crusader Silver Ring,222,0.10203
2025-08-04,136,Overseer Silver Ring,130,0.064835
2025-08-04,137,Athena Silver Ring,173,0.087926
2025-08-04,138,Archon Silver Ring,118,0.055997
2025-08-04,139,Foxglove Silver Ring,134,0.0656935
2025-08-04,140,Summoner Silver Ring,104,0.047146
2025-08-04,243,Golden Archon Ring,1,0.0045
2025-08-04,245,Golden Chobo Ring,1,0.006798
2025-08-04,246,Golden Crusader Ring,4,0.039481
2025-08-04,249,Golden Summoner Ring,1,0.007579
2025-08-05,134,Chobo Silver Ring,195,0.086813
2025-08-05,135,Crusader Silver Ring,292,0.127983
2025-08-05,136,Overseer Silver Ring,266,0.124088
2025-08-05,137,Athena Silver Ring,208,0.0946234
2025-08-05,138,Archon Silver Ring,244,0.107892
2025-08-05,139,Foxglove Silver Ring,212,0.0948647
2025-08-05,140,Summoner Silver Ring,205,0.08983
2025-08-05,243,Golden Archon Ring,6,0.03192
2025-08-05,244,Golden Athena Ring,1,0.006914
2025-08-05,245,Golden Chobo Ring,1,0.006799
2025-08-05,246,Golden Crusader Ring,1,0.010997
2025-08-05,248,Golden Overseer Ring,6,0.0432
2025-08-06,134,Chobo Silver Ring,120,0.06096
2025-08-06,135,Crusader Silver Ring,115,0.052932
2025-08-06,136,Overseer Silver Ring,225,0.113782
2025-08-06,137,Athena Silver Ring,217,0.109243
2025-08-06,138,Archon Silver Ring,140,0.066595
2025-08-06,139,Foxglove Silver Ring,172,0.0891647
2025-08-06,140,Summoner Silver Ring,142,0.067896
2025-08-06,243,Golden Archon Ring,4,0.02254
2025-08-06,244,Golden Athena Ring,4,0.02299
2025-08-06,246,Golden Crusader Ring,2,0.014497
2025-08-06,247,Golden Foxglove Ring,6,0.035986
2025-08-06,249,Golden Summoner Ring,2,0.011899
2025-08-07,134,Chobo Silver Ring,142,0.071216
2025-08-07,135,Crusader Silver Ring,253,0.1150847
2025-08-07,136,Overseer Silver Ring,102,0.049501
2025-08-07,137,Athena Silver Ring,242,0.129383
2025-08-07,138,Archon Silver Ring,134,0.063402
2025-08-07,139,Foxglove Silver Ring,225,0.115732
2025-08-07,140,Summoner Silver Ring,204,0.105099
2025-08-07,243,Golden Archon Ring,8,0.044838
2025-08-07,244,Golden Athena Ring,6,0.029009
2025-08-07,245,Golden Chobo Ring,8,0.045734
2025-08-07,246,Golden Crusader Ring,4,0.022249
2025-08-07,247,Golden Foxglove Ring,5,0.033445
2025-08-07,248,Golden Overseer Ring,12,0.057389
2025-08-07,249,Golden Summoner Ring,3,0.01424
2025-08-08,134,Chobo Silver Ring,191,0.094906
2025-08-08,135,Crusader Silver Ring,108,0.048996
2025-08-08,136,Overseer Silver Ring,111,0.0543407
2025-08-08,137,Athena Silver Ring,61,0.033727
2025-08-08,138,Archon Silver Ring,69,0.032601
2025-08-08,139,Foxglove Silver Ring,228,0.1206797
2025-08-08,140,Summoner Silver Ring,110,0.0600049
2025-08-08,243,Golden Archon Ring,2,0.013178
2025-08-08,244,Golden Athena Ring,4,0.0183
2025-08-08,245,Golden Chobo Ring,3,0.02041
2025-08-08,246,Golden Crusader Ring,4,0.02038
2025-08-08,247,Golden Foxglove Ring,2,0.01196
2025-08-08,248,Golden Overseer Ring,1,0.00499
2025-08-08,249,Golden Summoner Ring,15,0.072189
2025-08-09,134,Chobo Silver Ring,12,0.005127
2025-08-09,135,Crusader Silver Ring,41,0.018125
2025-08-09,136,Overseer Silver Ring,13,0.006232
2025-08-09,137,Athena Silver Ring,15,0.0070829
2025-08-09,138,Archon Silver Ring,13,0.006088
2025-08-09,139,Foxglove Silver Ring,8,0.00404
2025-08-09,140,Summoner Silver Ring,32,0.01436
2025-08-09,243,Golden Archon Ring,6,0.0165
2025-08-09,244,Golden Athena Ring,10,0.03618
2025-08-09,245,Golden Chobo Ring,8,0.02756
2025-08-09,246,Golden Crusader Ring,8,0.0296
2025-08-09,247,Golden Foxglove Ring,5,0.0154
2025-08-09,248,Golden Overseer Ring,6,0.02006
2025-08-09,249,Golden Summoner Ring,3,0.009
2025-08-10,134,Chobo Silver Ring,24,0.0088877
2025-08-10,135,Crusader Silver Ring,11,0.004182
2025-08-10,136,Overseer Silver Ring,8,0.003343
2025-08-10,137,Athena Silver Ring,66,0.025498
2025-08-10,138,Archon Silver Ring,12,0.0048647
2025-08-10,243,Golden Archon Ring,19,0.06126
2025-08-10,244,Golden Athena Ring,17,0.0525
2025-08-10,245,Golden Chobo Ring,16,0.05517
2025-08-10,246,Golden Crusader Ring,17,0.0514
2025-08-10,247,Golden Foxglove Ring,13,0.041597
2025-08-10,248,Golden Overseer Ring,8,0.0243
2025-08-10,249,Golden Summoner Ring,7,0.021
2025-08-11,134,Chobo Silver Ring,20,0.00695
2025-08-11,135,Crusader Silver Ring,10,0.003393
2025-08-11,136,Overseer Silver Ring,8,0.002749
2025-08-11,138,Archon Silver Ring,11,0.004002
2025-08-11,139,Foxglove Silver Ring,12,0.004125
2025-08-11,140,Summoner Silver Ring,5,0.00159
2025-08-11,244,Golden Athena Ring,1,0.003
2025-08-11,245,Golden Chobo Ring,2,0.0076
2025-08-11,246,Golden Crusader Ring,2,0.006
2025-08-11,247,Golden Foxglove Ring,5,0.0163
2025-08-11,249,Golden Summoner Ring,1,0.003
2025-08-12,134,Chobo Silver Ring,19,0.005784
2025-08-12,135,Crusader Silver Ring,10,0.003063
2025-08-12,136,Overseer Silver Ring,23,0.00708
2025-08-12,137,Athena Silver Ring,20,0.00622
2025-08-12,138,Archon Silver Ring,136,0.0408
2025-08-12,139,Foxglove Silver Ring,36,0.011224
2025-08-12,140,Summoner Silver Ring,4,0.00108
2025-08-13,134,Chobo Silver Ring,45,0.014023
2025-08-13,135,Crusader Silver Ring,54,0.016397
2025-08-13,136,Overseer Silver Ring,65,0.01957
2025-08-13,137,Athena Silver Ring,46,0.014133
2025-08-13,138,Archon Silver Ring,49,0.014964
2025-08-13,139,Foxglove Silver Ring,27,0.008422
2025-08-13,140,Summoner Silver Ring,49,0.015107
2025-08-13,243,Golden Archon Ring,3,0.0121
2025-08-13,245,Golden Chobo Ring,4,0.017419
2025-08-13,246,Golden Crusader Ring,1,0.00419
2025-08-13,247,Golden Foxglove Ring,3,0.01209
2025-08-13,248,Golden Overseer Ring,5,0.01908
2025-08-13,249,Golden Summoner Ring,4,0.01508
2025-08-14,134,Chobo Silver Ring,27,0.008238
2025-08-14,135,Crusader Silver Ring,22,0.006732
2025-08-14,136,Overseer Silver Ring,6,0.001837
2025-08-14,138,Archon Silver Ring,47,0.01423
2025-08-14,139,Foxglove Silver Ring,133,0.046183
2025-08-14,140,Summoner Silver Ring,62,0.018876
2025-08-14,245,Golden Chobo Ring,1,0.004708
2025-08-15,134,Chobo Silver Ring,35,0.010668
2025-08-15,135,Crusader Silver Ring,126,0.03836
2025-08-15,136,Overseer Silver Ring,31,0.00953
2025-08-15,137,Athena Silver Ring,15,0.00446
2025-08-15,138,Archon Silver Ring,26,0.007931
2025-08-15,139,Foxglove Silver Ring,151,0.055297
2025-08-15,140,Summoner Silver Ring,30,0.008963
2025-08-15,243,Golden Archon Ring,1,0.00437
2025-08-15,244,Golden Athena Ring,2,0.008192
2025-08-15,246,Golden Crusader Ring,1,0.00409
2025-08-15,247,Golden Foxglove Ring,2,0.00809
2025-08-15,249,Golden Summoner Ring,3,0.01179
2025-08-16,134,Chobo Silver Ring,7,0.001968
2025-08-16,135,Crusader Silver Ring,201,0.060534
2025-08-16,136,Overseer Silver Ring,114,0.033109
2025-08-16,137,Athena Silver Ring,56,0.015398
2025-08-16,138,Archon Silver Ring,33,0.009392
2025-08-16,139,Foxglove Silver Ring,4,0.001389
2025-08-16,140,Summoner Silver Ring,31,0.008992
2025-08-16,246,Golden Crusader Ring,2,0.0083
2025-08-16,247,Golden Foxglove Ring,1,0.00405
2025-08-17,134,Chobo Silver Ring,2,0.000508
2025-08-17,135,Crusader Silver Ring,2,0.00064
2025-08-17,136,Overseer Silver Ring,177,0.052185
2025-08-17,137,Athena Silver Ring,159,0.043474
2025-08-17,138,Archon Silver Ring,41,0.01092
2025-08-17,140,Summoner Silver Ring,43,0.01243
2025-08-18,134,Chobo Silver Ring,36,0.008548
2025-08-18,135,Crusader Silver Ring,5,0.001426
2025-08-18,136,Overseer Silver Ring,33,0.008569
2025-08-18,137,Athena Silver Ring,173,0.047834
2025-08-18,138,Archon Silver Ring,135,0.035564
2025-08-18,139,Foxglove Silver Ring,35,0.00846
2025-08-18,140,Summoner Silver Ring,20,0.004909
2025-08-19,134,Chobo Silver Ring,52,0.012606
2025-08-19,136,Overseer Silver Ring,35,0.00847
2025-08-19,137,Athena Silver Ring,13,0.003191
2025-08-19,138,Archon Silver Ring,138,0.03575
2025-08-19,139,Foxglove Silver Ring,117,0.034712
2025-08-19,140,Summoner Silver Ring,65,0.015899
2025-08-20,134,Chobo Silver Ring,47,0.011143
2025-08-20,135,Crusader Silver Ring,70,0.016554
2025-08-20,136,Overseer Silver Ring,4,0.000905
2025-08-20,137,Athena Silver Ring,43,0.009952
2025-08-20,138,Archon Silver Ring,77,0.018325
2025-08-20,139,Foxglove Silver Ring,163,0.051123
2025-08-20,140,Summoner Silver Ring,163,0.041168
2025-08-21,134,Chobo Silver Ring,129,0.030123
2025-08-21,135,Crusader Silver Ring,35,0.007864
2025-08-21,136,Overseer Silver Ring,43,0.009752
2025-08-21,137,Athena Silver Ring,35,0.007696
2025-08-21,138,Archon Silver Ring,16,0.003446
2025-08-21,139,Foxglove Silver Ring,13,0.00287
2025-08-21,140,Summoner Silver Ring,192,0.046809
2025-08-22,134,Chobo Silver Ring,711,0.227891
2025-08-22,135,Crusader Silver Ring,601,0.208937
2025-08-22,136,Overseer Silver Ring,730,0.272638
2025-08-22,137,Athena Silver Ring,457,0.17637
2025-08-22,138,Archon Silver Ring,618,0.219054
2025-08-22,139,Foxglove Silver Ring,509,0.189428
2025-08-22,140,Summoner Silver Ring,612,0.204438
2025-08-22,244,Golden Athena Ring,1,0.0037
2025-08-22,246,Golden Crusader Ring,1,0.00424
2025-08-22,249,Golden Summoner Ring,3,0.012895
2025-08-23,134,Chobo Silver Ring,860,0.497756
2025-08-23,135,Crusader Silver Ring,985,0.471899
2025-08-23,136,Overseer Silver Ring,740,0.435
2025-08-23,137,Athena Silver Ring,847,0.439884
2025-08-23,138,Archon Silver Ring,1180,0.630025
2025-08-23,139,Foxglove Silver Ring,654,0.37355
2025-08-23,140,Summoner Silver Ring,787,0.5054006
2025-08-23,243,Golden Archon Ring,6,0.02635
2025-08-23,244,Golden Athena Ring,9,0.037619
2025-08-23,245,Golden Chobo Ring,1,0.004709
2025-08-23,246,Golden Crusader Ring,11,0.044946
2025-08-23,247,Golden Foxglove Ring,1,0.004998
2025-08-23,248,Golden Overseer Ring,8,0.031757
2025-08-23,249,Golden Summoner Ring,6,0.025047
2025-08-24,134,Chobo Silver Ring,220,0.09299
2025-08-24,135,Crusader Silver Ring,170,0.069721
2025-08-24,136,Overseer Silver Ring,103,0.042247
2025-08-24,137,Athena Silver Ring,207,0.086133
2025-08-24,138,Archon Silver Ring,154,0.063758
2025-08-24,139,Foxglove Silver Ring,131,0.053185
2025-08-24,140,Summoner Silver Ring,272,0.112758
2025-08-24,247,Golden Foxglove Ring,5,0.02
2025-08-25,134,Chobo Silver Ring,182,0.070317
2025-08-25,135,Crusader Silver Ring,276,0.105444
2025-08-25,136,Overseer Silver Ring,198,0.076501
2025-08-25,137,Athena Silver Ring,251,0.104775
2025-08-25,138,Archon Silver Ring,276,0.107077
2025-08-25,139,Foxglove Silver Ring,228,0.087909
2025-08-25,140,Summoner Silver Ring,175,0.066867
2025-08-26,134,Chobo Silver Ring,329,0.142709
2025-08-26,135,Crusader Silver Ring,314,0.131194
2025-08-26,136,Overseer Silver Ring,256,0.106708
2025-08-26,137,Athena Silver Ring,76,0.029962
2025-08-26,138,Archon Silver Ring,184,0.074297
2025-08-26,139,Foxglove Silver Ring,41,0.016387
2025-08-26,140,Summoner Silver Ring,103,0.040838
2025-08-27,134,Chobo Silver Ring,114,0.046178
2025-08-27,135,Crusader Silver Ring,226,0.091834
2025-08-27,136,Overseer Silver Ring,190,0.078825
2025-08-27,137,Athena Silver Ring,264,0.109053
2025-08-27,138,Archon Silver Ring,502,0.220109
2025-08-27,139,Foxglove Silver Ring,364,0.157103
2025-08-27,140,Summoner Silver Ring,404,0.174211
2025-08-27,249,Golden Summoner Ring,1,0.0048
2025-08-28,134,Chobo Silver Ring,209,0.082485
2025-08-28,135,Crusader Silver Ring,192,0.077663
2025-08-28,136,Overseer Silver Ring,364,0.158059
2025-08-28,137,Athena Silver Ring,221,0.089621
2025-08-28,138,Archon Silver Ring,176,0.071417
2025-08-28,139,Foxglove Silver Ring,149,0.058411
2025-08-28,140,Summoner Silver Ring,119,0.04693
2025-08-29,134,Chobo Silver Ring,261,0.107059
2025-08-29,135,Crusader Silver Ring,139,0.057175
2025-08-29,136,Overseer Silver Ring,254,0.106274
2025-08-29,137,Athena Silver Ring,196,0.081684
2025-08-29,138,Archon Silver Ring,176,0.073752
2025-08-29,139,Foxglove Silver Ring,192,0.078842
2025-08-29,140,Summoner Silver Ring,190,0.077981
2025-08-30,136,Overseer Silver Ring,1,0.000326
2025-08-30,138,Archon Silver Ring,2,0.00056
2025-08-30,139,Foxglove Silver Ring,27,0.008691
2025-08-30,140,Summoner Silver Ring,28,0.00737
2025-08-30,247,Golden Foxglove Ring,1,0.00478
2025-08-31,134,Chobo Silver Ring,18,0.004125
2025-08-31,135,Crusader Silver Ring,10,0.002826
2025-08-31,136,Overseer Silver Ring,10,0.002641
2025-08-31,137,Athena Silver Ring,11,0.002752
2025-08-31,138,Archon Silver Ring,29,0.007113
2025-08-31,139,Foxglove Silver Ring,10,0.002658
2025-08-31,140,Summoner Silver Ring,26,0.007563
2025-09-01,134,Chobo Silver Ring,24,0.004972
2025-09-01,135,Crusader Silver Ring,17,0.003636
2025-09-01,136,Overseer Silver Ring,13,0.002754
2025-09-01,137,Athena Silver Ring,1,0.00021
2025-09-01,138,Archon Silver Ring,33,0.006688
2025-09-01,139,Foxglove Silver Ring,13,0.002586
2025-09-01,140,Summoner Silver Ring,10,0.002174
2025-09-01,243,Golden Archon Ring,2,0.00789
2025-09-01,244,Golden Athena Ring,2,0.0081
2025-09-01,245,Golden Chobo Ring,2,0.0081
2025-09-01,246,Golden Crusader Ring,2,0.008855
2025-09-01,247,Golden Foxglove Ring,2,0.00929
2025-09-01,248,Golden Overseer Ring,1,0.0047
2025-09-02,134,Chobo Silver Ring,12,0.002435
2025-09-02,135,Crusader Silver Ring,56,0.011065
2025-09-02,136,Overseer Silver Ring,84,0.016177
2025-09-02,137,Athena Silver Ring,7,0.001514
2025-09-02,138,Archon Silver Ring,27,0.005371
2025-09-02,139,Foxglove Silver Ring,35,0.007272
2025-09-02,140,Summoner Silver Ring,34,0.006972
2025-09-02,243,Golden Archon Ring,1,0.004299
2025-09-03,134,Chobo Silver Ring,23,0.004467
2025-09-03,135,Crusader Silver Ring,51,0.010259
2025-09-03,136,Overseer Silver Ring,37,0.007113
2025-09-03,137,Athena Silver Ring,23,0.004442
2025-09-03,138,Archon Silver Ring,18,0.003386
2025-09-03,139,Foxglove Silver Ring,5,0.00095
2025-09-03,140,Summoner Silver Ring,21,0.004109
2025-09-04,134,Chobo Silver Ring,50,0.009677
2025-09-04,135,Crusader Silver Ring,62,0.012508
2025-09-04,136,Overseer Silver Ring,55,0.011059
2025-09-04,137,Athena Silver Ring,50,0.009866
2025-09-04,138,Archon Silver Ring,63,0.01208
2025-09-04,139,Foxglove Silver Ring,63,0.01234
2025-09-04,140,Summoner Silver Ring,43,0.0084
2025-09-04,245,Golden Chobo Ring,4,0.01579
2025-09-05,134,Chobo Silver Ring,9,0.001544
2025-09-05,135,Crusader Silver Ring,16,0.002784
2025-09-05,136,Overseer Silver Ring,52,0.008973
2025-09-05,137,Athena Silver Ring,48,0.008467
2025-09-05,138,Archon Silver Ring,35,0.005965
2025-09-05,139,Foxglove Silver Ring,12,0.002081
2025-09-05,140,Summoner Silver Ring,15,0.002687
2025-09-06,134,Chobo Silver Ring,2,0.000348
2025-09-06,135,Crusader Silver Ring,11,0.001765
2025-09-06,136,Overseer Silver Ring,24,0.003836
2025-09-06,137,Athena Silver Ring,3,0.00048
2025-09-06,138,Archon Silver Ring,12,0.001834
2025-09-06,139,Foxglove Silver Ring,14,0.00227
2025-09-06,140,Summoner Silver Ring,26,0.004203
2025-09-07,134,Chobo Silver Ring,2,0.000318
2025-09-07,135,Crusader Silver Ring,24,0.00374
2025-09-07,136,Overseer Silver Ring,6,0.000954
2025-09-07,137,Athena Silver Ring,9,0.001326
2025-09-07,138,Archon Silver Ring,29,0.004476
2025-09-07,139,Foxglove Silver Ring,19,0.002825
2025-09-07,140,Summoner Silver Ring,19,0.003026
2025-09-07,246,Golden Crusader Ring,3,0.01335
2025-09-08,134,Chobo Silver Ring,110,0.018441
2025-09-08,135,Crusader Silver Ring,51,0.008041
2025-09-08,136,Overseer Silver Ring,60,0.00954
2025-09-08,137,Athena Silver Ring,129,0.021111
2025-09-08,138,Archon Silver Ring,80,0.013822
2025-09-08,139,Foxglove Silver Ring,97,0.015549
2025-09-08,140,Summoner Silver Ring,99,0.016334
2025-09-09,134,Chobo Silver Ring,10,0.00173
2025-09-09,135,Crusader Silver Ring,60,0.011045
2025-09-09,136,Overseer Silver Ring,51,0.008988
2025-09-09,137,Athena Silver Ring,55,0.009649
2025-09-09,138,Archon Silver Ring,61,0.010719
2025-09-09,139,Foxglove Silver Ring,66,0.011489
2025-09-09,140,Summoner Silver Ring,55,0.010115
2025-09-09,246,Golden Crusader Ring,1,0.00441
2025-09-10,134,Chobo Silver Ring,46,0.00793
2025-09-10,135,Crusader Silver Ring,15,0.002731
2025-09-10,136,Overseer Silver Ring,5,0.000849
2025-09-10,137,Athena Silver Ring,13,0.002343
2025-09-10,138,Archon Silver Ring,29,0.005046
2025-09-10,139,Foxglove Silver Ring,3,0.000538
2025-09-10,140,Summoner Silver Ring,30,0.005414
2025-09-11,134,Chobo Silver Ring,5,0.00086
2025-09-11,135,Crusader Silver Ring,3,0.000537
2025-09-11,136,Overseer Silver Ring,6,0.00102
2025-09-11,137,Athena Silver Ring,3,0.00051
2025-09-11,138,Archon Silver Ring,5,0.00085
2025-09-11,139,Foxglove Silver Ring,5,0.000837
2025-09-11,140,Summoner Silver Ring,13,0.002202
2025-09-11,244,Golden Athena Ring,1,0.003799
2025-09-11,246,Golden Crusader Ring,1,0.00439
2025-09-12,134,Chobo Silver Ring,69,0.011522
2025-09-12,135,Crusader Silver Ring,184,0.03292
2025-09-12,136,Overseer Silver Ring,41,0.006782
2025-09-12,137,Athena Silver Ring,27,0.00467
2025-09-12,138,Archon Silver Ring,59,0.009917
2025-09-12,139,Foxglove Silver Ring,47,0.007657
2025-09-12,140,Summoner Silver Ring,58,0.00984
2025-09-12,246,Golden Crusader Ring,1,0.00439
2025-09-13,134,Chobo Silver Ring,22,0.003501
2025-09-13,135,Crusader Silver Ring,337,0.061041
2025-09-13,136,Overseer Silver Ring,49,0.00797
2025-09-13,137,Athena Silver Ring,35,0.005778
2025-09-13,138,Archon Silver Ring,147,0.024969
2025-09-13,139,Foxglove Silver Ring,37,0.006099
2025-09-13,140,Summoner Silver Ring,21,0.003487
2025-09-13,246,Golden Crusader Ring,1,0.004379
2025-09-13,248,Golden Overseer Ring,3,0.014348
2025-09-14,134,Chobo Silver Ring,197,0.031903
2025-09-14,135,Crusader Silver Ring,10,0.001626
2025-09-14,136,Overseer Silver Ring,52,0.00797
2025-09-14,137,Athena Silver Ring,2,0.00026
2025-09-14,138,Archon Silver Ring,308,0.053692
2025-09-14,139,Foxglove Silver Ring,16,0.0025
2025-09-14,140,Summoner Silver Ring,3,0.000494
2025-09-14,245,Golden Chobo Ring,5,0.020667
2025-09-14,246,Golden Crusader Ring,1,0.00435
2025-09-15,134,Chobo Silver Ring,284,0.047061
2025-09-15,135,Crusader Silver Ring,15,0.002265
2025-09-15,136,Overseer Silver Ring,64,0.009506
2025-09-15,137,Athena Silver Ring,26,0.00381
2025-09-15,138,Archon Silver Ring,2,0.000335
2025-09-15,139,Foxglove Silver Ring,191,0.029775
2025-09-15,140,Summoner Silver Ring,1,0.000158
2025-09-16,134,Chobo Silver Ring,14,0.002164
2025-09-16,135,Crusader Silver Ring,8,0.001232
2025-09-16,136,Overseer Silver Ring,90,0.013022
2025-09-16,137,Athena Silver Ring,62,0.008992
2025-09-16,138,Archon Silver Ring,11,0.001654
2025-09-16,139,Foxglove Silver Ring,296,0.046912
2025-09-16,140,Summoner Silver Ring,141,0.021389
2025-09-17,134,Chobo Silver Ring,44,0.006403
2025-09-17,135,Crusader Silver Ring,46,0.006669
2025-09-17,136,Overseer Silver Ring,203,0.031331
2025-09-17,137,Athena Silver Ring,42,0.006075
2025-09-17,138,Archon Silver Ring,5,0.000755
2025-09-17,139,Foxglove Silver Ring,7,0.00106
2025-09-17,140,Summoner Silver Ring,276,0.042009
2025-09-17,248,Golden Overseer Ring,3,0.014154
2025-09-18,134,Chobo Silver Ring,47,0.006587
2025-09-18,135,Crusader Silver Ring,42,0.005945
2025-09-18,136,Overseer Silver Ring,303,0.046395
2025-09-18,137,Athena Silver Ring,177,0.025428
2025-09-18,138,Archon Silver Ring,35,0.005009
2025-09-18,139,Foxglove Silver Ring,25,0.003533
2025-09-18,140,Summoner Silver Ring,6,0.000906
2025-09-19,134,Chobo Silver Ring,24,0.003301
2025-09-19,135,Crusader Silver Ring,45,0.006216
2025-09-19,136,Overseer Silver Ring,12,0.00163
2025-09-19,137,Athena Silver Ring,347,0.052571
2025-09-19,138,Archon Silver Ring,22,0.003028
2025-09-19,139,Foxglove Silver Ring,21,0.002877
2025-09-19,140,Summoner Silver Ring,11,0.00154
2025-09-20,134,Chobo Silver Ring,37,0.004757
2025-09-20,135,Crusader Silver Ring,32,0.004114
2025-09-20,136,Overseer Silver Ring,22,0.002886
2025-09-20,137,Athena Silver Ring,13,0.001846
2025-09-20,138,Archon Silver Ring,26,0.003391
2025-09-20,139,Foxglove Silver Ring,21,0.002722
2025-09-20,140,Summoner Silver Ring,24,0.00308
2025-09-20,247,Golden Foxglove Ring,3,0.0113
2025-09-21,134,Chobo Silver Ring,36,0.004566
2025-09-21,135,Crusader Silver Ring,28,0.003522
2025-09-21,136,Overseer Silver Ring,10,0.001319
2025-09-21,137,Athena Silver Ring,9,0.001222
2025-09-21,138,Archon Silver Ring,12,0.001473
2025-09-21,139,Foxglove Silver Ring,36,0.004569
2025-09-21,140,Summoner Silver Ring,21,0.002801
2025-09-21,243,Golden Archon Ring,2,0.0066
2025-09-21,245,Golden Chobo Ring,2,0.006
2025-09-22,134,Chobo Silver Ring,37,0.004232
2025-09-22,135,Crusader Silver Ring,9,0.001072
2025-09-22,136,Overseer Silver Ring,19,0.002158
2025-09-22,137,Athena Silver Ring,7,0.00084
2025-09-22,138,Archon Silver Ring,36,0.004128
2025-09-22,139,Foxglove Silver Ring,3,0.000371
2025-09-22,140,Summoner Silver Ring,24,0.002845
2025-09-22,244,Golden Athena Ring,3,0.01009
2025-09-22,245,Golden Chobo Ring,1,0.0031
2025-09-23,134,Chobo Silver Ring,32,0.003668
2025-09-23,135,Crusader Silver Ring,53,0.006057
2025-09-23,136,Overseer Silver Ring,44,0.00508
2025-09-23,137,Athena Silver Ring,45,0.005321
2025-09-23,138,Archon Silver Ring,52,0.005911
2025-09-23,139,Foxglove Silver Ring,37,0.004254
2025-09-23,140,Summoner Silver Ring,33,0.00419
2025-09-23,248,Golden Overseer Ring,7,0.02424
2025-09-24,134,Chobo Silver Ring,50,0.005241
2025-09-24,135,Crusader Silver Ring,25,0.002618
2025-09-24,136,Overseer Silver Ring,25,0.00259
2025-09-24,137,Athena Silver Ring,13,0.0013
2025-09-24,138,Archon Silver Ring,24,0.002463
2025-09-24,139,Foxglove Silver Ring,28,0.002912
2025-09-24,140,Summoner Silver Ring,32,0.003343
2025-09-25,134,Chobo Silver Ring,28,0.002747
2025-09-25,135,Crusader Silver Ring,18,0.0018
2025-09-25,136,Overseer Silver Ring,32,0.003196
2025-09-25,138,Archon Silver Ring,5,0.000512
2025-09-25,139,Foxglove Silver Ring,5,0.000503
2025-09-25,140,Summoner Silver Ring,4,0.000412
2025-09-25,249,Golden Summoner Ring,3,0.0111
2025-09-26,134,Chobo Silver Ring,217,0.028811
2025-09-26,135,Crusader Silver Ring,203,0.025124
2025-09-26,136,Overseer Silver Ring,213,0.026501
2025-09-26,137,Athena Silver Ring,231,0.030093
2025-09-26,138,Archon Silver Ring,241,0.028306
2025-09-26,139,Foxglove Silver Ring,215,0.026949
2025-09-26,140,Summoner Silver Ring,219,0.027931
2025-09-27,134,Chobo Silver Ring,19,0.002262
2025-09-27,135,Crusader Silver Ring,4,0.000595
2025-09-27,136,Overseer Silver Ring,13,0.00158
2025-09-27,137,Athena Silver Ring,6,0.000813
2025-09-27,138,Archon Silver Ring,3,0.00045
2025-09-27,139,Foxglove Silver Ring,4,0.000432
2025-09-27,140,Summoner Silver Ring,4,0.000536
2025-09-28,135,Crusader Silver Ring,5,0.000544
2025-09-28,136,Overseer Silver Ring,3,0.0003
2025-09-28,137,Athena Silver Ring,2,0.00021
2025-09-28,138,Archon Silver Ring,3,0.000305
2025-09-28,139,Foxglove Silver Ring,12,0.001283
2025-09-28,140,Summoner Silver Ring,5,0.000651
2025-09-28,244,Golden Athena Ring,3,0.0089
2025-09-28,245,Golden Chobo Ring,3,0.00898
2025-09-28,247,Golden Foxglove Ring,3,0.00898
2025-09-28,248,Golden Overseer Ring,2,0.006
2025-09-28,249,Golden Summoner Ring,18,0.064377
2025-09-29,134,Chobo Silver Ring,6,0.000566
2025-09-29,138,Archon Silver Ring,12,0.001163
2025-09-29,139,Foxglove Silver Ring,24,0.002335
2025-09-29,140,Summoner Silver Ring,3,0.00027
2025-09-29,244,Golden Athena Ring,1,0.0031
2025-09-29,245,Golden Chobo Ring,4,0.0123
2025-09-29,246,Golden Crusader Ring,1,0.0034
2025-09-29,248,Golden Overseer Ring,6,0.0183
2025-09-30,134,Chobo Silver Ring,26,0.002452
2025-09-30,135,Crusader Silver Ring,9,0.000849
2025-09-30,136,Overseer Silver Ring,37,0.003343
2025-09-30,137,Athena Silver Ring,19,0.00182
2025-09-30,138,Archon Silver Ring,45,0.004085
2025-09-30,139,Foxglove Silver Ring,45,0.004041
2025-09-30,140,Summoner Silver Ring,25,0.002389
2025-09-30,244,Golden Athena Ring,1,0.00299
2025-09-30,245,Golden Chobo Ring,2,0.006
2025-09-30,246,Golden Crusader Ring,2,0.00598
2025-09-30,247,Golden Foxglove Ring,2,0.00578
2025-09-30,249,Golden Summoner Ring,5,0.0146
2025-10-01,134,Chobo Silver Ring,4,0.000366
2025-10-01,135,Crusader Silver Ring,45,0.004109
2025-10-01,136,Overseer Silver Ring,21,0.002044
2025-10-01,137,Athena Silver Ring,39,0.00344
2025-10-01,138,Archon Silver Ring,20,0.001808
2025-10-01,139,Foxglove Silver Ring,63,0.005745
2025-10-01,140,Summoner Silver Ring,5,0.000464
2025-10-01,243,Golden Archon Ring,1,0.00299
2025-10-02,134,Chobo Silver Ring,18,0.001656
2025-10-02,135,Crusader Silver Ring,5,0.000456
2025-10-02,136,Overseer Silver Ring,5,0.00044
2025-10-02,137,Athena Silver Ring,8,0.000728
2025-10-02,138,Archon Silver Ring,8,0.000716
2025-10-02,139,Foxglove Silver Ring,4,0.000348
2025-10-02,140,Summoner Silver Ring,4,0.000366
2025-10-02,247,Golden Foxglove Ring,3,0.0075
2025-10-03,134,Chobo Silver Ring,198,0.022652
2025-10-03,135,Crusader Silver Ring,276,0.035375
2025-10-03,136,Overseer Silver Ring,276,0.033996
2025-10-03,137,Athena Silver Ring,282,0.032984
2025-10-03,138,Archon Silver Ring,236,0.0279
2025-10-03,139,Foxglove Silver Ring,243,0.030847
2025-10-03,140,Summoner Silver Ring,337,0.041595
2025-10-03,243,Golden Archon Ring,3,0.0075
2025-10-03,244,Golden Athena Ring,1,0.0029
2025-10-03,246,Golden Crusader Ring,9,0.02248
2025-10-03,247,Golden Foxglove Ring,5,0.012499
2025-10-03,248,Golden Overseer Ring,3,0.008398
2025-10-03,249,Golden Summoner Ring,3,0.0087
2025-10-04,134,Chobo Silver Ring,82,0.010724
2025-10-04,135,Crusader Silver Ring,65,0.007897
2025-10-04,136,Overseer Silver Ring,92,0.011479
2025-10-04,137,Athena Silver Ring,40,0.005336
2025-10-04,138,Archon Silver Ring,43,0.00576
2025-10-04,139,Foxglove Silver Ring,22,0.003691
2025-10-04,140,Summoner Silver Ring,61,0.007166
2025-10-04,243,Golden Archon Ring,11,0.02748
2025-10-04,247,Golden Foxglove Ring,8,0.02205
2025-10-04,248,Golden Overseer Ring,5,0.01409
2025-10-05,134,Chobo Silver Ring,28,0.002986
2025-10-05,135,Crusader Silver Ring,33,0.003189
2025-10-05,136,Overseer Silver Ring,20,0.001898
2025-10-05,137,Athena Silver Ring,3,0.000358
2025-10-05,138,Archon Silver Ring,6,0.000606
2025-10-05,139,Foxglove Silver Ring,3,0.000369
2025-10-05,140,Summoner Silver Ring,6,0.000711
2025-10-05,243,Golden Archon Ring,1,0.00299
2025-10-05,244,Golden Athena Ring,1,0.0028
2025-10-05,245,Golden Chobo Ring,1,0.00278
2025-10-05,246,Golden Crusader Ring,2,0.00592
2025-10-05,247,Golden Foxglove Ring,1,0.00289
2025-10-05,248,Golden Overseer Ring,1,0.00285
2025-10-05,249,Golden Summoner Ring,1,0.004
2025-10-06,134,Chobo Silver Ring,73,0.00758
2025-10-06,135,Crusader Silver Ring,52,0.005274
2025-10-06,136,Overseer Silver Ring,24,0.0023
2025-10-06,137,Athena Silver Ring,26,0.002444
2025-10-06,138,Archon Silver Ring,20,0.001975
2025-10-06,139,Foxglove Silver Ring,22,0.00214
2025-10-06,140,Summoner Silver Ring,46,0.004746
2025-10-06,243,Golden Archon Ring,3,0.0087
2025-10-06,246,Golden Crusader Ring,2,0.00594
2025-10-07,134,Chobo Silver Ring,50,0.005585
2025-10-07,135,Crusader Silver Ring,50,0.005351
2025-10-07,136,Overseer Silver Ring,50,0.00496
2025-10-07,137,Athena Silver Ring,79,0.007502
2025-10-07,138,Archon Silver Ring,81,0.007626
2025-10-07,139,Foxglove Silver Ring,70,0.006463
2025-10-07,140,Summoner Silver Ring,50,0.005475
2025-10-08,134,Chobo Silver Ring,26,0.002296
2025-10-08,136,Overseer Silver Ring,22,0.002018
2025-10-08,138,Archon Silver Ring,42,0.003764
2025-10-08,139,Foxglove Silver Ring,23,0.001969
2025-10-08,140,Summoner Silver Ring,12,0.000995
2025-10-09,134,Chobo Silver Ring,28,0.002673
2025-10-09,135,Crusader Silver Ring,27,0.002545
2025-10-09,136,Overseer Silver Ring,42,0.004021
2025-10-09,137,Athena Silver Ring,33,0.003194
2025-10-09,138,Archon Silver Ring,19,0.001743
2025-10-09,139,Foxglove Silver Ring,11,0.001031
2025-10-09,140,Summoner Silver Ring,57,0.005808
2025-10-09,246,Golden Crusader Ring,1,0.00295
2025-10-09,248,Golden Overseer Ring,2,0.00478
2025-10-10,134,Chobo Silver Ring,31,0.0030846
2025-10-10,135,Crusader Silver Ring,45,0.0043906
2025-10-10,136,Overseer Silver Ring,28,0.002667
2025-10-10,137,Athena Silver Ring,80,0.007415
2025-10-10,138,Archon Silver Ring,75,0.007116
2025-10-10,139,Foxglove Silver Ring,216,0.023837
2025-10-10,140,Summoner Silver Ring,41,0.003862
2025-10-11,134,Chobo Silver Ring,25,0.002441
2025-10-11,135,Crusader Silver Ring,27,0.002624
2025-10-11,136,Overseer Silver Ring,229,0.024692
2025-10-11,137,Athena Silver Ring,12,0.001188
2025-10-11,138,Archon Silver Ring,38,0.003704
2025-10-11,139,Foxglove Silver Ring,400,0.052089
2025-10-11,140,Summoner Silver Ring,24,0.002331
2025-10-11,245,Golden Chobo Ring,3,0.006
2025-10-11,247,Golden Foxglove Ring,7,0.014
2025-10-11,249,Golden Summoner Ring,2,0.004
2025-10-12,134,Chobo Silver Ring,19,0.001763
2025-10-12,135,Crusader Silver Ring,17,0.001412
2025-10-12,136,Overseer Silver Ring,357,0.043673
2025-10-12,137,Athena Silver Ring,40,0.003518
2025-10-12,138,Archon Silver Ring,31,0.002872
2025-10-12,140,Summoner Silver Ring,175,0.017378
2025-10-12,248,Golden Overseer Ring,1,0.0017
2025-10-13,134,Chobo Silver Ring,197,0.019208
2025-10-13,135,Crusader Silver Ring,61,0.005509
2025-10-13,136,Overseer Silver Ring,14,0.001484
2025-10-13,137,Athena Silver Ring,28,0.002554
2025-10-13,138,Archon Silver Ring,25,0.002328
2025-10-13,139,Foxglove Silver Ring,13,0.00127
2025-10-13,140,Summoner Silver Ring,426,0.04832
2025-10-14,134,Chobo Silver Ring,345,0.043225
2025-10-14,135,Crusader Silver Ring,168,0.01653
2025-10-14,136,Overseer Silver Ring,5,0.000545
2025-10-14,137,Athena Silver Ring,37,0.003415
2025-10-14,138,Archon Silver Ring,16,0.001464
2025-10-14,139,Foxglove Silver Ring,18,0.001743
2025-10-14,140,Summoner Silver Ring,12,0.001137
2025-10-14,243,Golden Archon Ring,3,0.00735
2025-10-14,248,Golden Overseer Ring,10,0.01998
2025-10-15,134,Chobo Silver Ring,1,0.00012
2025-10-15,135,Crusader Silver Ring,413,0.046006
2025-10-15,137,Athena Silver Ring,29,0.00271
2025-10-15,138,Archon Silver Ring,279,0.027034
2025-10-15,139,Foxglove Silver Ring,1,9.9e-05
2025-10-15,140,Summoner Silver Ring,4,0.00033
2025-10-15,248,Golden Overseer Ring,1,0.002
2025-10-15,249,Golden Summoner Ring,1,0.00246
2025-10-16,135,Crusader Silver Ring,8,0.00072
2025-10-16,137,Athena Silver Ring,326,0.035241799951
2025-10-16,138,Archon Silver Ring,390,0.0471089999032
2025-10-16,139,Foxglove Silver Ring,22,0.002057
2025-10-16,140,Summoner Silver Ring,1,9.7e-05
2025-10-16,243,Golden Archon Ring,5,0.01229
2025-10-16,246,Golden Crusader Ring,1,0.00245
2025-10-16,249,Golden Summoner Ring,3,0.00738
2025-10-17,135,Crusader Silver Ring,2,0.000194
2025-10-17,136,Overseer Silver Ring,12,0.001173
2025-10-17,137,Athena Silver Ring,486,0.06045199808
2025-10-17,138,Archon Silver Ring,4,0.000576
2025-10-17,139,Foxglove Silver Ring,99,0.009682
2025-10-17,140,Summoner Silver Ring,54,0.005218
2025-10-17,247,Golden Foxglove Ring,3,0.00655
2025-10-18,134,Chobo Silver Ring,4,0.0002475
2025-10-18,135,Crusader Silver Ring,4,0.00038
2025-10-18,136,Overseer Silver Ring,7,0.000656
2025-10-18,137,Athena Silver Ring,9,0.000906
2025-10-18,139,Foxglove Silver Ring,10,0.000977
2025-10-18,140,Summoner Silver Ring,3,0.000285
2025-10-19,134,Chobo Silver Ring,9,0.000828
2025-10-19,136,Overseer Silver Ring,14,0.001293
2025-10-19,137,Athena Silver Ring,7,0.00073
2025-10-19,138,Archon Silver Ring,1,8e-05
2025-10-19,139,Foxglove Silver Ring,12,0.001099
2025-10-19,249,Golden Summoner Ring,2,0.00492
2025-10-20,134,Chobo Silver Ring,7,0.000635
2025-10-20,135,Crusader Silver Ring,15,0.001399
2025-10-20,136,Overseer Silver Ring,8,0.00072
2025-10-20,137,Athena Silver Ring,21,0.00191
2025-10-20,138,Archon Silver Ring,3,0.00027
2025-10-20,139,Foxglove Silver Ring,5,0.00045
2025-10-20,140,Summoner Silver Ring,4,0.00036
2025-10-21,134,Chobo Silver Ring,28,0.00225
2025-10-21,135,Crusader Silver Ring,13,0.001195
2025-10-21,137,Athena Silver Ring,9,0.000852
2025-10-21,140,Summoner Silver Ring,18,0.001673
2025-10-22,134,Chobo Silver Ring,32,0.002896
2025-10-22,135,Crusader Silver Ring,14,0.001272
2025-10-22,136,Overseer Silver Ring,10,0.000927
2025-10-22,137,Athena Silver Ring,26,0.00238
2025-10-22,138,Archon Silver Ring,10,0.00094
2025-10-22,139,Foxglove Silver Ring,22,0.001996
2025-10-22,140,Summoner Silver Ring,20,0.001861
2025-10-22,243,Golden Archon Ring,1,0.00244
2025-10-22,244,Golden Athena Ring,1,0.00249
2025-10-22,245,Golden Chobo Ring,1,0.00219
2025-10-22,246,Golden Crusader Ring,1,0.00239
2025-10-22,247,Golden Foxglove Ring,1,0.00209
2025-10-22,248,Golden Overseer Ring,1,0.00227
2025-10-22,249,Golden Summoner Ring,1,0.00285
2025-10-23,134,Chobo Silver Ring,53,0.004313
2025-10-23,135,Crusader Silver Ring,47,0.00387
2025-10-23,136,Overseer Silver Ring,41,0.003225
2025-10-23,137,Athena Silver Ring,31,0.00265
2025-10-23,138,Archon Silver Ring,26,0.002316
2025-10-23,139,Foxglove Silver Ring,49,0.004227
2025-10-23,140,Summoner Silver Ring,38,0.003184
2025-10-23,246,Golden Crusader Ring,1,0.00239
2025-10-24,134,Chobo Silver Ring,456,0.051656
2025-10-24,135,Crusader Silver Ring,538,0.063545
2025-10-24,136,Overseer Silver Ring,549,0.063704
2025-10-24,137,Athena Silver Ring,403,0.04935599998
2025-10-24,138,Archon Silver Ring,444,0.05266499991
2025-10-24,139,Foxglove Silver Ring,455,0.05468099997
2025-10-24,140,Summoner Silver Ring,506,0.061954
2025-10-24,246,Golden Crusader Ring,1,0.00239
2025-10-25,134,Chobo Silver Ring,388,0.05681569998
2025-10-25,135,Crusader Silver Ring,381,0.06113645
2025-10-25,136,Overseer Silver Ring,380,0.06136299998
2025-10-25,137,Athena Silver Ring,422,0.07033284996
2025-10-25,138,Archon Silver Ring,381,0.05471484
2025-10-25,139,Foxglove Silver Ring,372,0.0535458
2025-10-25,140,Summoner Silver Ring,373,0.057699
2025-10-26,134,Chobo Silver Ring,290,0.0388004
2025-10-26,135,Crusader Silver Ring,256,0.0336108
2025-10-26,136,Overseer Silver Ring,326,0.0415938
2025-10-26,137,Athena Silver Ring,298,0.038697
2025-10-26,138,Archon Silver Ring,274,0.0359784
2025-10-26,139,Foxglove Silver Ring,251,0.0327141
2025-10-26,140,Summoner Silver Ring,249,0.033198
2025-10-27,134,Chobo Silver Ring,8,0.00088
2025-10-27,135,Crusader Silver Ring,65,0.006923
2025-10-27,136,Overseer Silver Ring,16,0.001844
2025-10-27,137,Athena Silver Ring,36,0.004153
2025-10-27,138,Archon Silver Ring,76,0.007467
2025-10-27,139,Foxglove Silver Ring,21,0.002373
2025-10-27,140,Summoner Silver Ring,33,0.003117
2025-10-27,244,Golden Athena Ring,1,0.0023
2025-10-27,245,Golden Chobo Ring,3,0.0063
2025-10-27,246,Golden Crusader Ring,4,0.00956
2025-10-27,248,Golden Overseer Ring,2,0.0041
2025-10-28,134,Chobo Silver Ring,207,0.020078
2025-10-28,135,Crusader Silver Ring,279,0.027708
2025-10-28,136,Overseer Silver Ring,196,0.019594
2025-10-28,137,Athena Silver Ring,174,0.017187
2025-10-28,138,Archon Silver Ring,225,0.022816
2025-10-28,139,Foxglove Silver Ring,253,0.024779
2025-10-28,140,Summoner Silver Ring,237,0.022858
2025-10-28,243,Golden Archon Ring,2,0.0047
2025-10-28,245,Golden Chobo Ring,1,0.0021
2025-10-28,246,Golden Crusader Ring,1,0.00239
2025-10-28,247,Golden Foxglove Ring,6,0.012
2025-10-29,134,Chobo Silver Ring,101,0.010706
2025-10-29,135,Crusader Silver Ring,114,0.01295
2025-10-29,136,Overseer Silver Ring,124,0.014429
2025-10-29,137,Athena Silver Ring,101,0.011047
2025-10-29,138,Archon Silver Ring,67,0.007949
2025-10-29,139,Foxglove Silver Ring,87,0.00998
2025-10-29,140,Summoner Silver Ring,84,0.009085
2025-10-29,247,Golden Foxglove Ring,3,0.006
2025-10-29,248,Golden Overseer Ring,1,0.002
2025-10-30,134,Chobo Silver Ring,113,0.013224
2025-10-30,135,Crusader Silver Ring,112,0.014205
2025-10-30,136,Overseer Silver Ring,164,0.018831
2025-10-30,137,Athena Silver Ring,100,0.011591
2025-10-30,138,Archon Silver Ring,160,0.018999
2025-10-30,139,Foxglove Silver Ring,141,0.016333
2025-10-30,140,Summoner Silver Ring,113,0.012748
2025-10-30,245,Golden Chobo Ring,2,0.0042
2025-10-30,247,Golden Foxglove Ring,2,0.0044
2025-10-30,248,Golden Overseer Ring,2,0.0042
2025-10-31,134,Chobo Silver Ring,350,0.042618
2025-10-31,135,Crusader Silver Ring,228,0.027847
2025-10-31,136,Overseer Silver Ring,308,0.036246
2025-10-31,137,Athena Silver Ring,224,0.028329
2025-10-31,138,Archon Silver Ring,239,0.030024
2025-10-31,139,Foxglove Silver Ring,326,0.037897
2025-10-31,140,Summoner Silver Ring,375,0.043762
2025-11-01,134,Chobo Silver Ring,67,0.008592399999999984
2025-11-01,135,Crusader Silver Ring,54,0.0069264
2025-11-01,136,Overseer Silver Ring,44,0.006079799999999988
2025-11-01,137,Athena Silver Ring,47,0.006448
2025-11-01,138,Archon Silver Ring,33,0.004577099999999991
2025-11-01,139,Foxglove Silver Ring,51,0.006286
2025-11-01,140,Summoner Silver Ring,102,0.011216099994999954
2025-11-01,243,Golden Archon Ring,1,0.0023
2025-11-01,246,Golden Crusader Ring,1,0.00238
2025-11-01,248,Golden Overseer Ring,1,0.002
2025-11-02,134,Chobo Silver Ring,71,0.009508599999999996
2025-11-02,135,Crusader Silver Ring,73,0.009244
2025-11-02,136,Overseer Silver Ring,71,0.009235699999999977
2025-11-02,137,Athena Silver Ring,72,0.009903
2025-11-02,138,Archon Silver Ring,72,0.00992899999999999
2025-11-02,139,Foxglove Silver Ring,76,0.009762
2025-11-02,140,Summoner Silver Ring,63,0.008123999981
2025-11-03,134,Chobo Silver Ring,182,0.018449999993
2025-11-03,135,Crusader Silver Ring,137,0.015553
2025-11-03,136,Overseer Silver Ring,128,0.013354999993
2025-11-03,137,Athena Silver Ring,157,0.017034
2025-11-03,138,Archon Silver Ring,116,0.012402999987
2025-11-03,139,Foxglove Silver Ring,121,0.012852999966
2025-11-03,140,Summoner Silver Ring,103,0.010786999986
2025-11-03,243,Golden Archon Ring,1,0.0022
2025-11-04,134,Chobo Silver Ring,18,0.002306
2025-11-04,135,Crusader Silver Ring,14,0.001784
2025-11-04,136,Overseer Silver Ring,18,0.00227
2025-11-04,137,Athena Silver Ring,19,0.00239
2025-11-04,138,Archon Silver Ring,15,0.001906
2025-11-04,139,Foxglove Silver Ring,21,0.002583
2025-11-04,140,Summoner Silver Ring,12,0.001493999997
2025-11-04,247,Golden Foxglove Ring,2,0.0038
2025-11-05,134,Chobo Silver Ring,7,0.000873
2025-11-05,135,Crusader Silver Ring,9,0.001117
2025-11-05,136,Overseer Silver Ring,9,0.001058
2025-11-05,137,Athena Silver Ring,18,0.001921
2025-11-05,138,Archon Silver Ring,24,0.002634
2025-11-05,139,Foxglove Silver Ring,17,0.001986
2025-11-05,140,Summoner Silver Ring,26,0.003059
2025-11-05,244,Golden Athena Ring,3,0.00687
2025-11-05,246,Golden Crusader Ring,1,0.0019
2025-11-05,248,Golden Overseer Ring,3,0.00627
2025-11-05,249,Golden Summoner Ring,3,0.00774
2025-11-06,134,Chobo Silver Ring,70,0.008429
2025-11-06,135,Crusader Silver Ring,74,0.00827
2025-11-06,136,Overseer Silver Ring,13,0.00132
2025-11-06,137,Athena Silver Ring,29,0.003537
2025-11-06,138,Archon Silver Ring,27,0.003211
2025-11-06,139,Foxglove Silver Ring,24,0.002904
2025-11-06,140,Summoner Silver Ring,21,0.002435
2025-11-06,246,Golden Crusader Ring,2,0.00289
2025-11-06,247,Golden Foxglove Ring,2,0.00329
2025-11-07,134,Chobo Silver Ring,11,0.00118
2025-11-07,135,Crusader Silver Ring,13,0.001391
2025-11-07,136,Overseer Silver Ring,24,0.00236
2025-11-07,137,Athena Silver Ring,21,0.002457
2025-11-07,138,Archon Silver Ring,30,0.003122
2025-11-07,139,Foxglove Silver Ring,13,0.00152
2025-11-07,140,Summoner Silver Ring,13,0.001412
2025-11-07,245,Golden Chobo Ring,3,0.00507
2025-11-08,134,Chobo Silver Ring,17,0.001851
2025-11-08,135,Crusader Silver Ring,44,0.003855
2025-11-08,136,Overseer Silver Ring,25,0.00244
2025-11-08,137,Athena Silver Ring,29,0.003381
2025-11-08,138,Archon Silver Ring,18,0.00179
2025-11-08,139,Foxglove Silver Ring,21,0.002305
2025-11-08,140,Summoner Silver Ring,38,0.004163
2025-11-08,244,Golden Athena Ring,1,0.002
2025-11-08,246,Golden Crusader Ring,2,0.00379
2025-11-08,247,Golden Foxglove Ring,2,0.003769
2025-11-08,248,Golden Overseer Ring,1,0.002089
2025-11-09,134,Chobo Silver Ring,13,0.001379
2025-11-09,136,Overseer Silver Ring,10,0.000943
2025-11-09,137,Athena Silver Ring,6,0.00066
2025-11-09,138,Archon Silver Ring,4,0.000394
2025-11-09,139,Foxglove Silver Ring,13,0.00138
2025-11-09,140,Summoner Silver Ring,9,0.000827
2025-11-09,243,Golden Archon Ring,1,0.001979
2025-11-09,244,Golden Athena Ring,1,0.0019
2025-11-09,245,Golden Chobo Ring,2,0.003978
2025-11-09,246,Golden Crusader Ring,1,0.00198
2025-11-09,247,Golden Foxglove Ring,2,0.00376
2025-11-09,248,Golden Overseer Ring,1,0.00208
2025-11-09,249,Golden Summoner Ring,1,0.002489
2025-11-10,134,Chobo Silver Ring,7,0.00069
2025-11-10,135,Crusader Silver Ring,13,0.0013
2025-11-10,136,Overseer Silver Ring,31,0.0029
2025-11-10,137,Athena Silver Ring,14,0.001472
2025-11-10,138,Archon Silver Ring,9,0.000843
2025-11-10,139,Foxglove Silver Ring,8,0.000865
2025-11-10,140,Summoner Silver Ring,10,0.00098
2025-11-10,246,Golden Crusader Ring,1,0.00199
2025-11-11,134,Chobo Silver Ring,22,0.002163
2025-11-11,135,Crusader Silver Ring,7,0.000661
2025-11-11,136,Overseer Silver Ring,28,0.002603
2025-11-11,137,Athena Silver Ring,10,0.000988
2025-11-11,138,Archon Silver Ring,7,0.000651
2025-11-11,139,Foxglove Silver Ring,20,0.002071
2025-11-11,140,Summoner Silver Ring,10,0.000968
2025-11-12,135,Crusader Silver Ring,5,0.000475
2025-11-12,136,Overseer Silver Ring,6,0.000564
2025-11-12,137,Athena Silver Ring,8,0.000758
2025-11-12,138,Archon Silver Ring,28,0.002591
2025-11-12,139,Foxglove Silver Ring,2,0.00021
2025-11-12,140,Summoner Silver Ring,10,0.000959
2025-11-13,134,Chobo Silver Ring,4,0.000375
2025-11-13,135,Crusader Silver Ring,18,0.001494
2025-11-13,136,Overseer Silver Ring,15,0.001327
2025-11-13,137,Athena Silver Ring,7,0.000638
2025-11-13,138,Archon Silver Ring,7,0.00063
2025-11-13,139,Foxglove Silver Ring,12,0.001206
2025-11-13,140,Summoner Silver Ring,25,0.00237
2025-11-14,134,Chobo Silver Ring,421,0.050455973997
2025-11-14,135,Crusader Silver Ring,407,0.052968
2025-11-14,136,Overseer Silver Ring,392,0.0433549999
2025-11-14,137,Athena Silver Ring,355,0.045688999
2025-11-14,138,Archon Silver Ring,335,0.039600999997
2025-11-14,139,Foxglove Silver Ring,350,0.042306
2025-11-14,140,Summoner Silver Ring,378,0.044363
2025-11-14,243,Golden Archon Ring,1,0.0018
2025-11-14,244,Golden Athena Ring,1,0.00174
2025-11-14,245,Golden Chobo Ring,1,0.0016
2025-11-14,246,Golden Crusader Ring,1,0.00197
2025-11-14,247,Golden Foxglove Ring,1,0.001799
2025-11-14,248,Golden Overseer Ring,1,0.002
2025-11-14,249,Golden Summoner Ring,1,0.002398
2025-11-15,134,Chobo Silver Ring,452,0.061258
2025-11-15,135,Crusader Silver Ring,430,0.063162
2025-11-15,136,Overseer Silver Ring,524,0.071267
2025-11-15,137,Athena Silver Ring,343,0.049744
2025-11-15,138,Archon Silver Ring,452,0.062758
2025-11-15,139,Foxglove Silver Ring,385,0.054274
2025-11-15,140,Summoner Silver Ring,348,0.049279
2025-11-15,243,Golden Archon Ring,3,0.00525
2025-11-15,244,Golden Athena Ring,3,0.00516
2025-11-15,245,Golden Chobo Ring,3,0.0049
2025-11-15,246,Golden Crusader Ring,1,0.00192
2025-11-15,247,Golden Foxglove Ring,2,0.0035
2025-11-16,134,Chobo Silver Ring,125,0.016624
2025-11-16,135,Crusader Silver Ring,106,0.014368
2025-11-16,136,Overseer Silver Ring,88,0.012197
2025-11-16,137,Athena Silver Ring,96,0.013487
2025-11-16,138,Archon Silver Ring,75,0.010726
2025-11-16,139,Foxglove Silver Ring,88,0.011668
2025-11-16,140,Summoner Silver Ring,153,0.020647
2025-11-16,243,Golden Archon Ring,21,0.040137
2025-11-16,244,Golden Athena Ring,21,0.03751
2025-11-16,245,Golden Chobo Ring,7,0.01377
2025-11-16,246,Golden Crusader Ring,22,0.042546
2025-11-16,247,Golden Foxglove Ring,17,0.031789
2025-11-16,248,Golden Overseer Ring,2,0.00384
2025-11-17,134,Chobo Silver Ring,97,0.012718
2025-11-17,135,Crusader Silver Ring,124,0.016178
2025-11-17,136,Overseer Silver Ring,133,0.018079
2025-11-17,137,Athena Silver Ring,93,0.012658
2025-11-17,138,Archon Silver Ring,69,0.009092
2025-11-17,139,Foxglove Silver Ring,62,0.008263
2025-11-17,140,Summoner Silver Ring,161,0.02089
2025-11-17,246,Golden Crusader Ring,1,0.002199
2025-11-17,249,Golden Summoner Ring,1,0.0016
2025-11-18,134,Chobo Silver Ring,111,0.014584
2025-11-18,135,Crusader Silver Ring,180,0.023117
2025-11-18,136,Overseer Silver Ring,78,0.010193
2025-11-18,137,Athena Silver Ring,94,0.012429
2025-11-18,138,Archon Silver Ring,154,0.019382
2025-11-18,139,Foxglove Silver Ring,136,0.017855
2025-11-18,140,Summoner Silver Ring,144,0.018781
2025-11-18,245,Golden Chobo Ring,4,0.007795
2025-11-18,249,Golden Summoner Ring,4,0.00652
2025-11-19,134,Chobo Silver Ring,199,0.024861
2025-11-19,135,Crusader Silver Ring,223,0.027985
2025-11-19,136,Overseer Silver Ring,219,0.027514
2025-11-19,137,Athena Silver Ring,122,0.015426
2025-11-19,138,Archon Silver Ring,150,0.018426
2025-11-19,139,Foxglove Silver Ring,172,0.02149
2025-11-19,140,Summoner Silver Ring,108,0.013295
2025-11-19,244,Golden Athena Ring,1,0.00194
2025-11-19,245,Golden Chobo Ring,21,0.041448
2025-11-19,246,Golden Crusader Ring,2,0.004396
2025-11-19,247,Golden Foxglove Ring,3,0.00622
2025-11-19,249,Golden Summoner Ring,2,0.00381
2025-11-20,134,Chobo Silver Ring,252,0.032987
2025-11-20,135,Crusader Silver Ring,190,0.025205
2025-11-20,136,Overseer Silver Ring,257,0.03414
2025-11-20,137,Athena Silver Ring,269,0.035163
2025-11-20,138,Archon Silver Ring,261,0.033909
2025-11-20,139,Foxglove Silver Ring,324,0.041622
2025-11-20,140,Summoner Silver Ring,183,0.024739
2025-11-20,243,Golden Archon Ring,7,0.013737
2025-11-20,244,Golden Athena Ring,9,0.01699
2025-11-20,245,Golden Chobo Ring,1,0.00174
2025-11-20,247,Golden Foxglove Ring,1,0.0017
2025-11-20,248,Golden Overseer Ring,6,0.01161
2025-11-21,134,Chobo Silver Ring,213,0.030489
2025-11-21,135,Crusader Silver Ring,116,0.017093
2025-11-21,136,Overseer Silver Ring,302,0.042061
2025-11-21,137,Athena Silver Ring,177,0.026352
2025-11-21,138,Archon Silver Ring,203,0.028769
2025-11-21,139,Foxglove Silver Ring,396,0.058563
2025-11-21,140,Summoner Silver Ring,157,0.023169
2025-11-21,243,Golden Archon Ring,1,0.002099
2025-11-21,244,Golden Athena Ring,2,0.00399
2025-11-21,249,Golden Summoner Ring,1,0.00174
2025-11-22,134,Chobo Silver Ring,17,0.002533
2025-11-22,135,Crusader Silver Ring,27,0.003537
2025-11-22,136,Overseer Silver Ring,144,0.022342999997
2025-11-22,137,Athena Silver Ring,24,0.003479
2025-11-22,138,Archon Silver Ring,42,0.005357
2025-11-22,139,Foxglove Silver Ring,142,0.024842
2025-11-22,140,Summoner Silver Ring,23,0.003489
2025-11-22,246,Golden Crusader Ring,3,0.006144
2025-11-23,134,Chobo Silver Ring,9,0.00123
2025-11-23,135,Crusader Silver Ring,10,0.001411
2025-11-23,136,Overseer Silver Ring,109,0.018298
2025-11-23,137,Athena Silver Ring,6,0.000888
2025-11-23,138,Archon Silver Ring,5,0.000732
2025-11-23,139,Foxglove Silver Ring,1,0.000147
2025-11-23,140,Summoner Silver Ring,145,0.023034
2025-11-23,245,Golden Chobo Ring,3,0.00625
2025-11-23,247,Golden Foxglove Ring,4,0.00828
2025-11-23,248,Golden Overseer Ring,4,0.008
2025-11-24,134,Chobo Silver Ring,134,0.0201449
2025-11-24,135,Crusader Silver Ring,21,0.002901899999999999
2025-11-24,137,Athena Silver Ring,37,0.005154899999999999
2025-11-24,138,Archon Silver Ring,20,0.002783899999999999
2025-11-24,139,Foxglove Silver Ring,7,0.0008399
2025-11-24,140,Summoner Silver Ring,250,0.0476059
2025-11-24,244,Golden Athena Ring,3,0.00597
2025-11-24,246,Golden Crusader Ring,7,0.0143409
2025-11-24,247,Golden Foxglove Ring,2,0.0035319
2025-11-24,249,Golden Summoner Ring,7,0.0125719
2025-11-25,134,Chobo Silver Ring,160,0.026094999988
2025-11-25,135,Crusader Silver Ring,121,0.017685
2025-11-25,136,Overseer Silver Ring,8,0.00102
2025-11-25,137,Athena Silver Ring,21,0.003051
2025-11-25,138,Archon Silver Ring,3,0.00042
2025-11-25,139,Foxglove Silver Ring,12,0.001534
2025-11-25,140,Summoner Silver Ring,72,0.013591
2025-11-25,244,Golden Athena Ring,12,0.0239439
2025-11-25,246,Golden Crusader Ring,7,0.01485
2025-11-25,249,Golden Summoner Ring,3,0.00615
2025-11-26,134,Chobo Silver Ring,7,0.000967
2025-11-26,135,Crusader Silver Ring,159,0.023426
2025-11-26,136,Overseer Silver Ring,14,0.001762
2025-11-26,137,Athena Silver Ring,12,0.001708
2025-11-26,138,Archon Silver Ring,93,0.012915
2025-11-26,139,Foxglove Silver Ring,5,0.000618
2025-11-26,140,Summoner Silver Ring,39,0.006768
2025-11-26,243,Golden Archon Ring,1,0.00174
2025-11-26,244,Golden Athena Ring,1,0.002
2025-11-26,245,Golden Chobo Ring,1,0.00174
2025-11-26,246,Golden Crusader Ring,2,0.004269
2025-11-26,247,Golden Foxglove Ring,1,0.00174
2025-11-26,248,Golden Overseer Ring,1,0.002
2025-11-26,249,Golden Summoner Ring,1,0.00174
2025-11-27,134,Chobo Silver Ring,2,0.0002698
2025-11-27,135,Crusader Silver Ring,3,0.000426
2025-11-27,136,Overseer Silver Ring,11,0.001375
2025-11-27,137,Athena Silver Ring,106,0.014305599979999997
2025-11-27,138,Archon Silver Ring,177,0.025536399996999994
2025-11-27,139,Foxglove Silver Ring,13,0.00154
2025-11-27,140,Summoner Silver Ring,36,0.005555999994
2025-11-27,246,Golden Crusader Ring,1,0.002131
2025-11-27,247,Golden Foxglove Ring,4,0.00831
2025-11-27,248,Golden Overseer Ring,9,0.0186009
2025-11-27,249,Golden Summoner Ring,2,0.0041
2025-11-28,134,Chobo Silver Ring,6,0.000767999994
2025-11-28,135,Crusader Silver Ring,14,0.001811
2025-11-28,136,Overseer Silver Ring,14,0.00168
2025-11-28,137,Athena Silver Ring,187,0.02728699997
2025-11-28,138,Archon Silver Ring,12,0.00156
2025-11-28,139,Foxglove Silver Ring,2,0.000252
2025-11-28,140,Summoner Silver Ring,28,0.003648999986
2025-11-28,243,Golden Archon Ring,4,0.008109999999
2025-11-28,244,Golden Athena Ring,1,0.002085999999
2025-11-28,245,Golden Chobo Ring,1,0.002097
2025-11-28,246,Golden Crusader Ring,3,0.006103999998
2025-11-28,247,Golden Foxglove Ring,1,0.00208999999
2025-11-28,248,Golden Overseer Ring,4,0.00832899988
2025-11-28,249,Golden Summoner Ring,6,0.01263999997
2025-11-29,134,Chobo Silver Ring,4,0.000511999996
2025-11-29,135,Crusader Silver Ring,11,0.001239
2025-11-29,136,Overseer Silver Ring,10,0.001230999993
2025-11-29,137,Athena Silver Ring,1,0.0001379999999
2025-11-29,138,Archon Silver Ring,7,0.000897
2025-11-29,139,Foxglove Silver Ring,7,0.000784
2025-11-29,140,Summoner Silver Ring,9,0.001178
2025-11-29,243,Golden Archon Ring,1,0.00188
2025-11-29,244,Golden Athena Ring,1,0.00188
2025-11-29,245,Golden Chobo Ring,2,0.00349
2025-11-29,246,Golden Crusader Ring,2,0.0041
2025-11-29,247,Golden Foxglove Ring,1,0.00187
2025-11-29,248,Golden Overseer Ring,1,0.00185
2025-11-29,249,Golden Summoner Ring,1,0.00197
2025-11-30,134,Chobo Silver Ring,3,0.000334
2025-11-30,135,Crusader Silver Ring,6,0.000612
2025-11-30,137,Athena Silver Ring,4,0.000515
2025-11-30,140,Summoner Silver Ring,7,0.00088
2025-11-30,245,Golden Chobo Ring,4,0.0068
2025-11-30,246,Golden Crusader Ring,4,0.00799
2025-12-01,134,Chobo Silver Ring,4,0.000468
2025-12-01,135,Crusader Silver Ring,7,0.000771
2025-12-01,136,Overseer Silver Ring,25,0.002624
2025-12-01,137,Athena Silver Ring,3,0.000359
2025-12-01,138,Archon Silver Ring,6,0.000593
2025-12-01,139,Foxglove Silver Ring,12,0.001238
2025-12-01,140,Summoner Silver Ring,16,0.001917
2025-12-01,245,Golden Chobo Ring,4,0.00717
2025-12-01,247,Golden Foxglove Ring,1,0.0018
2025-12-01,249,Golden Summoner Ring,4,0.007379
2025-12-02,134,Chobo Silver Ring,6,0.000654
2025-12-02,135,Crusader Silver Ring,1,0.000108
2025-12-02,136,Overseer Silver Ring,14,0.001401
2025-12-02,137,Athena Silver Ring,4,0.00046
2025-12-02,138,Archon Silver Ring,2,0.000212
2025-12-02,139,Foxglove Silver Ring,8,0.000864
2025-12-02,140,Summoner Silver Ring,7,0.000826
2025-12-02,247,Golden Foxglove Ring,1,0.002085
2025-12-02,249,Golden Summoner Ring,2,0.00398
2025-12-03,134,Chobo Silver Ring,23,0.002442
2025-12-03,135,Crusader Silver Ring,19,0.002039
2025-12-03,136,Overseer Silver Ring,8,0.000821
2025-12-03,137,Athena Silver Ring,39,0.004417
2025-12-03,138,Archon Silver Ring,7,0.000625
2025-12-03,139,Foxglove Silver Ring,9,0.000962
2025-12-03,140,Summoner Silver Ring,31,0.003509
2025-12-03,243,Golden Archon Ring,8,0.0096
2025-12-03,244,Golden Athena Ring,21,0.03635
2025-12-03,245,Golden Chobo Ring,8,0.0096
2025-12-03,246,Golden Crusader Ring,11,0.01447
2025-12-03,247,Golden Foxglove Ring,7,0.0084
2025-12-03,248,Golden Overseer Ring,14,0.019188
2025-12-03,249,Golden Summoner Ring,17,0.02454
2025-12-04,134,Chobo Silver Ring,2,0.0002
2025-12-04,135,Crusader Silver Ring,30,0.002849
2025-12-04,136,Overseer Silver Ring,10,0.00084
2025-12-04,137,Athena Silver Ring,31,0.00272
2025-12-04,138,Archon Silver Ring,20,0.001788
2025-12-04,139,Foxglove Silver Ring,33,0.002812
2025-12-04,243,Golden Archon Ring,1,0.00179
2025-12-04,246,Golden Crusader Ring,8,0.0125
2025-12-04,247,Golden Foxglove Ring,4,0.006739
2025-12-05,134,Chobo Silver Ring,11,0.000896699999999997
2025-12-05,135,Crusader Silver Ring,8,0.0008409
2025-12-05,136,Overseer Silver Ring,27,0.002407
2025-12-05,137,Athena Silver Ring,7,0.0006899
2025-12-05,138,Archon Silver Ring,4,0.000343
2025-12-05,139,Foxglove Silver Ring,19,0.0017124
2025-12-05,140,Summoner Silver Ring,60,0.0055569
2025-12-05,246,Golden Crusader Ring,3,0.004689
2025-12-06,134,Chobo Silver Ring,9,0.00075
2025-12-06,135,Crusader Silver Ring,5,0.000415
2025-12-06,136,Overseer Silver Ring,16,0.00135
2025-12-06,137,Athena Silver Ring,26,0.002197
2025-12-06,138,Archon Silver Ring,1,9.7e-05
2025-12-06,139,Foxglove Silver Ring,9,0.000725
2025-12-06,140,Summoner Silver Ring,66,0.007032
2025-12-06,245,Golden Chobo Ring,3,0.004122
2025-12-06,246,Golden Crusader Ring,1,0.0016
2025-12-07,134,Chobo Silver Ring,1,9.4e-05
2025-12-07,135,Crusader Silver Ring,3,0.00027
2025-12-07,138,Archon Silver Ring,3,0.00024
2025-12-07,139,Foxglove Silver Ring,11,0.000915
2025-12-07,140,Summoner Silver Ring,22,0.00231
2025-12-07,246,Golden Crusader Ring,1,0.00157
2025-12-07,249,Golden Summoner Ring,3,0.00472
2025-12-08,135,Crusader Silver Ring,14,0.0012199
2025-12-08,136,Overseer Silver Ring,7,0.00056
2025-12-08,137,Athena Silver Ring,5,0.0004
2025-12-08,138,Archon Silver Ring,4,0.000318
2025-12-08,139,Foxglove Silver Ring,3,0.000234
2025-12-08,140,Summoner Silver Ring,8,0.000819
2025-12-09,134,Chobo Silver Ring,22,0.0017238
2025-12-09,135,Crusader Silver Ring,2,0.000155
2025-12-09,136,Overseer Silver Ring,8,0.000604
2025-12-09,137,Athena Silver Ring,1,8e-05
2025-12-09,138,Archon Silver Ring,9,0.000745
2025-12-09,139,Foxglove Silver Ring,9,0.00056
2025-12-10,134,Chobo Silver Ring,5,0.000345
2025-12-10,135,Crusader Silver Ring,14,0.000942
2025-12-10,136,Overseer Silver Ring,3,0.00015
2025-12-10,138,Archon Silver Ring,5,0.00036
2025-12-10,139,Foxglove Silver Ring,4,0.000304
2025-12-10,140,Summoner Silver Ring,8,0.00049
2025-12-11,135,Crusader Silver Ring,5,0.000312
2025-12-11,136,Overseer Silver Ring,25,0.001499
2025-12-11,137,Athena Silver Ring,1,7e-05
2025-12-11,138,Archon Silver Ring,2,0.000138
2025-12-11,139,Foxglove Silver Ring,15,0.001002
2025-12-11,140,Summoner Silver Ring,6,0.000468
2025-12-12,135,Crusader Silver Ring,10,0.000621
2025-12-12,136,Overseer Silver Ring,6,0.00036
2025-12-12,137,Athena Silver Ring,2,0.000134
2025-12-12,138,Archon Silver Ring,4,0.000252
2025-12-12,140,Summoner Silver Ring,1,7.8e-05
2025-12-12,244,Golden Athena Ring,1,0.00119
2025-12-12,245,Golden Chobo Ring,1,0.0012
2025-12-13,135,Crusader Silver Ring,54,0.003153
2025-12-13,136,Overseer Silver Ring,61,0.003541
2025-12-13,137,Athena Silver Ring,5,0.000323
2025-12-13,138,Archon Silver Ring,70,0.004204
2025-12-13,140,Summoner Silver Ring,29,0.001956
2025-12-13,246,Golden Crusader Ring,2,0.00298
2025-12-14,136,Overseer Silver Ring,14,0.00084
2025-12-14,137,Athena Silver Ring,4,0.000268
2025-12-14,138,Archon Silver Ring,1,0.000129
2025-12-14,140,Summoner Silver Ring,30,0.002129999
2025-12-14,246,Golden Crusader Ring,2,0.003555
2025-12-15,137,Athena Silver Ring,2,0.000121
2025-12-15,140,Summoner Silver Ring,2,0.000146
2025-12-15,244,Golden Athena Ring,5,0.005
2025-12-15,246,Golden Crusader Ring,3,0.004461
2025-12-16,137,Athena Silver Ring,6,0.000342
2025-12-16,140,Summoner Silver Ring,12,0.000861
2025-12-16,246,Golden Crusader Ring,5,0.007424
2025-12-17,134,Chobo Silver Ring,8,0.000476
2025-12-17,135,Crusader Silver Ring,15,0.000898
2025-12-17,137,Athena Silver Ring,65,0.004005
2025-12-17,138,Archon Silver Ring,57,0.00346199
2025-12-17,139,Foxglove Silver Ring,89,0.005299999
2025-12-17,243,Golden Archon Ring,1,0.00131765
2025-12-17,247,Golden Foxglove Ring,1,0.0012331
2025-12-18,137,Athena Silver Ring,7,0.000413
2025-12-18,139,Foxglove Silver Ring,10,0.000618
2025-12-18,140,Summoner Silver Ring,3,0.00021
2025-12-19,135,Crusader Silver Ring,2,0.00011999
2025-12-19,136,Overseer Silver Ring,5,0.000238
2025-12-19,137,Athena Silver Ring,2,0.000126
2025-12-19,138,Archon Silver Ring,36,0.002051
2025-12-19,139,Foxglove Silver Ring,103,0.006759
2025-12-19,140,Summoner Silver Ring,3,0.000183
2025-12-19,244,Golden Athena Ring,2,0.002178
2025-12-20,134,Chobo Silver Ring,5,0.00032
2025-12-20,135,Crusader Silver Ring,4,0.000232
2025-12-20,136,Overseer Silver Ring,116,0.00713
2025-12-20,137,Athena Silver Ring,13,0.000608
2025-12-20,138,Archon Silver Ring,6,0.000324
2025-12-20,139,Foxglove Silver Ring,146,0.01082
2025-12-20,140,Summoner Silver Ring,7,0.000435
2025-12-21,134,Chobo Silver Ring,16,0.000898
2025-12-21,135,Crusader Silver Ring,7,0.000406
2025-12-21,136,Overseer Silver Ring,119,0.008313
2025-12-21,137,Athena Silver Ring,12,0.000654
2025-12-21,138,Archon Silver Ring,32,0.001623
2025-12-21,140,Summoner Silver Ring,157,0.0111
2025-12-21,244,Golden Athena Ring,13,0.01383
2025-12-21,245,Golden Chobo Ring,6,0.007167
2025-12-21,249,Golden Summoner Ring,2,0.002796
2025-12-22,134,Chobo Silver Ring,104,0.006652
2025-12-22,135,Crusader Silver Ring,85,0.004905
2025-12-22,136,Overseer Silver Ring,5,0.00035
2025-12-22,137,Athena Silver Ring,49,0.002709
2025-12-22,138,Archon Silver Ring,60,0.003308
2025-12-22,139,Foxglove Silver Ring,15,0.001009
2025-12-22,140,Summoner Silver Ring,124,0.009528
2025-12-22,244,Golden Athena Ring,22,0.0251425
2025-12-22,245,Golden Chobo Ring,22,0.026309
2025-12-22,249,Golden Summoner Ring,6,0.008388
2025-12-23,134,Chobo Silver Ring,116,0.007357999
2025-12-23,135,Crusader Silver Ring,73,0.00441596998
2025-12-23,138,Archon Silver Ring,1,6.7e-05
2025-12-24,134,Chobo Silver Ring,32,0.001864
2025-12-24,135,Crusader Silver Ring,142,0.009131
2025-12-24,136,Overseer Silver Ring,10,0.00065
2025-12-24,137,Athena Silver Ring,20,0.001119998
2025-12-24,138,Archon Silver Ring,101,0.006558996
2025-12-24,139,Foxglove Silver Ring,10,0.000569997999
2025-12-24,140,Summoner Silver Ring,13,0.000987999
2025-12-24,245,Golden Chobo Ring,15,0.01889998
2025-12-24,248,Golden Overseer Ring,1,0.0012919905
2025-12-24,249,Golden Summoner Ring,2,0.0025780905
2025-12-25,134,Chobo Silver Ring,27,0.001524999
2025-12-25,135,Crusader Silver Ring,4,0.000265
2025-12-25,136,Overseer Silver Ring,25,0.00155
2025-12-25,137,Athena Silver Ring,108,0.006583997
2025-12-25,138,Archon Silver Ring,121,0.00818
2025-12-25,140,Summoner Silver Ring,6,0.000455
2025-12-25,243,Golden Archon Ring,1,0.00138
2025-12-25,246,Golden Crusader Ring,1,0.00138604905
2025-12-25,247,Golden Foxglove Ring,1,0.001295999
2025-12-25,248,Golden Overseer Ring,1,0.001188
2025-12-25,249,Golden Summoner Ring,1,0.00125
2025-12-26,134,Chobo Silver Ring,64,0.003944997999
2025-12-26,135,Crusader Silver Ring,115,0.007730998
2025-12-26,136,Overseer Silver Ring,17,0.000995
2025-12-26,137,Athena Silver Ring,157,0.011008
2025-12-26,138,Archon Silver Ring,22,0.001482
2025-12-26,139,Foxglove Silver Ring,54,0.002925996999
2025-12-26,140,Summoner Silver Ring,22,0.001584
2025-12-27,134,Chobo Silver Ring,67,0.004437
2025-12-27,135,Crusader Silver Ring,146,0.01254
2025-12-27,136,Overseer Silver Ring,85,0.005484
2025-12-27,137,Athena Silver Ring,9,0.00052999
2025-12-27,138,Archon Silver Ring,4,0.000259999
2025-12-27,139,Foxglove Silver Ring,56,0.003179
2025-12-27,140,Summoner Silver Ring,45,0.003334
2025-12-27,245,Golden Chobo Ring,9,0.01027
2025-12-27,248,Golden Overseer Ring,9,0.010642
2025-12-27,249,Golden Summoner Ring,7,0.008649
2025-12-28,134,Chobo Silver Ring,12,0.00082299
2025-12-28,135,Crusader Silver Ring,3,0.000266
2025-12-28,136,Overseer Silver Ring,161,0.011868
2025-12-28,137,Athena Silver Ring,103,0.008565
2025-12-28,138,Archon Silver Ring,11,0.000718
2025-12-28,139,Foxglove Silver Ring,58,0.003877
2025-12-28,140,Summoner Silver Ring,46,0.003534
2025-12-28,245,Golden Chobo Ring,1,0.001189
2025-12-28,248,Golden Overseer Ring,9,0.010709
2025-12-29,137,Athena Silver Ring,95,0.009363
2025-12-29,138,Archon Silver Ring,120,0.009417998
2025-12-29,139,Foxglove Silver Ring,36,0.002739
2025-12-29,140,Summoner Silver Ring,4,0.000312
2025-12-30,134,Chobo Silver Ring,13,0.000857
2025-12-30,135,Crusader Silver Ring,5,0.000374
2025-12-30,136,Overseer Silver Ring,3,0.000198
2025-12-30,137,Athena Silver Ring,47,0.004846
2025-12-30,138,Archon Silver Ring,158,0.01407398
2025-12-30,139,Foxglove Silver Ring,93,0.006982
2025-12-30,140,Summoner Silver Ring,12,0.000851999
2025-12-31,135,Crusader Silver Ring,1,7e-05
2025-12-31,136,Overseer Silver Ring,38,0.002789
2025-12-31,137,Athena Silver Ring,46,0.005170999
2025-12-31,139,Foxglove Silver Ring,124,0.010178
2025-12-31,140,Summoner Silver Ring,75,0.006654
2025-12-31,245,Golden Chobo Ring,1,0.001
2026-01-01,134,Chobo Silver Ring,116,0.007962999
2026-01-01,135,Crusader Silver Ring,43,0.00295599
2026-01-01,136,Overseer Silver Ring,45,0.003420999
2026-01-01,137,Athena Silver Ring,2,0.000222
2026-01-01,138,Archon Silver Ring,1,8.5e-05
2026-01-01,140,Summoner Silver Ring,111,0.0134339
2026-01-01,244,Golden Athena Ring,1,0.00102
2026-01-01,246,Golden Crusader Ring,1,0.0012
2026-01-02,134,Chobo Silver Ring,168,0.011987999
2026-01-02,135,Crusader Silver Ring,49,0.003795996999
2026-01-02,136,Overseer Silver Ring,6,0.000443
2026-01-02,137,Athena Silver Ring,1,0.00011
2026-01-02,138,Archon Silver Ring,8,0.000679998
2026-01-02,243,Golden Archon Ring,34,0.0415189
2026-01-02,244,Golden Athena Ring,39,0.0484099
2026-01-02,245,Golden Chobo Ring,51,0.061873
2026-01-02,246,Golden Crusader Ring,59,0.082831948
2026-01-02,247,Golden Foxglove Ring,33,0.041726
2026-01-02,248,Golden Overseer Ring,64,0.08775163
2026-01-02,249,Golden Summoner Ring,28,0.035736
2026-01-03,134,Chobo Silver Ring,10,0.00069
2026-01-03,135,Crusader Silver Ring,14,0.001068999
2026-01-03,136,Overseer Silver Ring,12,0.000869
2026-01-03,137,Athena Silver Ring,8,0.000742
2026-01-03,138,Archon Silver Ring,1,8.4e-05
2026-01-03,139,Foxglove Silver Ring,10,0.000789
2026-01-03,140,Summoner Silver Ring,3,0.000327
2026-01-03,243,Golden Archon Ring,55,0.06926795
2026-01-03,244,Golden Athena Ring,54,0.06825496
2026-01-03,245,Golden Chobo Ring,21,0.028242
2026-01-03,246,Golden Crusader Ring,39,0.056639
2026-01-03,247,Golden Foxglove Ring,25,0.031998
2026-01-03,248,Golden Overseer Ring,41,0.059237
2026-01-03,249,Golden Summoner Ring,24,0.032775
2026-01-04,134,Chobo Silver Ring,11,0.000716
2026-01-04,137,Athena Silver Ring,1,9.2e-05
2026-01-04,243,Golden Archon Ring,30,0.034684
2026-01-04,244,Golden Athena Ring,28,0.03251799
2026-01-04,245,Golden Chobo Ring,10,0.01281795
2026-01-04,246,Golden Crusader Ring,9,0.011574
2026-01-04,247,Golden Foxglove Ring,43,0.04969894
2026-01-04,248,Golden Overseer Ring,9,0.011506
2026-01-04,249,Golden Summoner Ring,35,0.04148195
2026-01-05,134,Chobo Silver Ring,10,0.000667
2026-01-05,135,Crusader Silver Ring,13,0.000975
2026-01-05,137,Athena Silver Ring,8,0.000714
2026-01-05,138,Archon Silver Ring,3,0.00020999
2026-01-05,139,Foxglove Silver Ring,5,0.000334
2026-01-05,140,Summoner Silver Ring,10,0.000849
2026-01-05,243,Golden Archon Ring,6,0.006828
2026-01-05,244,Golden Athena Ring,4,0.004571
2026-01-05,245,Golden Chobo Ring,33,0.041187
2026-01-05,246,Golden Crusader Ring,7,0.00887
2026-01-05,247,Golden Foxglove Ring,30,0.03481
2026-01-05,248,Golden Overseer Ring,5,0.006203
2026-01-05,249,Golden Summoner Ring,24,0.0300039
2026-01-06,134,Chobo Silver Ring,42,0.002698
2026-01-06,135,Crusader Silver Ring,38,0.002684799
2026-01-06,136,Overseer Silver Ring,47,0.002962
2026-01-06,137,Athena Silver Ring,44,0.003496999
2026-01-06,138,Archon Silver Ring,42,0.002596
2026-01-06,139,Foxglove Silver Ring,45,0.002814
2026-01-06,140,Summoner Silver Ring,38,0.003146
2026-01-06,243,Golden Archon Ring,11,0.012438
2026-01-06,244,Golden Athena Ring,12,0.013703
2026-01-06,245,Golden Chobo Ring,35,0.043539
2026-01-06,246,Golden Crusader Ring,7,0.008759
2026-01-06,247,Golden Foxglove Ring,12,0.013415
2026-01-06,248,Golden Overseer Ring,7,0.0085389
2026-01-06,249,Golden Summoner Ring,10,0.011972
2026-01-07,134,Chobo Silver Ring,35,0.002273
2026-01-07,135,Crusader Silver Ring,36,0.00259
2026-01-07,136,Overseer Silver Ring,40,0.002545999
2026-01-07,137,Athena Silver Ring,35,0.003092999
2026-01-07,138,Archon Silver Ring,30,0.002036
2026-01-07,139,Foxglove Silver Ring,34,0.002268
2026-01-07,140,Summoner Silver Ring,34,0.002852996999
2026-01-07,243,Golden Archon Ring,8,0.008971
2026-01-07,244,Golden Athena Ring,10,0.011415
2026-01-07,245,Golden Chobo Ring,10,0.012248
2026-01-07,246,Golden Crusader Ring,8,0.009936
2026-01-07,247,Golden Foxglove Ring,10,0.011726
2026-01-07,248,Golden Overseer Ring,7,0.008316
2026-01-07,249,Golden Summoner Ring,13,0.015184
2026-01-08,134,Chobo Silver Ring,2,0.000132
2026-01-08,136,Overseer Silver Ring,2,0.000128
2026-01-08,138,Archon Silver Ring,4,0.000264
2026-01-08,139,Foxglove Silver Ring,3,0.000201
2026-01-08,140,Summoner Silver Ring,3,0.00021
2026-01-08,243,Golden Archon Ring,16,0.017458
2026-01-08,244,Golden Athena Ring,19,0.0215
2026-01-08,245,Golden Chobo Ring,10,0.01210199
2026-01-08,246,Golden Crusader Ring,7,0.00855999
2026-01-08,247,Golden Foxglove Ring,8,0.009739
2026-01-08,248,Golden Overseer Ring,19,0.021799
2026-01-08,249,Golden Summoner Ring,14,0.016153
2026-01-09,134,Chobo Silver Ring,1,6e-05
2026-01-09,139,Foxglove Silver Ring,4,0.000208
2026-01-09,243,Golden Archon Ring,23,0.024452
2026-01-09,244,Golden Athena Ring,16,0.017988
2026-01-09,245,Golden Chobo Ring,8,0.009531
2026-01-09,246,Golden Crusader Ring,9,0.010735
2026-01-09,247,Golden Foxglove Ring,9,0.010828
2026-01-09,248,Golden Overseer Ring,16,0.018019
2026-01-09,249,Golden Summoner Ring,12,0.013775
2026-01-10,140,Summoner Silver Ring,3,0.000213
2026-01-11,134,Chobo Silver Ring,12,0.0007
2026-01-11,136,Overseer Silver Ring,15,0.000812
2026-01-11,138,Archon Silver Ring,5,0.00028
2026-01-12,134,Chobo Silver Ring,6,0.000341699
2026-01-12,135,Crusader Silver Ring,2,0.0001218
2026-01-12,137,Athena Silver Ring,5,0.000324997999
2026-01-12,138,Archon Silver Ring,7,0.000392
2026-01-12,139,Foxglove Silver Ring,3,0.00017997999
2026-01-12,140,Summoner Silver Ring,2,0.000127999
2026-01-12,243,Golden Archon Ring,1,0.00093
2026-01-12,246,Golden Crusader Ring,1,0.0011
2026-01-13,247,Golden Foxglove Ring,3,0.003
2026-01-14,136,Overseer Silver Ring,2,8e-05
2026-01-14,137,Athena Silver Ring,2,0.00012
2026-01-14,138,Archon Silver Ring,1,5.4e-05
2026-01-14,140,Summoner Silver Ring,13,0.0007664
2026-01-14,243,Golden Archon Ring,1,0.0009
2026-01-14,246,Golden Crusader Ring,2,0.00173
2026-01-14,248,Golden Overseer Ring,1,0.0008
2026-01-15,135,Crusader Silver Ring,3,0.00012
2026-01-15,136,Overseer Silver Ring,11,0.0005
2026-01-15,137,Athena Silver Ring,2,0.000119
2026-01-15,139,Foxglove Silver Ring,1,5e-05
2026-01-15,140,Summoner Silver Ring,3,0.00015
2026-01-15,246,Golden Crusader Ring,1,0.001
2026-01-16,134,Chobo Silver Ring,453,0.02747259999
2026-01-16,135,Crusader Silver Ring,393,0.02494734696998
2026-01-16,136,Overseer Silver Ring,428,0.02658754887999
2026-01-16,137,Athena Silver Ring,464,0.03619188859
2026-01-16,138,Archon Silver Ring,446,0.028651198
2026-01-16,139,Foxglove Silver Ring,422,0.026538486969
2026-01-16,140,Summoner Silver Ring,378,0.02619260699
2026-01-16,248,Golden Overseer Ring,1,0.0008
2026-01-17,134,Chobo Silver Ring,462,0.04250759
2026-01-17,135,Crusader Silver Ring,446,0.038579
2026-01-17,136,Overseer Silver Ring,434,0.039503299
2026-01-17,137,Athena Silver Ring,328,0.0329676
2026-01-17,138,Archon Silver Ring,353,0.032292499
2026-01-17,139,Foxglove Silver Ring,360,0.0345903
2026-01-17,140,Summoner Silver Ring,400,0.0381392
2026-01-17,245,Golden Chobo Ring,1,0.00084
2026-01-17,247,Golden Foxglove Ring,1,0.000849
2026-01-17,249,Golden Summoner Ring,2,0.00186
2026-01-18,134,Chobo Silver Ring,95,0.0082451
2026-01-18,135,Crusader Silver Ring,134,0.0119487
2026-01-18,136,Overseer Silver Ring,106,0.0091845
2026-01-18,137,Athena Silver Ring,161,0.014887699
2026-01-18,138,Archon Silver Ring,155,0.0129887
2026-01-18,139,Foxglove Silver Ring,222,0.017776198
2026-01-18,140,Summoner Silver Ring,205,0.0167757
2026-01-18,245,Golden Chobo Ring,5,0.004523
2026-01-18,247,Golden Foxglove Ring,1,0.0007
2026-01-18,249,Golden Summoner Ring,3,0.002939
2026-01-19,134,Chobo Silver Ring,214,0.018096899
2026-01-19,135,Crusader Silver Ring,169,0.0147471
2026-01-19,136,Overseer Silver Ring,147,0.0125869
2026-01-19,137,Athena Silver Ring,177,0.0168985
2026-01-19,138,Archon Silver Ring,173,0.01355909
2026-01-19,139,Foxglove Silver Ring,191,0.0157996
2026-01-19,140,Summoner Silver Ring,171,0.014956699
2026-01-19,243,Golden Archon Ring,3,0.002397
2026-01-19,246,Golden Crusader Ring,1,0.00096
2026-01-19,248,Golden Overseer Ring,2,0.00156
2026-01-20,134,Chobo Silver Ring,202,0.0176086
2026-01-20,135,Crusader Silver Ring,191,0.016486299
2026-01-20,136,Overseer Silver Ring,182,0.0147698
2026-01-20,137,Athena Silver Ring,192,0.017806199
2026-01-20,138,Archon Silver Ring,205,0.0163876
2026-01-20,139,Foxglove Silver Ring,172,0.0140104
2026-01-20,140,Summoner Silver Ring,184,0.0181686
2026-01-21,134,Chobo Silver Ring,188,0.0170428999
2026-01-21,135,Crusader Silver Ring,144,0.0130917
2026-01-21,136,Overseer Silver Ring,184,0.0164283999
2026-01-21,137,Athena Silver Ring,97,0.0093177
2026-01-21,138,Archon Silver Ring,167,0.0150369999
2026-01-21,139,Foxglove Silver Ring,107,0.0110568899
2026-01-21,140,Summoner Silver Ring,160,0.0194597
2026-01-21,247,Golden Foxglove Ring,2,0.001559905
2026-01-21,249,Golden Summoner Ring,3,0.0021
2026-01-22,134,Chobo Silver Ring,187,0.017021399
2026-01-22,135,Crusader Silver Ring,192,0.01695669
2026-01-22,136,Overseer Silver Ring,206,0.020141199
2026-01-22,137,Athena Silver Ring,194,0.019209498
2026-01-22,138,Archon Silver Ring,138,0.0128077
2026-01-22,139,Foxglove Silver Ring,127,0.0135215
2026-01-22,140,Summoner Silver Ring,124,0.0160402
2026-01-23,134,Chobo Silver Ring,314,0.03560499999
2026-01-23,135,Crusader Silver Ring,313,0.034553
2026-01-23,136,Overseer Silver Ring,321,0.035630999985999
2026-01-23,137,Athena Silver Ring,255,0.0293012988995
2026-01-23,138,Archon Silver Ring,347,0.038538699885
2026-01-23,139,Foxglove Silver Ring,341,0.0374801
2026-01-23,140,Summoner Silver Ring,245,0.0295974999
2026-01-23,243,Golden Archon Ring,44,0.0402417
2026-01-23,244,Golden Athena Ring,32,0.0321927
2026-01-23,245,Golden Chobo Ring,36,0.0374149
2026-01-23,246,Golden Crusader Ring,43,0.04186799
2026-01-23,247,Golden Foxglove Ring,38,0.0355748
2026-01-23,248,Golden Overseer Ring,43,0.0399375
2026-01-23,249,Golden Summoner Ring,36,0.035937
2026-01-24,134,Chobo Silver Ring,6,0.000372
2026-01-24,136,Overseer Silver Ring,5,0.000285
2026-01-24,137,Athena Silver Ring,3,0.000408
2026-01-24,139,Foxglove Silver Ring,4,0.000492
2026-01-24,243,Golden Archon Ring,29,0.03181889
2026-01-24,244,Golden Athena Ring,34,0.034722
2026-01-24,245,Golden Chobo Ring,29,0.031726
2026-01-24,246,Golden Crusader Ring,34,0.0335799
2026-01-24,247,Golden Foxglove Ring,33,0.0325469
2026-01-24,248,Golden Overseer Ring,31,0.03090889
2026-01-24,249,Golden Summoner Ring,30,0.029895
2026-01-25,243,Golden Archon Ring,6,0.006298
2026-01-25,244,Golden Athena Ring,8,0.007727
2026-01-25,245,Golden Chobo Ring,8,0.0082369
2026-01-25,246,Golden Crusader Ring,11,0.01057069
2026-01-25,247,Golden Foxglove Ring,10,0.009616
2026-01-25,248,Golden Overseer Ring,7,0.00683289
2026-01-25,249,Golden Summoner Ring,8,0.007829
2026-01-26,134,Chobo Silver Ring,2,0.000176
2026-01-26,137,Athena Silver Ring,3,0.000296999
2026-01-26,139,Foxglove Silver Ring,3,0.0006
2026-01-26,243,Golden Archon Ring,6,0.00628998
2026-01-26,244,Golden Athena Ring,8,0.00766968
2026-01-26,245,Golden Chobo Ring,7,0.00712859
2026-01-26,246,Golden Crusader Ring,6,0.00562659
2026-01-26,247,Golden Foxglove Ring,7,0.00655994
2026-01-26,248,Golden Overseer Ring,7,0.00660647
2026-01-26,249,Golden Summoner Ring,4,0.00387997
2026-01-27,136,Overseer Silver Ring,5,0.000375
2026-01-27,137,Athena Silver Ring,5,0.000469
2026-01-27,140,Summoner Silver Ring,7,0.000518
2026-01-27,243,Golden Archon Ring,1,0.001
2026-01-27,244,Golden Athena Ring,3,0.002809
2026-01-27,245,Golden Chobo Ring,2,0.00198
2026-01-27,246,Golden Crusader Ring,1,0.00093879
2026-01-27,247,Golden Foxglove Ring,4,0.00358
2026-01-27,248,Golden Overseer Ring,6,0.0053899
2026-01-27,249,Golden Summoner Ring,4,0.003738
2026-01-28,134,Chobo Silver Ring,3,0.000198
2026-01-28,136,Overseer Silver Ring,5,0.000375
2026-01-28,137,Athena Silver Ring,8,0.00056
2026-01-28,139,Foxglove Silver Ring,22,0.001338
2026-01-28,140,Summoner Silver Ring,3,0.000218
2026-01-28,243,Golden Archon Ring,5,0.00509
2026-01-28,244,Golden Athena Ring,10,0.0095249
2026-01-28,245,Golden Chobo Ring,4,0.003915
2026-01-28,246,Golden Crusader Ring,7,0.006462
2026-01-28,247,Golden Foxglove Ring,7,0.00651998
2026-01-28,248,Golden Overseer Ring,7,0.006257
2026-01-28,249,Golden Summoner Ring,16,0.01551991
2026-01-29,134,Chobo Silver Ring,2,0.00013
2026-01-29,136,Overseer Silver Ring,2,0.00015
2026-01-29,137,Athena Silver Ring,4,0.000278
2026-01-29,140,Summoner Silver Ring,15,0.001089
2026-01-29,243,Golden Archon Ring,15,0.014982
2026-01-29,244,Golden Athena Ring,25,0.0238149
2026-01-29,245,Golden Chobo Ring,9,0.00872
2026-01-29,246,Golden Crusader Ring,23,0.0212559
2026-01-29,247,Golden Foxglove Ring,20,0.0185919
2026-01-29,248,Golden Overseer Ring,24,0.02126
2026-01-29,249,Golden Summoner Ring,12,0.011498
2026-01-30,135,Crusader Silver Ring,16,0.001418999
2026-01-30,136,Overseer Silver Ring,1,7.4e-05
2026-01-30,137,Athena Silver Ring,14,0.000964
2026-01-30,139,Foxglove Silver Ring,3,0.000197
2026-01-30,140,Summoner Silver Ring,5,0.000345
2026-01-30,243,Golden Archon Ring,8,0.0076379
2026-01-30,244,Golden Athena Ring,21,0.019999
2026-01-30,245,Golden Chobo Ring,10,0.0095229
2026-01-30,246,Golden Crusader Ring,15,0.0137359
2026-01-30,247,Golden Foxglove Ring,10,0.0092667
2026-01-30,248,Golden Overseer Ring,17,0.0150839
2026-01-30,249,Golden Summoner Ring,5,0.004758
2026-01-31,135,Crusader Silver Ring,7,0.00063
2026-01-31,140,Summoner Silver Ring,1,6.8e-05
2026-02-01,134,Chobo Silver Ring,10,0.00059
2026-02-01,137,Athena Silver Ring,7,0.000469
2026-02-02,135,Crusader Silver Ring,6,0.00023
2026-02-02,136,Overseer Silver Ring,1,7e-05
2026-02-02,137,Athena Silver Ring,4,0.000248
2026-02-02,138,Archon Silver Ring,10,0.000428
2026-02-02,139,Foxglove Silver Ring,6,0.00024
2026-02-02,140,Summoner Silver Ring,34,0.00146
2026-02-02,244,Golden Athena Ring,1,0.000955
2026-02-02,249,Golden Summoner Ring,4,0.0032
2026-02-03,137,Athena Silver Ring,1,6.2e-05
2026-02-03,138,Archon Silver Ring,2,0.000134
2026-02-03,139,Foxglove Silver Ring,3,0.000372
2026-02-03,140,Summoner Silver Ring,2,0.000134
2026-02-03,246,Golden Crusader Ring,1,0.0008
2026-02-03,247,Golden Foxglove Ring,1,0.00087
2026-02-04,134,Chobo Silver Ring,5,0.000285
2026-02-04,136,Overseer Silver Ring,3,0.00012
2026-02-04,137,Athena Silver Ring,4,0.000246
2026-02-04,140,Summoner Silver Ring,11,0.000658
2026-02-04,245,Golden Chobo Ring,5,0.00472
2026-02-05,134,Chobo Silver Ring,5,0.00029
2026-02-05,135,Crusader Silver Ring,5,0.000325
2026-02-05,136,Overseer Silver Ring,5,0.000331
2026-02-05,137,Athena Silver Ring,5,0.000322
2026-02-05,138,Archon Silver Ring,5,0.00033
2026-02-05,139,Foxglove Silver Ring,5,0.00031
2026-02-05,140,Summoner Silver Ring,5,0.000325
2026-02-06,243,Golden Archon Ring,1,0.0008
2026-02-06,245,Golden Chobo Ring,1,0.0009
2026-02-06,246,Golden Crusader Ring,1,0.00075
2026-02-06,249,Golden Summoner Ring,1,0.00083
2026-02-07,134,Chobo Silver Ring,9,0.00044999
2026-02-07,138,Archon Silver Ring,3,0.00014997999
2026-02-07,140,Summoner Silver Ring,1,6.4e-05
2026-02-08,136,Overseer Silver Ring,4,0.000228
2026-02-08,138,Archon Silver Ring,4,0.00024
2026-02-09,136,Overseer Silver Ring,3,0.000171
2026-02-09,137,Athena Silver Ring,10,0.00053
2026-02-09,138,Archon Silver Ring,3,0.00018
2026-02-09,140,Summoner Silver Ring,3,0.00017999
2026-02-10,134,Chobo Silver Ring,10,0.000545
2026-02-10,135,Crusader Silver Ring,10,0.000629997999
2026-02-10,136,Overseer Silver Ring,10,0.00056
2026-02-10,137,Athena Silver Ring,12,0.000732996997999
2026-02-10,138,Archon Silver Ring,11,0.00059
2026-02-10,139,Foxglove Silver Ring,10,0.000549
2026-02-10,140,Summoner Silver Ring,11,0.000635
2026-02-10,243,Golden Archon Ring,5,0.003
2026-02-10,244,Golden Athena Ring,1,0.00075
2026-02-10,246,Golden Crusader Ring,4,0.0024
2026-02-10,248,Golden Overseer Ring,8,0.00448
2026-02-10,249,Golden Summoner Ring,2,0.0012
2026-02-11,140,Summoner Silver Ring,16,0.00096
2026-02-11,244,Golden Athena Ring,2,0.0015
2026-02-11,247,Golden Foxglove Ring,1,0.00077
2026-02-12,139,Foxglove Silver Ring,4,0.000208
2026-02-12,243,Golden Archon Ring,1,0.0007
2026-02-12,244,Golden Athena Ring,3,0.00223
2026-02-12,245,Golden Chobo Ring,1,0.0008
2026-02-12,246,Golden Crusader Ring,1,0.0007
2026-02-12,247,Golden Foxglove Ring,3,0.00222
2026-02-12,248,Golden Overseer Ring,1,0.0008
2026-02-12,249,Golden Summoner Ring,4,0.0026
2026-02-13,134,Chobo Silver Ring,371,0.038614195998
2026-02-13,135,Crusader Silver Ring,276,0.026989993995999
2026-02-13,136,Overseer Silver Ring,316,0.032911090994
2026-02-13,137,Athena Silver Ring,289,0.034938896999
2026-02-13,138,Archon Silver Ring,299,0.032462783
2026-02-13,139,Foxglove Silver Ring,324,0.0327851943987
2026-02-13,140,Summoner Silver Ring,265,0.02876984896999
2026-02-13,243,Golden Archon Ring,2,0.0015299
2026-02-13,244,Golden Athena Ring,3,0.00221
2026-02-13,245,Golden Chobo Ring,1,0.00085999
2026-02-13,246,Golden Crusader Ring,2,0.0014999
2026-02-13,247,Golden Foxglove Ring,2,0.0014499
2026-02-13,248,Golden Overseer Ring,1,0.00079999
2026-02-13,249,Golden Summoner Ring,1,0.0007399
2026-02-14,134,Chobo Silver Ring,303,0.042028739
2026-02-14,135,Crusader Silver Ring,303,0.0380321299
2026-02-14,136,Overseer Silver Ring,284,0.04543532
2026-02-14,137,Athena Silver Ring,290,0.0445867199
2026-02-14,138,Archon Silver Ring,317,0.04128038
2026-02-14,139,Foxglove Silver Ring,358,0.0452376299
2026-02-14,140,Summoner Silver Ring,292,0.0384433499
2026-02-14,243,Golden Archon Ring,51,0.04067985
2026-02-14,244,Golden Athena Ring,3,0.00239889
2026-02-14,245,Golden Chobo Ring,40,0.03465999
2026-02-14,246,Golden Crusader Ring,12,0.00932199
2026-02-14,247,Golden Foxglove Ring,51,0.04020977
2026-02-14,248,Golden Overseer Ring,45,0.03685995
2026-02-14,249,Golden Summoner Ring,49,0.03631979
2026-02-15,134,Chobo Silver Ring,105,0.011990999
2026-02-15,135,Crusader Silver Ring,176,0.0182659
2026-02-15,136,Overseer Silver Ring,92,0.012648989
2026-02-15,137,Athena Silver Ring,96,0.011061997999
2026-02-15,138,Archon Silver Ring,81,0.009372988
2026-02-15,139,Foxglove Silver Ring,77,0.008892999
2026-02-15,140,Summoner Silver Ring,101,0.011072999
2026-02-15,243,Golden Archon Ring,7,0.00545921
2026-02-15,245,Golden Chobo Ring,2,0.0016
2026-02-15,246,Golden Crusader Ring,2,0.0016
2026-02-15,247,Golden Foxglove Ring,2,0.0015
2026-02-15,248,Golden Overseer Ring,4,0.00327989
2026-02-15,249,Golden Summoner Ring,14,0.01144999
2026-02-16,134,Chobo Silver Ring,56,0.005907
2026-02-16,135,Crusader Silver Ring,58,0.005566
2026-02-16,136,Overseer Silver Ring,49,0.00622995
2026-02-16,137,Athena Silver Ring,45,0.004704
2026-02-16,138,Archon Silver Ring,68,0.007206999
2026-02-16,139,Foxglove Silver Ring,76,0.007739489
2026-02-16,140,Summoner Silver Ring,107,0.010729339
2026-02-16,246,Golden Crusader Ring,1,0.00085
2026-02-17,134,Chobo Silver Ring,200,0.020789999
2026-02-17,135,Crusader Silver Ring,201,0.019617919
2026-02-17,136,Overseer Silver Ring,127,0.015745799
2026-02-17,137,Athena Silver Ring,166,0.01692424
2026-02-17,138,Archon Silver Ring,180,0.01841414
2026-02-17,139,Foxglove Silver Ring,176,0.01762406
2026-02-17,140,Summoner Silver Ring,167,0.01677378
2026-02-17,243,Golden Archon Ring,4,0.003156
2026-02-17,244,Golden Athena Ring,2,0.00175998
2026-02-17,245,Golden Chobo Ring,1,0.00085996
2026-02-17,246,Golden Crusader Ring,1,0.00085
2026-02-17,247,Golden Foxglove Ring,1,0.00085
2026-02-17,248,Golden Overseer Ring,1,0.00083
2026-02-17,249,Golden Summoner Ring,1,0.00094
2026-02-18,134,Chobo Silver Ring,96,0.01064871
2026-02-18,135,Crusader Silver Ring,57,0.0065274
2026-02-18,136,Overseer Silver Ring,54,0.0065856
2026-02-18,137,Athena Silver Ring,108,0.011346
2026-02-18,138,Archon Silver Ring,67,0.00691813
2026-02-18,139,Foxglove Silver Ring,96,0.00988289
2026-02-18,140,Summoner Silver Ring,47,0.004958
2026-02-18,243,Golden Archon Ring,5,0.003975
2026-02-18,245,Golden Chobo Ring,5,0.0042998
2026-02-18,246,Golden Crusader Ring,5,0.00425
2026-02-18,248,Golden Overseer Ring,4,0.00332
2026-02-19,134,Chobo Silver Ring,485,0.0492864
2026-02-19,135,Crusader Silver Ring,423,0.0435816869
2026-02-19,136,Overseer Silver Ring,430,0.042826706
2026-02-19,137,Athena Silver Ring,418,0.037841197999
2026-02-19,138,Archon Silver Ring,470,0.04497021889
2026-02-19,139,Foxglove Silver Ring,558,0.051162899
2026-02-19,140,Summoner Silver Ring,406,0.036179796999
2026-02-19,243,Golden Archon Ring,26,0.01352
2026-02-19,244,Golden Athena Ring,23,0.01231999
2026-02-19,245,Golden Chobo Ring,23,0.01196
2026-02-19,246,Golden Crusader Ring,16,0.00865
2026-02-19,247,Golden Foxglove Ring,49,0.031119
2026-02-19,248,Golden Overseer Ring,27,0.01404
2026-02-19,249,Golden Summoner Ring,27,0.01404
2026-02-20,134,Chobo Silver Ring,190,0.0255355
2026-02-20,135,Crusader Silver Ring,213,0.0343932
2026-02-20,136,Overseer Silver Ring,221,0.0300788
2026-02-20,137,Athena Silver Ring,202,0.0289482
2026-02-20,138,Archon Silver Ring,225,0.0298624
2026-02-20,139,Foxglove Silver Ring,273,0.0384743
2026-02-20,140,Summoner Silver Ring,216,0.0288278
2026-02-20,243,Golden Archon Ring,8,0.00612
2026-02-20,244,Golden Athena Ring,7,0.00604998
2026-02-20,245,Golden Chobo Ring,15,0.01285
2026-02-20,246,Golden Crusader Ring,11,0.00975
2026-02-20,247,Golden Foxglove Ring,7,0.00583
2026-02-20,248,Golden Overseer Ring,7,0.00576
2026-02-20,249,Golden Summoner Ring,6,0.00548
2026-02-21,136,Overseer Silver Ring,1,0.000146
2026-02-21,243,Golden Archon Ring,39,0.029948
2026-02-21,244,Golden Athena Ring,37,0.032039
2026-02-21,245,Golden Chobo Ring,36,0.0308519
2026-02-21,246,Golden Crusader Ring,34,0.0299899
2026-02-21,247,Golden Foxglove Ring,33,0.028429
2026-02-21,248,Golden Overseer Ring,33,0.0268499
2026-02-21,249,Golden Summoner Ring,30,0.02768998
2026-02-22,135,Crusader Silver Ring,13,0.001879
2026-02-22,138,Archon Silver Ring,2,0.000246
2026-02-22,139,Foxglove Silver Ring,1,0.000153
2026-02-22,140,Summoner Silver Ring,8,0.0008
2026-02-22,243,Golden Archon Ring,20,0.015936
2026-02-22,244,Golden Athena Ring,18,0.01583899
2026-02-22,245,Golden Chobo Ring,18,0.01600999
2026-02-22,246,Golden Crusader Ring,19,0.0169199
2026-02-22,247,Golden Foxglove Ring,21,0.0195439
2026-02-22,248,Golden Overseer Ring,19,0.01567
2026-02-22,249,Golden Summoner Ring,16,0.01499999
2026-02-23,134,Chobo Silver Ring,20,0.001513999
2026-02-23,138,Archon Silver Ring,4,0.000488
2026-02-23,140,Summoner Silver Ring,20,0.002
2026-02-23,243,Golden Archon Ring,12,0.00957
2026-02-23,244,Golden Athena Ring,13,0.01136
2026-02-23,245,Golden Chobo Ring,10,0.00899
2026-02-23,246,Golden Crusader Ring,12,0.0106599
2026-02-23,247,Golden Foxglove Ring,14,0.013
2026-02-23,248,Golden Overseer Ring,13,0.010749
2026-02-23,249,Golden Summoner Ring,12,0.01125
2026-02-24,134,Chobo Silver Ring,3,0.000297
2026-02-24,135,Crusader Silver Ring,8,0.001104
2026-02-24,138,Archon Silver Ring,1,0.000121
2026-02-24,140,Summoner Silver Ring,6,0.000567
2026-02-24,243,Golden Archon Ring,24,0.019136
2026-02-24,244,Golden Athena Ring,10,0.00863
2026-02-24,245,Golden Chobo Ring,10,0.009
2026-02-24,246,Golden Crusader Ring,10,0.00892
2026-02-24,247,Golden Foxglove Ring,7,0.006473
2026-02-24,248,Golden Overseer Ring,26,0.02131
2026-02-24,249,Golden Summoner Ring,8,0.007374
2026-02-25,134,Chobo Silver Ring,21,0.002499
2026-02-25,138,Archon Silver Ring,2,0.000238
2026-02-25,140,Summoner Silver Ring,10,0.00095
2026-02-25,243,Golden Archon Ring,9,0.007148
2026-02-25,244,Golden Athena Ring,8,0.006954
2026-02-25,245,Golden Chobo Ring,11,0.009893
2026-02-25,246,Golden Crusader Ring,8,0.00712
2026-02-25,247,Golden Foxglove Ring,9,0.00837
2026-02-25,248,Golden Overseer Ring,10,0.008192
2026-02-25,249,Golden Summoner Ring,9,0.008273
2026-02-26,139,Foxglove Silver Ring,2,0.000213999
2026-02-26,243,Golden Archon Ring,19,0.015138
2026-02-26,244,Golden Athena Ring,19,0.01655898
2026-02-26,245,Golden Chobo Ring,15,0.01365499
2026-02-26,246,Golden Crusader Ring,21,0.01853992
2026-02-26,247,Golden Foxglove Ring,11,0.01016997
2026-02-26,248,Golden Overseer Ring,20,0.016435
2026-02-26,249,Golden Summoner Ring,10,0.009199
2026-02-27,134,Chobo Silver Ring,4,0.000372
2026-02-27,135,Crusader Silver Ring,1,0.000126
2026-02-27,136,Overseer Silver Ring,1,0.000124
2026-02-27,137,Athena Silver Ring,1,0.000112
2026-02-27,138,Archon Silver Ring,1,0.000108
2026-02-27,139,Foxglove Silver Ring,1,0.000107
2026-02-27,140,Summoner Silver Ring,1,0.0001
2026-02-27,243,Golden Archon Ring,4,0.00359987
2026-02-27,244,Golden Athena Ring,14,0.01225
2026-02-27,245,Golden Chobo Ring,7,0.0064299
2026-02-27,246,Golden Crusader Ring,10,0.00872
2026-02-27,247,Golden Foxglove Ring,6,0.00548
2026-02-27,248,Golden Overseer Ring,13,0.0107599
2026-02-27,249,Golden Summoner Ring,7,0.0064299
2026-03-01,134,Chobo Silver Ring,6,0.00048
2026-03-01,138,Archon Silver Ring,11,0.000926
2026-03-01,139,Foxglove Silver Ring,9,0.000714
2026-03-01,243,Golden Archon Ring,2,0.00178
2026-03-01,248,Golden Overseer Ring,35,0.02862
2026-03-02,134,Chobo Silver Ring,10,0.000796
2026-03-03,134,Chobo Silver Ring,8,0.000589
2026-03-03,135,Crusader Silver Ring,12,0.000864
2026-03-03,136,Overseer Silver Ring,7,0.000489
2026-03-03,140,Summoner Silver Ring,10,0.000682
2026-03-04,135,Crusader Silver Ring,8,0.00056
2026-03-04,136,Overseer Silver Ring,4,0.00028
2026-03-04,137,Athena Silver Ring,3,0.00021
2026-03-04,140,Summoner Silver Ring,1,7e-05
2026-03-05,134,Chobo Silver Ring,3,0.000249
2026-03-05,135,Crusader Silver Ring,32,0.002282
2026-03-05,136,Overseer Silver Ring,5,0.00035
2026-03-05,137,Athena Silver Ring,6,0.00042
2026-03-05,140,Summoner Silver Ring,7,0.00042
2026-03-06,134,Chobo Silver Ring,342,0.0365371999
2026-03-06,135,Crusader Silver Ring,273,0.03158734
2026-03-06,136,Overseer Silver Ring,290,0.030812499
2026-03-06,137,Athena Silver Ring,235,0.023386198
2026-03-06,138,Archon Silver Ring,291,0.0310239
2026-03-06,139,Foxglove Silver Ring,305,0.037631698
2026-03-06,140,Summoner Silver Ring,284,0.025859
2026-03-06,243,Golden Archon Ring,2,0.00174
2026-03-07,134,Chobo Silver Ring,201,0.024129976998
2026-03-07,135,Crusader Silver Ring,177,0.02157368
2026-03-07,136,Overseer Silver Ring,207,0.023874453
2026-03-07,137,Athena Silver Ring,206,0.02223750999
2026-03-07,138,Archon Silver Ring,200,0.0232357591
2026-03-07,139,Foxglove Silver Ring,176,0.02146234
2026-03-07,140,Summoner Silver Ring,258,0.02669215
2026-03-08,134,Chobo Silver Ring,92,0.0103518
2026-03-08,135,Crusader Silver Ring,70,0.007693999
2026-03-08,136,Overseer Silver Ring,53,0.0060259
2026-03-08,137,Athena Silver Ring,60,0.006413
2026-03-08,138,Archon Silver Ring,58,0.0066306999
2026-03-08,139,Foxglove Silver Ring,46,0.0054206
2026-03-08,140,Summoner Silver Ring,63,0.0066994999
2026-03-09,134,Chobo Silver Ring,103,0.01126964
2026-03-09,135,Crusader Silver Ring,102,0.0112577
2026-03-09,136,Overseer Silver Ring,87,0.0095931
2026-03-09,137,Athena Silver Ring,105,0.0111833
2026-03-09,138,Archon Silver Ring,129,0.013384831
2026-03-09,139,Foxglove Silver Ring,109,0.01169361
2026-03-09,140,Summoner Silver Ring,117,0.0115811
2026-03-10,134,Chobo Silver Ring,43,0.004929999
2026-03-10,135,Crusader Silver Ring,23,0.002663
2026-03-10,136,Overseer Silver Ring,26,0.002832
2026-03-10,137,Athena Silver Ring,55,0.005887
2026-03-10,138,Archon Silver Ring,37,0.004275999
2026-03-10,139,Foxglove Silver Ring,50,0.0054017999
2026-03-10,140,Summoner Silver Ring,20,0.002179999
2026-03-11,134,Chobo Silver Ring,105,0.0117427989
2026-03-11,135,Crusader Silver Ring,104,0.010217
2026-03-11,136,Overseer Silver Ring,95,0.010401999
2026-03-11,137,Athena Silver Ring,106,0.0107131
2026-03-11,138,Archon Silver Ring,114,0.013185
2026-03-11,139,Foxglove Silver Ring,102,0.010712999
2026-03-11,140,Summoner Silver Ring,88,0.008596998
2026-03-11,244,Golden Athena Ring,1,0.00075
2026-03-12,134,Chobo Silver Ring,27,0.0028821
2026-03-12,135,Crusader Silver Ring,207,0.0203989
2026-03-12,136,Overseer Silver Ring,50,0.005559797999
2026-03-12,137,Athena Silver Ring,129,0.0130557999
2026-03-12,138,Archon Silver Ring,39,0.0042097
2026-03-12,139,Foxglove Silver Ring,40,0.004250799
2026-03-12,140,Summoner Silver Ring,105,0.0099654999
2026-03-12,243,Golden Archon Ring,1,0.00086
2026-03-13,134,Chobo Silver Ring,136,0.014082
2026-03-13,135,Crusader Silver Ring,112,0.011999999
2026-03-13,136,Overseer Silver Ring,125,0.012962
2026-03-13,137,Athena Silver Ring,119,0.011923
2026-03-13,138,Archon Silver Ring,97,0.010065
2026-03-13,139,Foxglove Silver Ring,100,0.010229199
2026-03-13,140,Summoner Silver Ring,220,0.021380896999
2026-03-13,243,Golden Archon Ring,11,0.00943689
2026-03-13,244,Golden Athena Ring,32,0.0253298
2026-03-13,245,Golden Chobo Ring,11,0.0096559
2026-03-13,246,Golden Crusader Ring,28,0.0238264
2026-03-13,247,Golden Foxglove Ring,11,0.0097439
2026-03-13,248,Golden Overseer Ring,26,0.0217244
2026-03-13,249,Golden Summoner Ring,23,0.0195939
2026-03-14,134,Chobo Silver Ring,12,0.001068
2026-03-14,135,Crusader Silver Ring,12,0.001325699
2026-03-14,136,Overseer Silver Ring,19,0.00144799
2026-03-14,137,Athena Silver Ring,16,0.001571
2026-03-14,138,Archon Silver Ring,2,0.000178
2026-03-14,139,Foxglove Silver Ring,2,0.00017
2026-03-14,140,Summoner Silver Ring,11,0.00084599
2026-03-14,243,Golden Archon Ring,12,0.01026446
2026-03-14,244,Golden Athena Ring,14,0.0111896
2026-03-14,245,Golden Chobo Ring,11,0.0096574
2026-03-14,246,Golden Crusader Ring,12,0.0105049
2026-03-14,247,Golden Foxglove Ring,12,0.01062369
2026-03-14,248,Golden Overseer Ring,23,0.01922779
2026-03-14,249,Golden Summoner Ring,24,0.0206479
2026-03-15,139,Foxglove Silver Ring,2,0.00017
2026-03-15,243,Golden Archon Ring,15,0.01268686
2026-03-15,244,Golden Athena Ring,12,0.0095318
2026-03-15,245,Golden Chobo Ring,11,0.00951758
2026-03-15,246,Golden Crusader Ring,12,0.0104158
2026-03-15,247,Golden Foxglove Ring,11,0.00955399
2026-03-15,248,Golden Overseer Ring,17,0.01384597
2026-03-15,249,Golden Summoner Ring,17,0.01426555
2026-03-16,243,Golden Archon Ring,6,0.0048179
2026-03-16,244,Golden Athena Ring,4,0.0031779
2026-03-16,245,Golden Chobo Ring,7,0.0056082
2026-03-16,246,Golden Crusader Ring,6,0.004899
2026-03-16,247,Golden Foxglove Ring,5,0.0040199
2026-03-16,248,Golden Overseer Ring,5,0.0039899
2026-03-16,249,Golden Summoner Ring,7,0.00573
2026-03-17,135,Crusader Silver Ring,6,0.00039
2026-03-17,136,Overseer Silver Ring,6,0.000469999
2026-03-17,137,Athena Silver Ring,2,0.000175
2026-03-17,138,Archon Silver Ring,1,8.3e-05
2026-03-17,140,Summoner Silver Ring,4,0.000319
2026-03-17,243,Golden Archon Ring,6,0.0041397
2026-03-17,244,Golden Athena Ring,6,0.0043599
2026-03-17,245,Golden Chobo Ring,5,0.00355
2026-03-17,246,Golden Crusader Ring,5,0.0039998
2026-03-17,247,Golden Foxglove Ring,5,0.00368
2026-03-17,248,Golden Overseer Ring,5,0.0038838
2026-03-17,249,Golden Summoner Ring,6,0.0042799
2026-03-18,139,Foxglove Silver Ring,2,0.000170999
2026-03-18,243,Golden Archon Ring,10,0.00647997
2026-03-18,244,Golden Athena Ring,2,0.0013998
2026-03-18,245,Golden Chobo Ring,4,0.00281989
2026-03-18,246,Golden Crusader Ring,2,0.00156979
2026-03-18,247,Golden Foxglove Ring,3,0.00209889
2026-03-18,248,Golden Overseer Ring,2,0.0014
2026-03-18,249,Golden Summoner Ring,10,0.00647987
2026-03-19,134,Chobo Silver Ring,3,0.000225998999
2026-03-19,135,Crusader Silver Ring,7,0.00055999
2026-03-19,138,Archon Silver Ring,3,0.000189
2026-03-19,139,Foxglove Silver Ring,6,0.000428
2026-03-19,140,Summoner Silver Ring,5,0.00031
2026-03-19,243,Golden Archon Ring,18,0.01205947
2026-03-19,244,Golden Athena Ring,21,0.0141516
2026-03-19,245,Golden Chobo Ring,19,0.01270992
2026-03-19,246,Golden Crusader Ring,17,0.0133681
2026-03-19,247,Golden Foxglove Ring,18,0.01289818
2026-03-19,248,Golden Overseer Ring,15,0.01098867
2026-03-19,249,Golden Summoner Ring,18,0.01177894
2026-03-20,137,Athena Silver Ring,15,0.00104699
2026-03-20,138,Archon Silver Ring,30,0.002083
2026-03-20,140,Summoner Silver Ring,19,0.00132997999
2026-03-20,243,Golden Archon Ring,12,0.00875987
2026-03-20,244,Golden Athena Ring,13,0.00948884
2026-03-20,245,Golden Chobo Ring,15,0.01064994
2026-03-20,246,Golden Crusader Ring,9,0.0070995
2026-03-20,247,Golden Foxglove Ring,10,0.00722999
2026-03-20,248,Golden Overseer Ring,8,0.00663077
2026-03-20,249,Golden Summoner Ring,11,0.00835868
2026-03-21,134,Chobo Silver Ring,8,0.0004
2026-03-21,137,Athena Silver Ring,6,0.00039
2026-03-21,139,Foxglove Silver Ring,15,0.0009
2026-03-21,140,Summoner Silver Ring,7,0.00035
2026-03-23,134,Chobo Silver Ring,8,0.00045
2026-03-23,135,Crusader Silver Ring,5,0.00025
2026-03-23,136,Overseer Silver Ring,6,0.0003
2026-03-23,137,Athena Silver Ring,3,0.00015
2026-03-23,138,Archon Silver Ring,3,0.00015
2026-03-23,139,Foxglove Silver Ring,5,0.000398
2026-03-23,247,Golden Foxglove Ring,6,0.0033
2026-03-24,135,Crusader Silver Ring,1,5e-05
2026-03-24,136,Overseer Silver Ring,8,0.000544
2026-03-25,134,Chobo Silver Ring,6,0.000402
2026-03-25,243,Golden Archon Ring,16,0.01168
2026-03-25,244,Golden Athena Ring,17,0.01233897
2026-03-25,245,Golden Chobo Ring,28,0.02042687
2026-03-25,246,Golden Crusader Ring,30,0.02336997
2026-03-25,247,Golden Foxglove Ring,21,0.01537982
2026-03-25,249,Golden Summoner Ring,22,0.01669996
2026-03-26,243,Golden Archon Ring,5,0.00399297
2026-03-26,244,Golden Athena Ring,14,0.01112997
2026-03-26,246,Golden Crusader Ring,20,0.01599758
2026-03-26,247,Golden Foxglove Ring,12,0.00923994
2026-03-26,248,Golden Overseer Ring,22,0.01759997
2026-03-27,245,Golden Chobo Ring,1,0.00087
2026-03-27,249,Golden Summoner Ring,15,0.01228897
2026-03-28,134,Chobo Silver Ring,39,0.002549973996998
2026-03-28,135,Crusader Silver Ring,16,0.001071999
2026-03-28,137,Athena Silver Ring,24,0.001583998
2026-03-28,138,Archon Silver Ring,28,0.001867996997999
2026-03-28,248,Golden Overseer Ring,28,0.02315346
2026-03-29,138,Archon Silver Ring,2,0.000124
2026-03-30,134,Chobo Silver Ring,2,0.00012
2026-03-30,136,Overseer Silver Ring,12,0.00072
2026-03-30,137,Athena Silver Ring,5,0.0003
2026-03-30,138,Archon Silver Ring,3,0.00018
2026-03-30,140,Summoner Silver Ring,3,0.00018
2026-03-31,134,Chobo Silver Ring,14,0.00084
2026-03-31,135,Crusader Silver Ring,61,0.004116994
2026-03-31,137,Athena Silver Ring,2,0.000122
2026-03-31,138,Archon Silver Ring,38,0.002438992
2026-04-01,135,Crusader Silver Ring,28,0.001539
2026-04-02,136,Overseer Silver Ring,30,0.001999985987989596
2026-04-02,137,Athena Silver Ring,2,0.0001259979979978
2026-04-02,138,Archon Silver Ring,2,0.000135997997999
2026-04-02,139,Foxglove Silver Ring,10,0.00053592993996989
2026-04-02,140,Summoner Silver Ring,38,0.00241626997999
2026-04-02,244,Golden Athena Ring,5,0.004
2026-04-02,249,Golden Summoner Ring,1,0.000856
2026-04-03,134,Chobo Silver Ring,52,0.003463250992993499
2026-04-03,135,Crusader Silver Ring,55,0.0040633501702
2026-04-03,136,Overseer Silver Ring,55,0.0037196939939934
2026-04-03,137,Athena Silver Ring,57,0.003690393996997999
2026-04-03,138,Archon Silver Ring,200,0.01472208402
2026-04-03,139,Foxglove Silver Ring,59,0.004385289811916
2026-04-03,140,Summoner Silver Ring,55,0.003868457998
2026-04-03,243,Golden Archon Ring,8,0.00503019
2026-04-03,244,Golden Athena Ring,1,0.0007912
2026-04-03,246,Golden Crusader Ring,1,0.00082074
2026-04-03,247,Golden Foxglove Ring,1,0.00083074
2026-04-03,248,Golden Overseer Ring,1,0.00081158
2026-04-03,249,Golden Summoner Ring,1,0.00075
2026-04-04,134,Chobo Silver Ring,10,0.00066
2026-04-04,135,Crusader Silver Ring,10,0.0008
2026-04-04,136,Overseer Silver Ring,129,0.008691219
2026-04-04,137,Athena Silver Ring,10,0.00067664
2026-04-04,138,Archon Silver Ring,229,0.0171791
2026-04-04,139,Foxglove Silver Ring,10,0.0008
2026-04-04,140,Summoner Silver Ring,10,0.00070882
2026-04-05,134,Chobo Silver Ring,12,0.00078
2026-04-05,136,Overseer Silver Ring,210,0.0143043
2026-04-05,138,Archon Silver Ring,2,0.000154
2026-04-05,139,Foxglove Silver Ring,151,0.011883
2026-04-05,140,Summoner Silver Ring,8,0.000543993999
2026-04-05,248,Golden Overseer Ring,5,0.00380765
2026-04-05,249,Golden Summoner Ring,6,0.00445372
2026-04-06,136,Overseer Silver Ring,16,0.001094994997
2026-04-06,137,Athena Silver Ring,29,0.00186496997999
2026-04-06,139,Foxglove Silver Ring,178,0.013543299
2026-04-06,140,Summoner Silver Ring,233,0.016346541997
2026-04-06,244,Golden Athena Ring,1,0.0007
2026-04-07,135,Crusader Silver Ring,251,0.016448157
2026-04-07,137,Athena Silver Ring,2,0.00013
2026-04-07,139,Foxglove Silver Ring,2,0.00013999
2026-04-07,140,Summoner Silver Ring,155,0.0100389
2026-04-08,134,Chobo Silver Ring,203,0.01240575502
2026-04-08,135,Crusader Silver Ring,125,0.0083676
2026-04-08,243,Golden Archon Ring,1,0.0007
2026-04-09,134,Chobo Silver Ring,170,0.009611057999
2026-04-09,137,Athena Silver Ring,324,0.02405761897
2026-04-09,140,Summoner Silver Ring,35,0.002071999
2026-04-10,134,Chobo Silver Ring,272,0.01776930705
2026-04-10,135,Crusader Silver Ring,229,0.018275693976999
2026-04-10,136,Overseer Silver Ring,265,0.019759159
2026-04-10,137,Athena Silver Ring,377,0.0310366924
2026-04-10,138,Archon Silver Ring,253,0.018362287983
2026-04-10,139,Foxglove Silver Ring,248,0.018946797995998
2026-04-10,140,Summoner Silver Ring,241,0.017045698
2026-04-10,244,Golden Athena Ring,1,0.0005
2026-04-10,245,Golden Chobo Ring,2,0.001
2026-04-10,246,Golden Crusader Ring,5,0.00295
2026-04-10,247,Golden Foxglove Ring,1,0.0005
2026-04-10,248,Golden Overseer Ring,1,0.0005
2026-04-11,134,Chobo Silver Ring,251,0.02252459998
2026-04-11,135,Crusader Silver Ring,179,0.018619703817203008
2026-04-11,136,Overseer Silver Ring,200,0.017769499989003
2026-04-11,137,Athena Silver Ring,232,0.0271133711983003
2026-04-11,138,Archon Silver Ring,200,0.01944033579
2026-04-11,139,Foxglove Silver Ring,251,0.02230022804
2026-04-11,140,Summoner Silver Ring,220,0.01785945185951962
2026-04-11,246,Golden Crusader Ring,1,0.00066
2026-04-11,247,Golden Foxglove Ring,2,0.0013006
2026-04-12,134,Chobo Silver Ring,44,0.0038380748
2026-04-12,135,Crusader Silver Ring,45,0.0043278251
2026-04-12,136,Overseer Silver Ring,44,0.0040504504
2026-04-12,137,Athena Silver Ring,37,0.00353635
2026-04-12,138,Archon Silver Ring,21,0.0020377812
2026-04-12,139,Foxglove Silver Ring,50,0.0044340898
2026-04-12,140,Summoner Silver Ring,26,0.0021665
2026-04-12,246,Golden Crusader Ring,1,0.000763
2026-04-13,134,Chobo Silver Ring,66,0.00531204413706807
2026-04-13,135,Crusader Silver Ring,54,0.005012389084306
2026-04-13,136,Overseer Silver Ring,76,0.0061121523
2026-04-13,137,Athena Silver Ring,62,0.00559036899
2026-04-13,138,Archon Silver Ring,57,0.004771346848760394
2026-04-13,139,Foxglove Silver Ring,63,0.00571936997999
2026-04-13,140,Summoner Silver Ring,73,0.00583900261614
2026-04-13,243,Golden Archon Ring,2,0.0012
2026-04-13,244,Golden Athena Ring,11,0.0066
2026-04-13,245,Golden Chobo Ring,3,0.0018
2026-04-13,246,Golden Crusader Ring,5,0.003
2026-04-13,247,Golden Foxglove Ring,4,0.0024
2026-04-13,248,Golden Overseer Ring,5,0.003
2026-04-13,249,Golden Summoner Ring,9,0.00585
2026-04-14,134,Chobo Silver Ring,28,0.002493
2026-04-14,135,Crusader Silver Ring,70,0.006433
2026-04-14,136,Overseer Silver Ring,26,0.00226764
2026-04-14,137,Athena Silver Ring,46,0.004327999
2026-04-14,138,Archon Silver Ring,34,0.00320522003
2026-04-14,139,Foxglove Silver Ring,34,0.002916875084
2026-04-14,140,Summoner Silver Ring,45,0.00358447
2026-04-15,134,Chobo Silver Ring,60,0.00457148
2026-04-15,135,Crusader Silver Ring,98,0.008311912006
2026-04-15,136,Overseer Silver Ring,79,0.00616472021773
2026-04-15,137,Athena Silver Ring,45,0.00347212615
2026-04-15,138,Archon Silver Ring,45,0.00357729199
2026-04-15,139,Foxglove Silver Ring,48,0.0035659772
2026-04-15,140,Summoner Silver Ring,68,0.0049999351999
2026-04-15,247,Golden Foxglove Ring,1,0.0006
2026-04-15,248,Golden Overseer Ring,1,0.0006
2026-04-16,134,Chobo Silver Ring,121,0.011228786
2026-04-16,135,Crusader Silver Ring,97,0.00894334997999
2026-04-16,136,Overseer Silver Ring,145,0.012869050772
2026-04-16,137,Athena Silver Ring,117,0.0098178487
2026-04-16,138,Archon Silver Ring,260,0.0225907638
2026-04-16,139,Foxglove Silver Ring,175,0.014934655551996998
2026-04-16,140,Summoner Silver Ring,112,0.00876753657999
2026-04-17,134,Chobo Silver Ring,105,0.01006889
2026-04-17,135,Crusader Silver Ring,115,0.0114639306
2026-04-17,136,Overseer Silver Ring,124,0.0126331908999
2026-04-17,137,Athena Silver Ring,120,0.0117489018
2026-04-17,138,Archon Silver Ring,78,0.0081119703
2026-04-17,139,Foxglove Silver Ring,126,0.01362174999
2026-04-17,140,Summoner Silver Ring,121,0.009730811
2026-04-17,243,Golden Archon Ring,14,0.0093286
2026-04-17,244,Golden Athena Ring,14,0.00898066
2026-04-17,245,Golden Chobo Ring,12,0.0084977
2026-04-17,246,Golden Crusader Ring,19,0.0122207
2026-04-17,247,Golden Foxglove Ring,12,0.0080937
2026-04-17,248,Golden Overseer Ring,28,0.01961015
2026-04-17,249,Golden Summoner Ring,13,0.0098438
2026-04-18,243,Golden Archon Ring,11,0.0070107
2026-04-18,244,Golden Athena Ring,46,0.0269489
2026-04-18,245,Golden Chobo Ring,10,0.0063177
2026-04-18,246,Golden Crusader Ring,9,0.0056826
2026-04-18,247,Golden Foxglove Ring,10,0.0063698
2026-04-18,248,Golden Overseer Ring,10,0.0063291
2026-04-18,249,Golden Summoner Ring,9,0.0061845
2026-04-19,140,Summoner Silver Ring,1,9e-05
2026-04-19,243,Golden Archon Ring,5,0.0030249
2026-04-19,244,Golden Athena Ring,5,0.00289798
2026-04-19,245,Golden Chobo Ring,5,0.0029348
2026-04-19,246,Golden Crusader Ring,5,0.0030277
2026-04-19,247,Golden Foxglove Ring,7,0.0042935
2026-04-19,248,Golden Overseer Ring,5,0.0030765
2026-04-19,249,Golden Summoner Ring,5,0.0031578
2026-04-20,136,Overseer Silver Ring,5,0.000415
2026-04-20,243,Golden Archon Ring,8,0.0046727
2026-04-20,244,Golden Athena Ring,9,0.0050549
2026-04-20,245,Golden Chobo Ring,10,0.0056645
2026-04-20,246,Golden Crusader Ring,7,0.0038508
2026-04-20,247,Golden Foxglove Ring,6,0.0033649
2026-04-20,248,Golden Overseer Ring,9,0.0049935
2026-04-20,249,Golden Summoner Ring,5,0.0028588
2026-04-21,138,Archon Silver Ring,5,0.00045298
2026-04-21,243,Golden Archon Ring,3,0.001739
2026-04-21,244,Golden Athena Ring,37,0.018635
2026-04-21,245,Golden Chobo Ring,31,0.0157559
2026-04-21,246,Golden Crusader Ring,5,0.0027489
2026-04-21,247,Golden Foxglove Ring,4,0.0022239
2026-04-21,248,Golden Overseer Ring,7,0.0037089
2026-04-21,249,Golden Summoner Ring,4,0.0022369
2026-04-22,134,Chobo Silver Ring,1,7e-05
2026-04-22,136,Overseer Silver Ring,1,7e-05
2026-04-22,137,Athena Silver Ring,2,0.00014
2026-04-22,243,Golden Archon Ring,3,0.001538
2026-04-22,244,Golden Athena Ring,2,0.001138
2026-04-22,245,Golden Chobo Ring,4,0.0021116
2026-04-22,246,Golden Crusader Ring,1,0.000549
2026-04-22,247,Golden Foxglove Ring,3,0.001557
2026-04-22,248,Golden Overseer Ring,3,0.001545
2026-04-22,249,Golden Summoner Ring,1,0.000564
2026-04-23,134,Chobo Silver Ring,1,9e-05
2026-04-23,135,Crusader Silver Ring,1,0.0001
2026-04-23,138,Archon Silver Ring,1,7e-05
2026-04-23,140,Summoner Silver Ring,1,8e-05
2026-04-23,243,Golden Archon Ring,54,0.0285704
2026-04-23,244,Golden Athena Ring,16,0.009062
2026-04-23,245,Golden Chobo Ring,21,0.0110504
2026-04-23,246,Golden Crusader Ring,62,0.0326122
2026-04-23,247,Golden Foxglove Ring,67,0.035391
2026-04-23,248,Golden Overseer Ring,56,0.0291588
2026-04-23,249,Golden Summoner Ring,23,0.0122683
2026-04-24,134,Chobo Silver Ring,1,9e-05
2026-04-24,136,Overseer Silver Ring,4,0.00031997
2026-04-24,138,Archon Silver Ring,1,7.99992e-05
2026-04-24,139,Foxglove Silver Ring,3,0.00023997999
2026-04-24,243,Golden Archon Ring,4,0.0022378
2026-04-24,244,Golden Athena Ring,5,0.002817
2026-04-24,245,Golden Chobo Ring,12,0.006154
2026-04-24,246,Golden Crusader Ring,4,0.002258
2026-04-24,247,Golden Foxglove Ring,7,0.003812
2026-04-24,248,Golden Overseer Ring,7,0.003717
2026-04-24,249,Golden Summoner Ring,14,0.006957
2026-04-26,245,Golden Chobo Ring,2,0.0008
2026-04-27,140,Summoner Silver Ring,4,0.00026
2026-04-27,248,Golden Overseer Ring,1,0.0004
2026-04-28,138,Archon Silver Ring,2,0.00012
2026-04-29,135,Crusader Silver Ring,5,0.0004
2026-04-29,246,Golden Crusader Ring,1,0.000558
2026-04-30,134,Chobo Silver Ring,2,0.0001599984
2026-04-30,136,Overseer Silver Ring,4,0.000274
2026-04-30,139,Foxglove Silver Ring,5,0.000365
2026-05-01,136,Overseer Silver Ring,9,0.00056496868
2026-05-02,136,Overseer Silver Ring,14,0.0008399682002999
2026-05-02,139,Foxglove Silver Ring,2,0.000145997998
2026-05-03,136,Overseer Silver Ring,39,0.002319
2026-05-03,137,Athena Silver Ring,4,0.000334
2026-05-03,244,Golden Athena Ring,1,0.000555
2026-05-04,135,Crusader Silver Ring,1,7e-05
2026-05-04,136,Overseer Silver Ring,10,0.00059999
2026-05-05,136,Overseer Silver Ring,44,0.002609999
2026-05-07,136,Overseer Silver Ring,6,0.000348
2026-05-07,137,Athena Silver Ring,5,0.000384995
2026-05-07,244,Golden Athena Ring,1,0.000557
2026-05-07,245,Golden Chobo Ring,2,0.00084
2026-05-07,248,Golden Overseer Ring,2,0.0008
2026-05-07,249,Golden Summoner Ring,2,0.0008
2026-05-08,134,Chobo Silver Ring,82,0.00562499303
2026-05-08,135,Crusader Silver Ring,106,0.00709177255038039
2026-05-08,136,Overseer Silver Ring,107,0.007077892923
2026-05-08,137,Athena Silver Ring,90,0.006327994
2026-05-08,138,Archon Silver Ring,89,0.00610982155030031
2026-05-08,139,Foxglove Silver Ring,89,0.006128992219
2026-05-08,140,Summoner Silver Ring,97,0.00682198584994999
2026-05-09,134,Chobo Silver Ring,86,0.00546393931997
2026-05-09,135,Crusader Silver Ring,77,0.0049332999
2026-05-09,136,Overseer Silver Ring,84,0.005413998
2026-05-09,137,Athena Silver Ring,95,0.00591595998
2026-05-09,138,Archon Silver Ring,72,0.00470799805
2026-05-09,139,Foxglove Silver Ring,73,0.00472999735
2026-05-09,140,Summoner Silver Ring,93,0.00656597
2026-05-10,134,Chobo Silver Ring,40,0.002387
2026-05-10,135,Crusader Silver Ring,48,0.003155196683999
2026-05-10,136,Overseer Silver Ring,60,0.003672997999
2026-05-10,137,Athena Silver Ring,60,0.00359
2026-05-10,138,Archon Silver Ring,59,0.003844496973003
2026-05-10,139,Foxglove Silver Ring,48,0.002939
2026-05-10,140,Summoner Silver Ring,34,0.00234
2026-05-11,135,Crusader Silver Ring,7,0.00038599883
2026-05-11,136,Overseer Silver Ring,1,6.1e-05
2026-05-11,137,Athena Silver Ring,4,0.000236
2026-05-11,138,Archon Silver Ring,8,0.000434
2026-05-11,139,Foxglove Silver Ring,7,0.00035298
2026-05-11,140,Summoner Silver Ring,5,0.0002867999
2026-05-11,244,Golden Athena Ring,1,0.00046
2026-05-11,248,Golden Overseer Ring,1,0.000495
2026-05-12,134,Chobo Silver Ring,21,0.001112999
2026-05-12,135,Crusader Silver Ring,38,0.002331
2026-05-12,136,Overseer Silver Ring,20,0.00103
2026-05-12,137,Athena Silver Ring,32,0.00167799737999
2026-05-12,138,Archon Silver Ring,31,0.00171699872
2026-05-12,139,Foxglove Silver Ring,19,0.00097499788
2026-05-12,140,Summoner Silver Ring,39,0.001993
2026-05-12,244,Golden Athena Ring,1,0.00046
2026-05-13,134,Chobo Silver Ring,27,0.001348098504
2026-05-13,135,Crusader Silver Ring,10,0.0006
2026-05-13,136,Overseer Silver Ring,33,0.00165
2026-05-13,137,Athena Silver Ring,33,0.00165
2026-05-13,138,Archon Silver Ring,10,0.00059599941
2026-05-13,139,Foxglove Silver Ring,41,0.0020373
2026-05-13,140,Summoner Silver Ring,43,0.002231399
2026-05-14,134,Chobo Silver Ring,135,0.007106197511001
2026-05-14,135,Crusader Silver Ring,141,0.0085815989998
2026-05-14,136,Overseer Silver Ring,137,0.007035299090701001
2026-05-14,137,Athena Silver Ring,136,0.00703992998
2026-05-14,138,Archon Silver Ring,137,0.0080265
2026-05-14,139,Foxglove Silver Ring,130,0.00642699852997999
2026-05-14,140,Summoner Silver Ring,135,0.0076941995
2026-05-15,134,Chobo Silver Ring,63,0.003485
2026-05-15,135,Crusader Silver Ring,47,0.002901
2026-05-15,136,Overseer Silver Ring,82,0.004367996
2026-05-15,137,Athena Silver Ring,68,0.003667
2026-05-15,138,Archon Silver Ring,57,0.00323799792
2026-05-15,139,Foxglove Silver Ring,77,0.004079
2026-05-15,140,Summoner Silver Ring,53,0.003435597999
2026-05-15,243,Golden Archon Ring,8,0.0035737
2026-05-15,244,Golden Athena Ring,12,0.00499
2026-05-15,245,Golden Chobo Ring,10,0.0045
2026-05-15,246,Golden Crusader Ring,9,0.0040869945
2026-05-15,247,Golden Foxglove Ring,9,0.0040078
2026-05-15,248,Golden Overseer Ring,10,0.004428
2026-05-15,249,Golden Summoner Ring,9,0.0042437
2026-05-16,140,Summoner Silver Ring,1,6.6e-05
2026-05-16,243,Golden Archon Ring,11,0.004721
2026-05-16,244,Golden Athena Ring,13,0.005445
2026-05-16,245,Golden Chobo Ring,11,0.00473
2026-05-16,246,Golden Crusader Ring,12,0.005149
2026-05-16,247,Golden Foxglove Ring,12,0.005162
2026-05-16,248,Golden Overseer Ring,10,0.004311
2026-05-16,249,Golden Summoner Ring,11,0.004675
2026-05-17,137,Athena Silver Ring,1,5.3e-05
2026-05-17,243,Golden Archon Ring,10,0.00424
2026-05-17,244,Golden Athena Ring,10,0.0041399
2026-05-17,245,Golden Chobo Ring,10,0.004175
2026-05-17,246,Golden Crusader Ring,10,0.0042409
2026-05-17,247,Golden Foxglove Ring,9,0.0038
2026-05-17,248,Golden Overseer Ring,11,0.004675
2026-05-17,249,Golden Summoner Ring,11,0.00456
2026-05-18,243,Golden Archon Ring,1,0.000418
2026-05-18,244,Golden Athena Ring,3,0.0012
2026-05-18,245,Golden Chobo Ring,3,0.001197
2026-05-18,246,Golden Crusader Ring,1,0.000415
2026-05-18,247,Golden Foxglove Ring,1,0.000399
2026-05-18,248,Golden Overseer Ring,1,0.000415
2026-05-18,249,Golden Summoner Ring,1,0.000405
2026-05-19,243,Golden Archon Ring,12,0.004994
2026-05-19,244,Golden Athena Ring,14,0.005591
2026-05-19,245,Golden Chobo Ring,3,0.001191
2026-05-19,246,Golden Crusader Ring,1,0.000413
2026-05-19,247,Golden Foxglove Ring,5,0.001965
2026-05-19,248,Golden Overseer Ring,13,0.005385
2026-05-19,249,Golden Summoner Ring,2,0.000803
2026-05-20,139,Foxglove Silver Ring,11,0.0004947999
2026-05-20,243,Golden Archon Ring,4,0.001557
2026-05-20,244,Golden Athena Ring,3,0.001188
2026-05-20,245,Golden Chobo Ring,4,0.001579
2026-05-20,246,Golden Crusader Ring,4,0.001546
2026-05-20,247,Golden Foxglove Ring,3,0.001166
2026-05-20,248,Golden Overseer Ring,1,0.000412
2026-05-20,249,Golden Summoner Ring,6,0.002273
2026-05-21,243,Golden Archon Ring,14,0.00527
2026-05-21,244,Golden Athena Ring,14,0.005482
2026-05-21,245,Golden Chobo Ring,15,0.005874
2026-05-21,246,Golden Crusader Ring,16,0.006126
2026-05-21,247,Golden Foxglove Ring,16,0.00613
2026-05-21,248,Golden Overseer Ring,15,0.006005
2026-05-21,249,Golden Summoner Ring,15,0.0052425
2026-05-22,134,Chobo Silver Ring,168,0.009155392504803706
2026-05-22,135,Crusader Silver Ring,121,0.007050885152534004
2026-05-22,136,Overseer Silver Ring,152,0.008573985812993998
2026-05-22,137,Athena Silver Ring,176,0.0098026895607028
2026-05-22,138,Archon Silver Ring,171,0.009493989398
2026-05-22,139,Foxglove Silver Ring,164,0.0092308924392996
2026-05-22,140,Summoner Silver Ring,148,0.0096763822885998
2026-05-22,243,Golden Archon Ring,12,0.0045289
2026-05-22,244,Golden Athena Ring,8,0.0031409
2026-05-22,245,Golden Chobo Ring,5,0.001973
2026-05-22,246,Golden Crusader Ring,10,0.003858
2026-05-22,247,Golden Foxglove Ring,9,0.003495
2026-05-22,248,Golden Overseer Ring,8,0.0031459
2026-05-22,249,Golden Summoner Ring,15,0.005071
2026-05-23,134,Chobo Silver Ring,176,0.01136339799
2026-05-23,135,Crusader Silver Ring,174,0.011323399
2026-05-23,136,Overseer Silver Ring,173,0.011042698
2026-05-23,137,Athena Silver Ring,188,0.01340409316001
2026-05-23,138,Archon Silver Ring,173,0.0113360974
2026-05-23,139,Foxglove Silver Ring,180,0.011398791419
2026-05-23,140,Summoner Silver Ring,165,0.01124968
2026-05-23,243,Golden Archon Ring,2,0.000816
2026-05-23,244,Golden Athena Ring,2,0.000786
2026-05-23,245,Golden Chobo Ring,2,0.000798
2026-05-23,246,Golden Crusader Ring,2,0.000802
2026-05-23,247,Golden Foxglove Ring,2,0.000792
2026-05-23,248,Golden Overseer Ring,2,0.00078
2026-05-23,249,Golden Summoner Ring,18,0.00612
2026-05-24,134,Chobo Silver Ring,75,0.00531569458002
2026-05-24,135,Crusader Silver Ring,77,0.00500499835
2026-05-24,136,Overseer Silver Ring,78,0.00490059411001
2026-05-24,137,Athena Silver Ring,60,0.00509899915
2026-05-24,138,Archon Silver Ring,67,0.00435499670001
2026-05-24,139,Foxglove Silver Ring,78,0.004833598
2026-05-24,140,Summoner Silver Ring,78,0.00541678
2026-05-25,134,Chobo Silver Ring,53,0.00365799931
2026-05-25,135,Crusader Silver Ring,75,0.004824999
2026-05-25,136,Overseer Silver Ring,90,0.005531
2026-05-25,137,Athena Silver Ring,50,0.00413399818
2026-05-25,138,Archon Silver Ring,91,0.005843
2026-05-25,139,Foxglove Silver Ring,126,0.00781199938
2026-05-25,140,Summoner Silver Ring,72,0.0049359976
2026-05-26,134,Chobo Silver Ring,70,0.0047909985999
2026-05-26,135,Crusader Silver Ring,81,0.00523799285
2026-05-26,136,Overseer Silver Ring,107,0.006634
2026-05-26,137,Athena Silver Ring,63,0.00520999915
2026-05-26,138,Archon Silver Ring,119,0.0075809936
2026-05-26,139,Foxglove Silver Ring,89,0.005518
2026-05-26,140,Summoner Silver Ring,94,0.006428
2026-05-27,134,Chobo Silver Ring,15,0.000896985599805901
2026-05-27,135,Crusader Silver Ring,22,0.0013199975996997
2026-05-27,136,Overseer Silver Ring,40,0.002260999
2026-05-27,137,Athena Silver Ring,26,0.002001997999
2026-05-27,138,Archon Silver Ring,14,0.000815993995997
2026-05-27,139,Foxglove Silver Ring,51,0.00280439889999
2026-05-27,140,Summoner Silver Ring,34,0.0021539987999
2026-05-28,134,Chobo Silver Ring,94,0.0062425999
2026-05-28,135,Crusader Silver Ring,176,0.01136339534700801
2026-05-28,136,Overseer Silver Ring,289,0.01785169822
2026-05-28,137,Athena Silver Ring,35,0.00268869819
2026-05-28,138,Archon Silver Ring,232,0.01471539575700801
2026-05-28,139,Foxglove Silver Ring,174,0.01064499774
2026-05-28,140,Summoner Silver Ring,68,0.00463499821001
2026-05-29,134,Chobo Silver Ring,65,0.004437
2026-05-29,135,Crusader Silver Ring,196,0.012744
2026-05-29,136,Overseer Silver Ring,154,0.01040499936
2026-05-29,137,Athena Silver Ring,79,0.0062652992
2026-05-29,138,Archon Silver Ring,169,0.0111435983501
2026-05-29,139,Foxglove Silver Ring,103,0.00708999764
2026-05-29,140,Summoner Silver Ring,96,0.00646169931
2026-05-29,243,Golden Archon Ring,12,0.0050319
2026-05-29,244,Golden Athena Ring,12,0.005104
2026-05-29,245,Golden Chobo Ring,13,0.0052248
2026-05-29,246,Golden Crusader Ring,13,0.005385
2026-05-29,247,Golden Foxglove Ring,14,0.005582
2026-05-29,248,Golden Overseer Ring,10,0.0040409
2026-05-29,249,Golden Summoner Ring,12,0.004859
2026-05-30,243,Golden Archon Ring,6,0.002538
2026-05-30,244,Golden Athena Ring,7,0.002797
2026-05-30,245,Golden Chobo Ring,10,0.0039588
2026-05-30,246,Golden Crusader Ring,8,0.003312
2026-05-30,247,Golden Foxglove Ring,10,0.0039648
2026-05-30,248,Golden Overseer Ring,9,0.003728
2026-05-30,249,Golden Summoner Ring,9,0.00364
2026-05-31,134,Chobo Silver Ring,5,0.000333
2026-05-31,135,Crusader Silver Ring,5,0.000325
2026-05-31,136,Overseer Silver Ring,5,0.000355
2026-05-31,137,Athena Silver Ring,5,0.00032
2026-05-31,138,Archon Silver Ring,5,0.00034
2026-05-31,139,Foxglove Silver Ring,5,0.00034
2026-05-31,140,Summoner Silver Ring,5,0.00032
2026-05-31,243,Golden Archon Ring,11,0.004378
2026-05-31,244,Golden Athena Ring,7,0.002755
2026-05-31,245,Golden Chobo Ring,5,0.001962
2026-05-31,246,Golden Crusader Ring,6,0.002404
2026-05-31,247,Golden Foxglove Ring,9,0.0035429
2026-05-31,248,Golden Overseer Ring,4,0.001627
2026-05-31,249,Golden Summoner Ring,6,0.002406
2026-06-01,135,Crusader Silver Ring,2,0.000132
2026-06-01,243,Golden Archon Ring,4,0.0015399
2026-06-01,244,Golden Athena Ring,2,0.00078
2026-06-01,245,Golden Chobo Ring,5,0.001943
2026-06-01,246,Golden Crusader Ring,6,0.002329
2026-06-01,247,Golden Foxglove Ring,4,0.00156
2026-06-01,248,Golden Overseer Ring,6,0.002345
2026-06-01,249,Golden Summoner Ring,4,0.001596
2026-06-02,137,Athena Silver Ring,1,6.3999e-05
2026-06-02,139,Foxglove Silver Ring,14,0.000952
2026-06-02,243,Golden Archon Ring,7,0.002589
2026-06-02,244,Golden Athena Ring,7,0.00266
2026-06-02,245,Golden Chobo Ring,3,0.001168
2026-06-02,246,Golden Crusader Ring,3,0.001163
2026-06-02,247,Golden Foxglove Ring,4,0.00152
2026-06-02,248,Golden Overseer Ring,4,0.001479
2026-06-02,249,Golden Summoner Ring,3,0.001198
2026-06-03,139,Foxglove Silver Ring,6,0.000408
2026-06-03,140,Summoner Silver Ring,1,6.3999e-05
2026-06-03,243,Golden Archon Ring,6,0.002249
2026-06-03,244,Golden Athena Ring,4,0.001569
2026-06-03,245,Golden Chobo Ring,4,0.00152
2026-06-03,246,Golden Crusader Ring,2,0.00076
2026-06-03,247,Golden Foxglove Ring,4,0.0015
2026-06-03,248,Golden Overseer Ring,4,0.001557
2026-06-03,249,Golden Summoner Ring,3,0.001178
2026-06-04,137,Athena Silver Ring,3,0.000192
2026-06-04,138,Archon Silver Ring,2,0.000127998
2026-06-04,243,Golden Archon Ring,19,0.00698
2026-06-04,244,Golden Athena Ring,14,0.005721
2026-06-04,245,Golden Chobo Ring,13,0.00502
2026-06-04,246,Golden Crusader Ring,14,0.00528
2026-06-04,247,Golden Foxglove Ring,17,0.00606
2026-06-04,248,Golden Overseer Ring,14,0.005567
2026-06-04,249,Golden Summoner Ring,15,0.005797
2026-06-05,134,Chobo Silver Ring,111,0.00743691012896998
2026-06-05,135,Crusader Silver Ring,119,0.007827392015999
2026-06-05,136,Overseer Silver Ring,98,0.00659635505702132
2026-06-05,137,Athena Silver Ring,115,0.008500394358
2026-06-05,138,Archon Silver Ring,118,0.0078679907890138
2026-06-05,139,Foxglove Silver Ring,95,0.006630394868
2026-06-05,140,Summoner Silver Ring,106,0.00677190541997999
2026-06-05,243,Golden Archon Ring,8,0.003063
2026-06-05,244,Golden Athena Ring,5,0.002236
2026-06-05,245,Golden Chobo Ring,9,0.0034597
2026-06-05,246,Golden Crusader Ring,14,0.005167
2026-06-05,247,Golden Foxglove Ring,13,0.0047966
2026-06-05,248,Golden Overseer Ring,8,0.003118
2026-06-05,249,Golden Summoner Ring,7,0.0027
2026-06-06,134,Chobo Silver Ring,100,0.006376178618
2026-06-06,135,Crusader Silver Ring,144,0.0083999239500351
2026-06-06,136,Overseer Silver Ring,119,0.00759283155603195
2026-06-06,137,Athena Silver Ring,86,0.00664769591
2026-06-06,138,Archon Silver Ring,84,0.00534865590903834
2026-06-06,139,Foxglove Silver Ring,103,0.00656274312904473
2026-06-06,140,Summoner Silver Ring,101,0.00644778297
2026-06-06,244,Golden Athena Ring,1,0.000456
2026-06-06,246,Golden Crusader Ring,1,0.000358
2026-06-07,134,Chobo Silver Ring,30,0.001979985
2026-06-07,135,Crusader Silver Ring,44,0.002488479695
2026-06-07,136,Overseer Silver Ring,40,0.00251698023
2026-06-07,137,Athena Silver Ring,30,0.002371982
2026-06-07,138,Archon Silver Ring,45,0.00286377124501917
2026-06-07,139,Foxglove Silver Ring,51,0.00320817316202556
2026-06-07,140,Summoner Silver Ring,35,0.00234999809
2026-06-07,245,Golden Chobo Ring,1,0.00037
2026-06-07,246,Golden Crusader Ring,1,0.000359
2026-06-08,134,Chobo Silver Ring,62,0.0041399835300207
2026-06-08,135,Crusader Silver Ring,36,0.00205299065501755
2026-06-08,136,Overseer Silver Ring,42,0.00262289053200639
2026-06-08,137,Athena Silver Ring,40,0.00292399485
2026-06-08,138,Archon Silver Ring,20,0.001197896971
2026-06-08,139,Foxglove Silver Ring,30,0.001906187868
2026-06-08,140,Summoner Silver Ring,20,0.00126799811
2026-06-08,246,Golden Crusader Ring,1,0.000359
2026-06-09,134,Chobo Silver Ring,13,0.00089299311
2026-06-09,135,Crusader Silver Ring,31,0.001799486005
2026-06-09,137,Athena Silver Ring,4,0.00028899781
2026-06-09,138,Archon Silver Ring,18,0.00113099811
2026-06-09,139,Foxglove Silver Ring,12,0.000757194888
2026-06-09,140,Summoner Silver Ring,7,0.00044399874
2026-06-09,245,Golden Chobo Ring,16,0.00599
2026-06-09,246,Golden Crusader Ring,7,0.002519
2026-06-09,247,Golden Foxglove Ring,14,0.00494
2026-06-09,248,Golden Overseer Ring,22,0.00821
2026-06-09,249,Golden Summoner Ring,17,0.006289
2026-06-10,134,Chobo Silver Ring,10,0.000679
2026-06-10,135,Crusader Silver Ring,26,0.00145399943
2026-06-10,136,Overseer Silver Ring,20,0.0011899994
2026-06-10,137,Athena Silver Ring,15,0.00108199927
2026-06-10,138,Archon Silver Ring,17,0.001061
2026-06-10,139,Foxglove Silver Ring,27,0.0016063
2026-06-10,140,Summoner Silver Ring,20,0.00137299862
2026-06-10,244,Golden Athena Ring,1,0.000455
2026-06-11,134,Chobo Silver Ring,160,0.00958097
2026-06-11,135,Crusader Silver Ring,136,0.00747992519996998
2026-06-11,136,Overseer Silver Ring,141,0.00830892270995979
2026-06-11,137,Athena Silver Ring,174,0.01040897999
2026-06-11,138,Archon Silver Ring,170,0.01070389667995999
2026-06-11,139,Foxglove Silver Ring,173,0.009504993995999
2026-06-11,140,Summoner Silver Ring,165,0.00988694995999
2026-06-12,134,Chobo Silver Ring,61,0.0035854
2026-06-12,135,Crusader Silver Ring,46,0.0025059846
2026-06-12,136,Overseer Silver Ring,28,0.001585
2026-06-12,137,Athena Silver Ring,49,0.00291
2026-06-12,138,Archon Silver Ring,26,0.001594
2026-06-12,139,Foxglove Silver Ring,41,0.00225
2026-06-12,140,Summoner Silver Ring,56,0.0032998
2026-06-12,243,Golden Archon Ring,17,0.006675
2026-06-12,244,Golden Athena Ring,16,0.00714497
2026-06-12,245,Golden Chobo Ring,14,0.005494
2026-06-12,246,Golden Crusader Ring,15,0.006022
2026-06-12,247,Golden Foxglove Ring,13,0.005093
2026-06-12,248,Golden Overseer Ring,14,0.005646
2026-06-12,249,Golden Summoner Ring,14,0.005564
2026-06-13,243,Golden Archon Ring,15,0.006248
2026-06-13,244,Golden Athena Ring,8,0.00363
2026-06-13,245,Golden Chobo Ring,10,0.004093
2026-06-13,246,Golden Crusader Ring,11,0.004671
2026-06-13,247,Golden Foxglove Ring,9,0.00384
2026-06-13,248,Golden Overseer Ring,14,0.006023
2026-06-13,249,Golden Summoner Ring,14,0.005664
2026-06-14,135,Crusader Silver Ring,30,0.0016499835
2026-06-14,137,Athena Silver Ring,41,0.0019648
2026-06-14,138,Archon Silver Ring,1,6.299937e-05
2026-06-14,139,Foxglove Silver Ring,36,0.00195
2026-06-14,243,Golden Archon Ring,10,0.004406
2026-06-14,244,Golden Athena Ring,35,0.016048
2026-06-14,245,Golden Chobo Ring,5,0.002232
2026-06-14,246,Golden Crusader Ring,12,0.005247
2026-06-14,247,Golden Foxglove Ring,15,0.006621
2026-06-14,248,Golden Overseer Ring,17,0.007344
2026-06-14,249,Golden Summoner Ring,11,0.004655
2026-06-15,137,Athena Silver Ring,7,0.000315
2026-06-15,138,Archon Silver Ring,10,0.0006
2026-06-15,243,Golden Archon Ring,5,0.0025969
2026-06-15,244,Golden Athena Ring,5,0.002815
2026-06-15,245,Golden Chobo Ring,5,0.00247
2026-06-15,246,Golden Crusader Ring,3,0.00158
2026-06-15,247,Golden Foxglove Ring,2,0.001042
2026-06-15,248,Golden Overseer Ring,3,0.0014598
2026-06-15,249,Golden Summoner Ring,3,0.001458
2026-06-16,135,Crusader Silver Ring,8,0.000392
2026-06-16,246,Golden Crusader Ring,1,0.0005
2026-06-17,137,Athena Silver Ring,1,4.9e-05
2026-06-17,139,Foxglove Silver Ring,1,4.99e-05
2026-06-17,243,Golden Archon Ring,1,0.000489
2026-06-17,244,Golden Athena Ring,1,0.000561
2026-06-17,245,Golden Chobo Ring,2,0.000989
2026-06-17,246,Golden Crusader Ring,2,0.0009999
2026-06-17,247,Golden Foxglove Ring,2,0.00104
2026-06-17,248,Golden Overseer Ring,1,0.000489
2026-06-17,249,Golden Summoner Ring,3,0.001225
2026-06-18,139,Foxglove Silver Ring,2,0.0001
2026-06-18,140,Summoner Silver Ring,4,0.0002
2026-06-18,243,Golden Archon Ring,13,0.00634789
2026-06-18,244,Golden Athena Ring,13,0.007279
2026-06-18,245,Golden Chobo Ring,14,0.0069119
2026-06-18,246,Golden Crusader Ring,16,0.0079999
2026-06-18,247,Golden Foxglove Ring,15,0.007517
2026-06-18,248,Golden Overseer Ring,16,0.007811
2026-06-18,249,Golden Summoner Ring,16,0.007755
2026-06-19,134,Chobo Silver Ring,128,0.0070058803430198
2026-06-19,135,Crusader Silver Ring,118,0.005741232485117964
2026-06-19,136,Overseer Silver Ring,134,0.00748667848503591
2026-06-19,137,Athena Silver Ring,121,0.0066849764220216
2026-06-19,138,Archon Silver Ring,137,0.0081255796500594
2026-06-19,139,Foxglove Silver Ring,136,0.007232992302
2026-06-19,140,Summoner Silver Ring,127,0.006756470796064348
2026-06-19,243,Golden Archon Ring,10,0.004851
2026-06-19,244,Golden Athena Ring,5,0.002622
2026-06-19,245,Golden Chobo Ring,8,0.003935
2026-06-19,246,Golden Crusader Ring,5,0.00246
2026-06-19,247,Golden Foxglove Ring,5,0.00254
2026-06-19,248,Golden Overseer Ring,9,0.004396
2026-06-19,249,Golden Summoner Ring,10,0.004835
2026-06-20,134,Chobo Silver Ring,75,0.0043163594
2026-06-20,135,Crusader Silver Ring,82,0.00393824
2026-06-20,136,Overseer Silver Ring,82,0.00453149943
2026-06-20,137,Athena Silver Ring,61,0.003527688
2026-06-20,138,Archon Silver Ring,47,0.002778272217
2026-06-20,139,Foxglove Silver Ring,50,0.0028598
2026-06-20,140,Summoner Silver Ring,55,0.00307562676
2026-06-21,134,Chobo Silver Ring,17,0.0009595
2026-06-21,135,Crusader Silver Ring,6,0.000327
2026-06-21,136,Overseer Silver Ring,17,0.0009535
2026-06-21,137,Athena Silver Ring,7,0.00040599884
2026-06-21,138,Archon Silver Ring,2,0.00012578
2026-06-21,139,Foxglove Silver Ring,17,0.0010199898
2026-06-21,140,Summoner Silver Ring,6,0.000327
2026-06-22,134,Chobo Silver Ring,12,0.0007078
2026-06-22,135,Crusader Silver Ring,10,0.000498995705
2026-06-22,136,Overseer Silver Ring,20,0.0009798
2026-06-22,137,Athena Silver Ring,21,0.001043498
2026-06-22,138,Archon Silver Ring,10,0.0004876
2026-06-22,139,Foxglove Silver Ring,20,0.0009807
2026-06-22,140,Summoner Silver Ring,19,0.0009369
2026-06-23,134,Chobo Silver Ring,7,0.000411
2026-06-23,135,Crusader Silver Ring,20,0.0008571
2026-06-23,136,Overseer Silver Ring,5,0.00025
2026-06-23,137,Athena Silver Ring,13,0.0005349985
2026-06-23,138,Archon Silver Ring,7,0.0003143
2026-06-23,139,Foxglove Silver Ring,1,5e-05
2026-06-23,140,Summoner Silver Ring,20,0.00089
2026-06-24,134,Chobo Silver Ring,36,0.0019559934
2026-06-24,135,Crusader Silver Ring,69,0.0030439
2026-06-24,136,Overseer Silver Ring,46,0.001896
2026-06-24,137,Athena Silver Ring,50,0.0020509909
2026-06-24,138,Archon Silver Ring,55,0.0022993
2026-06-24,139,Foxglove Silver Ring,37,0.00155329538
2026-06-24,140,Summoner Silver Ring,46,0.002118
2026-06-25,134,Chobo Silver Ring,120,0.0066399477501555
2026-06-25,135,Crusader Silver Ring,140,0.0069969965
2026-06-25,136,Overseer Silver Ring,159,0.00727569916
2026-06-25,137,Athena Silver Ring,140,0.006299917100118596
2026-06-25,138,Archon Silver Ring,120,0.005987982907995998
2026-06-25,139,Foxglove Silver Ring,139,0.00638599906
2026-06-25,140,Summoner Silver Ring,120,0.0059980794
2026-06-26,134,Chobo Silver Ring,52,0.003068
2026-06-26,135,Crusader Silver Ring,61,0.00305
2026-06-26,136,Overseer Silver Ring,68,0.0034
2026-06-26,137,Athena Silver Ring,82,0.0036899574
2026-06-26,138,Archon Silver Ring,50,0.002495
2026-06-26,139,Foxglove Silver Ring,62,0.00309999994
2026-06-26,140,Summoner Silver Ring,58,0.002887
2026-06-26,243,Golden Archon Ring,38,0.01893288
2026-06-26,244,Golden Athena Ring,9,0.00503928
2026-06-26,245,Golden Chobo Ring,27,0.013924
2026-06-26,246,Golden Crusader Ring,49,0.024822
2026-06-26,247,Golden Foxglove Ring,7,0.003569
2026-06-26,248,Golden Overseer Ring,28,0.0145579
2026-06-26,249,Golden Summoner Ring,32,0.016126
2026-06-27,138,Archon Silver Ring,4,0.000191
2026-06-27,139,Foxglove Silver Ring,6,0.000284
2026-06-27,243,Golden Archon Ring,20,0.0128237
2026-06-27,244,Golden Athena Ring,13,0.00727989
2026-06-27,245,Golden Chobo Ring,10,0.0064949
2026-06-27,246,Golden Crusader Ring,11,0.0064819
2026-06-27,247,Golden Foxglove Ring,13,0.0066848
2026-06-27,248,Golden Overseer Ring,11,0.00662419
2026-06-27,249,Golden Summoner Ring,11,0.00772768
2026-06-28,135,Crusader Silver Ring,7,0.000338
2026-06-28,136,Overseer Silver Ring,9,0.000416
2026-06-28,137,Athena Silver Ring,18,0.0007849995
2026-06-28,138,Archon Silver Ring,7,0.000343
2026-06-28,139,Foxglove Silver Ring,15,0.000732
2026-06-28,140,Summoner Silver Ring,10,0.00044
2026-06-28,243,Golden Archon Ring,5,0.0025099
2026-06-28,244,Golden Athena Ring,5,0.002799
2026-06-28,245,Golden Chobo Ring,2,0.0015539
2026-06-28,246,Golden Crusader Ring,3,0.0018509
2026-06-28,247,Golden Foxglove Ring,3,0.001559
2026-06-28,248,Golden Overseer Ring,3,0.00183759
2026-06-28,249,Golden Summoner Ring,3,0.0019736
2026-06-29,138,Archon Silver Ring,2,9.7e-05
2026-06-29,247,Golden Foxglove Ring,1,0.0005189
2026-06-29,249,Golden Summoner Ring,1,0.000498
2026-06-30,243,Golden Archon Ring,2,0.0009999
2026-07-01,134,Chobo Silver Ring,20,0.00112
2026-07-01,135,Crusader Silver Ring,50,0.002465
2026-07-01,140,Summoner Silver Ring,1,4.2e-05
2026-07-01,243,Golden Archon Ring,1,0.0004999
2026-07-01,244,Golden Athena Ring,1,0.0005588
2026-07-01,245,Golden Chobo Ring,2,0.0015538
2026-07-01,246,Golden Crusader Ring,4,0.0024589
2026-07-01,247,Golden Foxglove Ring,2,0.001037
2026-07-01,248,Golden Overseer Ring,2,0.0012249
2026-07-01,249,Golden Summoner Ring,2,0.0015954
2026-07-02,243,Golden Archon Ring,9,0.004488
2026-07-02,244,Golden Athena Ring,9,0.0049732
2026-07-02,245,Golden Chobo Ring,9,0.0062497
2026-07-02,246,Golden Crusader Ring,9,0.0055095
2026-07-02,247,Golden Foxglove Ring,11,0.0056637
2026-07-02,248,Golden Overseer Ring,9,0.0055129
2026-07-02,249,Golden Summoner Ring,9,0.0066385
2026-07-03,134,Chobo Silver Ring,114,0.006097320328234033
2026-07-03,135,Crusader Silver Ring,123,0.005794973450045
2026-07-03,136,Overseer Silver Ring,146,0.00690518379203384
2026-07-03,137,Athena Silver Ring,141,0.006108923420284588
2026-07-03,138,Archon Silver Ring,183,0.0082009767560387
2026-07-03,139,Foxglove Silver Ring,188,0.008988188253
2026-07-03,140,Summoner Silver Ring,214,0.009762783692
2026-07-03,243,Golden Archon Ring,7,0.0039487
2026-07-03,244,Golden Athena Ring,8,0.004286
2026-07-03,245,Golden Chobo Ring,8,0.00518
2026-07-03,246,Golden Crusader Ring,6,0.0036551
2026-07-03,247,Golden Foxglove Ring,10,0.005085
2026-07-03,248,Golden Overseer Ring,7,0.004263
2026-07-03,249,Golden Summoner Ring,7,0.0050196
2026-07-04,134,Chobo Silver Ring,80,0.0043636712528
2026-07-04,135,Crusader Silver Ring,75,0.00354997000001
2026-07-04,136,Overseer Silver Ring,59,0.002909999
2026-07-04,137,Athena Silver Ring,87,0.003877948570105
2026-07-04,138,Archon Silver Ring,92,0.00457583
2026-07-04,139,Foxglove Silver Ring,56,0.0028
2026-07-04,140,Summoner Silver Ring,79,0.003909949
2026-07-05,134,Chobo Silver Ring,20,0.00106189832
2026-07-05,135,Crusader Silver Ring,30,0.00149199802
2026-07-05,136,Overseer Silver Ring,26,0.001279959
2026-07-05,137,Athena Silver Ring,48,0.002148974650063
2026-07-05,138,Archon Silver Ring,20,0.000997899002
2026-07-05,139,Foxglove Silver Ring,28,0.001399988
2026-07-05,140,Summoner Silver Ring,37,0.00182499412
2026-07-05,248,Golden Overseer Ring,10,0.006077
2026-07-06,134,Chobo Silver Ring,30,0.00149956
2026-07-06,135,Crusader Silver Ring,30,0.001499
2026-07-06,136,Overseer Silver Ring,37,0.001809893
2026-07-06,137,Athena Silver Ring,24,0.001079983300014
2026-07-06,138,Archon Silver Ring,33,0.001645367004
2026-07-06,139,Foxglove Silver Ring,30,0.00149994900004
2026-07-06,140,Summoner Silver Ring,47,0.0023469
2026-07-07,134,Chobo Silver Ring,30,0.00121996
2026-07-07,135,Crusader Silver Ring,28,0.001397183505025
2026-07-07,136,Overseer Silver Ring,11,0.00051699577
2026-07-07,137,Athena Silver Ring,32,0.001439977100036
2026-07-07,138,Archon Silver Ring,14,0.000698443005260006
2026-07-07,139,Foxglove Silver Ring,22,0.001099944000489998
2026-07-07,140,Summoner Silver Ring,21,0.001047796507
2026-07-07,246,Golden Crusader Ring,1,0.0006
2026-07-08,134,Chobo Silver Ring,27,0.00134946
2026-07-08,135,Crusader Silver Ring,30,0.0014929975
2026-07-08,136,Overseer Silver Ring,24,0.00112799859
2026-07-08,137,Athena Silver Ring,20,0.000898992202
2026-07-08,138,Archon Silver Ring,32,0.001594575509
2026-07-08,140,Summoner Silver Ring,10,0.000499299002
2026-07-09,134,Chobo Silver Ring,80,0.0042387784004
2026-07-09,135,Crusader Silver Ring,120,0.005997188502
2026-07-09,136,Overseer Silver Ring,130,0.00636492836002
2026-07-09,137,Athena Silver Ring,120,0.005397946602012
2026-07-09,138,Archon Silver Ring,117,0.0058366049987
2026-07-09,139,Foxglove Silver Ring,185,0.00924979700004
2026-07-09,140,Summoner Silver Ring,110,0.0055
2026-07-10,134,Chobo Silver Ring,44,0.0025779
2026-07-10,135,Crusader Silver Ring,60,0.002988
2026-07-10,136,Overseer Silver Ring,41,0.0020084
2026-07-10,137,Athena Silver Ring,46,0.002024989
2026-07-10,138,Archon Silver Ring,47,0.0023426
2026-07-10,139,Foxglove Silver Ring,44,0.0021139999996
2026-07-10,140,Summoner Silver Ring,59,0.002851
2026-07-10,243,Golden Archon Ring,14,0.009234089998
2026-07-10,244,Golden Athena Ring,59,0.032919989999
2026-07-10,245,Golden Chobo Ring,16,0.01017938999999
2026-07-10,246,Golden Crusader Ring,16,0.009640099999
2026-07-10,247,Golden Foxglove Ring,46,0.026026699998
2026-07-10,248,Golden Overseer Ring,14,0.0085794599998
2026-07-10,249,Golden Summoner Ring,15,0.0104980799999
2026-07-11,243,Golden Archon Ring,12,0.007774889997
2026-07-11,244,Golden Athena Ring,17,0.009420939988
2026-07-11,245,Golden Chobo Ring,4,0.00310799999397
2026-07-11,246,Golden Crusader Ring,11,0.006729979996
2026-07-11,247,Golden Foxglove Ring,10,0.006389993997
2026-07-11,248,Golden Overseer Ring,9,0.0055046699997
2026-07-11,249,Golden Summoner Ring,8,0.0055889999997
2026-07-12,243,Golden Archon Ring,3,0.00176879
2026-07-12,244,Golden Athena Ring,4,0.002251789998
2026-07-12,245,Golden Chobo Ring,2,0.0013998
2026-07-12,246,Golden Crusader Ring,3,0.001766768
2026-07-12,247,Golden Foxglove Ring,2,0.00118999
2026-07-12,248,Golden Overseer Ring,4,0.0023598
2026-07-12,249,Golden Summoner Ring,3,0.001798779
2026-07-13,137,Athena Silver Ring,4,0.000179998
2026-07-13,243,Golden Archon Ring,2,0.001179499
2026-07-13,244,Golden Athena Ring,1,0.000562999998
2026-07-13,245,Golden Chobo Ring,2,0.0013998
2026-07-13,246,Golden Crusader Ring,2,0.001148889
2026-07-13,247,Golden Foxglove Ring,1,0.00059
2026-07-13,248,Golden Overseer Ring,1,0.000589
2026-07-13,249,Golden Summoner Ring,1,0.000598999
2026-07-14,243,Golden Archon Ring,1,0.000588
2026-07-14,244,Golden Athena Ring,2,0.001125999997
2026-07-14,245,Golden Chobo Ring,1,0.0006997
2026-07-14,246,Golden Crusader Ring,3,0.0016767
2026-07-14,247,Golden Foxglove Ring,2,0.001178
2026-07-14,248,Golden Overseer Ring,1,0.000589
2026-07-14,249,Golden Summoner Ring,2,0.001194
2026-07-15,243,Golden Archon Ring,11,0.006246
2026-07-15,244,Golden Athena Ring,1,0.00054
2026-07-15,245,Golden Chobo Ring,1,0.000697
2026-07-15,246,Golden Crusader Ring,2,0.001113
2026-07-15,247,Golden Foxglove Ring,2,0.0011688
2026-07-15,248,Golden Overseer Ring,1,0.0005878
2026-07-15,249,Golden Summoner Ring,1,0.0005948
2026-07-16,138,Archon Silver Ring,4,0.00016
2026-07-16,140,Summoner Silver Ring,2,8e-05
2026-07-16,243,Golden Archon Ring,14,0.0078834
2026-07-16,244,Golden Athena Ring,18,0.0098886
2026-07-16,245,Golden Chobo Ring,4,0.0027846
2026-07-16,246,Golden Crusader Ring,15,0.0083578
2026-07-16,247,Golden Foxglove Ring,14,0.0081512
2026-07-16,248,Golden Overseer Ring,14,0.0082224
2026-07-16,249,Golden Summoner Ring,9,0.00535235
2026-07-17,134,Chobo Silver Ring,184,0.0105979023606
2026-07-17,135,Crusader Silver Ring,136,0.00664266306
2026-07-17,136,Overseer Silver Ring,138,0.00670596965003
2026-07-17,137,Athena Silver Ring,164,0.007298904998810004
2026-07-17,138,Archon Silver Ring,130,0.00623746096711498
2026-07-17,139,Foxglove Silver Ring,97,0.00482495817979
2026-07-17,140,Summoner Silver Ring,131,0.00641589404
2026-07-17,243,Golden Archon Ring,4,0.002245
2026-07-17,244,Golden Athena Ring,4,0.0021968
2026-07-17,245,Golden Chobo Ring,2,0.001388
2026-07-17,246,Golden Crusader Ring,3,0.0016627
2026-07-17,247,Golden Foxglove Ring,3,0.0017408
2026-07-17,248,Golden Overseer Ring,2,0.0011738
2026-07-17,249,Golden Summoner Ring,2,0.0011828
2026-07-18,134,Chobo Silver Ring,60,0.00317989778
2026-07-18,135,Crusader Silver Ring,90,0.00402947010002
2026-07-18,136,Overseer Silver Ring,81,0.0036446882004
2026-07-18,137,Athena Silver Ring,130,0.0054084702400204
2026-07-18,138,Archon Silver Ring,71,0.0031937285
2026-07-18,139,Foxglove Silver Ring,60,0.0029989
2026-07-18,140,Summoner Silver Ring,77,0.00346494909904
2026-07-18,244,Golden Athena Ring,1,0.000548
2026-07-19,134,Chobo Silver Ring,24,0.0012019091
2026-07-19,135,Crusader Silver Ring,23,0.00112489
2026-07-19,136,Overseer Silver Ring,20,0.0009998
2026-07-19,137,Athena Silver Ring,43,0.001934975350035
2026-07-19,138,Archon Silver Ring,30,0.0013199755
2026-07-19,139,Foxglove Silver Ring,33,0.00161966688
2026-07-19,140,Summoner Silver Ring,20,0.000899888
2026-07-20,136,Overseer Silver Ring,10,0.000499895
2026-07-20,137,Athena Silver Ring,17,0.0007529975
2026-07-20,138,Archon Silver Ring,18,0.00080997386007
2026-07-20,139,Foxglove Silver Ring,1,4.9988e-05
2026-07-20,140,Summoner Silver Ring,7,0.00031486
2026-07-21,134,Chobo Silver Ring,28,0.001472696752
2026-07-21,135,Crusader Silver Ring,27,0.00133353
2026-07-21,136,Overseer Silver Ring,15,0.0007498405006198
2026-07-21,137,Athena Silver Ring,34,0.001525985
2026-07-21,138,Archon Silver Ring,21,0.000944985950107996
2026-07-21,139,Foxglove Silver Ring,26,0.00129966000104
2026-07-21,140,Summoner Silver Ring,14,0.0006296991004
2026-07-22,135,Crusader Silver Ring,4,0.0001972
2026-07-22,139,Foxglove Silver Ring,7,0.000349909
2026-07-23,134,Chobo Silver Ring,48,0.002533890388747
2026-07-23,135,Crusader Silver Ring,132,0.006499807116
2026-07-23,136,Overseer Silver Ring,68,0.003387384011479932
2026-07-23,137,Athena Silver Ring,133,0.0057549868
2026-07-23,138,Archon Silver Ring,127,0.006176678543
2026-07-23,139,Foxglove Silver Ring,114,0.0056985174
2026-07-23,140,Summoner Silver Ring,121,0.0054229345702
2026-07-24,134,Chobo Silver Ring,21,0.001103210281525556
2026-07-24,135,Crusader Silver Ring,24,0.001175
2026-07-24,136,Overseer Silver Ring,21,0.001025868002459988
2026-07-24,137,Athena Silver Ring,60,0.0026219805
2026-07-24,138,Archon Silver Ring,30,0.001415396106
2026-07-24,139,Foxglove Silver Ring,34,0.001609779
2026-07-24,140,Summoner Silver Ring,47,0.002069589684
2026-07-24,243,Golden Archon Ring,4,0.002232
2026-07-24,244,Golden Athena Ring,3,0.0016426
2026-07-24,245,Golden Chobo Ring,6,0.0041475
2026-07-24,246,Golden Crusader Ring,3,0.0016443
2026-07-24,247,Golden Foxglove Ring,4,0.0023099
2026-07-24,248,Golden Overseer Ring,4,0.0023357
2026-07-24,249,Golden Summoner Ring,3,0.001758
2026-07-25,134,Chobo Silver Ring,7,0.0003694584166
2026-07-25,135,Crusader Silver Ring,10,0.000494
2026-07-25,136,Overseer Silver Ring,7,0.000349545001024995
2026-07-25,137,Athena Silver Ring,10,0.0004499935
2026-07-25,138,Archon Silver Ring,10,0.00049899501
2026-07-25,139,Foxglove Silver Ring,10,0.00049987
2026-07-25,140,Summoner Silver Ring,7,0.0003140182008
2026-07-25,243,Golden Archon Ring,16,0.00891919999999
2026-07-25,244,Golden Athena Ring,17,0.009267499999999
2026-07-25,245,Golden Chobo Ring,17,0.0117301999999999
2026-07-25,246,Golden Crusader Ring,19,0.0104020399999
2026-07-25,247,Golden Foxglove Ring,16,0.00921499999999
2026-07-25,248,Golden Overseer Ring,15,0.00870959999999
2026-07-25,249,Golden Summoner Ring,16,0.00936685999999
2026-07-26,243,Golden Archon Ring,5,0.002786295998
2026-07-26,244,Golden Athena Ring,4,0.002185779999998
2026-07-26,245,Golden Chobo Ring,3,0.0020695999996
2026-07-26,246,Golden Crusader Ring,5,0.0027364999976
2026-07-26,247,Golden Foxglove Ring,4,0.00229759999699
2026-07-26,248,Golden Overseer Ring,5,0.00289479996998
2026-07-26,249,Golden Summoner Ring,5,0.002921093999
2026-07-27,135,Crusader Silver Ring,10,0.0005
2026-07-27,137,Athena Silver Ring,10,0.000449995
2026-07-27,243,Golden Archon Ring,2,0.00111409999699
2026-07-27,244,Golden Athena Ring,2,0.0010955999999
2026-07-27,245,Golden Chobo Ring,2,0.0013795999992
2026-07-27,246,Golden Crusader Ring,2,0.00109399999898
2026-07-27,247,Golden Foxglove Ring,4,0.002303199985
2026-07-27,248,Golden Overseer Ring,2,0.00115779992
2026-07-27,249,Golden Summoner Ring,1,0.000584999995
2026-07-28,135,Crusader Silver Ring,4,0.0002
2026-07-28,243,Golden Archon Ring,3,0.00167079397
2026-07-28,244,Golden Athena Ring,6,0.0032188099997
2026-07-28,245,Golden Chobo Ring,4,0.002559576998
2026-07-28,246,Golden Crusader Ring,7,0.003726991993
2026-07-28,247,Golden Foxglove Ring,5,0.002784193986
2026-07-28,248,Golden Overseer Ring,3,0.0016886997
2026-07-28,249,Golden Summoner Ring,4,0.0023098779789999
2026-07-29,139,Foxglove Silver Ring,2,9.99590004e-05
2026-07-29,140,Summoner Silver Ring,14,0.00056
2026-07-29,243,Golden Archon Ring,2,0.00111316899
2026-07-29,244,Golden Athena Ring,1,0.0005306999
2026-07-29,245,Golden Chobo Ring,1,0.0005899977
2026-07-29,246,Golden Crusader Ring,2,0.00105996968
2026-07-29,247,Golden Foxglove Ring,2,0.001103986999
2026-07-29,248,Golden Overseer Ring,2,0.00110979788
2026-07-29,249,Golden Summoner Ring,1,0.00056987999
2026-07-30,135,Crusader Silver Ring,18,0.000803
2026-07-30,140,Summoner Silver Ring,6,0.000234
2026-07-30,243,Golden Archon Ring,9,0.0047158899
2026-07-30,244,Golden Athena Ring,4,0.00208999
2026-07-30,245,Golden Chobo Ring,6,0.0031798
2026-07-30,246,Golden Crusader Ring,12,0.006257798
2026-07-30,247,Golden Foxglove Ring,9,0.00456
2026-07-30,248,Golden Overseer Ring,6,0.00312
2026-07-30,249,Golden Summoner Ring,7,0.0034
2026-07-31,134,Chobo Silver Ring,117,0.0061343946406
2026-07-31,135,Crusader Silver Ring,110,0.00542488377003
2026-07-31,136,Overseer Silver Ring,104,0.005074225102664987
2026-07-31,137,Athena Silver Ring,148,0.006376932248472009
2026-07-31,138,Archon Silver Ring,120,0.00580798454662492
2026-07-31,139,Foxglove Silver Ring,142,0.0070444337002
2026-07-31,140,Summoner Silver Ring,122,0.005368143118051992
2026-07-31,243,Golden Archon Ring,5,0.0023699
2026-07-31,244,Golden Athena Ring,12,0.0054
2026-07-31,245,Golden Chobo Ring,8,0.00436979899978
2026-07-31,246,Golden Crusader Ring,9,0.004695595599997
2026-07-31,247,Golden Foxglove Ring,8,0.0041866297
2026-07-31,248,Golden Overseer Ring,4,0.00198
2026-07-31,249,Golden Summoner Ring,26,0.01127999
2026-08-01,134,Chobo Silver Ring,127,0.006650847540202
2026-08-01,135,Crusader Silver Ring,136,0.00608599878
2026-08-01,136,Overseer Silver Ring,150,0.006793573966757654
2026-08-01,137,Athena Silver Ring,174,0.00704691996
2026-08-01,138,Archon Silver Ring,129,0.0057946838126
2026-08-01,139,Foxglove Silver Ring,126,0.00623780690054
2026-08-01,140,Summoner Silver Ring,177,0.007138293681818096
2026-08-01,244,Golden Athena Ring,1,0.00051
2026-08-01,249,Golden Summoner Ring,4,0.00176
2026-08-02,134,Chobo Silver Ring,26,0.00137773606620222
2026-08-02,135,Crusader Silver Ring,36,0.0016199964500006
2026-08-02,136,Overseer Silver Ring,29,0.001449679006384959
2026-08-02,137,Athena Silver Ring,14,0.000566987485074098
2026-08-02,138,Archon Silver Ring,17,0.00084828752503992
2026-08-02,139,Foxglove Silver Ring,30,0.001499899
2026-08-02,140,Summoner Silver Ring,14,0.000566259117946192
2026-08-03,134,Chobo Silver Ring,27,0.00134679
2026-08-03,135,Crusader Silver Ring,18,0.0008099991
2026-08-03,136,Overseer Silver Ring,30,0.00149658600204999
2026-08-03,137,Athena Silver Ring,226,0.00911644619
2026-08-03,138,Archon Silver Ring,14,0.00068586
2026-08-03,139,Foxglove Silver Ring,20,0.000999988
2026-08-03,140,Summoner Silver Ring,205,0.008312220066258097
2026-08-04,134,Chobo Silver Ring,116,0.0060270331415
2026-08-04,135,Crusader Silver Ring,143,0.0065149742900274
2026-08-04,136,Overseer Silver Ring,131,0.006548515023569896
2026-08-04,137,Athena Silver Ring,146,0.006569910800183998
2026-08-04,138,Archon Silver Ring,140,0.0066336868400194
2026-08-04,139,Foxglove Silver Ring,137,0.006849923500282
2026-08-04,140,Summoner Silver Ring,130,0.005847297895836306
2026-08-04,248,Golden Overseer Ring,1,0.00047
2026-08-05,134,Chobo Silver Ring,20,0.001019791921221996
2026-08-05,135,Crusader Silver Ring,18,0.000899996
2026-08-05,136,Overseer Silver Ring,12,0.000599868002459988
2026-08-05,137,Athena Silver Ring,38,0.001709981
2026-08-05,138,Archon Silver Ring,20,0.00095
2026-08-05,139,Foxglove Silver Ring,10,0.0005
2026-08-05,140,Summoner Silver Ring,10,0.0004497955
2026-08-05,246,Golden Crusader Ring,1,0.00051
2026-08-06,134,Chobo Silver Ring,63,0.0032225323505054
2026-08-06,135,Crusader Silver Ring,108,0.0053999598
2026-08-06,136,Overseer Silver Ring,81,0.004034272033749904
2026-08-06,137,Athena Silver Ring,101,0.004534813150462996
2026-08-06,138,Archon Silver Ring,94,0.004592095565
2026-08-06,139,Foxglove Silver Ring,116,0.005738698102
2026-08-06,140,Summoner Silver Ring,101,0.004507116330822493
2026-08-06,243,Golden Archon Ring,2,0.00094
2026-08-06,244,Golden Athena Ring,2,0.00101
2026-08-06,245,Golden Chobo Ring,2,0.0011399996
2026-08-06,246,Golden Crusader Ring,2,0.00102
2026-08-06,248,Golden Overseer Ring,2,0.000959
2026-08-06,249,Golden Summoner Ring,2,0.00112
2026-08-07,134,Chobo Silver Ring,69,0.003596503
2026-08-07,135,Crusader Silver Ring,117,0.005733
2026-08-07,136,Overseer Silver Ring,71,0.003525720002024995
2026-08-07,137,Athena Silver Ring,134,0.0060169394998
2026-08-07,138,Archon Silver Ring,20,0.0009979800400998
2026-08-07,139,Foxglove Silver Ring,37,0.00184999999991
2026-08-07,140,Summoner Silver Ring,128,0.0057573824256
2026-08-07,243,Golden Archon Ring,8,0.0041171699997
2026-08-07,244,Golden Athena Ring,5,0.002549999999698
2026-08-07,245,Golden Chobo Ring,4,0.00227999919699
2026-08-07,246,Golden Crusader Ring,22,0.0115399583997
2026-08-07,247,Golden Foxglove Ring,5,0.002549999999698
2026-08-07,248,Golden Overseer Ring,5,0.00249949999987
2026-08-07,249,Golden Summoner Ring,3,0.001679999997
2026-08-08,243,Golden Archon Ring,19,0.010561629896864
2026-08-08,244,Golden Athena Ring,21,0.010869469999879
2026-08-08,245,Golden Chobo Ring,19,0.01082969644934995
2026-08-08,246,Golden Crusader Ring,19,0.00998960642875
2026-08-08,247,Golden Foxglove Ring,22,0.011219499899486
2026-08-08,248,Golden Overseer Ring,34,0.01762054939424
2026-08-08,249,Golden Summoner Ring,27,0.01511969099291
2026-08-09,244,Golden Athena Ring,1,0.0005297
2026-08-09,247,Golden Foxglove Ring,1,0.0005095
2026-08-10,134,Chobo Silver Ring,1015,0.071609135099999
2026-08-10,135,Crusader Silver Ring,588,0.0417276377300165
2026-08-10,136,Overseer Silver Ring,787,0.05153720078
2026-08-10,137,Athena Silver Ring,617,0.04658579850271398
2026-08-10,138,Archon Silver Ring,857,0.05203557273307189
2026-08-10,139,Foxglove Silver Ring,613,0.044439790364998
2026-08-10,140,Summoner Silver Ring,630,0.0389884967545
2026-08-10,243,Golden Archon Ring,143,0.085510027870961
2026-08-10,244,Golden Athena Ring,182,0.1521585799
2026-08-10,245,Golden Chobo Ring,126,0.07870322556857
2026-08-10,246,Golden Crusader Ring,181,0.10330264216799
2026-08-10,247,Golden Foxglove Ring,191,0.1134339897
2026-08-10,248,Golden Overseer Ring,143,0.086003649959
2026-08-10,249,Golden Summoner Ring,101,0.05986647588386
2026-08-11,134,Chobo Silver Ring,93,0.0150088
2026-08-11,135,Crusader Silver Ring,128,0.0198640770993
2026-08-11,136,Overseer Silver Ring,209,0.035722499897
2026-08-11,137,Athena Silver Ring,206,0.0267757027887
2026-08-11,138,Archon Silver Ring,202,0.0274296799
2026-08-11,139,Foxglove Silver Ring,111,0.01715043308
2026-08-11,140,Summoner Silver Ring,200,0.0252126558
2026-08-11,243,Golden Archon Ring,20,0.0156718
2026-08-11,244,Golden Athena Ring,4,0.0058539
2026-08-11,245,Golden Chobo Ring,8,0.0062234
2026-08-11,246,Golden Crusader Ring,11,0.00862997
2026-08-11,247,Golden Foxglove Ring,51,0.038088
2026-08-11,248,Golden Overseer Ring,33,0.02639326
2026-08-11,249,Golden Summoner Ring,18,0.013469
2026-08-12,134,Chobo Silver Ring,251,0.02371033
2026-08-12,135,Crusader Silver Ring,163,0.0163919
2026-08-12,136,Overseer Silver Ring,80,0.0079513
2026-08-12,137,Athena Silver Ring,75,0.008014999994
2026-08-12,138,Archon Silver Ring,160,0.013262
2026-08-12,139,Foxglove Silver Ring,82,0.008915
2026-08-12,140,Summoner Silver Ring,130,0.0138747
2026-08-12,243,Golden Archon Ring,19,0.01122
2026-08-12,244,Golden Athena Ring,3,0.0022494
2026-08-12,245,Golden Chobo Ring,74,0.04491042
2026-08-12,246,Golden Crusader Ring,23,0.01630987
2026-08-12,247,Golden Foxglove Ring,18,0.0113998
2026-08-12,248,Golden Overseer Ring,35,0.021839799
2026-08-12,249,Golden Summoner Ring,20,0.01187
2026-08-13,134,Chobo Silver Ring,58,0.0080541
2026-08-13,135,Crusader Silver Ring,92,0.011989
2026-08-13,136,Overseer Silver Ring,203,0.01864
2026-08-13,137,Athena Silver Ring,176,0.01632
2026-08-13,138,Archon Silver Ring,73,0.0087573999994
2026-08-13,139,Foxglove Silver Ring,207,0.01928
2026-08-13,140,Summoner Silver Ring,66,0.008142299999991
2026-08-13,243,Golden Archon Ring,25,0.017408999
2026-08-13,244,Golden Athena Ring,31,0.0206257
2026-08-13,245,Golden Chobo Ring,37,0.0270989
2026-08-13,246,Golden Crusader Ring,38,0.02724354
2026-08-13,247,Golden Foxglove Ring,32,0.0223907899994
2026-08-13,248,Golden Overseer Ring,8,0.0068229
2026-08-13,249,Golden Summoner Ring,25,0.018071896
2026-08-14,134,Chobo Silver Ring,189,0.02712149999740932
2026-08-14,135,Crusader Silver Ring,108,0.01739079999939
2026-08-14,136,Overseer Silver Ring,237,0.0304245991999925
2026-08-14,137,Athena Silver Ring,122,0.0155104999918
2026-08-14,138,Archon Silver Ring,113,0.01552799999
2026-08-14,139,Foxglove Silver Ring,97,0.013178999999999986
2026-08-14,140,Summoner Silver Ring,211,0.024500439998
2026-08-14,243,Golden Archon Ring,4,0.00272
2026-08-14,244,Golden Athena Ring,1,0.00068
2026-08-14,245,Golden Chobo Ring,33,0.0217159989
2026-08-14,247,Golden Foxglove Ring,8,0.005177
2026-08-14,248,Golden Overseer Ring,9,0.007199998
2026-08-14,249,Golden Summoner Ring,4,0.0024998
2026-08-15,134,Chobo Silver Ring,87,0.01424759966
2026-08-15,135,Crusader Silver Ring,119,0.019813789534956
2026-08-15,136,Overseer Silver Ring,140,0.018831699099998
2026-08-15,137,Athena Silver Ring,138,0.0186698169899934
2026-08-15,138,Archon Silver Ring,97,0.0152676499567985
2026-08-15,139,Foxglove Silver Ring,98,0.014999535199999796
2026-08-15,140,Summoner Silver Ring,148,0.019488735553549994
2026-08-15,243,Golden Archon Ring,29,0.0200893
2026-08-15,244,Golden Athena Ring,11,0.007388635
2026-08-15,245,Golden Chobo Ring,30,0.01855874
2026-08-15,246,Golden Crusader Ring,11,0.00721699
2026-08-15,247,Golden Foxglove Ring,23,0.0137987958
2026-08-15,248,Golden Overseer Ring,25,0.0155
2026-08-15,249,Golden Summoner Ring,22,0.0131997
2026-08-16,134,Chobo Silver Ring,25,0.003955399988
2026-08-16,135,Crusader Silver Ring,71,0.01114439987984
2026-08-16,136,Overseer Silver Ring,72,0.010058999999599992
2026-08-16,137,Athena Silver Ring,119,0.01644179939988
2026-08-16,138,Archon Silver Ring,71,0.011257
2026-08-16,139,Foxglove Silver Ring,22,0.00346199959998
2026-08-16,140,Summoner Silver Ring,58,0.007506
2026-08-16,243,Golden Archon Ring,3,0.0022198
2026-08-16,244,Golden Athena Ring,56,0.037108069
2026-08-16,245,Golden Chobo Ring,38,0.02662
2026-08-16,246,Golden Crusader Ring,41,0.02802715
2026-08-16,247,Golden Foxglove Ring,31,0.021455959
2026-08-16,248,Golden Overseer Ring,10,0.006557998
2026-08-16,249,Golden Summoner Ring,38,0.025389967
2026-08-17,134,Chobo Silver Ring,72,0.0112547697
2026-08-17,135,Crusader Silver Ring,76,0.011857088997
2026-08-17,136,Overseer Silver Ring,49,0.0064744296
2026-08-17,137,Athena Silver Ring,52,0.00694691799969994
2026-08-17,138,Archon Silver Ring,22,0.00340449999
2026-08-17,139,Foxglove Silver Ring,46,0.00710699999799
2026-08-17,140,Summoner Silver Ring,59,0.00751799699999993
2026-08-17,243,Golden Archon Ring,50,0.037178596999999
2026-08-17,244,Golden Athena Ring,33,0.0289857
2026-08-17,245,Golden Chobo Ring,21,0.0158844
2026-08-17,246,Golden Crusader Ring,13,0.010608898
2026-08-17,247,Golden Foxglove Ring,55,0.0398771099
2026-08-17,248,Golden Overseer Ring,52,0.03863069
2026-08-17,249,Golden Summoner Ring,21,0.0157732
2026-08-18,134,Chobo Silver Ring,116,0.0164786
2026-08-18,135,Crusader Silver Ring,154,0.022939479
2026-08-18,136,Overseer Silver Ring,53,0.0071387399992
2026-08-18,137,Athena Silver Ring,52,0.006786429999999963
2026-08-18,138,Archon Silver Ring,84,0.01244218
2026-08-18,139,Foxglove Silver Ring,154,0.02232251994
2026-08-18,140,Summoner Silver Ring,79,0.00978661
2026-08-18,243,Golden Archon Ring,71,0.06798574
2026-08-18,244,Golden Athena Ring,77,0.08958268109597
2026-08-18,245,Golden Chobo Ring,91,0.08530159
2026-08-18,246,Golden Crusader Ring,44,0.04067044
2026-08-18,247,Golden Foxglove Ring,54,0.05125474
2026-08-18,248,Golden Overseer Ring,56,0.05840241
2026-08-18,249,Golden Summoner Ring,91,0.08661788
2026-08-19,134,Chobo Silver Ring,85,0.012107105
2026-08-19,135,Crusader Silver Ring,58,0.0078504797
2026-08-19,136,Overseer Silver Ring,127,0.01707226
2026-08-19,137,Athena Silver Ring,163,0.0212814899
2026-08-19,138,Archon Silver Ring,38,0.005418949
2026-08-19,139,Foxglove Silver Ring,60,0.008518
2026-08-19,140,Summoner Silver Ring,150,0.01807209
2026-08-19,243,Golden Archon Ring,20,0.0287942
2026-08-19,244,Golden Athena Ring,30,0.0415470458
2026-08-19,245,Golden Chobo Ring,31,0.0446684
2026-08-19,246,Golden Crusader Ring,15,0.0208988
2026-08-19,248,Golden Overseer Ring,17,0.023524879999999897
2026-08-19,249,Golden Summoner Ring,38,0.04869
2026-08-20,134,Chobo Silver Ring,175,0.0234272399712
2026-08-20,135,Crusader Silver Ring,82,0.011237479996
2026-08-20,136,Overseer Silver Ring,182,0.0220813
2026-08-20,137,Athena Silver Ring,127,0.0151318611
2026-08-20,138,Archon Silver Ring,113,0.014934439859999992
2026-08-20,139,Foxglove Silver Ring,95,0.0126547699996
2026-08-20,140,Summoner Silver Ring,172,0.01936671595425
2026-08-20,247,Golden Foxglove Ring,16,0.02058991
2026-08-21,134,Chobo Silver Ring,75,0.01031091
2026-08-21,135,Crusader Silver Ring,80,0.01052
2026-08-21,136,Overseer Silver Ring,152,0.01805967
2026-08-21,137,Athena Silver Ring,74,0.00914968999999996
2026-08-21,138,Archon Silver Ring,160,0.017879
2026-08-21,139,Foxglove Silver Ring,234,0.0279757
2026-08-21,140,Summoner Silver Ring,88,0.01006935
2026-08-21,243,Golden Archon Ring,13,0.01646
2026-08-21,244,Golden Athena Ring,16,0.02035942999997
2026-08-21,245,Golden Chobo Ring,22,0.0235609
2026-08-21,246,Golden Crusader Ring,13,0.0171358999998
2026-08-21,247,Golden Foxglove Ring,39,0.0406235
2026-08-21,248,Golden Overseer Ring,9,0.00908
2026-08-21,249,Golden Summoner Ring,31,0.0335595
2026-08-22,134,Chobo Silver Ring,35,0.0044249978
2026-08-22,135,Crusader Silver Ring,12,0.00144
2026-08-22,136,Overseer Silver Ring,22,0.00285868
2026-08-22,137,Athena Silver Ring,26,0.0028134999899993
2026-08-22,138,Archon Silver Ring,119,0.01518977
2026-08-22,139,Foxglove Silver Ring,59,0.0081246
2026-08-22,140,Summoner Silver Ring,74,0.0082632397
2026-08-22,243,Golden Archon Ring,23,0.02824
2026-08-22,244,Golden Athena Ring,8,0.00972797
2026-08-22,245,Golden Chobo Ring,24,0.0249399
2026-08-22,246,Golden Crusader Ring,9,0.01128581
2026-08-22,247,Golden Foxglove Ring,12,0.0116598
2026-08-22,248,Golden Overseer Ring,8,0.007738
2026-08-22,249,Golden Summoner Ring,10,0.0104156
2026-08-23,134,Chobo Silver Ring,61,0.0075052397
2026-08-23,135,Crusader Silver Ring,52,0.006581558
2026-08-23,136,Overseer Silver Ring,15,0.00188822
2026-08-23,137,Athena Silver Ring,88,0.01090868999999998
2026-08-23,138,Archon Silver Ring,66,0.0097020843
2026-08-23,139,Foxglove Silver Ring,58,0.007847079999972
2026-08-23,140,Summoner Silver Ring,57,0.00609405
2026-08-23,243,Golden Archon Ring,26,0.02729319
2026-08-23,244,Golden Athena Ring,29,0.03506843
2026-08-23,245,Golden Chobo Ring,11,0.0115401
2026-08-23,246,Golden Crusader Ring,27,0.032266468
2026-08-23,247,Golden Foxglove Ring,24,0.021566
2026-08-23,248,Golden Overseer Ring,12,0.0111103699999999
2026-08-23,249,Golden Summoner Ring,26,0.02734
2026-08-24,134,Chobo Silver Ring,200,0.0232858539
2026-08-24,135,Crusader Silver Ring,208,0.025277239
2026-08-24,136,Overseer Silver Ring,155,0.016840368899999993
2026-08-24,137,Athena Silver Ring,165,0.0177327089999494
2026-08-24,138,Archon Silver Ring,199,0.023799935
2026-08-24,139,Foxglove Silver Ring,166,0.01916672
2026-08-24,140,Summoner Silver Ring,135,0.0138093096
2026-08-24,243,Golden Archon Ring,60,0.0574964
2026-08-24,244,Golden Athena Ring,38,0.0381483
2026-08-24,245,Golden Chobo Ring,75,0.0707531
2026-08-24,246,Golden Crusader Ring,113,0.1049773799999978
2026-08-24,247,Golden Foxglove Ring,61,0.05633509999999999
2026-08-24,248,Golden Overseer Ring,142,0.12931799799995988
2026-08-24,249,Golden Summoner Ring,41,0.039843699999999996
2026-08-25,134,Chobo Silver Ring,78,0.010081627
2026-08-25,135,Crusader Silver Ring,181,0.02257418599999438
2026-08-25,136,Overseer Silver Ring,166,0.020692022899999992
2026-08-25,137,Athena Silver Ring,189,0.02396973902999992
2026-08-25,138,Archon Silver Ring,70,0.0101551787
2026-08-25,139,Foxglove Silver Ring,118,0.0154765989999995
2026-08-25,140,Summoner Silver Ring,234,0.025395806899994
2026-08-25,243,Golden Archon Ring,12,0.012436
2026-08-25,244,Golden Athena Ring,13,0.01508754999998
2026-08-25,245,Golden Chobo Ring,11,0.0111899
2026-08-25,246,Golden Crusader Ring,27,0.0290815799999999
2026-08-25,247,Golden Foxglove Ring,12,0.01162
2026-08-25,248,Golden Overseer Ring,11,0.0114989
2026-08-25,249,Golden Summoner Ring,23,0.0232507
2026-08-26,134,Chobo Silver Ring,67,0.00741249999999964
2026-08-26,135,Crusader Silver Ring,93,0.011892559999973993
2026-08-26,136,Overseer Silver Ring,58,0.006554599499999979
2026-08-26,137,Athena Silver Ring,45,0.004887679
2026-08-26,138,Archon Silver Ring,29,0.0041328996
2026-08-26,139,Foxglove Silver Ring,6,0.0007734
2026-08-26,140,Summoner Silver Ring,91,0.009736199599999969
2026-08-26,243,Golden Archon Ring,6,0.00453
2026-08-26,244,Golden Athena Ring,1,0.00096689
2026-08-26,245,Golden Chobo Ring,44,0.041196379
2026-08-26,246,Golden Crusader Ring,12,0.0124997799999998
2026-08-26,247,Golden Foxglove Ring,1,0.0009467
2026-08-26,248,Golden Overseer Ring,28,0.02915796
2026-08-26,249,Golden Summoner Ring,1,0.00087889
2026-08-27,134,Chobo Silver Ring,93,0.0096505
2026-08-27,135,Crusader Silver Ring,12,0.001384
2026-08-27,136,Overseer Silver Ring,70,0.0078308
2026-08-27,137,Athena Silver Ring,44,0.0051467
2026-08-27,138,Archon Silver Ring,47,0.00663953999999985
2026-08-27,139,Foxglove Silver Ring,187,0.022584289999999996
2026-08-27,140,Summoner Silver Ring,22,0.002181
2026-08-27,243,Golden Archon Ring,17,0.01595381
2026-08-27,244,Golden Athena Ring,23,0.02144332
2026-08-27,245,Golden Chobo Ring,6,0.005478797
2026-08-27,246,Golden Crusader Ring,19,0.017294691
2026-08-27,247,Golden Foxglove Ring,42,0.03870874
2026-08-27,248,Golden Overseer Ring,2,0.001967789
2026-08-27,249,Golden Summoner Ring,74,0.065066082
2026-08-28,134,Chobo Silver Ring,59,0.0067810994
2026-08-28,135,Crusader Silver Ring,89,0.0102930106
2026-08-28,136,Overseer Silver Ring,133,0.0150812777
2026-08-28,137,Athena Silver Ring,141,0.016713199
2026-08-28,138,Archon Silver Ring,96,0.013345853
2026-08-28,139,Foxglove Silver Ring,98,0.0124304496
2026-08-28,140,Summoner Silver Ring,154,0.0151275598
2026-08-28,243,Golden Archon Ring,8,0.0064
2026-08-28,244,Golden Athena Ring,19,0.0174933
2026-08-28,245,Golden Chobo Ring,17,0.01507498
2026-08-28,246,Golden Crusader Ring,3,0.002467
2026-08-28,247,Golden Foxglove Ring,14,0.01246957
2026-08-28,248,Golden Overseer Ring,2,0.0016
2026-08-28,249,Golden Summoner Ring,2,0.0016
2026-08-29,134,Chobo Silver Ring,351,0.040745727
2026-08-29,135,Crusader Silver Ring,117,0.01316919399999994
2026-08-29,136,Overseer Silver Ring,112,0.01310359582
2026-08-29,137,Athena Silver Ring,185,0.020230906454
2026-08-29,138,Archon Silver Ring,122,0.0158699776177197
2026-08-29,139,Foxglove Silver Ring,139,0.015559977
2026-08-29,140,Summoner Silver Ring,247,0.02689712
2026-08-29,243,Golden Archon Ring,5,0.00437724
2026-08-29,244,Golden Athena Ring,14,0.01247926
2026-08-29,245,Golden Chobo Ring,33,0.02957195
2026-08-29,246,Golden Crusader Ring,58,0.0512447
2026-08-29,247,Golden Foxglove Ring,4,0.00358967
2026-08-29,248,Golden Overseer Ring,9,0.00750536
2026-08-29,249,Golden Summoner Ring,23,0.01942384
2026-08-30,134,Chobo Silver Ring,77,0.008236339947722986
2026-08-30,135,Crusader Silver Ring,112,0.0115210389878795
2026-08-30,136,Overseer Silver Ring,47,0.004832433983495
2026-08-30,137,Athena Silver Ring,97,0.00991245671
2026-08-30,138,Archon Silver Ring,377,0.039617144869999996
2026-08-30,139,Foxglove Silver Ring,36,0.00352313992
2026-08-30,140,Summoner Silver Ring,50,0.005129257664
2026-08-30,243,Golden Archon Ring,68,0.06168655994
2026-08-30,244,Golden Athena Ring,36,0.03410046
2026-08-30,245,Golden Chobo Ring,15,0.013758889
2026-08-30,246,Golden Crusader Ring,6,0.0042
2026-08-30,247,Golden Foxglove Ring,14,0.01232839986
2026-08-30,248,Golden Overseer Ring,42,0.03529532
2026-08-31,134,Chobo Silver Ring,49,0.004904599999973
2026-08-31,135,Crusader Silver Ring,60,0.005404669999982
2026-08-31,136,Overseer Silver Ring,39,0.0036511999999799
2026-08-31,137,Athena Silver Ring,44,0.00446326999999974
2026-08-31,138,Archon Silver Ring,88,0.009415200909979
2026-08-31,139,Foxglove Silver Ring,77,0.00722731399999988
2026-08-31,140,Summoner Silver Ring,62,0.005879259317998497
2026-08-31,243,Golden Archon Ring,3,0.002509988899
2026-08-31,244,Golden Athena Ring,15,0.01069729998
2026-08-31,245,Golden Chobo Ring,24,0.0185968
2026-08-31,246,Golden Crusader Ring,1,0.0008971996899
2026-08-31,247,Golden Foxglove Ring,37,0.027553449
2026-08-31,248,Golden Overseer Ring,16,0.0135834
2026-08-31,249,Golden Summoner Ring,39,0.032430937
2026-09-01,134,Chobo Silver Ring,185,0.016422339982388
2026-09-01,135,Crusader Silver Ring,173,0.01514310308307976
2026-09-01,136,Overseer Silver Ring,166,0.015135458999198
2026-09-01,137,Athena Silver Ring,162,0.014346046954983
2026-09-01,138,Archon Silver Ring,68,0.006844349828997
2026-09-01,139,Foxglove Silver Ring,88,0.00799300934964
2026-09-01,140,Summoner Silver Ring,125,0.01152421689155999
2026-09-01,243,Golden Archon Ring,17,0.01429094
2026-09-01,244,Golden Athena Ring,32,0.02462514
2026-09-01,245,Golden Chobo Ring,23,0.01958969198
2026-09-01,246,Golden Crusader Ring,23,0.01977719082
2026-09-01,247,Golden Foxglove Ring,23,0.0187399999999999
2026-09-01,248,Golden Overseer Ring,12,0.0099199979
2026-09-01,249,Golden Summoner Ring,19,0.0151609
2026-09-02,134,Chobo Silver Ring,71,0.0061986269999999
2026-09-02,135,Crusader Silver Ring,43,0.00377367639999976
2026-09-02,136,Overseer Silver Ring,47,0.0040363748
2026-09-02,137,Athena Silver Ring,50,0.00425970799999946
2026-09-02,138,Archon Silver Ring,94,0.0087549508
2026-09-02,139,Foxglove Silver Ring,87,0.007346673390988
2026-09-02,140,Summoner Silver Ring,100,0.0089881899264
2026-09-02,243,Golden Archon Ring,11,0.0088
2026-09-02,244,Golden Athena Ring,26,0.0199010696999
2026-09-02,245,Golden Chobo Ring,9,0.007099
2026-09-02,246,Golden Crusader Ring,11,0.0085170678996
2026-09-02,247,Golden Foxglove Ring,7,0.00496729
2026-09-02,248,Golden Overseer Ring,16,0.011485038
2026-09-02,249,Golden Summoner Ring,2,0.00157996
2026-09-03,134,Chobo Silver Ring,184,0.01599642938499573
2026-09-03,135,Crusader Silver Ring,130,0.01159991299986691
2026-09-03,136,Overseer Silver Ring,136,0.011920788499349
2026-09-03,137,Athena Silver Ring,190,0.01633514932
2026-09-03,138,Archon Silver Ring,103,0.00901320030492
2026-09-03,139,Foxglove Silver Ring,201,0.01756621393842
2026-09-03,140,Summoner Silver Ring,152,0.012615466345
2026-09-03,244,Golden Athena Ring,7,0.0055299293
2026-09-03,245,Golden Chobo Ring,30,0.024356989999
2026-09-03,246,Golden Crusader Ring,4,0.00311499
2026-09-03,247,Golden Foxglove Ring,2,0.0015399797998
2026-09-03,248,Golden Overseer Ring,16,0.0131070488
2026-09-03,249,Golden Summoner Ring,34,0.0267308489
2026-09-04,134,Chobo Silver Ring,64,0.005369997922999967
2026-09-04,135,Crusader Silver Ring,68,0.0056859995891
2026-09-04,136,Overseer Silver Ring,123,0.010241015769934
2026-09-04,137,Athena Silver Ring,20,0.0017119999547
2026-09-04,138,Archon Silver Ring,120,0.00934996615122
2026-09-04,139,Foxglove Silver Ring,88,0.007188999582
2026-09-04,140,Summoner Silver Ring,162,0.0128935373312
2026-09-04,243,Golden Archon Ring,33,0.0256199946
2026-09-04,244,Golden Athena Ring,14,0.01071798917
2026-09-04,245,Golden Chobo Ring,19,0.01487082674
2026-09-04,246,Golden Crusader Ring,11,0.00852999886
2026-09-04,247,Golden Foxglove Ring,34,0.02479699612
2026-09-04,248,Golden Overseer Ring,8,0.0060739991
2026-09-04,249,Golden Summoner Ring,9,0.00701298898
2026-09-05,134,Chobo Silver Ring,63,0.00505444898981
2026-09-05,135,Crusader Silver Ring,26,0.00207968
2026-09-05,136,Overseer Silver Ring,65,0.0050751076
2026-09-05,137,Athena Silver Ring,62,0.00443376
2026-09-05,138,Archon Silver Ring,56,0.004280829957792
2026-09-05,139,Foxglove Silver Ring,97,0.0074082795099818
2026-09-05,140,Summoner Silver Ring,57,0.0046703632794
2026-09-05,243,Golden Archon Ring,11,0.00824698688
2026-09-05,244,Golden Athena Ring,12,0.00895792559
2026-09-05,245,Golden Chobo Ring,10,0.00727796949
2026-09-05,246,Golden Crusader Ring,10,0.006808889999996
2026-09-05,247,Golden Foxglove Ring,6,0.004168987
2026-09-05,248,Golden Overseer Ring,5,0.003416668
2026-09-05,249,Golden Summoner Ring,13,0.0097449819399
