timestamp_utc,doc_id,name,rank,wallet,username,balance
2026-08-30T16:32:48Z,134,Chobo Silver Ring,1,0xd678b718f70389dbdd2d447df23333641e8f7480,yanik,690
2026-08-30T16:32:48Z,134,Chobo Silver Ring,2,0x9dc70f5472a88f3eefa4d515a6b1ec94d9d30d13,sidlovskyy,422
2026-08-30T16:32:48Z,134,Chobo Silver Ring,3,0xf00dfac3af2f5b38fe55d50ccf8ffa8c293ea161,dudendy,390
2026-08-30T16:32:48Z,134,Chobo Silver Ring,4,0x73a9ffdaaf53723f1d08403f613870cddd6e18fc,suspicious,357
2026-08-30T16:32:48Z,134,Chobo Silver Ring,5,0xe90a9bdb63e9ba04a7f3e95140ff803f2f377f5e,vova,225
2026-08-30T16:32:48Z,134,Chobo Silver Ring,6,0x2a2376e5e9981c19b15af64d2cdb57c9b94eb1f6,xiskool,210
2026-08-30T16:32:48Z,134,Chobo Silver Ring,7,0x4e16f03fafc94af2d0b79d2d15d3d54f7c9f04fa,recluseham,168
2026-08-30T16:32:48Z,134,Chobo Silver Ring,8,0x0ee9318275c37f0e635bb7c8a455ade252cecf1f,georgysogood,166
2026-08-30T16:32:48Z,134,Chobo Silver Ring,9,0xeed7c6b2af48249a040c9e5d59437670889c7e07,lilwassie,157
2026-08-30T16:32:48Z,134,Chobo Silver Ring,10,0x95233e2ec170b4ba0e2208c1ec89f3b87f8b18c7,gambit,134
2026-08-30T16:32:48Z,134,Chobo Silver Ring,11,0x2ab7adbf3685c74d2e300c9c0e676b1bf6027ac5,0xn00b,126
2026-08-30T16:32:48Z,134,Chobo Silver Ring,12,0x3eda210ff41e2b2d1658ca5ebe0b80a376c7e0f4,astarta,104
2026-08-30T16:32:48Z,134,Chobo Silver Ring,13,0x161f91374506a85ed9063e90c4c217d8697d6471,proofofely,100
2026-08-30T16:32:48Z,134,Chobo Silver Ring,14,0xe4b1f5eb3da2195f8d41a052229a7eec3c4e6ed8,azoni,98
2026-08-30T16:32:48Z,134,Chobo Silver Ring,15,0xb0f42c12dd7e28f0deafe74fdf603782c430f896,stellarhobbes,96
2026-08-30T16:32:48Z,134,Chobo Silver Ring,16,0x23244cc893df1ff2916ee2e492b65bec74b2760c,bunyoo,96
2026-08-30T16:32:48Z,134,Chobo Silver Ring,17,0xac06dbd4f2b1b174dbb3b67449f0f4245f0f3bc3,spanish,95
2026-08-30T16:32:48Z,134,Chobo Silver Ring,18,0xbdecab53bb16b74aa1a1715cc4b80db641eac9da,rxch,95
2026-08-30T16:32:48Z,134,Chobo Silver Ring,19,0x0a42a67154221c44c9eae98eb7f9cbff2d269a0e,cassowary,90
2026-08-30T16:32:48Z,134,Chobo Silver Ring,20,0x95f92440789e364f3a167069b899c84b02f92254,axion,86
2026-08-30T16:32:48Z,134,Chobo Silver Ring,21,0x388d510f0f11ba0762e8c7212645ed873c17a204,otabart,84
2026-08-30T16:32:48Z,134,Chobo Silver Ring,22,0x55085ade6c1c39b64cd27099993c5dc933bbed35,bigdogga,74
2026-08-30T16:32:48Z,134,Chobo Silver Ring,23,0xcf29253e7c1e908d4091c9be85522893c77f0fc8,ciri,72
2026-08-30T16:32:48Z,134,Chobo Silver Ring,24,0x02764ae21333f5777b44cdded3a654a340176fff,bh3320,69
2026-08-30T16:32:48Z,134,Chobo Silver Ring,25,0x65a934bd2113318315e7f4c8f6108b92e2be9292,hetfield,58
2026-08-30T16:32:48Z,134,Chobo Silver Ring,26,0xce3bc9c7e6b1a4082f9853f6f796e604148b2583,classicj,58
2026-08-30T16:32:48Z,134,Chobo Silver Ring,27,0x3d385f04852ae078d10e2a420f928f227f3e63f3,kellox,56
2026-08-30T16:32:48Z,134,Chobo Silver Ring,28,0x19342b9e3f123e373e24f1eea9bb5a1a935507fa,bigmommymilkers,56
2026-08-30T16:32:48Z,134,Chobo Silver Ring,29,0x69c4cc0147fbc23965896fb18a1ccea92230ed1b,afropengu,55
2026-08-30T16:32:48Z,134,Chobo Silver Ring,30,0x469998f2fa8aaa2648fef6fc3902268f315195ef,mrgold,54
2026-08-30T16:32:48Z,134,Chobo Silver Ring,31,0xb2042611b4987ba8be9efd6cc1165f09e7c694a8,joblessathena,53
2026-08-30T16:32:48Z,134,Chobo Silver Ring,32,0xafe00172cf96544d610bf9b70d549a5e89b83f2d,hungryjay,52
2026-08-30T16:32:48Z,134,Chobo Silver Ring,33,0x9b3ef1d5b7472560cf6241949b2485e456aa37a0,bush1do,50
2026-08-30T16:32:48Z,134,Chobo Silver Ring,34,0x0b2291da8091128352c2464f1072cf4211144744,moritz,47
2026-08-30T16:32:48Z,134,Chobo Silver Ring,35,0x4ec977a8e80c4099a44f8ae53a48281448471342,terrestra,46
2026-08-30T16:32:48Z,134,Chobo Silver Ring,36,0x688410dbc8c331f5945eafc659ae721a447ae975,igloo,44
2026-08-30T16:32:48Z,134,Chobo Silver Ring,37,0xbddef3e050261365464e40d086b91f5100b13108,thattonton,44
2026-08-30T16:32:48Z,134,Chobo Silver Ring,38,0x9c991a85b090aae221ef8418e3ca29279bf2500a,migs,43
2026-08-30T16:32:48Z,134,Chobo Silver Ring,39,0x7b924f8164ff2311680a0431f05e6bcde6a3f954,det0n,41
2026-08-30T16:32:48Z,134,Chobo Silver Ring,40,0xa8a956a5690cc81bb367da2c2f6f1796be2b3c30,scottco,38
2026-08-30T16:32:48Z,134,Chobo Silver Ring,41,0x32cb224f344a9aa22c5d2e699f24d3928e6ca06f,d3r0,38
2026-08-30T16:32:48Z,134,Chobo Silver Ring,42,0x8298dfc90c0119379f265b4dad6e9f0e8359a80e,userbased,37
2026-08-30T16:32:48Z,134,Chobo Silver Ring,43,0xbbdca17d69518306b61d26b54b5a6c61e6c0bba1,9stx6,37
2026-08-30T16:32:48Z,134,Chobo Silver Ring,44,0x9ce44e274bce511788c6ac81eafdb71fe920d4ee,deanoxbt,36
2026-08-30T16:32:48Z,134,Chobo Silver Ring,45,0xa134a3dfa4cb010873db8012d5b360d97ba80c28,winner,36
2026-08-30T16:32:48Z,134,Chobo Silver Ring,46,0x0c0a71e32e1954635e2dde143ed9e59fe471fb94,kryy,35
2026-08-30T16:32:48Z,134,Chobo Silver Ring,47,0x1114d62a0148f458040fbf2ddb945560398ca5f0,soma,35
2026-08-30T16:32:48Z,134,Chobo Silver Ring,48,0x6a31fe60046a9da9867bccbe48378893906099f5,airmangataos,35
2026-08-30T16:32:48Z,134,Chobo Silver Ring,49,0x33973ffb41add93b49227241566d3e5fc9ad904b,schemedream,34
2026-08-30T16:32:48Z,134,Chobo Silver Ring,50,0xc3ae9ac69d672368539413235938277ce19fc270,bollin,34
2026-08-30T16:32:48Z,134,Chobo Silver Ring,51,0x0cc677b008149e08e468fe7da539e5dd24eb05dd,yashiw,33
2026-08-30T16:32:48Z,134,Chobo Silver Ring,52,0xe9a0904b53c6e9d7285440142ea3f0c96b69fcfa,karabas666,33
2026-08-30T16:32:48Z,134,Chobo Silver Ring,53,0x4f03ea409e546d9ab7eaa6c9b481bcb99c8547e5,coinpie,33
2026-08-30T16:32:48Z,134,Chobo Silver Ring,54,0x908c7c7f0266da791bae52b9ecac8c34ca73d9f4,mangas,33
2026-08-30T16:32:48Z,134,Chobo Silver Ring,55,0x6f8b27fe779070967417cc02447b231b5c14b843,souvx,32
2026-08-30T16:32:48Z,134,Chobo Silver Ring,56,0xe6b6cbab6c586d64025ffaea1548f3f09dabe6c2,milkshake,32
2026-08-30T16:32:48Z,134,Chobo Silver Ring,57,0xbcbcccae5efd1dab247e6428e9e20a9fda8c5abd,oneindigheid,31
2026-08-30T16:32:48Z,134,Chobo Silver Ring,58,0xa592221a516dc29a427a57b6951b26962605709c,xxchake,31
2026-08-30T16:32:48Z,134,Chobo Silver Ring,59,0x90bef28cbd710d4acea9efe1ae8457eeda8c65ec,snggamer,30
2026-08-30T16:32:48Z,134,Chobo Silver Ring,60,0x9271e9969b98083d53bcf3c82ecf2a87b717500d,fefer,30
2026-08-30T16:32:48Z,134,Chobo Silver Ring,61,0xfc32e5cfbea49a2f1d21936eec0a7722a6c2d4a7,tacolauncher,30
2026-08-30T16:32:48Z,134,Chobo Silver Ring,62,0x88cfbbebdd22210c007be8acc0d2a86cd25018f3,praniuk,30
2026-08-30T16:32:48Z,134,Chobo Silver Ring,63,0xb0d90d52c7389824d4b22c06bcdccd734e3162b7,ezsnipe,29
2026-08-30T16:32:48Z,134,Chobo Silver Ring,64,0x663ac0e621bd9bbd47100768d3ce98f0e25a7b21,skoheels,29
2026-08-30T16:32:48Z,134,Chobo Silver Ring,65,0xdd1722d7f70a5786da9e14bab66a373ee00878f2,abolfazlkk,29
2026-08-30T16:32:48Z,134,Chobo Silver Ring,66,0x5f90cae78f02a95633e596c1841c6ef41fb431b2,pechou,29
2026-08-30T16:32:48Z,134,Chobo Silver Ring,67,0x40bfc8a6d3283958d3b70dc68049a78038a0f2e3,playaway,28
2026-08-30T16:32:48Z,134,Chobo Silver Ring,68,0xef58ad6d6bcaf054da34948c88e7e91a052dc0fa,kraven,27
2026-08-30T16:32:48Z,134,Chobo Silver Ring,69,0x01082d01888902fdad71578bf989d342b71151ec,lowbank,27
2026-08-30T16:32:48Z,134,Chobo Silver Ring,70,0xb29f073a9e2946d805714c9030b191ee6afed445,hitagi,27
2026-08-30T16:32:48Z,134,Chobo Silver Ring,71,0x25fb85df6ac78c8b63e5e2b10e31fa36e72c2d38,bigpenis,26
2026-08-30T16:32:48Z,134,Chobo Silver Ring,72,0xaed39522670a5d146eb57289cc05b043bbeb0c19,lazyiv,25
2026-08-30T16:32:48Z,134,Chobo Silver Ring,73,0xb4c3602689229297d255974e90ce4954d9380104,bkbk,25
2026-08-30T16:32:48Z,134,Chobo Silver Ring,74,0x5bb347443887e595820f74f028e837c3766f5923,0xitero,25
2026-08-30T16:32:48Z,134,Chobo Silver Ring,75,0x60ce92f21269cd871a7910e28f0c59a82c05388a,sinon,24
2026-08-30T16:32:48Z,134,Chobo Silver Ring,76,0x5f018c6e9b3b0d9c23e144bc5b2f4d82fc9b3650,jjangbang,24
2026-08-30T16:32:48Z,134,Chobo Silver Ring,77,0x378f0bda88d7255f95afef6029799df500a6cc66,lamperouge,24
2026-08-30T16:32:48Z,134,Chobo Silver Ring,78,0x4ebc17059cfc143d86fb92ed707805d68142e3ec,ponziscam,24
2026-08-30T16:32:48Z,134,Chobo Silver Ring,79,0x49aa7176ee7ce63c8e9d543c172ec1fda0770477,pronya,24
2026-08-30T16:32:48Z,134,Chobo Silver Ring,80,0x13fe8fe08a0d824cd44b8d13f813891b6532f59e,morror,24
2026-08-30T16:32:48Z,134,Chobo Silver Ring,81,0x7b761e4389daf5581708bfe1a26b5d45cc279f2f,gordongrowth,24
2026-08-30T16:32:48Z,134,Chobo Silver Ring,82,0x7e6cb1e3f70e681c2f31d52adc2b1d09d6edf232,resuka,24
2026-08-30T16:32:48Z,134,Chobo Silver Ring,83,0x5168a8f95a5bce4f4918884b2db51132d8f3bbf1,neveli,24
2026-08-30T16:32:48Z,134,Chobo Silver Ring,84,0x36ef5b58dad1c055002c26c9c5a6787d09645edf,gibar,24
2026-08-30T16:32:48Z,134,Chobo Silver Ring,85,0xd82311e0ddcff7cad1be090763d4f6d7ba1c290a,vims,23
2026-08-30T16:32:48Z,134,Chobo Silver Ring,86,0xdcf62adfc2193b3997947424583654689bcfd391,tekmeneth,23
2026-08-30T16:32:48Z,134,Chobo Silver Ring,87,0xff6bddba3937f03b495b4efb304194d2cbc488ca,lizardmafia,23
2026-08-30T16:32:48Z,134,Chobo Silver Ring,88,0x78b3c75839e125935d0322202f67eda979d0d6e8,sa1lar,23
2026-08-30T16:32:48Z,134,Chobo Silver Ring,89,0xfb4f086ba201a8f32805eb82a431a1dacc3f08b2,obivan,23
2026-08-30T16:32:48Z,134,Chobo Silver Ring,90,0xf55af9cd0880394b597966451ec2f4a6facb125e,dalebi,22
2026-08-30T16:32:48Z,134,Chobo Silver Ring,91,0x28b88b45c3309fa9940cd8c0c0212636ca364417,forfree,21
2026-08-30T16:32:48Z,134,Chobo Silver Ring,92,0x7528c1732168ace7027b18ec184d8cd6984f9eac,druid,21
2026-08-30T16:32:48Z,134,Chobo Silver Ring,93,0xc34c29733dcf130f75090464ced47275d88e3419,basedcamp,20
2026-08-30T16:32:48Z,134,Chobo Silver Ring,94,0x5f28eb5481eb2b2ef39d6d072fabad1026d52e69,wegowego,20
2026-08-30T16:32:48Z,134,Chobo Silver Ring,95,0x8ed20f071287100fafca51c94b5d6d0d8340aef9,joseprust,20
2026-08-30T16:32:48Z,134,Chobo Silver Ring,96,0x9a49c905c2cca8115d330572b494c6602aba6e1e,supportprime,20
2026-08-30T16:32:48Z,134,Chobo Silver Ring,97,0x1fa2d99af8af14a397129728bb7fbcc192d14196,axaxa,20
2026-08-30T16:32:48Z,134,Chobo Silver Ring,98,0x86ddd23ac3d0c0330bd5fab2948a63b6b6cfa3bc,andpeu_kpyt,19
2026-08-30T16:32:48Z,134,Chobo Silver Ring,99,0xfbfc822ee4989b2b4b9b18e4035ff72335cbb16e,jame7,19
2026-08-30T16:32:48Z,134,Chobo Silver Ring,100,0x53c5e9ffb362ec22fc172400bc6209819cb3a301,k1sel,19
2026-08-30T16:32:48Z,135,Crusader Silver Ring,1,0xd678b718f70389dbdd2d447df23333641e8f7480,yanik,683
2026-08-30T16:32:48Z,135,Crusader Silver Ring,2,0xf00dfac3af2f5b38fe55d50ccf8ffa8c293ea161,dudendy,476
2026-08-30T16:32:48Z,135,Crusader Silver Ring,3,0x9dc70f5472a88f3eefa4d515a6b1ec94d9d30d13,sidlovskyy,456
2026-08-30T16:32:48Z,135,Crusader Silver Ring,4,0x73a9ffdaaf53723f1d08403f613870cddd6e18fc,suspicious,343
2026-08-30T16:32:48Z,135,Crusader Silver Ring,5,0x2a2376e5e9981c19b15af64d2cdb57c9b94eb1f6,xiskool,236
2026-08-30T16:32:48Z,135,Crusader Silver Ring,6,0x0ee9318275c37f0e635bb7c8a455ade252cecf1f,georgysogood,177
2026-08-30T16:32:48Z,135,Crusader Silver Ring,7,0x0c0a71e32e1954635e2dde143ed9e59fe471fb94,kryy,168
2026-08-30T16:32:48Z,135,Crusader Silver Ring,8,0x3eda210ff41e2b2d1658ca5ebe0b80a376c7e0f4,astarta,147
2026-08-30T16:32:48Z,135,Crusader Silver Ring,9,0x4e16f03fafc94af2d0b79d2d15d3d54f7c9f04fa,recluseham,137
2026-08-30T16:32:48Z,135,Crusader Silver Ring,10,0x23244cc893df1ff2916ee2e492b65bec74b2760c,bunyoo,127
2026-08-30T16:32:48Z,135,Crusader Silver Ring,11,0x95233e2ec170b4ba0e2208c1ec89f3b87f8b18c7,gambit,124
2026-08-30T16:32:48Z,135,Crusader Silver Ring,12,0x0b2291da8091128352c2464f1072cf4211144744,moritz,120
2026-08-30T16:32:48Z,135,Crusader Silver Ring,13,0x2ab7adbf3685c74d2e300c9c0e676b1bf6027ac5,0xn00b,111
2026-08-30T16:32:48Z,135,Crusader Silver Ring,14,0x95f92440789e364f3a167069b899c84b02f92254,axion,106
2026-08-30T16:32:48Z,135,Crusader Silver Ring,15,0xbdecab53bb16b74aa1a1715cc4b80db641eac9da,rxch,95
2026-08-30T16:32:48Z,135,Crusader Silver Ring,16,0x0a42a67154221c44c9eae98eb7f9cbff2d269a0e,cassowary,81
2026-08-30T16:32:48Z,135,Crusader Silver Ring,17,0x388d510f0f11ba0762e8c7212645ed873c17a204,otabart,79
2026-08-30T16:32:48Z,135,Crusader Silver Ring,18,0x02764ae21333f5777b44cdded3a654a340176fff,bh3320,75
2026-08-30T16:32:48Z,135,Crusader Silver Ring,19,0x95f3c63ee60f5efc58bc6672b1a12314d67a6881,pro_mint,73
2026-08-30T16:32:48Z,135,Crusader Silver Ring,20,0xce3bc9c7e6b1a4082f9853f6f796e604148b2583,classicj,71
2026-08-30T16:32:48Z,135,Crusader Silver Ring,21,0xb2042611b4987ba8be9efd6cc1165f09e7c694a8,joblessathena,70
2026-08-30T16:32:48Z,135,Crusader Silver Ring,22,0x6a31fe60046a9da9867bccbe48378893906099f5,airmangataos,68
2026-08-30T16:32:48Z,135,Crusader Silver Ring,23,0x9b3ef1d5b7472560cf6241949b2485e456aa37a0,bush1do,66
2026-08-30T16:32:48Z,135,Crusader Silver Ring,24,0xcf29253e7c1e908d4091c9be85522893c77f0fc8,ciri,64
2026-08-30T16:32:48Z,135,Crusader Silver Ring,25,0x19342b9e3f123e373e24f1eea9bb5a1a935507fa,bigmommymilkers,63
2026-08-30T16:32:48Z,135,Crusader Silver Ring,26,0xa8a956a5690cc81bb367da2c2f6f1796be2b3c30,scottco,60
2026-08-30T16:32:48Z,135,Crusader Silver Ring,27,0xe4b1f5eb3da2195f8d41a052229a7eec3c4e6ed8,azoni,58
2026-08-30T16:32:48Z,135,Crusader Silver Ring,28,0xbddef3e050261365464e40d086b91f5100b13108,thattonton,57
2026-08-30T16:32:48Z,135,Crusader Silver Ring,29,0x469998f2fa8aaa2648fef6fc3902268f315195ef,mrgold,54
2026-08-30T16:32:48Z,135,Crusader Silver Ring,30,0xac06dbd4f2b1b174dbb3b67449f0f4245f0f3bc3,spanish,54
2026-08-30T16:32:48Z,135,Crusader Silver Ring,31,0x9c991a85b090aae221ef8418e3ca29279bf2500a,migs,54
2026-08-30T16:32:48Z,135,Crusader Silver Ring,32,0xeed7c6b2af48249a040c9e5d59437670889c7e07,lilwassie,51
2026-08-30T16:32:48Z,135,Crusader Silver Ring,33,0xb0d90d52c7389824d4b22c06bcdccd734e3162b7,ezsnipe,48
2026-08-30T16:32:48Z,135,Crusader Silver Ring,34,0xafe00172cf96544d610bf9b70d549a5e89b83f2d,hungryjay,44
2026-08-30T16:32:48Z,135,Crusader Silver Ring,35,0xfbfc822ee4989b2b4b9b18e4035ff72335cbb16e,jame7,41
2026-08-30T16:32:48Z,135,Crusader Silver Ring,36,0xa134a3dfa4cb010873db8012d5b360d97ba80c28,winner,40
2026-08-30T16:32:48Z,135,Crusader Silver Ring,37,0xe90a9bdb63e9ba04a7f3e95140ff803f2f377f5e,vova,40
2026-08-30T16:32:48Z,135,Crusader Silver Ring,38,0x7b924f8164ff2311680a0431f05e6bcde6a3f954,det0n,39
2026-08-30T16:32:48Z,135,Crusader Silver Ring,39,0x4f03ea409e546d9ab7eaa6c9b481bcb99c8547e5,coinpie,39
2026-08-30T16:32:48Z,135,Crusader Silver Ring,40,0xc3ae9ac69d672368539413235938277ce19fc270,bollin,38
2026-08-30T16:32:48Z,135,Crusader Silver Ring,41,0x69c4cc0147fbc23965896fb18a1ccea92230ed1b,afropengu,37
2026-08-30T16:32:48Z,135,Crusader Silver Ring,42,0x32cb224f344a9aa22c5d2e699f24d3928e6ca06f,d3r0,37
2026-08-30T16:32:48Z,135,Crusader Silver Ring,43,0x3d385f04852ae078d10e2a420f928f227f3e63f3,kellox,36
2026-08-30T16:32:48Z,135,Crusader Silver Ring,44,0xb0f42c12dd7e28f0deafe74fdf603782c430f896,stellarhobbes,36
2026-08-30T16:32:48Z,135,Crusader Silver Ring,45,0xbbdca17d69518306b61d26b54b5a6c61e6c0bba1,9stx6,36
2026-08-30T16:32:48Z,135,Crusader Silver Ring,46,0x55085ade6c1c39b64cd27099993c5dc933bbed35,bigdogga,36
2026-08-30T16:32:48Z,135,Crusader Silver Ring,47,0xef58ad6d6bcaf054da34948c88e7e91a052dc0fa,kraven,35
2026-08-30T16:32:48Z,135,Crusader Silver Ring,48,0x688410dbc8c331f5945eafc659ae721a447ae975,igloo,34
2026-08-30T16:32:48Z,135,Crusader Silver Ring,49,0x5e269213f74f3f53ed7b57e352860cf7493624f0,jesset,34
2026-08-30T16:32:48Z,135,Crusader Silver Ring,50,0xff6bddba3937f03b495b4efb304194d2cbc488ca,lizardmafia,33
2026-08-30T16:32:48Z,135,Crusader Silver Ring,51,0x33973ffb41add93b49227241566d3e5fc9ad904b,schemedream,32
2026-08-30T16:32:48Z,135,Crusader Silver Ring,52,0xd82311e0ddcff7cad1be090763d4f6d7ba1c290a,vims,32
2026-08-30T16:32:48Z,135,Crusader Silver Ring,53,0x161f91374506a85ed9063e90c4c217d8697d6471,proofofely,32
2026-08-30T16:32:48Z,135,Crusader Silver Ring,54,0xbbbfe4cc5c3924f19f6e36e66448b2e3a126b111,cryptologist,31
2026-08-30T16:32:48Z,135,Crusader Silver Ring,55,0x162a7c95e2e5a208748a6c024f0699e8eeb74dc4,wexovskiy,31
2026-08-30T16:32:48Z,135,Crusader Silver Ring,56,0x7dabaae6e27f981de192fc58bd4c8daf7b073c30,belik,31
2026-08-30T16:32:48Z,135,Crusader Silver Ring,57,0x4ebc17059cfc143d86fb92ed707805d68142e3ec,ponziscam,30
2026-08-30T16:32:48Z,135,Crusader Silver Ring,58,0x5168a8f95a5bce4f4918884b2db51132d8f3bbf1,neveli,30
2026-08-30T16:32:48Z,135,Crusader Silver Ring,59,0x6f8b27fe779070967417cc02447b231b5c14b843,souvx,28
2026-08-30T16:32:48Z,135,Crusader Silver Ring,60,0xfc32e5cfbea49a2f1d21936eec0a7722a6c2d4a7,tacolauncher,27
2026-08-30T16:32:48Z,135,Crusader Silver Ring,61,0x01082d01888902fdad71578bf989d342b71151ec,lowbank,27
2026-08-30T16:32:48Z,135,Crusader Silver Ring,62,0x1af6bc98104d0613fa61ccd0e1c80cf535aa3aee,cekpet,27
2026-08-30T16:32:48Z,135,Crusader Silver Ring,63,0x25fb85df6ac78c8b63e5e2b10e31fa36e72c2d38,bigpenis,27
2026-08-30T16:32:48Z,135,Crusader Silver Ring,64,0x6d91474e416efdb1dd7a0ed68c8892c3b18b08a8,ylooz,27
2026-08-30T16:32:48Z,135,Crusader Silver Ring,65,0x5f28eb5481eb2b2ef39d6d072fabad1026d52e69,wegowego,26
2026-08-30T16:32:48Z,135,Crusader Silver Ring,66,0x8ccb0988036cf9d2ca7b24ed46a57cf25ce6f92d,chosta,26
2026-08-30T16:32:48Z,135,Crusader Silver Ring,67,0x4c53b2e646a3e01c2b22497753b1560029b5166b,gusine,26
2026-08-30T16:32:48Z,135,Crusader Silver Ring,68,0x92569bee8c8b9c1df1c283a0409fcc2b2fede157,phalanx,25
2026-08-30T16:32:48Z,135,Crusader Silver Ring,69,0x13fe8fe08a0d824cd44b8d13f813891b6532f59e,morror,25
2026-08-30T16:32:48Z,135,Crusader Silver Ring,70,0x09c96dae4254764a02a211f6203dc9489a572602,favorburn,25
2026-08-30T16:32:48Z,135,Crusader Silver Ring,71,0x3c49ca3eda0ce8413f9c433f04322827714c23c3,dmisky,25
2026-08-30T16:32:48Z,135,Crusader Silver Ring,72,0x5bb347443887e595820f74f028e837c3766f5923,0xitero,25
2026-08-30T16:32:48Z,135,Crusader Silver Ring,73,0x130eab55f6941f66d4806532d9242cf969b4f036,frontdown,24
2026-08-30T16:32:48Z,135,Crusader Silver Ring,74,0xfa22eafe991cd1166ee4b5ba8236e1eba9105a54,grimreaper,24
2026-08-30T16:32:48Z,135,Crusader Silver Ring,75,0x61fe29db8881f4e0014d5bcac507a8940243bf11,kronovi,24
2026-08-30T16:32:48Z,135,Crusader Silver Ring,76,0xe5ec5ac7505d5fe893a58e0f2d4bb597d07f439d,bell_kraner,24
2026-08-30T16:32:48Z,135,Crusader Silver Ring,77,0xdcf62adfc2193b3997947424583654689bcfd391,tekmeneth,24
2026-08-30T16:32:48Z,135,Crusader Silver Ring,78,0x7e6cb1e3f70e681c2f31d52adc2b1d09d6edf232,resuka,24
2026-08-30T16:32:48Z,135,Crusader Silver Ring,79,0x58f8cecd8e442b14527531f436c9b27fb8f3f301,cmeptb,24
2026-08-30T16:32:48Z,135,Crusader Silver Ring,80,0xa8f0e3e52e0515f5605fb0632532667e494e7ca6,michmich,24
2026-08-30T16:32:48Z,135,Crusader Silver Ring,81,0x5f90cae78f02a95633e596c1841c6ef41fb431b2,pechou,24
2026-08-30T16:32:48Z,135,Crusader Silver Ring,82,0xfb4f086ba201a8f32805eb82a431a1dacc3f08b2,obivan,23
2026-08-30T16:32:48Z,135,Crusader Silver Ring,83,0x633a05cc1ee8deb99caa0f6f143c1662796beed0,volo,22
2026-08-30T16:32:48Z,135,Crusader Silver Ring,84,0x8ed20f071287100fafca51c94b5d6d0d8340aef9,joseprust,22
2026-08-30T16:32:48Z,135,Crusader Silver Ring,85,0xbd27b0379726a5628487edbc63a648f48f0e2e60,berhelit,22
2026-08-30T16:32:48Z,135,Crusader Silver Ring,86,0x92ecebfdc8eb148f78e120c08bfe85701554ab96,carlo,22
2026-08-30T16:32:48Z,135,Crusader Silver Ring,87,0xb4c3602689229297d255974e90ce4954d9380104,bkbk,21
2026-08-30T16:32:48Z,135,Crusader Silver Ring,88,0x7c597496f8c2e2ea4be50125c60b91a43fcf8db8,gromwtf,21
2026-08-30T16:32:48Z,135,Crusader Silver Ring,89,0xe510f33bf4792fcca24daa4ede08e4f228950a25,duub,21
2026-08-30T16:32:48Z,135,Crusader Silver Ring,90,0xd369f09014646bfc80d977a0daa62b5940b264b4,qqws,21
2026-08-30T16:32:48Z,135,Crusader Silver Ring,91,0x549300f79fb33ba2e77344e58b064ede194ef99a,okeydokey,21
2026-08-30T16:32:48Z,135,Crusader Silver Ring,92,0x4046cebd55d5a295dadab5e185980d98b823a300,gigachadpeng,21
2026-08-30T16:32:48Z,135,Crusader Silver Ring,93,0x83becb55eff583800cf1a9a2c03dd4b0fa4d7351,apix,21
2026-08-30T16:32:48Z,135,Crusader Silver Ring,94,0x07484b5b823bb4ec3f1a7ae7eb5e3fffb7bbe09c,agema,21
2026-08-30T16:32:48Z,135,Crusader Silver Ring,95,0x5f018c6e9b3b0d9c23e144bc5b2f4d82fc9b3650,jjangbang,20
2026-08-30T16:32:48Z,135,Crusader Silver Ring,96,0x9271e9969b98083d53bcf3c82ecf2a87b717500d,fefer,20
2026-08-30T16:32:48Z,135,Crusader Silver Ring,97,0x8298dfc90c0119379f265b4dad6e9f0e8359a80e,userbased,20
2026-08-30T16:32:48Z,135,Crusader Silver Ring,98,0xd4394678ec0e7501cb250bba925fa7d07197fd69,dithfucius,20
2026-08-30T16:32:48Z,135,Crusader Silver Ring,99,0x2c685f23808bc7b6adda1fd7b6949c5e2db97eb0,bubba,20
2026-08-30T16:32:48Z,135,Crusader Silver Ring,100,0x17e327bb2fdb1a17d9a369e3dd985406ec3824ca,gracieabrams,20
2026-08-30T16:32:48Z,136,Overseer Silver Ring,1,0xd678b718f70389dbdd2d447df23333641e8f7480,yanik,552
2026-08-30T16:32:48Z,136,Overseer Silver Ring,2,0x9dc70f5472a88f3eefa4d515a6b1ec94d9d30d13,sidlovskyy,440
2026-08-30T16:32:48Z,136,Overseer Silver Ring,3,0xf00dfac3af2f5b38fe55d50ccf8ffa8c293ea161,dudendy,389
2026-08-30T16:32:48Z,136,Overseer Silver Ring,4,0x73a9ffdaaf53723f1d08403f613870cddd6e18fc,suspicious,371
2026-08-30T16:32:48Z,136,Overseer Silver Ring,5,0x2a2376e5e9981c19b15af64d2cdb57c9b94eb1f6,xiskool,217
2026-08-30T16:32:48Z,136,Overseer Silver Ring,6,0x2ab7adbf3685c74d2e300c9c0e676b1bf6027ac5,0xn00b,139
2026-08-30T16:32:48Z,136,Overseer Silver Ring,7,0x3eda210ff41e2b2d1658ca5ebe0b80a376c7e0f4,astarta,139
2026-08-30T16:32:48Z,136,Overseer Silver Ring,8,0xac06dbd4f2b1b174dbb3b67449f0f4245f0f3bc3,spanish,126
2026-08-30T16:32:48Z,136,Overseer Silver Ring,9,0x0ee9318275c37f0e635bb7c8a455ade252cecf1f,georgysogood,123
2026-08-30T16:32:48Z,136,Overseer Silver Ring,10,0x4e16f03fafc94af2d0b79d2d15d3d54f7c9f04fa,recluseham,105
2026-08-30T16:32:48Z,136,Overseer Silver Ring,11,0x161f91374506a85ed9063e90c4c217d8697d6471,proofofely,101
2026-08-30T16:32:48Z,136,Overseer Silver Ring,12,0x95233e2ec170b4ba0e2208c1ec89f3b87f8b18c7,gambit,99
2026-08-30T16:32:48Z,136,Overseer Silver Ring,13,0xbdecab53bb16b74aa1a1715cc4b80db641eac9da,rxch,95
2026-08-30T16:32:48Z,136,Overseer Silver Ring,14,0x95f92440789e364f3a167069b899c84b02f92254,axion,94
2026-08-30T16:32:48Z,136,Overseer Silver Ring,15,0x388d510f0f11ba0762e8c7212645ed873c17a204,otabart,90
2026-08-30T16:32:48Z,136,Overseer Silver Ring,16,0xe90a9bdb63e9ba04a7f3e95140ff803f2f377f5e,vova,89
2026-08-30T16:32:48Z,136,Overseer Silver Ring,17,0x69c4cc0147fbc23965896fb18a1ccea92230ed1b,afropengu,81
2026-08-30T16:32:48Z,136,Overseer Silver Ring,18,0xeed7c6b2af48249a040c9e5d59437670889c7e07,lilwassie,76
2026-08-30T16:32:48Z,136,Overseer Silver Ring,19,0xf2f7e708ef447f9a445120ea0dcf5b4b5d19ac1b,dom1nus,74
2026-08-30T16:32:48Z,136,Overseer Silver Ring,20,0xa8a956a5690cc81bb367da2c2f6f1796be2b3c30,scottco,70
2026-08-30T16:32:48Z,136,Overseer Silver Ring,21,0x0b2291da8091128352c2464f1072cf4211144744,moritz,69
2026-08-30T16:32:48Z,136,Overseer Silver Ring,22,0xce3bc9c7e6b1a4082f9853f6f796e604148b2583,classicj,69
2026-08-30T16:32:48Z,136,Overseer Silver Ring,23,0xe4b1f5eb3da2195f8d41a052229a7eec3c4e6ed8,azoni,69
2026-08-30T16:32:48Z,136,Overseer Silver Ring,24,0x02764ae21333f5777b44cdded3a654a340176fff,bh3320,68
2026-08-30T16:32:48Z,136,Overseer Silver Ring,25,0xb2042611b4987ba8be9efd6cc1165f09e7c694a8,joblessathena,68
2026-08-30T16:32:48Z,136,Overseer Silver Ring,26,0xb0f42c12dd7e28f0deafe74fdf603782c430f896,stellarhobbes,65
2026-08-30T16:32:48Z,136,Overseer Silver Ring,27,0x19342b9e3f123e373e24f1eea9bb5a1a935507fa,bigmommymilkers,62
2026-08-30T16:32:48Z,136,Overseer Silver Ring,28,0x469998f2fa8aaa2648fef6fc3902268f315195ef,mrgold,60
2026-08-30T16:32:48Z,136,Overseer Silver Ring,29,0x3d385f04852ae078d10e2a420f928f227f3e63f3,kellox,55
2026-08-30T16:32:48Z,136,Overseer Silver Ring,30,0x0a42a67154221c44c9eae98eb7f9cbff2d269a0e,cassowary,52
2026-08-30T16:32:48Z,136,Overseer Silver Ring,31,0x23244cc893df1ff2916ee2e492b65bec74b2760c,bunyoo,50
2026-08-30T16:32:48Z,136,Overseer Silver Ring,32,0x9b3ef1d5b7472560cf6241949b2485e456aa37a0,bush1do,49
2026-08-30T16:32:48Z,136,Overseer Silver Ring,33,0x6a31fe60046a9da9867bccbe48378893906099f5,airmangataos,49
2026-08-30T16:32:48Z,136,Overseer Silver Ring,34,0xff6bddba3937f03b495b4efb304194d2cbc488ca,lizardmafia,43
2026-08-30T16:32:48Z,136,Overseer Silver Ring,35,0x4f03ea409e546d9ab7eaa6c9b481bcb99c8547e5,coinpie,42
2026-08-30T16:32:48Z,136,Overseer Silver Ring,36,0x1114d62a0148f458040fbf2ddb945560398ca5f0,soma,41
2026-08-30T16:32:48Z,136,Overseer Silver Ring,37,0xdd1722d7f70a5786da9e14bab66a373ee00878f2,abolfazlkk,40
2026-08-30T16:32:48Z,136,Overseer Silver Ring,38,0xc3ae9ac69d672368539413235938277ce19fc270,bollin,39
2026-08-30T16:32:48Z,136,Overseer Silver Ring,39,0xcf29253e7c1e908d4091c9be85522893c77f0fc8,ciri,38
2026-08-30T16:32:48Z,136,Overseer Silver Ring,40,0xef58ad6d6bcaf054da34948c88e7e91a052dc0fa,kraven,36
2026-08-30T16:32:48Z,136,Overseer Silver Ring,41,0x33973ffb41add93b49227241566d3e5fc9ad904b,schemedream,34
2026-08-30T16:32:48Z,136,Overseer Silver Ring,42,0xafe00172cf96544d610bf9b70d549a5e89b83f2d,hungryjay,33
2026-08-30T16:32:48Z,136,Overseer Silver Ring,43,0xe9a0904b53c6e9d7285440142ea3f0c96b69fcfa,karabas666,33
2026-08-30T16:32:48Z,136,Overseer Silver Ring,44,0x5168a8f95a5bce4f4918884b2db51132d8f3bbf1,neveli,33
2026-08-30T16:32:48Z,136,Overseer Silver Ring,45,0x55085ade6c1c39b64cd27099993c5dc933bbed35,bigdogga,33
2026-08-30T16:32:48Z,136,Overseer Silver Ring,46,0xd82311e0ddcff7cad1be090763d4f6d7ba1c290a,vims,31
2026-08-30T16:32:48Z,136,Overseer Silver Ring,47,0xaed39522670a5d146eb57289cc05b043bbeb0c19,lazyiv,30
2026-08-30T16:32:48Z,136,Overseer Silver Ring,48,0x4ebc17059cfc143d86fb92ed707805d68142e3ec,ponziscam,30
2026-08-30T16:32:48Z,136,Overseer Silver Ring,49,0xfa22eafe991cd1166ee4b5ba8236e1eba9105a54,grimreaper,30
2026-08-30T16:32:48Z,136,Overseer Silver Ring,50,0xd4394678ec0e7501cb250bba925fa7d07197fd69,dithfucius,30
2026-08-30T16:32:48Z,136,Overseer Silver Ring,51,0xb0d90d52c7389824d4b22c06bcdccd734e3162b7,ezsnipe,30
2026-08-30T16:32:48Z,136,Overseer Silver Ring,52,0x28b88b45c3309fa9940cd8c0c0212636ca364417,forfree,30
2026-08-30T16:32:48Z,136,Overseer Silver Ring,53,0xc705cca98c6af9a24d72bb9d0a0077c315217ed3,leleta,30
2026-08-30T16:32:48Z,136,Overseer Silver Ring,54,0x688410dbc8c331f5945eafc659ae721a447ae975,igloo,28
2026-08-30T16:32:48Z,136,Overseer Silver Ring,55,0x32cb224f344a9aa22c5d2e699f24d3928e6ca06f,d3r0,28
2026-08-30T16:32:48Z,136,Overseer Silver Ring,56,0x90bef28cbd710d4acea9efe1ae8457eeda8c65ec,snggamer,27
2026-08-30T16:32:48Z,136,Overseer Silver Ring,57,0x6f8b27fe779070967417cc02447b231b5c14b843,souvx,27
2026-08-30T16:32:48Z,136,Overseer Silver Ring,58,0x7a10d45c461e81e24796f9c83b584756876d24d7,stakeoor,27
2026-08-30T16:32:48Z,136,Overseer Silver Ring,59,0x162a7c95e2e5a208748a6c024f0699e8eeb74dc4,wexovskiy,27
2026-08-30T16:32:48Z,136,Overseer Silver Ring,60,0xeff6c4dcd2b79f502d5d7cb6e6daf70f2536daef,syta,27
2026-08-30T16:32:48Z,136,Overseer Silver Ring,61,0xd785a78da50d2bdf3f2f3a699a0efe6da4fca2cd,kontolodon,26
2026-08-30T16:32:48Z,136,Overseer Silver Ring,62,0x7c2f30cfd0f35b78438711cb7395ba12406e00fe,nickcoolzzz,26
2026-08-30T16:32:48Z,136,Overseer Silver Ring,63,0x25fb85df6ac78c8b63e5e2b10e31fa36e72c2d38,bigpenis,26
2026-08-30T16:32:48Z,136,Overseer Silver Ring,64,0xb29f073a9e2946d805714c9030b191ee6afed445,hitagi,26
2026-08-30T16:32:48Z,136,Overseer Silver Ring,65,0xd2bb5bcaaaa9d2d77a50598055397916780972ca,sinet,26
2026-08-30T16:32:48Z,136,Overseer Silver Ring,66,0x92569bee8c8b9c1df1c283a0409fcc2b2fede157,phalanx,25
2026-08-30T16:32:48Z,136,Overseer Silver Ring,67,0x60ce92f21269cd871a7910e28f0c59a82c05388a,sinon,24
2026-08-30T16:32:48Z,136,Overseer Silver Ring,68,0x7e6cb1e3f70e681c2f31d52adc2b1d09d6edf232,resuka,24
2026-08-30T16:32:48Z,136,Overseer Silver Ring,69,0x9ce44e274bce511788c6ac81eafdb71fe920d4ee,deanoxbt,24
2026-08-30T16:32:48Z,136,Overseer Silver Ring,70,0x9a49c905c2cca8115d330572b494c6602aba6e1e,supportprime,24
2026-08-30T16:32:48Z,136,Overseer Silver Ring,71,0x13fe8fe08a0d824cd44b8d13f813891b6532f59e,morror,23
2026-08-30T16:32:48Z,136,Overseer Silver Ring,72,0x36ef5b58dad1c055002c26c9c5a6787d09645edf,gibar,23
2026-08-30T16:32:48Z,136,Overseer Silver Ring,73,0xbda687405273093167bf658f65473b44c23b3f70,slayton,23
2026-08-30T16:32:48Z,136,Overseer Silver Ring,74,0xbddef3e050261365464e40d086b91f5100b13108,thattonton,23
2026-08-30T16:32:48Z,136,Overseer Silver Ring,75,0xfb4f086ba201a8f32805eb82a431a1dacc3f08b2,obivan,23
2026-08-30T16:32:48Z,136,Overseer Silver Ring,76,0xa036d0393a2c8073e6bb63170086e7dbeb1d04b1,okdk,23
2026-08-30T16:32:48Z,136,Overseer Silver Ring,77,0xa1da340729cff1782c83d5cfba586b4451c011ec,tozdelagaro,22
2026-08-30T16:32:48Z,136,Overseer Silver Ring,78,0x7b924f8164ff2311680a0431f05e6bcde6a3f954,det0n,22
2026-08-30T16:32:48Z,136,Overseer Silver Ring,79,0xa96401339fd8a6bed6c22b96620e7ad29a04f1e9,lavr1k,22
2026-08-30T16:32:48Z,136,Overseer Silver Ring,80,0xe6b6cbab6c586d64025ffaea1548f3f09dabe6c2,milkshake,22
2026-08-30T16:32:48Z,136,Overseer Silver Ring,81,0x41141ada36dbf8d069369c3c5d0a34970f3eaf2a,nastyuha,22
2026-08-30T16:32:48Z,136,Overseer Silver Ring,82,0xd15481578c11b4e5b8f241c412899a0bdd704408,wholistic,21
2026-08-30T16:32:48Z,136,Overseer Silver Ring,83,0x130eab55f6941f66d4806532d9242cf969b4f036,frontdown,21
2026-08-30T16:32:48Z,136,Overseer Silver Ring,84,0xbbdca17d69518306b61d26b54b5a6c61e6c0bba1,9stx6,21
2026-08-30T16:32:48Z,136,Overseer Silver Ring,85,0xa8f0e3e52e0515f5605fb0632532667e494e7ca6,michmich,21
2026-08-30T16:32:48Z,136,Overseer Silver Ring,86,0x01082d01888902fdad71578bf989d342b71151ec,lowbank,21
2026-08-30T16:32:48Z,136,Overseer Silver Ring,87,0x7528c1732168ace7027b18ec184d8cd6984f9eac,druid,21
2026-08-30T16:32:48Z,136,Overseer Silver Ring,88,0xfc32e5cfbea49a2f1d21936eec0a7722a6c2d4a7,tacolauncher,20
2026-08-30T16:32:48Z,136,Overseer Silver Ring,89,0xfbfc822ee4989b2b4b9b18e4035ff72335cbb16e,jame7,20
2026-08-30T16:32:48Z,136,Overseer Silver Ring,90,0x726f5883c555c2f0c3f6e4c07bdc0645c86c5a72,scandal,20
2026-08-30T16:32:48Z,136,Overseer Silver Ring,91,0x9271e9969b98083d53bcf3c82ecf2a87b717500d,fefer,19
2026-08-30T16:32:48Z,136,Overseer Silver Ring,92,0x40bfc8a6d3283958d3b70dc68049a78038a0f2e3,playaway,19
2026-08-30T16:32:48Z,136,Overseer Silver Ring,93,0x22241868ad341e77e2bc9142816000f43641e280,zoro,19
2026-08-30T16:32:48Z,136,Overseer Silver Ring,94,0x61fe29db8881f4e0014d5bcac507a8940243bf11,kronovi,19
2026-08-30T16:32:48Z,136,Overseer Silver Ring,95,0x15c0c948d3ea9a67b05319f40871de7bf5003db3,przyborleonedw,19
2026-08-30T16:32:48Z,136,Overseer Silver Ring,96,0x17e327bb2fdb1a17d9a369e3dd985406ec3824ca,gracieabrams,19
2026-08-30T16:32:48Z,136,Overseer Silver Ring,97,0x08f4fc19fdee64babf4bda2b0b6e30d3b8683025,aponroflon,19
2026-08-30T16:32:48Z,136,Overseer Silver Ring,98,0x88656e17cd2af1f05006d7a49d2cf7f5a806e337,lilstovetop,19
2026-08-30T16:32:48Z,136,Overseer Silver Ring,99,0xbb07b59c07b5be89c6cab7e00328505a75b29f76,archetype,18
2026-08-30T16:32:48Z,136,Overseer Silver Ring,100,0x190e541e5b614eb6393f1f997a6092f48efecc4e,smo69,18
2026-08-30T16:32:48Z,137,Athena Silver Ring,1,0xd678b718f70389dbdd2d447df23333641e8f7480,yanik,505
2026-08-30T16:32:48Z,137,Athena Silver Ring,2,0x9dc70f5472a88f3eefa4d515a6b1ec94d9d30d13,sidlovskyy,396
2026-08-30T16:32:48Z,137,Athena Silver Ring,3,0xf00dfac3af2f5b38fe55d50ccf8ffa8c293ea161,dudendy,387
2026-08-30T16:32:48Z,137,Athena Silver Ring,4,0x73a9ffdaaf53723f1d08403f613870cddd6e18fc,suspicious,352
2026-08-30T16:32:48Z,137,Athena Silver Ring,5,0x0c0a71e32e1954635e2dde143ed9e59fe471fb94,kryy,206
2026-08-30T16:32:48Z,137,Athena Silver Ring,6,0x2a2376e5e9981c19b15af64d2cdb57c9b94eb1f6,xiskool,197
2026-08-30T16:32:48Z,137,Athena Silver Ring,7,0x95233e2ec170b4ba0e2208c1ec89f3b87f8b18c7,gambit,172
2026-08-30T16:32:48Z,137,Athena Silver Ring,8,0xb0f42c12dd7e28f0deafe74fdf603782c430f896,stellarhobbes,131
2026-08-30T16:32:48Z,137,Athena Silver Ring,9,0x4e16f03fafc94af2d0b79d2d15d3d54f7c9f04fa,recluseham,121
2026-08-30T16:32:48Z,137,Athena Silver Ring,10,0x0a42a67154221c44c9eae98eb7f9cbff2d269a0e,cassowary,117
2026-08-30T16:32:48Z,137,Athena Silver Ring,11,0x0ee9318275c37f0e635bb7c8a455ade252cecf1f,georgysogood,115
2026-08-30T16:32:48Z,137,Athena Silver Ring,12,0x95f92440789e364f3a167069b899c84b02f92254,axion,113
2026-08-30T16:32:48Z,137,Athena Silver Ring,13,0xe4b1f5eb3da2195f8d41a052229a7eec3c4e6ed8,azoni,106
2026-08-30T16:32:48Z,137,Athena Silver Ring,14,0x0b2291da8091128352c2464f1072cf4211144744,moritz,101
2026-08-30T16:32:48Z,137,Athena Silver Ring,15,0x2ab7adbf3685c74d2e300c9c0e676b1bf6027ac5,0xn00b,99
2026-08-30T16:32:48Z,137,Athena Silver Ring,16,0xd2bb5bcaaaa9d2d77a50598055397916780972ca,sinet,97
2026-08-30T16:32:48Z,137,Athena Silver Ring,17,0xbdecab53bb16b74aa1a1715cc4b80db641eac9da,rxch,95
2026-08-30T16:32:48Z,137,Athena Silver Ring,18,0x23244cc893df1ff2916ee2e492b65bec74b2760c,bunyoo,89
2026-08-30T16:32:48Z,137,Athena Silver Ring,19,0xa8a956a5690cc81bb367da2c2f6f1796be2b3c30,scottco,84
2026-08-30T16:32:48Z,137,Athena Silver Ring,20,0x3eda210ff41e2b2d1658ca5ebe0b80a376c7e0f4,astarta,81
2026-08-30T16:32:48Z,137,Athena Silver Ring,21,0x388d510f0f11ba0762e8c7212645ed873c17a204,otabart,80
2026-08-30T16:32:48Z,137,Athena Silver Ring,22,0xac06dbd4f2b1b174dbb3b67449f0f4245f0f3bc3,spanish,78
2026-08-30T16:32:48Z,137,Athena Silver Ring,23,0xcf29253e7c1e908d4091c9be85522893c77f0fc8,ciri,77
2026-08-30T16:32:48Z,137,Athena Silver Ring,24,0x69c4cc0147fbc23965896fb18a1ccea92230ed1b,afropengu,75
2026-08-30T16:32:48Z,137,Athena Silver Ring,25,0x02764ae21333f5777b44cdded3a654a340176fff,bh3320,74
2026-08-30T16:32:48Z,137,Athena Silver Ring,26,0x688410dbc8c331f5945eafc659ae721a447ae975,igloo,67
2026-08-30T16:32:48Z,137,Athena Silver Ring,27,0x9b3ef1d5b7472560cf6241949b2485e456aa37a0,bush1do,67
2026-08-30T16:32:48Z,137,Athena Silver Ring,28,0xb2042611b4987ba8be9efd6cc1165f09e7c694a8,joblessathena,67
2026-08-30T16:32:48Z,137,Athena Silver Ring,29,0xbddef3e050261365464e40d086b91f5100b13108,thattonton,65
2026-08-30T16:32:48Z,137,Athena Silver Ring,30,0x3d385f04852ae078d10e2a420f928f227f3e63f3,kellox,61
2026-08-30T16:32:48Z,137,Athena Silver Ring,31,0x6a31fe60046a9da9867bccbe48378893906099f5,airmangataos,57
2026-08-30T16:32:48Z,137,Athena Silver Ring,32,0xce3bc9c7e6b1a4082f9853f6f796e604148b2583,classicj,57
2026-08-30T16:32:48Z,137,Athena Silver Ring,33,0x469998f2fa8aaa2648fef6fc3902268f315195ef,mrgold,53
2026-08-30T16:32:48Z,137,Athena Silver Ring,34,0xeed7c6b2af48249a040c9e5d59437670889c7e07,lilwassie,52
2026-08-30T16:32:48Z,137,Athena Silver Ring,35,0xf5826d91cb7f5fa32f98d82a0268550b4d6e22ee,gojo_,51
2026-08-30T16:32:48Z,137,Athena Silver Ring,36,0x19342b9e3f123e373e24f1eea9bb5a1a935507fa,bigmommymilkers,49
2026-08-30T16:32:48Z,137,Athena Silver Ring,37,0x7b924f8164ff2311680a0431f05e6bcde6a3f954,det0n,46
2026-08-30T16:32:48Z,137,Athena Silver Ring,38,0xb0d90d52c7389824d4b22c06bcdccd734e3162b7,ezsnipe,46
2026-08-30T16:32:48Z,137,Athena Silver Ring,39,0x33973ffb41add93b49227241566d3e5fc9ad904b,schemedream,42
2026-08-30T16:32:48Z,137,Athena Silver Ring,40,0x90c1ed16e9b16db7d031f573d20bead430feb107,jablko,40
2026-08-30T16:32:48Z,137,Athena Silver Ring,41,0x0cc677b008149e08e468fe7da539e5dd24eb05dd,yashiw,39
2026-08-30T16:32:48Z,137,Athena Silver Ring,42,0xc3ae9ac69d672368539413235938277ce19fc270,bollin,38
2026-08-30T16:32:48Z,137,Athena Silver Ring,43,0x6cdaec838d799cc664dd421324d480b1592c9b5a,lilstaffx,37
2026-08-30T16:32:48Z,137,Athena Silver Ring,44,0xbbbfe4cc5c3924f19f6e36e66448b2e3a126b111,cryptologist,37
2026-08-30T16:32:48Z,137,Athena Silver Ring,45,0x40bfc8a6d3283958d3b70dc68049a78038a0f2e3,playaway,35
2026-08-30T16:32:48Z,137,Athena Silver Ring,46,0xfa22eafe991cd1166ee4b5ba8236e1eba9105a54,grimreaper,35
2026-08-30T16:32:48Z,137,Athena Silver Ring,47,0x55085ade6c1c39b64cd27099993c5dc933bbed35,bigdogga,34
2026-08-30T16:32:48Z,137,Athena Silver Ring,48,0x83becb55eff583800cf1a9a2c03dd4b0fa4d7351,apix,33
2026-08-30T16:32:48Z,137,Athena Silver Ring,49,0xe9a0904b53c6e9d7285440142ea3f0c96b69fcfa,karabas666,32
2026-08-30T16:32:48Z,137,Athena Silver Ring,50,0x7a10d45c461e81e24796f9c83b584756876d24d7,stakeoor,32
2026-08-30T16:32:48Z,137,Athena Silver Ring,51,0xff6bddba3937f03b495b4efb304194d2cbc488ca,lizardmafia,31
2026-08-30T16:32:48Z,137,Athena Silver Ring,52,0x07484b5b823bb4ec3f1a7ae7eb5e3fffb7bbe09c,agema,31
2026-08-30T16:32:48Z,137,Athena Silver Ring,53,0x4ebc17059cfc143d86fb92ed707805d68142e3ec,ponziscam,30
2026-08-30T16:32:48Z,137,Athena Silver Ring,54,0xd4394678ec0e7501cb250bba925fa7d07197fd69,dithfucius,30
2026-08-30T16:32:48Z,137,Athena Silver Ring,55,0x4f03ea409e546d9ab7eaa6c9b481bcb99c8547e5,coinpie,30
2026-08-30T16:32:48Z,137,Athena Silver Ring,56,0x5168a8f95a5bce4f4918884b2db51132d8f3bbf1,neveli,30
2026-08-30T16:32:48Z,137,Athena Silver Ring,57,0xd1c76125cb2751750ddb2afded780c6f5b7a3cbc,kace,30
2026-08-30T16:32:48Z,137,Athena Silver Ring,58,0x378f0bda88d7255f95afef6029799df500a6cc66,lamperouge,28
2026-08-30T16:32:48Z,137,Athena Silver Ring,59,0xff7d79ac80e742019c6f889a11f082bf93f0dfd3,koopfiy,28
2026-08-30T16:32:48Z,137,Athena Silver Ring,60,0x5f018c6e9b3b0d9c23e144bc5b2f4d82fc9b3650,jjangbang,27
2026-08-30T16:32:48Z,137,Athena Silver Ring,61,0xfc32e5cfbea49a2f1d21936eec0a7722a6c2d4a7,tacolauncher,27
2026-08-30T16:32:48Z,137,Athena Silver Ring,62,0x161f91374506a85ed9063e90c4c217d8697d6471,proofofely,27
2026-08-30T16:32:48Z,137,Athena Silver Ring,63,0x48eae6c83bdc1effef0bde8491e43c28d41b80f4,oleole,27
2026-08-30T16:32:48Z,137,Athena Silver Ring,64,0xf03b88d187431fd4486ee15cd17a1b75b107b9c2,freeroll4,27
2026-08-30T16:32:48Z,137,Athena Silver Ring,65,0xfb4f086ba201a8f32805eb82a431a1dacc3f08b2,obivan,27
2026-08-30T16:32:48Z,137,Athena Silver Ring,66,0x297b3eff8fccbbc35b111bd0a09b7a99a26ba965,ferentano,27
2026-08-30T16:32:48Z,137,Athena Silver Ring,67,0x92569bee8c8b9c1df1c283a0409fcc2b2fede157,phalanx,26
2026-08-30T16:32:48Z,137,Athena Silver Ring,68,0x9271e9969b98083d53bcf3c82ecf2a87b717500d,fefer,25
2026-08-30T16:32:48Z,137,Athena Silver Ring,69,0xef58ad6d6bcaf054da34948c88e7e91a052dc0fa,kraven,25
2026-08-30T16:32:48Z,137,Athena Silver Ring,70,0xdcf62adfc2193b3997947424583654689bcfd391,tekmeneth,25
2026-08-30T16:32:48Z,137,Athena Silver Ring,71,0x549300f79fb33ba2e77344e58b064ede194ef99a,okeydokey,25
2026-08-30T16:32:48Z,137,Athena Silver Ring,72,0x25fb85df6ac78c8b63e5e2b10e31fa36e72c2d38,bigpenis,25
2026-08-30T16:32:48Z,137,Athena Silver Ring,73,0x5bb347443887e595820f74f028e837c3766f5923,0xitero,25
2026-08-30T16:32:48Z,137,Athena Silver Ring,74,0x424188d8a6dc563a8a996a88c8317ba982e6c9e6,sdrnk,24
2026-08-30T16:32:48Z,137,Athena Silver Ring,75,0xff028938094ce190ffb53a2b98330896e5a64b4c,whocaresq,24
2026-08-30T16:32:48Z,137,Athena Silver Ring,76,0x5a1c08126a6e9cb6d492a61baa83111c1e16e2ef,shaggy8627,24
2026-08-30T16:32:48Z,137,Athena Silver Ring,77,0x13fe8fe08a0d824cd44b8d13f813891b6532f59e,morror,24
2026-08-30T16:32:48Z,137,Athena Silver Ring,78,0x7e6cb1e3f70e681c2f31d52adc2b1d09d6edf232,resuka,24
2026-08-30T16:32:48Z,137,Athena Silver Ring,79,0xa1da340729cff1782c83d5cfba586b4451c011ec,tozdelagaro,23
2026-08-30T16:32:48Z,137,Athena Silver Ring,80,0xd82311e0ddcff7cad1be090763d4f6d7ba1c290a,vims,23
2026-08-30T16:32:48Z,137,Athena Silver Ring,81,0x162a7c95e2e5a208748a6c024f0699e8eeb74dc4,wexovskiy,23
2026-08-30T16:32:48Z,137,Athena Silver Ring,82,0x95f3c63ee60f5efc58bc6672b1a12314d67a6881,pro_mint,23
2026-08-30T16:32:48Z,137,Athena Silver Ring,83,0x4ec977a8e80c4099a44f8ae53a48281448471342,terrestra,23
2026-08-30T16:32:48Z,137,Athena Silver Ring,84,0x80bc8e8581f8f5ee286696352a7f4ca69bbca05c,communityevo,23
2026-08-30T16:32:48Z,137,Athena Silver Ring,85,0xc415a02bba63fae3eafb9400d8cff3a157a3b93d,naruto,22
2026-08-30T16:32:48Z,137,Athena Silver Ring,86,0x0d1df94f0106ce5bd92138d43c8551cad530c169,vermo,22
2026-08-30T16:32:48Z,137,Athena Silver Ring,87,0xfbfc822ee4989b2b4b9b18e4035ff72335cbb16e,jame7,22
2026-08-30T16:32:48Z,137,Athena Silver Ring,88,0x9a49c905c2cca8115d330572b494c6602aba6e1e,supportprime,22
2026-08-30T16:32:48Z,137,Athena Silver Ring,89,0x5f90cae78f02a95633e596c1841c6ef41fb431b2,pechou,22
2026-08-30T16:32:48Z,137,Athena Silver Ring,90,0xd15481578c11b4e5b8f241c412899a0bdd704408,wholistic,21
2026-08-30T16:32:48Z,137,Athena Silver Ring,91,0x999eba5d7ad0e1a53ea600c384356a288381d09e,dbmafia,21
2026-08-30T16:32:48Z,137,Athena Silver Ring,92,0xe6b6cbab6c586d64025ffaea1548f3f09dabe6c2,milkshake,21
2026-08-30T16:32:48Z,137,Athena Silver Ring,93,0xeebea836b281e2edef370c5f157944d66b31c800,addas11,21
2026-08-30T16:32:48Z,137,Athena Silver Ring,94,0x9ce44e274bce511788c6ac81eafdb71fe920d4ee,deanoxbt,21
2026-08-30T16:32:48Z,137,Athena Silver Ring,95,0x28b88b45c3309fa9940cd8c0c0212636ca364417,forfree,21
2026-08-30T16:32:48Z,137,Athena Silver Ring,96,0xbd27b0379726a5628487edbc63a648f48f0e2e60,berhelit,21
2026-08-30T16:32:48Z,137,Athena Silver Ring,97,0xf5c2430fafa3b3b0f30e6f6a25b0b003ae94a40d,trickey,21
2026-08-30T16:32:48Z,137,Athena Silver Ring,98,0xafe00172cf96544d610bf9b70d549a5e89b83f2d,hungryjay,20
2026-08-30T16:32:48Z,137,Athena Silver Ring,99,0x5847046390615895540cab8ac069d99051f92fed,wisetwo,20
2026-08-30T16:32:48Z,137,Athena Silver Ring,100,0x03274357ecf3f8680dfe3f004b1b1571c7326c6f,escobardio,20
2026-08-30T16:32:48Z,138,Archon Silver Ring,1,0xd678b718f70389dbdd2d447df23333641e8f7480,yanik,480
2026-08-30T16:32:48Z,138,Archon Silver Ring,2,0x73a9ffdaaf53723f1d08403f613870cddd6e18fc,suspicious,431
2026-08-30T16:32:48Z,138,Archon Silver Ring,3,0x9dc70f5472a88f3eefa4d515a6b1ec94d9d30d13,sidlovskyy,414
2026-08-30T16:32:48Z,138,Archon Silver Ring,4,0xf00dfac3af2f5b38fe55d50ccf8ffa8c293ea161,dudendy,393
2026-08-30T16:32:48Z,138,Archon Silver Ring,5,0x2a2376e5e9981c19b15af64d2cdb57c9b94eb1f6,xiskool,223
2026-08-30T16:32:48Z,138,Archon Silver Ring,6,0x0c0a71e32e1954635e2dde143ed9e59fe471fb94,kryy,174
2026-08-30T16:32:48Z,138,Archon Silver Ring,7,0x95233e2ec170b4ba0e2208c1ec89f3b87f8b18c7,gambit,149
2026-08-30T16:32:48Z,138,Archon Silver Ring,8,0xac06dbd4f2b1b174dbb3b67449f0f4245f0f3bc3,spanish,115
2026-08-30T16:32:48Z,138,Archon Silver Ring,9,0x2ab7adbf3685c74d2e300c9c0e676b1bf6027ac5,0xn00b,113
2026-08-30T16:32:48Z,138,Archon Silver Ring,10,0x0a42a67154221c44c9eae98eb7f9cbff2d269a0e,cassowary,113
2026-08-30T16:32:48Z,138,Archon Silver Ring,11,0x95f92440789e364f3a167069b899c84b02f92254,axion,112
2026-08-30T16:32:48Z,138,Archon Silver Ring,12,0x3eda210ff41e2b2d1658ca5ebe0b80a376c7e0f4,astarta,108
2026-08-30T16:32:48Z,138,Archon Silver Ring,13,0x388d510f0f11ba0762e8c7212645ed873c17a204,otabart,106
2026-08-30T16:32:48Z,138,Archon Silver Ring,14,0x0ee9318275c37f0e635bb7c8a455ade252cecf1f,georgysogood,100
2026-08-30T16:32:48Z,138,Archon Silver Ring,15,0xbdecab53bb16b74aa1a1715cc4b80db641eac9da,rxch,95
2026-08-30T16:32:48Z,138,Archon Silver Ring,16,0x161f91374506a85ed9063e90c4c217d8697d6471,proofofely,88
2026-08-30T16:32:48Z,138,Archon Silver Ring,17,0xeed7c6b2af48249a040c9e5d59437670889c7e07,lilwassie,87
2026-08-30T16:32:48Z,138,Archon Silver Ring,18,0xb0d90d52c7389824d4b22c06bcdccd734e3162b7,ezsnipe,86
2026-08-30T16:32:48Z,138,Archon Silver Ring,19,0xb2042611b4987ba8be9efd6cc1165f09e7c694a8,joblessathena,83
2026-08-30T16:32:48Z,138,Archon Silver Ring,20,0x6a31fe60046a9da9867bccbe48378893906099f5,airmangataos,82
2026-08-30T16:32:48Z,138,Archon Silver Ring,21,0x469998f2fa8aaa2648fef6fc3902268f315195ef,mrgold,79
2026-08-30T16:32:48Z,138,Archon Silver Ring,22,0x23244cc893df1ff2916ee2e492b65bec74b2760c,bunyoo,79
2026-08-30T16:32:48Z,138,Archon Silver Ring,23,0xb0f42c12dd7e28f0deafe74fdf603782c430f896,stellarhobbes,75
2026-08-30T16:32:48Z,138,Archon Silver Ring,24,0xce3bc9c7e6b1a4082f9853f6f796e604148b2583,classicj,71
2026-08-30T16:32:48Z,138,Archon Silver Ring,25,0x69c4cc0147fbc23965896fb18a1ccea92230ed1b,afropengu,68
2026-08-30T16:32:48Z,138,Archon Silver Ring,26,0x90c1ed16e9b16db7d031f573d20bead430feb107,jablko,63
2026-08-30T16:32:48Z,138,Archon Silver Ring,27,0xe4b1f5eb3da2195f8d41a052229a7eec3c4e6ed8,azoni,63
2026-08-30T16:32:48Z,138,Archon Silver Ring,28,0xcf29253e7c1e908d4091c9be85522893c77f0fc8,ciri,61
2026-08-30T16:32:48Z,138,Archon Silver Ring,29,0x9b3ef1d5b7472560cf6241949b2485e456aa37a0,bush1do,61
2026-08-30T16:32:48Z,138,Archon Silver Ring,30,0x36ef5b58dad1c055002c26c9c5a6787d09645edf,gibar,60
2026-08-30T16:32:48Z,138,Archon Silver Ring,31,0xd2bb5bcaaaa9d2d77a50598055397916780972ca,sinet,60
2026-08-30T16:32:48Z,138,Archon Silver Ring,32,0x19342b9e3f123e373e24f1eea9bb5a1a935507fa,bigmommymilkers,56
2026-08-30T16:32:48Z,138,Archon Silver Ring,33,0x0b2291da8091128352c2464f1072cf4211144744,moritz,54
2026-08-30T16:32:48Z,138,Archon Silver Ring,34,0x7b924f8164ff2311680a0431f05e6bcde6a3f954,det0n,50
2026-08-30T16:32:48Z,138,Archon Silver Ring,35,0xbddef3e050261365464e40d086b91f5100b13108,thattonton,49
2026-08-30T16:32:48Z,138,Archon Silver Ring,36,0xb604a0af13954499cdc4100eeebcfaa28d6d3985,moonshine_,46
2026-08-30T16:32:48Z,138,Archon Silver Ring,37,0xe90a9bdb63e9ba04a7f3e95140ff803f2f377f5e,vova,46
2026-08-30T16:32:48Z,138,Archon Silver Ring,38,0xa8a956a5690cc81bb367da2c2f6f1796be2b3c30,scottco,44
2026-08-30T16:32:48Z,138,Archon Silver Ring,39,0x4e16f03fafc94af2d0b79d2d15d3d54f7c9f04fa,recluseham,42
2026-08-30T16:32:48Z,138,Archon Silver Ring,40,0x28b88b45c3309fa9940cd8c0c0212636ca364417,forfree,42
2026-08-30T16:32:48Z,138,Archon Silver Ring,41,0x55085ade6c1c39b64cd27099993c5dc933bbed35,bigdogga,41
2026-08-30T16:32:48Z,138,Archon Silver Ring,42,0x688410dbc8c331f5945eafc659ae721a447ae975,igloo,40
2026-08-30T16:32:48Z,138,Archon Silver Ring,43,0x2c685f23808bc7b6adda1fd7b6949c5e2db97eb0,bubba,40
2026-08-30T16:32:48Z,138,Archon Silver Ring,44,0xbbdca17d69518306b61d26b54b5a6c61e6c0bba1,9stx6,39
2026-08-30T16:32:48Z,138,Archon Silver Ring,45,0xef58ad6d6bcaf054da34948c88e7e91a052dc0fa,kraven,36
2026-08-30T16:32:48Z,138,Archon Silver Ring,46,0x32cb224f344a9aa22c5d2e699f24d3928e6ca06f,d3r0,36
2026-08-30T16:32:48Z,138,Archon Silver Ring,47,0xa3103de676b55442b3c32884b1596b80d4d42cf2,loxik,33
2026-08-30T16:32:48Z,138,Archon Silver Ring,48,0x1114d62a0148f458040fbf2ddb945560398ca5f0,soma,33
2026-08-30T16:32:48Z,138,Archon Silver Ring,49,0x01082d01888902fdad71578bf989d342b71151ec,lowbank,32
2026-08-30T16:32:48Z,138,Archon Silver Ring,50,0x3d385f04852ae078d10e2a420f928f227f3e63f3,kellox,31
2026-08-30T16:32:48Z,138,Archon Silver Ring,51,0x53c5e9ffb362ec22fc172400bc6209819cb3a301,k1sel,31
2026-08-30T16:32:48Z,138,Archon Silver Ring,52,0x4ebc17059cfc143d86fb92ed707805d68142e3ec,ponziscam,30
2026-08-30T16:32:48Z,138,Archon Silver Ring,53,0xfc32e5cfbea49a2f1d21936eec0a7722a6c2d4a7,tacolauncher,30
2026-08-30T16:32:48Z,138,Archon Silver Ring,54,0x4f03ea409e546d9ab7eaa6c9b481bcb99c8547e5,coinpie,30
2026-08-30T16:32:48Z,138,Archon Silver Ring,55,0x9ce44e274bce511788c6ac81eafdb71fe920d4ee,deanoxbt,30
2026-08-30T16:32:48Z,138,Archon Silver Ring,56,0xff6bddba3937f03b495b4efb304194d2cbc488ca,lizardmafia,30
2026-08-30T16:32:48Z,138,Archon Silver Ring,57,0xd82311e0ddcff7cad1be090763d4f6d7ba1c290a,vims,29
2026-08-30T16:32:48Z,138,Archon Silver Ring,58,0x13fe8fe08a0d824cd44b8d13f813891b6532f59e,morror,29
2026-08-30T16:32:48Z,138,Archon Silver Ring,59,0xfa4f36238d8d0533ec8f8b5ec747a96ee1b053e0,frodo,28
2026-08-30T16:32:48Z,138,Archon Silver Ring,60,0x4c53b2e646a3e01c2b22497753b1560029b5166b,gusine,28
2026-08-30T16:32:48Z,138,Archon Silver Ring,61,0x190e541e5b614eb6393f1f997a6092f48efecc4e,smo69,27
2026-08-30T16:32:48Z,138,Archon Silver Ring,62,0xfa22eafe991cd1166ee4b5ba8236e1eba9105a54,grimreaper,27
2026-08-30T16:32:48Z,138,Archon Silver Ring,63,0xeebea836b281e2edef370c5f157944d66b31c800,addas11,27
2026-08-30T16:32:48Z,138,Archon Silver Ring,64,0xfb8b5790a0fe64729cdf21263d5538b09921d336,method,27
2026-08-30T16:32:48Z,138,Archon Silver Ring,65,0x5bb347443887e595820f74f028e837c3766f5923,0xitero,27
2026-08-30T16:32:48Z,138,Archon Silver Ring,66,0x9271e9969b98083d53bcf3c82ecf2a87b717500d,fefer,26
2026-08-30T16:32:48Z,138,Archon Silver Ring,67,0x6f8b27fe779070967417cc02447b231b5c14b843,souvx,26
2026-08-30T16:32:48Z,138,Archon Silver Ring,68,0xfb3a7ef01adf1275dd190612752a218c4d74c551,turtlemafia,25
2026-08-30T16:32:48Z,138,Archon Silver Ring,69,0x9c991a85b090aae221ef8418e3ca29279bf2500a,migs,25
2026-08-30T16:32:48Z,138,Archon Silver Ring,70,0x25fb85df6ac78c8b63e5e2b10e31fa36e72c2d38,bigpenis,25
2026-08-30T16:32:48Z,138,Archon Silver Ring,71,0x40bfc8a6d3283958d3b70dc68049a78038a0f2e3,playaway,24
2026-08-30T16:32:48Z,138,Archon Silver Ring,72,0xd4394678ec0e7501cb250bba925fa7d07197fd69,dithfucius,24
2026-08-30T16:32:48Z,138,Archon Silver Ring,73,0xa96401339fd8a6bed6c22b96620e7ad29a04f1e9,lavr1k,24
2026-08-30T16:32:48Z,138,Archon Silver Ring,74,0x92569bee8c8b9c1df1c283a0409fcc2b2fede157,phalanx,24
2026-08-30T16:32:48Z,138,Archon Silver Ring,75,0x42fea3f88a8bc29309a55ba3ebaed3667a06248f,salaga_lida,24
2026-08-30T16:32:48Z,138,Archon Silver Ring,76,0x7e6cb1e3f70e681c2f31d52adc2b1d09d6edf232,resuka,24
2026-08-30T16:32:48Z,138,Archon Silver Ring,77,0x549300f79fb33ba2e77344e58b064ede194ef99a,okeydokey,24
2026-08-30T16:32:48Z,138,Archon Silver Ring,78,0x7528c1732168ace7027b18ec184d8cd6984f9eac,druid,24
2026-08-30T16:32:48Z,138,Archon Silver Ring,79,0xc34c29733dcf130f75090464ced47275d88e3419,basedcamp,23
2026-08-30T16:32:48Z,138,Archon Silver Ring,80,0x3629d88069124258ef6bb99c9080d064f42e7206,grumpy,23
2026-08-30T16:32:48Z,138,Archon Silver Ring,81,0xa134a3dfa4cb010873db8012d5b360d97ba80c28,winner,23
2026-08-30T16:32:48Z,138,Archon Silver Ring,82,0x844d58714aa3fed998f898cbce1b0ddc4550304f,jiren,22
2026-08-30T16:32:48Z,138,Archon Silver Ring,83,0x162a7c95e2e5a208748a6c024f0699e8eeb74dc4,wexovskiy,22
2026-08-30T16:32:48Z,138,Archon Silver Ring,84,0x663ac0e621bd9bbd47100768d3ce98f0e25a7b21,skoheels,22
2026-08-30T16:32:48Z,138,Archon Silver Ring,85,0x908c7c7f0266da791bae52b9ecac8c34ca73d9f4,mangas,22
2026-08-30T16:32:48Z,138,Archon Silver Ring,86,0x80bc8e8581f8f5ee286696352a7f4ca69bbca05c,communityevo,22
2026-08-30T16:32:48Z,138,Archon Silver Ring,87,0xc415a02bba63fae3eafb9400d8cff3a157a3b93d,naruto,21
2026-08-30T16:32:48Z,138,Archon Silver Ring,88,0x5d94f14bafdc6920e462abaa8285d680d4dfa069,tofu,21
2026-08-30T16:32:48Z,138,Archon Silver Ring,89,0x999eba5d7ad0e1a53ea600c384356a288381d09e,dbmafia,21
2026-08-30T16:32:48Z,138,Archon Silver Ring,90,0x88d62fbb7aa5d418b1886085dc949567500b569d,alebaner,21
2026-08-30T16:32:48Z,138,Archon Silver Ring,91,0x55a5144bf3ef42be03e893619f196b5e541beaea,artofbeing,21
2026-08-30T16:32:48Z,138,Archon Silver Ring,92,0x48eae6c83bdc1effef0bde8491e43c28d41b80f4,oleole,21
2026-08-30T16:32:48Z,138,Archon Silver Ring,93,0xfb4f086ba201a8f32805eb82a431a1dacc3f08b2,obivan,21
2026-08-30T16:32:48Z,138,Archon Silver Ring,94,0xdeaa0c7e57f10e4274ca41b4d5ec461ab4fb2609,detagged,21
2026-08-30T16:32:48Z,138,Archon Silver Ring,95,0x7ec307fa89a4ecc72139a4d169d5d8fcaeceb951,honeyrat,20
2026-08-30T16:32:48Z,138,Archon Silver Ring,96,0x130eab55f6941f66d4806532d9242cf969b4f036,frontdown,20
2026-08-30T16:32:48Z,138,Archon Silver Ring,97,0x5847046390615895540cab8ac069d99051f92fed,wisetwo,20
2026-08-30T16:32:48Z,138,Archon Silver Ring,98,0xb4c3602689229297d255974e90ce4954d9380104,bkbk,20
2026-08-30T16:32:48Z,138,Archon Silver Ring,99,0xa65244b636a0a5d17e33db1a7d9b5b40fc8b6b8e,moustache,20
2026-08-30T16:32:48Z,138,Archon Silver Ring,100,0x319937150f931d5bda6b3679305453a8c45e55d0,tszunami,20
2026-08-30T16:32:48Z,139,Foxglove Silver Ring,1,0xd678b718f70389dbdd2d447df23333641e8f7480,yanik,568
2026-08-30T16:32:48Z,139,Foxglove Silver Ring,2,0x9dc70f5472a88f3eefa4d515a6b1ec94d9d30d13,sidlovskyy,382
2026-08-30T16:32:48Z,139,Foxglove Silver Ring,3,0x73a9ffdaaf53723f1d08403f613870cddd6e18fc,suspicious,378
2026-08-30T16:32:48Z,139,Foxglove Silver Ring,4,0xf00dfac3af2f5b38fe55d50ccf8ffa8c293ea161,dudendy,362
2026-08-30T16:32:48Z,139,Foxglove Silver Ring,5,0x2a2376e5e9981c19b15af64d2cdb57c9b94eb1f6,xiskool,208
2026-08-30T16:32:48Z,139,Foxglove Silver Ring,6,0x95233e2ec170b4ba0e2208c1ec89f3b87f8b18c7,gambit,199
2026-08-30T16:32:48Z,139,Foxglove Silver Ring,7,0x90c1ed16e9b16db7d031f573d20bead430feb107,jablko,148
2026-08-30T16:32:48Z,139,Foxglove Silver Ring,8,0x4e16f03fafc94af2d0b79d2d15d3d54f7c9f04fa,recluseham,128
2026-08-30T16:32:48Z,139,Foxglove Silver Ring,9,0x0ee9318275c37f0e635bb7c8a455ade252cecf1f,georgysogood,125
2026-08-30T16:32:48Z,139,Foxglove Silver Ring,10,0x0b2291da8091128352c2464f1072cf4211144744,moritz,113
2026-08-30T16:32:48Z,139,Foxglove Silver Ring,11,0x3eda210ff41e2b2d1658ca5ebe0b80a376c7e0f4,astarta,112
2026-08-30T16:32:48Z,139,Foxglove Silver Ring,12,0x2ab7adbf3685c74d2e300c9c0e676b1bf6027ac5,0xn00b,105
2026-08-30T16:32:48Z,139,Foxglove Silver Ring,13,0xac06dbd4f2b1b174dbb3b67449f0f4245f0f3bc3,spanish,104
2026-08-30T16:32:48Z,139,Foxglove Silver Ring,14,0xd2bb5bcaaaa9d2d77a50598055397916780972ca,sinet,102
2026-08-30T16:32:48Z,139,Foxglove Silver Ring,15,0xbdecab53bb16b74aa1a1715cc4b80db641eac9da,rxch,95
2026-08-30T16:32:48Z,139,Foxglove Silver Ring,16,0xeed7c6b2af48249a040c9e5d59437670889c7e07,lilwassie,88
2026-08-30T16:32:48Z,139,Foxglove Silver Ring,17,0x95f92440789e364f3a167069b899c84b02f92254,axion,86
2026-08-30T16:32:48Z,139,Foxglove Silver Ring,18,0x388d510f0f11ba0762e8c7212645ed873c17a204,otabart,82
2026-08-30T16:32:48Z,139,Foxglove Silver Ring,19,0xce3bc9c7e6b1a4082f9853f6f796e604148b2583,classicj,76
2026-08-30T16:32:48Z,139,Foxglove Silver Ring,20,0xe4b1f5eb3da2195f8d41a052229a7eec3c4e6ed8,azoni,72
2026-08-30T16:32:48Z,139,Foxglove Silver Ring,21,0xa8a956a5690cc81bb367da2c2f6f1796be2b3c30,scottco,70
2026-08-30T16:32:48Z,139,Foxglove Silver Ring,22,0x69c4cc0147fbc23965896fb18a1ccea92230ed1b,afropengu,66
2026-08-30T16:32:48Z,139,Foxglove Silver Ring,23,0x6a31fe60046a9da9867bccbe48378893906099f5,airmangataos,65
2026-08-30T16:32:48Z,139,Foxglove Silver Ring,24,0x0c0a71e32e1954635e2dde143ed9e59fe471fb94,kryy,64
2026-08-30T16:32:48Z,139,Foxglove Silver Ring,25,0x9b3ef1d5b7472560cf6241949b2485e456aa37a0,bush1do,63
2026-08-30T16:32:48Z,139,Foxglove Silver Ring,26,0x23244cc893df1ff2916ee2e492b65bec74b2760c,bunyoo,63
2026-08-30T16:32:48Z,139,Foxglove Silver Ring,27,0x4f03ea409e546d9ab7eaa6c9b481bcb99c8547e5,coinpie,57
2026-08-30T16:32:48Z,139,Foxglove Silver Ring,28,0x19342b9e3f123e373e24f1eea9bb5a1a935507fa,bigmommymilkers,57
2026-08-30T16:32:48Z,139,Foxglove Silver Ring,29,0x55085ade6c1c39b64cd27099993c5dc933bbed35,bigdogga,57
2026-08-30T16:32:48Z,139,Foxglove Silver Ring,30,0x161f91374506a85ed9063e90c4c217d8697d6471,proofofely,54
2026-08-30T16:32:48Z,139,Foxglove Silver Ring,31,0xcf29253e7c1e908d4091c9be85522893c77f0fc8,ciri,53
2026-08-30T16:32:48Z,139,Foxglove Silver Ring,32,0x3d385f04852ae078d10e2a420f928f227f3e63f3,kellox,53
2026-08-30T16:32:48Z,139,Foxglove Silver Ring,33,0xb0f42c12dd7e28f0deafe74fdf603782c430f896,stellarhobbes,53
2026-08-30T16:32:48Z,139,Foxglove Silver Ring,34,0x469998f2fa8aaa2648fef6fc3902268f315195ef,mrgold,53
2026-08-30T16:32:48Z,139,Foxglove Silver Ring,35,0xef58ad6d6bcaf054da34948c88e7e91a052dc0fa,kraven,52
2026-08-30T16:32:48Z,139,Foxglove Silver Ring,36,0x02764ae21333f5777b44cdded3a654a340176fff,bh3320,51
2026-08-30T16:32:48Z,139,Foxglove Silver Ring,37,0x688410dbc8c331f5945eafc659ae721a447ae975,igloo,50
2026-08-30T16:32:48Z,139,Foxglove Silver Ring,38,0xb0d90d52c7389824d4b22c06bcdccd734e3162b7,ezsnipe,47
2026-08-30T16:32:48Z,139,Foxglove Silver Ring,39,0x32cb224f344a9aa22c5d2e699f24d3928e6ca06f,d3r0,46
2026-08-30T16:32:48Z,139,Foxglove Silver Ring,40,0x0a42a67154221c44c9eae98eb7f9cbff2d269a0e,cassowary,40
2026-08-30T16:32:48Z,139,Foxglove Silver Ring,41,0xe90a9bdb63e9ba04a7f3e95140ff803f2f377f5e,vova,40
2026-08-30T16:32:48Z,139,Foxglove Silver Ring,42,0x8298dfc90c0119379f265b4dad6e9f0e8359a80e,userbased,39
2026-08-30T16:32:48Z,139,Foxglove Silver Ring,43,0x7b924f8164ff2311680a0431f05e6bcde6a3f954,det0n,39
2026-08-30T16:32:48Z,139,Foxglove Silver Ring,44,0xbbdca17d69518306b61d26b54b5a6c61e6c0bba1,9stx6,39
2026-08-30T16:32:48Z,139,Foxglove Silver Ring,45,0x5168a8f95a5bce4f4918884b2db51132d8f3bbf1,neveli,39
2026-08-30T16:32:48Z,139,Foxglove Silver Ring,46,0x663ac0e621bd9bbd47100768d3ce98f0e25a7b21,skoheels,36
2026-08-30T16:32:48Z,139,Foxglove Silver Ring,47,0xfb4f086ba201a8f32805eb82a431a1dacc3f08b2,obivan,35
2026-08-30T16:32:48Z,139,Foxglove Silver Ring,48,0xfa22eafe991cd1166ee4b5ba8236e1eba9105a54,grimreaper,34
2026-08-30T16:32:48Z,139,Foxglove Silver Ring,49,0xa134a3dfa4cb010873db8012d5b360d97ba80c28,winner,34
2026-08-30T16:32:48Z,139,Foxglove Silver Ring,50,0x15c0c948d3ea9a67b05319f40871de7bf5003db3,przyborleonedw,33
2026-08-30T16:32:48Z,139,Foxglove Silver Ring,51,0x6d91474e416efdb1dd7a0ed68c8892c3b18b08a8,ylooz,33
2026-08-30T16:32:48Z,139,Foxglove Silver Ring,52,0xbddef3e050261365464e40d086b91f5100b13108,thattonton,32
2026-08-30T16:32:48Z,139,Foxglove Silver Ring,53,0xd82311e0ddcff7cad1be090763d4f6d7ba1c290a,vims,31
2026-08-30T16:32:48Z,139,Foxglove Silver Ring,54,0xfbfc822ee4989b2b4b9b18e4035ff72335cbb16e,jame7,31
2026-08-30T16:32:48Z,139,Foxglove Silver Ring,55,0xe6b6cbab6c586d64025ffaea1548f3f09dabe6c2,milkshake,31
2026-08-30T16:32:48Z,139,Foxglove Silver Ring,56,0x92f482f7b5009349ec3da50b193596b825335414,absgigachads,30
2026-08-30T16:32:48Z,139,Foxglove Silver Ring,57,0x4ebc17059cfc143d86fb92ed707805d68142e3ec,ponziscam,30
2026-08-30T16:32:48Z,139,Foxglove Silver Ring,58,0xfc32e5cfbea49a2f1d21936eec0a7722a6c2d4a7,tacolauncher,30
2026-08-30T16:32:48Z,139,Foxglove Silver Ring,59,0x88d62fbb7aa5d418b1886085dc949567500b569d,alebaner,30
2026-08-30T16:32:48Z,139,Foxglove Silver Ring,60,0xa96401339fd8a6bed6c22b96620e7ad29a04f1e9,lavr1k,30
2026-08-30T16:32:48Z,139,Foxglove Silver Ring,61,0xb29f073a9e2946d805714c9030b191ee6afed445,hitagi,30
2026-08-30T16:32:48Z,139,Foxglove Silver Ring,62,0x98c715b1a9d24727b59cae2119c747b896132647,sebax11,29
2026-08-30T16:32:48Z,139,Foxglove Silver Ring,63,0xa3103de676b55442b3c32884b1596b80d4d42cf2,loxik,29
2026-08-30T16:32:48Z,139,Foxglove Silver Ring,64,0xff6bddba3937f03b495b4efb304194d2cbc488ca,lizardmafia,29
2026-08-30T16:32:48Z,139,Foxglove Silver Ring,65,0xb2042611b4987ba8be9efd6cc1165f09e7c694a8,joblessathena,28
2026-08-30T16:32:48Z,139,Foxglove Silver Ring,66,0x0cc677b008149e08e468fe7da539e5dd24eb05dd,yashiw,27
2026-08-30T16:32:48Z,139,Foxglove Silver Ring,67,0x13fe8fe08a0d824cd44b8d13f813891b6532f59e,morror,27
2026-08-30T16:32:48Z,139,Foxglove Silver Ring,68,0xd369f09014646bfc80d977a0daa62b5940b264b4,qqws,27
2026-08-30T16:32:48Z,139,Foxglove Silver Ring,69,0x7b2c23d8d3436cdd063b66529e5d8445834831eb,coreplay6,27
2026-08-30T16:32:48Z,139,Foxglove Silver Ring,70,0x25fb85df6ac78c8b63e5e2b10e31fa36e72c2d38,bigpenis,27
2026-08-30T16:32:48Z,139,Foxglove Silver Ring,71,0x297b3eff8fccbbc35b111bd0a09b7a99a26ba965,ferentano,27
2026-08-30T16:32:48Z,139,Foxglove Silver Ring,72,0x381dd397e721c72ce321a1ebaf96ce04f4422ac0,suckmydirtydick,26
2026-08-30T16:32:48Z,139,Foxglove Silver Ring,73,0x57b53296a33bc749d8451a47fa36edd698e4fee1,flaera,26
2026-08-30T16:32:48Z,139,Foxglove Silver Ring,74,0xbbbfe4cc5c3924f19f6e36e66448b2e3a126b111,cryptologist,26
2026-08-30T16:32:48Z,139,Foxglove Silver Ring,75,0xd41d44c7a6c48b4854fce7af3a276dbd3b85d937,clock,26
2026-08-30T16:32:48Z,139,Foxglove Silver Ring,76,0xc34c29733dcf130f75090464ced47275d88e3419,basedcamp,25
2026-08-30T16:32:48Z,139,Foxglove Silver Ring,77,0xc415a02bba63fae3eafb9400d8cff3a157a3b93d,naruto,25
2026-08-30T16:32:48Z,139,Foxglove Silver Ring,78,0xc3ae9ac69d672368539413235938277ce19fc270,bollin,25
2026-08-30T16:32:48Z,139,Foxglove Silver Ring,79,0x130eab55f6941f66d4806532d9242cf969b4f036,frontdown,25
2026-08-30T16:32:48Z,139,Foxglove Silver Ring,80,0x319d278581e5e5a49ef80e795fe81225d9a15200,icedcoffee,25
2026-08-30T16:32:48Z,139,Foxglove Silver Ring,81,0x92599bdd1ded8d462c58972f6c3badbb39cd06ba,trukreal,25
2026-08-30T16:32:48Z,139,Foxglove Silver Ring,82,0xac851e69e6ff9805632a09c74e6b3e436f3156ac,yoda378,25
2026-08-30T16:32:48Z,139,Foxglove Silver Ring,83,0x07484b5b823bb4ec3f1a7ae7eb5e3fffb7bbe09c,agema,25
2026-08-30T16:32:48Z,139,Foxglove Silver Ring,84,0x5bb347443887e595820f74f028e837c3766f5923,0xitero,25
2026-08-30T16:32:48Z,139,Foxglove Silver Ring,85,0xa1da340729cff1782c83d5cfba586b4451c011ec,tozdelagaro,24
2026-08-30T16:32:48Z,139,Foxglove Silver Ring,86,0x7e6cb1e3f70e681c2f31d52adc2b1d09d6edf232,resuka,24
2026-08-30T16:32:48Z,139,Foxglove Silver Ring,87,0xcd74ad8e56d74e7a88a5eaa5a3571f82ee9a3176,bangmachine,23
2026-08-30T16:32:48Z,139,Foxglove Silver Ring,88,0x378f0bda88d7255f95afef6029799df500a6cc66,lamperouge,23
2026-08-30T16:32:48Z,139,Foxglove Silver Ring,89,0x92569bee8c8b9c1df1c283a0409fcc2b2fede157,phalanx,23
2026-08-30T16:32:48Z,139,Foxglove Silver Ring,90,0x83becb55eff583800cf1a9a2c03dd4b0fa4d7351,apix,23
2026-08-30T16:32:48Z,139,Foxglove Silver Ring,91,0x01082d01888902fdad71578bf989d342b71151ec,lowbank,23
2026-08-30T16:32:48Z,139,Foxglove Silver Ring,92,0xeff6c4dcd2b79f502d5d7cb6e6daf70f2536daef,syta,23
2026-08-30T16:32:48Z,139,Foxglove Silver Ring,93,0xfb8b5790a0fe64729cdf21263d5538b09921d336,method,23
2026-08-30T16:32:48Z,139,Foxglove Silver Ring,94,0xdb927fb9f66907b2a957b3d0d440110c3a999069,arbitrum,22
2026-08-30T16:32:48Z,139,Foxglove Silver Ring,95,0xe614c47b2b04e2a7a6d660844ffc965d6b86d2f6,gem4ik,22
2026-08-30T16:32:48Z,139,Foxglove Silver Ring,96,0x48eae6c83bdc1effef0bde8491e43c28d41b80f4,oleole,22
2026-08-30T16:32:48Z,139,Foxglove Silver Ring,97,0x28b88b45c3309fa9940cd8c0c0212636ca364417,forfree,22
2026-08-30T16:32:48Z,139,Foxglove Silver Ring,98,0x1114d62a0148f458040fbf2ddb945560398ca5f0,soma,22
2026-08-30T16:32:48Z,139,Foxglove Silver Ring,99,0x29186806bb803be9c9adc182efea0ba8aa09abda,lylythabeast6,22
2026-08-30T16:32:48Z,139,Foxglove Silver Ring,100,0xd1c76125cb2751750ddb2afded780c6f5b7a3cbc,kace,22
2026-08-30T16:32:48Z,140,Summoner Silver Ring,1,0xd678b718f70389dbdd2d447df23333641e8f7480,yanik,652
2026-08-30T16:32:48Z,140,Summoner Silver Ring,2,0xf00dfac3af2f5b38fe55d50ccf8ffa8c293ea161,dudendy,415
2026-08-30T16:32:48Z,140,Summoner Silver Ring,3,0x9dc70f5472a88f3eefa4d515a6b1ec94d9d30d13,sidlovskyy,403
2026-08-30T16:32:48Z,140,Summoner Silver Ring,4,0x73a9ffdaaf53723f1d08403f613870cddd6e18fc,suspicious,333
2026-08-30T16:32:48Z,140,Summoner Silver Ring,5,0x4e16f03fafc94af2d0b79d2d15d3d54f7c9f04fa,recluseham,187
2026-08-30T16:32:48Z,140,Summoner Silver Ring,6,0xac06dbd4f2b1b174dbb3b67449f0f4245f0f3bc3,spanish,166
2026-08-30T16:32:48Z,140,Summoner Silver Ring,7,0x0c0a71e32e1954635e2dde143ed9e59fe471fb94,kryy,165
2026-08-30T16:32:48Z,140,Summoner Silver Ring,8,0x2a2376e5e9981c19b15af64d2cdb57c9b94eb1f6,xiskool,155
2026-08-30T16:32:48Z,140,Summoner Silver Ring,9,0x95233e2ec170b4ba0e2208c1ec89f3b87f8b18c7,gambit,145
2026-08-30T16:32:48Z,140,Summoner Silver Ring,10,0x2ab7adbf3685c74d2e300c9c0e676b1bf6027ac5,0xn00b,123
2026-08-30T16:32:48Z,140,Summoner Silver Ring,11,0x0ee9318275c37f0e635bb7c8a455ade252cecf1f,georgysogood,100
2026-08-30T16:32:48Z,140,Summoner Silver Ring,12,0x02764ae21333f5777b44cdded3a654a340176fff,bh3320,98
2026-08-30T16:32:48Z,140,Summoner Silver Ring,13,0xbdecab53bb16b74aa1a1715cc4b80db641eac9da,rxch,95
2026-08-30T16:32:48Z,140,Summoner Silver Ring,14,0x95f92440789e364f3a167069b899c84b02f92254,axion,91
2026-08-30T16:32:48Z,140,Summoner Silver Ring,15,0x0a42a67154221c44c9eae98eb7f9cbff2d269a0e,cassowary,91
2026-08-30T16:32:48Z,140,Summoner Silver Ring,16,0x388d510f0f11ba0762e8c7212645ed873c17a204,otabart,90
2026-08-30T16:32:48Z,140,Summoner Silver Ring,17,0xce3bc9c7e6b1a4082f9853f6f796e604148b2583,classicj,90
2026-08-30T16:32:48Z,140,Summoner Silver Ring,18,0xd2bb5bcaaaa9d2d77a50598055397916780972ca,sinet,81
2026-08-30T16:32:48Z,140,Summoner Silver Ring,19,0x0b2291da8091128352c2464f1072cf4211144744,moritz,80
2026-08-30T16:32:48Z,140,Summoner Silver Ring,20,0x69c4cc0147fbc23965896fb18a1ccea92230ed1b,afropengu,78
2026-08-30T16:32:48Z,140,Summoner Silver Ring,21,0x3eda210ff41e2b2d1658ca5ebe0b80a376c7e0f4,astarta,78
2026-08-30T16:32:48Z,140,Summoner Silver Ring,22,0xb2042611b4987ba8be9efd6cc1165f09e7c694a8,joblessathena,75
2026-08-30T16:32:48Z,140,Summoner Silver Ring,23,0x6a31fe60046a9da9867bccbe48378893906099f5,airmangataos,73
2026-08-30T16:32:48Z,140,Summoner Silver Ring,24,0xe90a9bdb63e9ba04a7f3e95140ff803f2f377f5e,vova,69
2026-08-30T16:32:48Z,140,Summoner Silver Ring,25,0xeed7c6b2af48249a040c9e5d59437670889c7e07,lilwassie,66
2026-08-30T16:32:48Z,140,Summoner Silver Ring,26,0x688410dbc8c331f5945eafc659ae721a447ae975,igloo,65
2026-08-30T16:32:48Z,140,Summoner Silver Ring,27,0xbddef3e050261365464e40d086b91f5100b13108,thattonton,60
2026-08-30T16:32:48Z,140,Summoner Silver Ring,28,0x469998f2fa8aaa2648fef6fc3902268f315195ef,mrgold,59
2026-08-30T16:32:48Z,140,Summoner Silver Ring,29,0x23244cc893df1ff2916ee2e492b65bec74b2760c,bunyoo,59
2026-08-30T16:32:48Z,140,Summoner Silver Ring,30,0x9b3ef1d5b7472560cf6241949b2485e456aa37a0,bush1do,57
2026-08-30T16:32:48Z,140,Summoner Silver Ring,31,0x3d385f04852ae078d10e2a420f928f227f3e63f3,kellox,56
2026-08-30T16:32:48Z,140,Summoner Silver Ring,32,0x3c49ca3eda0ce8413f9c433f04322827714c23c3,dmisky,56
2026-08-30T16:32:48Z,140,Summoner Silver Ring,33,0x4f03ea409e546d9ab7eaa6c9b481bcb99c8547e5,coinpie,54
2026-08-30T16:32:48Z,140,Summoner Silver Ring,34,0x90c1ed16e9b16db7d031f573d20bead430feb107,jablko,53
2026-08-30T16:32:48Z,140,Summoner Silver Ring,35,0x8ccb0988036cf9d2ca7b24ed46a57cf25ce6f92d,chosta,53
2026-08-30T16:32:48Z,140,Summoner Silver Ring,36,0x19342b9e3f123e373e24f1eea9bb5a1a935507fa,bigmommymilkers,52
2026-08-30T16:32:48Z,140,Summoner Silver Ring,37,0x55085ade6c1c39b64cd27099993c5dc933bbed35,bigdogga,50
2026-08-30T16:32:48Z,140,Summoner Silver Ring,38,0xa8a956a5690cc81bb367da2c2f6f1796be2b3c30,scottco,45
2026-08-30T16:32:48Z,140,Summoner Silver Ring,39,0x17e327bb2fdb1a17d9a369e3dd985406ec3824ca,gracieabrams,41
2026-08-30T16:32:48Z,140,Summoner Silver Ring,40,0x2700043667f8f02edda9fd599c54ff6de0c257a7,kalikula,41
2026-08-30T16:32:48Z,140,Summoner Silver Ring,41,0x9c991a85b090aae221ef8418e3ca29279bf2500a,migs,40
2026-08-30T16:32:48Z,140,Summoner Silver Ring,42,0x5c71dc613419169afb7715038d41dde06ca4f9ab,hidrxxx,39
2026-08-30T16:32:48Z,140,Summoner Silver Ring,43,0xe4b1f5eb3da2195f8d41a052229a7eec3c4e6ed8,azoni,39
2026-08-30T16:32:48Z,140,Summoner Silver Ring,44,0xa036d0393a2c8073e6bb63170086e7dbeb1d04b1,okdk,39
2026-08-30T16:32:48Z,140,Summoner Silver Ring,45,0xcf29253e7c1e908d4091c9be85522893c77f0fc8,ciri,38
2026-08-30T16:32:48Z,140,Summoner Silver Ring,46,0x13fe8fe08a0d824cd44b8d13f813891b6532f59e,morror,38
2026-08-30T16:32:48Z,140,Summoner Silver Ring,47,0xff6bddba3937f03b495b4efb304194d2cbc488ca,lizardmafia,38
2026-08-30T16:32:48Z,140,Summoner Silver Ring,48,0x9a49c905c2cca8115d330572b494c6602aba6e1e,supportprime,38
2026-08-30T16:32:48Z,140,Summoner Silver Ring,49,0xfb4f086ba201a8f32805eb82a431a1dacc3f08b2,obivan,35
2026-08-30T16:32:48Z,140,Summoner Silver Ring,50,0xef58ad6d6bcaf054da34948c88e7e91a052dc0fa,kraven,34
2026-08-30T16:32:48Z,140,Summoner Silver Ring,51,0xc3ae9ac69d672368539413235938277ce19fc270,bollin,34
2026-08-30T16:32:48Z,140,Summoner Silver Ring,52,0xbbdca17d69518306b61d26b54b5a6c61e6c0bba1,9stx6,34
2026-08-30T16:32:48Z,140,Summoner Silver Ring,53,0xb0f42c12dd7e28f0deafe74fdf603782c430f896,stellarhobbes,31
2026-08-30T16:32:48Z,140,Summoner Silver Ring,54,0x549300f79fb33ba2e77344e58b064ede194ef99a,okeydokey,31
2026-08-30T16:32:48Z,140,Summoner Silver Ring,55,0x4ebc17059cfc143d86fb92ed707805d68142e3ec,ponziscam,30
2026-08-30T16:32:48Z,140,Summoner Silver Ring,56,0x6f8b27fe779070967417cc02447b231b5c14b843,souvx,30
2026-08-30T16:32:48Z,140,Summoner Silver Ring,57,0xb4c3602689229297d255974e90ce4954d9380104,bkbk,30
2026-08-30T16:32:48Z,140,Summoner Silver Ring,58,0xfa22eafe991cd1166ee4b5ba8236e1eba9105a54,grimreaper,30
2026-08-30T16:32:48Z,140,Summoner Silver Ring,59,0x1114d62a0148f458040fbf2ddb945560398ca5f0,soma,30
2026-08-30T16:32:48Z,140,Summoner Silver Ring,60,0xafe00172cf96544d610bf9b70d549a5e89b83f2d,hungryjay,29
2026-08-30T16:32:48Z,140,Summoner Silver Ring,61,0xb29f073a9e2946d805714c9030b191ee6afed445,hitagi,29
2026-08-30T16:32:48Z,140,Summoner Silver Ring,62,0x999eba5d7ad0e1a53ea600c384356a288381d09e,dbmafia,28
2026-08-30T16:32:48Z,140,Summoner Silver Ring,63,0xa134a3dfa4cb010873db8012d5b360d97ba80c28,winner,28
2026-08-30T16:32:48Z,140,Summoner Silver Ring,64,0x32cb224f344a9aa22c5d2e699f24d3928e6ca06f,d3r0,28
2026-08-30T16:32:48Z,140,Summoner Silver Ring,65,0x60ce92f21269cd871a7910e28f0c59a82c05388a,sinon,27
2026-08-30T16:32:48Z,140,Summoner Silver Ring,66,0x22241868ad341e77e2bc9142816000f43641e280,zoro,27
2026-08-30T16:32:48Z,140,Summoner Silver Ring,67,0xe614c47b2b04e2a7a6d660844ffc965d6b86d2f6,gem4ik,27
2026-08-30T16:32:48Z,140,Summoner Silver Ring,68,0x5168a8f95a5bce4f4918884b2db51132d8f3bbf1,neveli,27
2026-08-30T16:32:48Z,140,Summoner Silver Ring,69,0x130eab55f6941f66d4806532d9242cf969b4f036,frontdown,26
2026-08-30T16:32:48Z,140,Summoner Silver Ring,70,0x161f91374506a85ed9063e90c4c217d8697d6471,proofofely,26
2026-08-30T16:32:48Z,140,Summoner Silver Ring,71,0x844d58714aa3fed998f898cbce1b0ddc4550304f,jiren,26
2026-08-30T16:32:48Z,140,Summoner Silver Ring,72,0x4c53b2e646a3e01c2b22497753b1560029b5166b,gusine,26
2026-08-30T16:32:48Z,140,Summoner Silver Ring,73,0xfbfc822ee4989b2b4b9b18e4035ff72335cbb16e,jame7,25
2026-08-30T16:32:48Z,140,Summoner Silver Ring,74,0x28b88b45c3309fa9940cd8c0c0212636ca364417,forfree,25
2026-08-30T16:32:48Z,140,Summoner Silver Ring,75,0x25fb85df6ac78c8b63e5e2b10e31fa36e72c2d38,bigpenis,25
2026-08-30T16:32:48Z,140,Summoner Silver Ring,76,0xfc32e5cfbea49a2f1d21936eec0a7722a6c2d4a7,tacolauncher,24
2026-08-30T16:32:48Z,140,Summoner Silver Ring,77,0xe510f33bf4792fcca24daa4ede08e4f228950a25,duub,24
2026-08-30T16:32:48Z,140,Summoner Silver Ring,78,0x15c0c948d3ea9a67b05319f40871de7bf5003db3,przyborleonedw,24
2026-08-30T16:32:48Z,140,Summoner Silver Ring,79,0x9ce44e274bce511788c6ac81eafdb71fe920d4ee,deanoxbt,24
2026-08-30T16:32:48Z,140,Summoner Silver Ring,80,0x663ac0e621bd9bbd47100768d3ce98f0e25a7b21,skoheels,24
2026-08-30T16:32:48Z,140,Summoner Silver Ring,81,0xeff6c4dcd2b79f502d5d7cb6e6daf70f2536daef,syta,24
2026-08-30T16:32:48Z,140,Summoner Silver Ring,82,0x7528c1732168ace7027b18ec184d8cd6984f9eac,druid,24
2026-08-30T16:32:48Z,140,Summoner Silver Ring,83,0xb0d90d52c7389824d4b22c06bcdccd734e3162b7,ezsnipe,23
2026-08-30T16:32:48Z,140,Summoner Silver Ring,84,0x83becb55eff583800cf1a9a2c03dd4b0fa4d7351,apix,23
2026-08-30T16:32:48Z,140,Summoner Silver Ring,85,0xf4e5fe848287a6be3c9b19bc735f16c1a3d799f3,ericargent,22
2026-08-30T16:32:48Z,140,Summoner Silver Ring,86,0xdcf62adfc2193b3997947424583654689bcfd391,tekmeneth,22
2026-08-30T16:32:48Z,140,Summoner Silver Ring,87,0x07484b5b823bb4ec3f1a7ae7eb5e3fffb7bbe09c,agema,22
2026-08-30T16:32:48Z,140,Summoner Silver Ring,88,0x908c7c7f0266da791bae52b9ecac8c34ca73d9f4,mangas,22
2026-08-30T16:32:48Z,140,Summoner Silver Ring,89,0x5f90cae78f02a95633e596c1841c6ef41fb431b2,pechou,22
2026-08-30T16:32:48Z,140,Summoner Silver Ring,90,0x0faebef50879f4488e75ea7d2b122794f5473d1f,noobnopls,21
2026-08-30T16:32:48Z,140,Summoner Silver Ring,91,0x9271e9969b98083d53bcf3c82ecf2a87b717500d,fefer,21
2026-08-30T16:32:48Z,140,Summoner Silver Ring,92,0x33973ffb41add93b49227241566d3e5fc9ad904b,schemedream,21
2026-08-30T16:32:48Z,140,Summoner Silver Ring,93,0xe5ec5ac7505d5fe893a58e0f2d4bb597d07f439d,bell_kraner,21
2026-08-30T16:32:48Z,140,Summoner Silver Ring,94,0x2b23160efeecef48d78175e9dc8c5a7b16a42fce,luter,21
2026-08-30T16:32:48Z,140,Summoner Silver Ring,95,0xb7a4d02f0d2c634b2bb5d1c83df8b5539baa79e8,velynet,21
2026-08-30T16:32:48Z,140,Summoner Silver Ring,96,0xfb8b5790a0fe64729cdf21263d5538b09921d336,method,21
2026-08-30T16:32:48Z,140,Summoner Silver Ring,97,0xc415a02bba63fae3eafb9400d8cff3a157a3b93d,naruto,20
2026-08-30T16:32:48Z,140,Summoner Silver Ring,98,0xd82311e0ddcff7cad1be090763d4f6d7ba1c290a,vims,20
2026-08-30T16:32:48Z,140,Summoner Silver Ring,99,0x92569bee8c8b9c1df1c283a0409fcc2b2fede157,phalanx,20
2026-08-30T16:32:48Z,140,Summoner Silver Ring,100,0x0c66182a8e638475b0b14150a33b2f1a787e4d27,lazymasta,20
2026-08-30T16:32:48Z,243,Golden Archon Ring,1,0x69c4cc0147fbc23965896fb18a1ccea92230ed1b,afropengu,287
2026-08-30T16:32:48Z,243,Golden Archon Ring,2,0xd678b718f70389dbdd2d447df23333641e8f7480,yanik,145
2026-08-30T16:32:48Z,243,Golden Archon Ring,3,0x73a9ffdaaf53723f1d08403f613870cddd6e18fc,suspicious,135
2026-08-30T16:32:48Z,243,Golden Archon Ring,4,0x90c1ed16e9b16db7d031f573d20bead430feb107,jablko,88
2026-08-30T16:32:48Z,243,Golden Archon Ring,5,0x0ee9318275c37f0e635bb7c8a455ade252cecf1f,georgysogood,67
2026-08-30T16:32:48Z,243,Golden Archon Ring,6,0x2a2376e5e9981c19b15af64d2cdb57c9b94eb1f6,xiskool,62
2026-08-30T16:32:48Z,243,Golden Archon Ring,7,0xfd0cb86676ba86e3033f1d6d333b342880f336df,677willwin,61
2026-08-30T16:32:48Z,243,Golden Archon Ring,8,0xeed7c6b2af48249a040c9e5d59437670889c7e07,lilwassie,57
2026-08-30T16:32:48Z,243,Golden Archon Ring,9,0xac06dbd4f2b1b174dbb3b67449f0f4245f0f3bc3,spanish,57
2026-08-30T16:32:48Z,243,Golden Archon Ring,10,0x19342b9e3f123e373e24f1eea9bb5a1a935507fa,bigmommymilkers,56
2026-08-30T16:32:48Z,243,Golden Archon Ring,11,0xbdecab53bb16b74aa1a1715cc4b80db641eac9da,rxch,54
2026-08-30T16:32:48Z,243,Golden Archon Ring,12,0xbcbcccae5efd1dab247e6428e9e20a9fda8c5abd,oneindigheid,49
2026-08-30T16:32:48Z,243,Golden Archon Ring,13,0x9dc70f5472a88f3eefa4d515a6b1ec94d9d30d13,sidlovskyy,48
2026-08-30T16:32:48Z,243,Golden Archon Ring,14,0xf00dfac3af2f5b38fe55d50ccf8ffa8c293ea161,dudendy,45
2026-08-30T16:32:48Z,243,Golden Archon Ring,15,0x0a42a67154221c44c9eae98eb7f9cbff2d269a0e,cassowary,41
2026-08-30T16:32:48Z,243,Golden Archon Ring,16,0x4f03ea409e546d9ab7eaa6c9b481bcb99c8547e5,coinpie,36
2026-08-30T16:32:48Z,243,Golden Archon Ring,17,0x0357294131b3d5b23c84dfa8e38d7e54358f8ba8,kaiken888,36
2026-08-30T16:32:48Z,243,Golden Archon Ring,18,0x02764ae21333f5777b44cdded3a654a340176fff,bh3320,36
2026-08-30T16:32:48Z,243,Golden Archon Ring,19,0x8ccb0988036cf9d2ca7b24ed46a57cf25ce6f92d,chosta,35
2026-08-30T16:32:48Z,243,Golden Archon Ring,20,0x5d94f14bafdc6920e462abaa8285d680d4dfa069,tofu,34
2026-08-30T16:32:48Z,243,Golden Archon Ring,21,0x388d510f0f11ba0762e8c7212645ed873c17a204,otabart,32
2026-08-30T16:32:48Z,243,Golden Archon Ring,22,0x7b937e99c1458a485a035a0f06b9d8bf5f842a05,lameak,32
2026-08-30T16:32:48Z,243,Golden Archon Ring,23,0x688410dbc8c331f5945eafc659ae721a447ae975,igloo,29
2026-08-30T16:32:48Z,243,Golden Archon Ring,24,0x3629d88069124258ef6bb99c9080d064f42e7206,grumpy,27
2026-08-30T16:32:48Z,243,Golden Archon Ring,25,0xbbbfe4cc5c3924f19f6e36e66448b2e3a126b111,cryptologist,27
2026-08-30T16:32:48Z,243,Golden Archon Ring,26,0x95233e2ec170b4ba0e2208c1ec89f3b87f8b18c7,gambit,25
2026-08-30T16:32:48Z,243,Golden Archon Ring,27,0x7b761e4389daf5581708bfe1a26b5d45cc279f2f,gordongrowth,19
2026-08-30T16:32:48Z,243,Golden Archon Ring,28,0xf3143c8e4469a271fa2be6d8775ca2b3bdccf4e2,rmty,15
2026-08-30T16:32:48Z,243,Golden Archon Ring,29,0x92569bee8c8b9c1df1c283a0409fcc2b2fede157,phalanx,15
2026-08-30T16:32:48Z,243,Golden Archon Ring,30,0xafe00172cf96544d610bf9b70d549a5e89b83f2d,hungryjay,14
2026-08-30T16:32:48Z,243,Golden Archon Ring,31,0x33973ffb41add93b49227241566d3e5fc9ad904b,schemedream,14
2026-08-30T16:32:48Z,243,Golden Archon Ring,32,0x381dd397e721c72ce321a1ebaf96ce04f4422ac0,suckmydirtydick,12
2026-08-30T16:32:48Z,243,Golden Archon Ring,33,0xeb16cc074e0d3a6c87c0c45a6eced5ef92424b31,wiseadmiral,12
2026-08-30T16:32:48Z,243,Golden Archon Ring,34,0xc3ae9ac69d672368539413235938277ce19fc270,bollin,11
2026-08-30T16:32:48Z,243,Golden Archon Ring,35,0x18db144b2f18b025c1f7ee1d86b422fe864ba477,royven,11
2026-08-30T16:32:48Z,243,Golden Archon Ring,36,0x5ab272231e653c2265bdfae58310021bca37152e,tufbeast,11
2026-08-30T16:32:48Z,243,Golden Archon Ring,37,0x3c49ca3eda0ce8413f9c433f04322827714c23c3,dmisky,11
2026-08-30T16:32:48Z,243,Golden Archon Ring,38,0x3d385f04852ae078d10e2a420f928f227f3e63f3,kellox,10
2026-08-30T16:32:48Z,243,Golden Archon Ring,39,0x99278037b2150c577ef1038ceca08db8684bba95,0xfuture,9
2026-08-30T16:32:48Z,243,Golden Archon Ring,40,0xd1c76125cb2751750ddb2afded780c6f5b7a3cbc,kace,9
2026-08-30T16:32:48Z,243,Golden Archon Ring,41,0xb0d90d52c7389824d4b22c06bcdccd734e3162b7,ezsnipe,8
2026-08-30T16:32:48Z,243,Golden Archon Ring,42,0x9c991a85b090aae221ef8418e3ca29279bf2500a,migs,8
2026-08-30T16:32:48Z,243,Golden Archon Ring,43,0xc577c2f43ffba49d965a8c153f330ba3daad3b73,snake,7
2026-08-30T16:32:48Z,243,Golden Archon Ring,44,0x4366b9a2417631b2647a8d67608638d973fade33,epicser,7
2026-08-30T16:32:48Z,243,Golden Archon Ring,45,0xce3bc9c7e6b1a4082f9853f6f796e604148b2583,classicj,7
2026-08-30T16:32:48Z,243,Golden Archon Ring,46,0x4ec977a8e80c4099a44f8ae53a48281448471342,terrestra,7
2026-08-30T16:32:48Z,243,Golden Archon Ring,47,0x0fec947904065bf920e97aae5042ef1e31268e76,matcha,6
2026-08-30T16:32:48Z,243,Golden Archon Ring,48,0xd15481578c11b4e5b8f241c412899a0bdd704408,wholistic,6
2026-08-30T16:32:48Z,243,Golden Archon Ring,49,0xf343348aef03fea785a6a55f1db870c94f6afb4f,billybob,6
2026-08-30T16:32:48Z,243,Golden Archon Ring,50,0x67369c3e524d370daebc36d9ab3320fafc71eead,roblox,6
2026-08-30T16:32:48Z,243,Golden Archon Ring,51,0x60928ba6d7bdc6459244155fc3f350a116cdf424,mildcapital,6
2026-08-30T16:32:48Z,243,Golden Archon Ring,52,0xf3eaf60c6be58eb9853e71219801c06ad8969f0e,relicguy,6
2026-08-30T16:32:48Z,243,Golden Archon Ring,53,0x6479013c37f56cecc6e77fcfece208645324f5cb,lightning,6
2026-08-30T16:32:48Z,243,Golden Archon Ring,54,0x1a5fd36d4b15dd6b5f6eba46c42b1fa697fa4f3a,melbo,5
2026-08-30T16:32:48Z,243,Golden Archon Ring,55,0x0b2291da8091128352c2464f1072cf4211144744,moritz,5
2026-08-30T16:32:48Z,243,Golden Archon Ring,56,0x9b3ef1d5b7472560cf6241949b2485e456aa37a0,bush1do,5
2026-08-30T16:32:48Z,243,Golden Archon Ring,57,0x161f91374506a85ed9063e90c4c217d8697d6471,proofofely,5
2026-08-30T16:32:48Z,243,Golden Archon Ring,58,0x2c685f23808bc7b6adda1fd7b6949c5e2db97eb0,bubba,5
2026-08-30T16:32:48Z,243,Golden Archon Ring,59,0x7a10d45c461e81e24796f9c83b584756876d24d7,stakeoor,5
2026-08-30T16:32:48Z,243,Golden Archon Ring,60,0x844d58714aa3fed998f898cbce1b0ddc4550304f,jiren,5
2026-08-30T16:32:48Z,243,Golden Archon Ring,61,0x49826f26fd526c52c7b18d0f2866b6e158328eec,lilvibe,5
2026-08-30T16:32:48Z,243,Golden Archon Ring,62,0xca73ac7782813b76ba0962babf3c083407dd3e15,aruun,5
2026-08-30T16:32:48Z,243,Golden Archon Ring,63,0xe90a9bdb63e9ba04a7f3e95140ff803f2f377f5e,vova,5
2026-08-30T16:32:48Z,243,Golden Archon Ring,64,0x867a70d280830fc91f5441449ef37dfa403924a8,eydrian,5
2026-08-30T16:32:48Z,243,Golden Archon Ring,65,0xef58ad6d6bcaf054da34948c88e7e91a052dc0fa,kraven,4
2026-08-30T16:32:48Z,243,Golden Archon Ring,66,0xfff195795e606cbfa76e1c72c7ed6731df91d83d,pan1c,4
2026-08-30T16:32:48Z,243,Golden Archon Ring,67,0xf1555fc668883d57b7146c50bbb8777ca85ef929,pudgy7590,4
2026-08-30T16:32:48Z,243,Golden Archon Ring,68,0x3eda210ff41e2b2d1658ca5ebe0b80a376c7e0f4,astarta,4
2026-08-30T16:32:48Z,243,Golden Archon Ring,69,0x9e3eddb26f9ce62782e544f2a5366c4e2296bce2,og_ayri,4
2026-08-30T16:32:48Z,243,Golden Archon Ring,70,0x89ca1ffe78d575447514790ea0b141c7c44d9332,tice,4
2026-08-30T16:32:48Z,243,Golden Archon Ring,71,0x1114d62a0148f458040fbf2ddb945560398ca5f0,soma,4
2026-08-30T16:32:48Z,243,Golden Archon Ring,72,0x1494b3e636c533ffd78d467de090102595244d06,anduron,4
2026-08-30T16:32:48Z,243,Golden Archon Ring,73,0x8a39e43d0aac1b7bedc81f8100e3603323092f0d,kfay34,4
2026-08-30T16:32:48Z,243,Golden Archon Ring,74,0x562ffbc839b608e35646e9de40591b5145bcc6f5,aizcalibur,3
2026-08-30T16:32:48Z,243,Golden Archon Ring,75,0xb703799d9f485852c9394a8b2cdb39f5590fd65f,gaijin,3
2026-08-30T16:32:48Z,243,Golden Archon Ring,76,0x4ebc17059cfc143d86fb92ed707805d68142e3ec,ponziscam,3
2026-08-30T16:32:48Z,243,Golden Archon Ring,77,0x22b1b83ed37b2f6e73d11c5ab4603b64edc7aafc,genius,3
2026-08-30T16:32:48Z,243,Golden Archon Ring,78,0x0649976f6dd8a2589af8790076f2c08909dd9337,debora,3
2026-08-30T16:32:48Z,243,Golden Archon Ring,79,0x0d1df94f0106ce5bd92138d43c8551cad530c169,vermo,3
2026-08-30T16:32:48Z,243,Golden Archon Ring,80,0xdbd4749050752504d9017484f82a75dff9592cd1,tron,3
2026-08-30T16:32:48Z,243,Golden Archon Ring,81,0xd241569d27278c7dc650aa6808356f21589b7b27,ziirup,3
2026-08-30T16:32:48Z,243,Golden Archon Ring,82,0xa8a956a5690cc81bb367da2c2f6f1796be2b3c30,scottco,3
2026-08-30T16:32:48Z,243,Golden Archon Ring,83,0xe910db7af916d287b3d3117abcb5fa9e0932a1c9,knyaz,3
2026-08-30T16:32:48Z,243,Golden Archon Ring,84,0xe9b489ff145ac7d8eca36c3b5c29e1be7f2281b9,laggin,3
2026-08-30T16:32:48Z,243,Golden Archon Ring,85,0x81223fbb85c4c7e2abef9abbc9508dfc97a731b3,buster,2
2026-08-30T16:32:48Z,243,Golden Archon Ring,86,0x301b116c45eb6971f6695578e2a6483b4dc5d73b,dvinar77,2
2026-08-30T16:32:48Z,243,Golden Archon Ring,87,0xebec21ad1ebcfae69f96b7ca96839e5594fbadd1,therec,2
2026-08-30T16:32:48Z,243,Golden Archon Ring,88,0xe4c92dfd2b82ff488ee4e0744e78959f8cc2c24c,jonh94,2
2026-08-30T16:32:48Z,243,Golden Archon Ring,89,0x5c4eccb4a3a7082a75c01c7608ea35f4350630a6,sedicol,2
2026-08-30T16:32:48Z,243,Golden Archon Ring,90,0xea04f13937031d59bf466c9c79d70a9c41a79a4a,sandsman,2
2026-08-30T16:32:48Z,243,Golden Archon Ring,91,0x8c86b43762e80f15a483dba543a31cd96e48e456,n00b,2
2026-08-30T16:32:48Z,243,Golden Archon Ring,92,0x551d5bcbc8f2df0d3ce3b6e8f1e58fe27a68eb7a,kudrry,2
2026-08-30T16:32:48Z,243,Golden Archon Ring,93,0x94692aeb630122b221b2950c2fef4f4f4a5fdf78,rubiks,2
2026-08-30T16:32:48Z,243,Golden Archon Ring,94,0x08a2d01e6e306911ea7032077cf0bf924a1092ea,lemz,2
2026-08-30T16:32:48Z,243,Golden Archon Ring,95,0x8ed20f071287100fafca51c94b5d6d0d8340aef9,joseprust,2
2026-08-30T16:32:48Z,243,Golden Archon Ring,96,0xeb91cfe8979567c1f9e30bd7de9f2968b7e706f7,5324r2df,2
2026-08-30T16:32:48Z,243,Golden Archon Ring,97,0x2364ba6f0d907507a9e669033d9dad99b227cc01,weather,2
2026-08-30T16:32:48Z,243,Golden Archon Ring,98,0xbb8e371d6cd17379c5f0f1076b3d9aea5b4e57d5,disinfettante,2
2026-08-30T16:32:48Z,243,Golden Archon Ring,99,0x32129ebc0288e2c4e8d109164a968992395f8548,cb11,2
2026-08-30T16:32:48Z,243,Golden Archon Ring,100,0x549300f79fb33ba2e77344e58b064ede194ef99a,okeydokey,2
2026-08-30T16:32:48Z,244,Golden Athena Ring,1,0x69c4cc0147fbc23965896fb18a1ccea92230ed1b,afropengu,420
2026-08-30T16:32:48Z,244,Golden Athena Ring,2,0x73a9ffdaaf53723f1d08403f613870cddd6e18fc,suspicious,123
2026-08-30T16:32:48Z,244,Golden Athena Ring,3,0xf00dfac3af2f5b38fe55d50ccf8ffa8c293ea161,dudendy,72
2026-08-30T16:32:48Z,244,Golden Athena Ring,4,0x0ee9318275c37f0e635bb7c8a455ade252cecf1f,georgysogood,65
2026-08-30T16:32:48Z,244,Golden Athena Ring,5,0x2a2376e5e9981c19b15af64d2cdb57c9b94eb1f6,xiskool,65
2026-08-30T16:32:48Z,244,Golden Athena Ring,6,0x19342b9e3f123e373e24f1eea9bb5a1a935507fa,bigmommymilkers,63
2026-08-30T16:32:48Z,244,Golden Athena Ring,7,0xbcbcccae5efd1dab247e6428e9e20a9fda8c5abd,oneindigheid,56
2026-08-30T16:32:48Z,244,Golden Athena Ring,8,0xeed7c6b2af48249a040c9e5d59437670889c7e07,lilwassie,54
2026-08-30T16:32:48Z,244,Golden Athena Ring,9,0xc3ae9ac69d672368539413235938277ce19fc270,bollin,52
2026-08-30T16:32:48Z,244,Golden Athena Ring,10,0x9dc70f5472a88f3eefa4d515a6b1ec94d9d30d13,sidlovskyy,51
2026-08-30T16:32:48Z,244,Golden Athena Ring,11,0xbdecab53bb16b74aa1a1715cc4b80db641eac9da,rxch,50
2026-08-30T16:32:48Z,244,Golden Athena Ring,12,0x5d94f14bafdc6920e462abaa8285d680d4dfa069,tofu,48
2026-08-30T16:32:48Z,244,Golden Athena Ring,13,0xac06dbd4f2b1b174dbb3b67449f0f4245f0f3bc3,spanish,47
2026-08-30T16:32:48Z,244,Golden Athena Ring,14,0x0357294131b3d5b23c84dfa8e38d7e54358f8ba8,kaiken888,43
2026-08-30T16:32:48Z,244,Golden Athena Ring,15,0xeff6c4dcd2b79f502d5d7cb6e6daf70f2536daef,syta,42
2026-08-30T16:32:48Z,244,Golden Athena Ring,16,0x3629d88069124258ef6bb99c9080d064f42e7206,grumpy,38
2026-08-30T16:32:48Z,244,Golden Athena Ring,17,0x90c1ed16e9b16db7d031f573d20bead430feb107,jablko,36
2026-08-30T16:32:48Z,244,Golden Athena Ring,18,0x688410dbc8c331f5945eafc659ae721a447ae975,igloo,35
2026-08-30T16:32:48Z,244,Golden Athena Ring,19,0x0a42a67154221c44c9eae98eb7f9cbff2d269a0e,cassowary,35
2026-08-30T16:32:48Z,244,Golden Athena Ring,20,0xfd0cb86676ba86e3033f1d6d333b342880f336df,677willwin,33
2026-08-30T16:32:48Z,244,Golden Athena Ring,21,0x8ccb0988036cf9d2ca7b24ed46a57cf25ce6f92d,chosta,33
2026-08-30T16:32:48Z,244,Golden Athena Ring,22,0xbbbfe4cc5c3924f19f6e36e66448b2e3a126b111,cryptologist,26
2026-08-30T16:32:48Z,244,Golden Athena Ring,23,0x7b761e4389daf5581708bfe1a26b5d45cc279f2f,gordongrowth,26
2026-08-30T16:32:48Z,244,Golden Athena Ring,24,0x388d510f0f11ba0762e8c7212645ed873c17a204,otabart,24
2026-08-30T16:32:48Z,244,Golden Athena Ring,25,0x7b937e99c1458a485a035a0f06b9d8bf5f842a05,lameak,24
2026-08-30T16:32:48Z,244,Golden Athena Ring,26,0x02764ae21333f5777b44cdded3a654a340176fff,bh3320,22
2026-08-30T16:32:48Z,244,Golden Athena Ring,27,0x4f03ea409e546d9ab7eaa6c9b481bcb99c8547e5,coinpie,20
2026-08-30T16:32:48Z,244,Golden Athena Ring,28,0x381dd397e721c72ce321a1ebaf96ce04f4422ac0,suckmydirtydick,19
2026-08-30T16:32:48Z,244,Golden Athena Ring,29,0xafe00172cf96544d610bf9b70d549a5e89b83f2d,hungryjay,17
2026-08-30T16:32:48Z,244,Golden Athena Ring,30,0xb0d90d52c7389824d4b22c06bcdccd734e3162b7,ezsnipe,16
2026-08-30T16:32:48Z,244,Golden Athena Ring,31,0xd678b718f70389dbdd2d447df23333641e8f7480,yanik,16
2026-08-30T16:32:48Z,244,Golden Athena Ring,32,0x95233e2ec170b4ba0e2208c1ec89f3b87f8b18c7,gambit,16
2026-08-30T16:32:48Z,244,Golden Athena Ring,33,0x9c991a85b090aae221ef8418e3ca29279bf2500a,migs,16
2026-08-30T16:32:48Z,244,Golden Athena Ring,34,0x4366b9a2417631b2647a8d67608638d973fade33,epicser,16
2026-08-30T16:32:48Z,244,Golden Athena Ring,35,0x33973ffb41add93b49227241566d3e5fc9ad904b,schemedream,15
2026-08-30T16:32:48Z,244,Golden Athena Ring,36,0x319d278581e5e5a49ef80e795fe81225d9a15200,icedcoffee,15
2026-08-30T16:32:48Z,244,Golden Athena Ring,37,0x92569bee8c8b9c1df1c283a0409fcc2b2fede157,phalanx,15
2026-08-30T16:32:48Z,244,Golden Athena Ring,38,0x1a5fd36d4b15dd6b5f6eba46c42b1fa697fa4f3a,melbo,13
2026-08-30T16:32:48Z,244,Golden Athena Ring,39,0xeb16cc074e0d3a6c87c0c45a6eced5ef92424b31,wiseadmiral,13
2026-08-30T16:32:48Z,244,Golden Athena Ring,40,0x18db144b2f18b025c1f7ee1d86b422fe864ba477,royven,12
2026-08-30T16:32:48Z,244,Golden Athena Ring,41,0xc577c2f43ffba49d965a8c153f330ba3daad3b73,snake,11
2026-08-30T16:32:48Z,244,Golden Athena Ring,42,0x161f91374506a85ed9063e90c4c217d8697d6471,proofofely,11
2026-08-30T16:32:48Z,244,Golden Athena Ring,43,0xd95d6ce6572622168a97d664c2fb3621f6f7e9e1,crusadertr,10
2026-08-30T16:32:48Z,244,Golden Athena Ring,44,0xce3bc9c7e6b1a4082f9853f6f796e604148b2583,classicj,10
2026-08-30T16:32:48Z,244,Golden Athena Ring,45,0xe90a9bdb63e9ba04a7f3e95140ff803f2f377f5e,vova,10
2026-08-30T16:32:48Z,244,Golden Athena Ring,46,0x4ec977a8e80c4099a44f8ae53a48281448471342,terrestra,9
2026-08-30T16:32:48Z,244,Golden Athena Ring,47,0x0fec947904065bf920e97aae5042ef1e31268e76,matcha,8
2026-08-30T16:32:48Z,244,Golden Athena Ring,48,0x3d385f04852ae078d10e2a420f928f227f3e63f3,kellox,8
2026-08-30T16:32:48Z,244,Golden Athena Ring,49,0xef58ad6d6bcaf054da34948c88e7e91a052dc0fa,kraven,8
2026-08-30T16:32:48Z,244,Golden Athena Ring,50,0x2dad623c8e23645751d0671adb4a02b246285515,fragi,8
2026-08-30T16:32:48Z,244,Golden Athena Ring,51,0x5ab272231e653c2265bdfae58310021bca37152e,tufbeast,8
2026-08-30T16:32:48Z,244,Golden Athena Ring,52,0x397432e390b1916284b47ea19904c0f31e8241bf,umame,7
2026-08-30T16:32:48Z,244,Golden Athena Ring,53,0x23244cc893df1ff2916ee2e492b65bec74b2760c,bunyoo,7
2026-08-30T16:32:48Z,244,Golden Athena Ring,54,0x1494b3e636c533ffd78d467de090102595244d06,anduron,7
2026-08-30T16:32:48Z,244,Golden Athena Ring,55,0xe9b489ff145ac7d8eca36c3b5c29e1be7f2281b9,laggin,7
2026-08-30T16:32:48Z,244,Golden Athena Ring,56,0xb703799d9f485852c9394a8b2cdb39f5590fd65f,gaijin,6
2026-08-30T16:32:48Z,244,Golden Athena Ring,57,0x67369c3e524d370daebc36d9ab3320fafc71eead,roblox,6
2026-08-30T16:32:48Z,244,Golden Athena Ring,58,0x08f4fc19fdee64babf4bda2b0b6e30d3b8683025,aponroflon,6
2026-08-30T16:32:48Z,244,Golden Athena Ring,59,0xd1c76125cb2751750ddb2afded780c6f5b7a3cbc,kace,6
2026-08-30T16:32:48Z,244,Golden Athena Ring,60,0x844d58714aa3fed998f898cbce1b0ddc4550304f,jiren,5
2026-08-30T16:32:48Z,244,Golden Athena Ring,61,0xfff195795e606cbfa76e1c72c7ed6731df91d83d,pan1c,4
2026-08-30T16:32:48Z,244,Golden Athena Ring,62,0x0b2291da8091128352c2464f1072cf4211144744,moritz,4
2026-08-30T16:32:48Z,244,Golden Athena Ring,63,0x2c685f23808bc7b6adda1fd7b6949c5e2db97eb0,bubba,4
2026-08-30T16:32:48Z,244,Golden Athena Ring,64,0x9e3eddb26f9ce62782e544f2a5366c4e2296bce2,og_ayri,4
2026-08-30T16:32:48Z,244,Golden Athena Ring,65,0x89ca1ffe78d575447514790ea0b141c7c44d9332,tice,4
2026-08-30T16:32:48Z,244,Golden Athena Ring,66,0xca73ac7782813b76ba0962babf3c083407dd3e15,aruun,4
2026-08-30T16:32:48Z,244,Golden Athena Ring,67,0x55085ade6c1c39b64cd27099993c5dc933bbed35,bigdogga,4
2026-08-30T16:32:48Z,244,Golden Athena Ring,68,0xf3eaf60c6be58eb9853e71219801c06ad8969f0e,relicguy,4
2026-08-30T16:32:48Z,244,Golden Athena Ring,69,0x6479013c37f56cecc6e77fcfece208645324f5cb,lightning,4
2026-08-30T16:32:48Z,244,Golden Athena Ring,70,0xc1e6ace238f76e7ee3295063fedf6dfd97e176fd,leighjam,3
2026-08-30T16:32:48Z,244,Golden Athena Ring,71,0x4ebc17059cfc143d86fb92ed707805d68142e3ec,ponziscam,3
2026-08-30T16:32:48Z,244,Golden Athena Ring,72,0x5c4eccb4a3a7082a75c01c7608ea35f4350630a6,sedicol,3
2026-08-30T16:32:48Z,244,Golden Athena Ring,73,0xea04f13937031d59bf466c9c79d70a9c41a79a4a,sandsman,3
2026-08-30T16:32:48Z,244,Golden Athena Ring,74,0xd15481578c11b4e5b8f241c412899a0bdd704408,wholistic,3
2026-08-30T16:32:48Z,244,Golden Athena Ring,75,0x8c86b43762e80f15a483dba543a31cd96e48e456,n00b,3
2026-08-30T16:32:48Z,244,Golden Athena Ring,76,0x3eda210ff41e2b2d1658ca5ebe0b80a376c7e0f4,astarta,3
2026-08-30T16:32:48Z,244,Golden Athena Ring,77,0xf343348aef03fea785a6a55f1db870c94f6afb4f,billybob,3
2026-08-30T16:32:48Z,244,Golden Athena Ring,78,0x9b3ef1d5b7472560cf6241949b2485e456aa37a0,bush1do,3
2026-08-30T16:32:48Z,244,Golden Athena Ring,79,0x404965a95046bd5967692745a83231c1137e66e2,adfsjadjkjfsaj,3
2026-08-30T16:32:48Z,244,Golden Athena Ring,80,0x4114d3fa8a699361525340800abe77b875eae626,realenjoy,3
2026-08-30T16:32:48Z,244,Golden Athena Ring,81,0xe910db7af916d287b3d3117abcb5fa9e0932a1c9,knyaz,3
2026-08-30T16:32:48Z,244,Golden Athena Ring,82,0x6ff9be05b6b101881ffd4f483e630e18268fe134,vitlus,3
2026-08-30T16:32:48Z,244,Golden Athena Ring,83,0x867a70d280830fc91f5441449ef37dfa403924a8,eydrian,3
2026-08-30T16:32:48Z,244,Golden Athena Ring,84,0x3e32f9cffb3feb7aef785fd95eba13a1ab5a6c0e,perez,2
2026-08-30T16:32:48Z,244,Golden Athena Ring,85,0x68b474d81009c32ad79e50bd6263a5acc5ad1cd9,vangulia,2
2026-08-30T16:32:48Z,244,Golden Athena Ring,86,0x562ffbc839b608e35646e9de40591b5145bcc6f5,aizcalibur,2
2026-08-30T16:32:48Z,244,Golden Athena Ring,87,0xe4c92dfd2b82ff488ee4e0744e78959f8cc2c24c,jonh94,2
2026-08-30T16:32:48Z,244,Golden Athena Ring,88,0xd9233b0c7017055eb9cca10a95b214ac89fe905a,soroka,2
2026-08-30T16:32:48Z,244,Golden Athena Ring,89,0x56f4c6d5c5c41519a4823e3dae22167dd4544fce,behelit,2
2026-08-30T16:32:48Z,244,Golden Athena Ring,90,0x99278037b2150c577ef1038ceca08db8684bba95,0xfuture,2
2026-08-30T16:32:48Z,244,Golden Athena Ring,91,0x551d5bcbc8f2df0d3ce3b6e8f1e58fe27a68eb7a,kudrry,2
2026-08-30T16:32:48Z,244,Golden Athena Ring,92,0xf4f63d615772dd0a214a04aef7dacce9b7e1d28c,fizzy,2
2026-08-30T16:32:48Z,244,Golden Athena Ring,93,0x0649976f6dd8a2589af8790076f2c08909dd9337,debora,2
2026-08-30T16:32:48Z,244,Golden Athena Ring,94,0x0d1df94f0106ce5bd92138d43c8551cad530c169,vermo,2
2026-08-30T16:32:48Z,244,Golden Athena Ring,95,0xf3143c8e4469a271fa2be6d8775ca2b3bdccf4e2,rmty,2
2026-08-30T16:32:48Z,244,Golden Athena Ring,96,0xe1b2620511e4a989ec1c7ea80ac75555eae12828,soroky,2
2026-08-30T16:32:48Z,244,Golden Athena Ring,97,0x6cdaec838d799cc664dd421324d480b1592c9b5a,lilstaffx,2
2026-08-30T16:32:48Z,244,Golden Athena Ring,98,0xfbfc822ee4989b2b4b9b18e4035ff72335cbb16e,jame7,2
2026-08-30T16:32:48Z,244,Golden Athena Ring,99,0x16e76988594556819213eb2056a45a563debaf95,dirty,2
2026-08-30T16:32:48Z,244,Golden Athena Ring,100,0x7174f8e3a3a2b777911dd6be31d92631a5052ab0,0xkingyo,2
2026-08-30T16:32:48Z,245,Golden Chobo Ring,1,0x69c4cc0147fbc23965896fb18a1ccea92230ed1b,afropengu,316
2026-08-30T16:32:48Z,245,Golden Chobo Ring,2,0x73a9ffdaaf53723f1d08403f613870cddd6e18fc,suspicious,138
2026-08-30T16:32:48Z,245,Golden Chobo Ring,3,0xd678b718f70389dbdd2d447df23333641e8f7480,yanik,126
2026-08-30T16:32:48Z,245,Golden Chobo Ring,4,0xeed7c6b2af48249a040c9e5d59437670889c7e07,lilwassie,108
2026-08-30T16:32:48Z,245,Golden Chobo Ring,5,0x0ee9318275c37f0e635bb7c8a455ade252cecf1f,georgysogood,70
2026-08-30T16:32:48Z,245,Golden Chobo Ring,6,0xbdecab53bb16b74aa1a1715cc4b80db641eac9da,rxch,70
2026-08-30T16:32:48Z,245,Golden Chobo Ring,7,0x2a2376e5e9981c19b15af64d2cdb57c9b94eb1f6,xiskool,68
2026-08-30T16:32:48Z,245,Golden Chobo Ring,8,0x19342b9e3f123e373e24f1eea9bb5a1a935507fa,bigmommymilkers,62
2026-08-30T16:32:48Z,245,Golden Chobo Ring,9,0xbcbcccae5efd1dab247e6428e9e20a9fda8c5abd,oneindigheid,60
2026-08-30T16:32:48Z,245,Golden Chobo Ring,10,0xf00dfac3af2f5b38fe55d50ccf8ffa8c293ea161,dudendy,60
2026-08-30T16:32:48Z,245,Golden Chobo Ring,11,0x9dc70f5472a88f3eefa4d515a6b1ec94d9d30d13,sidlovskyy,58
2026-08-30T16:32:48Z,245,Golden Chobo Ring,12,0x02764ae21333f5777b44cdded3a654a340176fff,bh3320,54
2026-08-30T16:32:48Z,245,Golden Chobo Ring,13,0xac06dbd4f2b1b174dbb3b67449f0f4245f0f3bc3,spanish,52
2026-08-30T16:32:48Z,245,Golden Chobo Ring,14,0xfd0cb86676ba86e3033f1d6d333b342880f336df,677willwin,45
2026-08-30T16:32:48Z,245,Golden Chobo Ring,15,0x3629d88069124258ef6bb99c9080d064f42e7206,grumpy,41
2026-08-30T16:32:48Z,245,Golden Chobo Ring,16,0x0357294131b3d5b23c84dfa8e38d7e54358f8ba8,kaiken888,39
2026-08-30T16:32:48Z,245,Golden Chobo Ring,17,0xbbbfe4cc5c3924f19f6e36e66448b2e3a126b111,cryptologist,35
2026-08-30T16:32:48Z,245,Golden Chobo Ring,18,0xafe00172cf96544d610bf9b70d549a5e89b83f2d,hungryjay,31
2026-08-30T16:32:48Z,245,Golden Chobo Ring,19,0x5d94f14bafdc6920e462abaa8285d680d4dfa069,tofu,29
2026-08-30T16:32:48Z,245,Golden Chobo Ring,20,0x0a42a67154221c44c9eae98eb7f9cbff2d269a0e,cassowary,28
2026-08-30T16:32:48Z,245,Golden Chobo Ring,21,0x388d510f0f11ba0762e8c7212645ed873c17a204,otabart,26
2026-08-30T16:32:48Z,245,Golden Chobo Ring,22,0x90c1ed16e9b16db7d031f573d20bead430feb107,jablko,26
2026-08-30T16:32:48Z,245,Golden Chobo Ring,23,0x7b937e99c1458a485a035a0f06b9d8bf5f842a05,lameak,23
2026-08-30T16:32:48Z,245,Golden Chobo Ring,24,0x7b761e4389daf5581708bfe1a26b5d45cc279f2f,gordongrowth,22
2026-08-30T16:32:48Z,245,Golden Chobo Ring,25,0x4f03ea409e546d9ab7eaa6c9b481bcb99c8547e5,coinpie,19
2026-08-30T16:32:48Z,245,Golden Chobo Ring,26,0xf3143c8e4469a271fa2be6d8775ca2b3bdccf4e2,rmty,18
2026-08-30T16:32:48Z,245,Golden Chobo Ring,27,0x33973ffb41add93b49227241566d3e5fc9ad904b,schemedream,15
2026-08-30T16:32:48Z,245,Golden Chobo Ring,28,0x92569bee8c8b9c1df1c283a0409fcc2b2fede157,phalanx,15
2026-08-30T16:32:48Z,245,Golden Chobo Ring,29,0x8ccb0988036cf9d2ca7b24ed46a57cf25ce6f92d,chosta,15
2026-08-30T16:32:48Z,245,Golden Chobo Ring,30,0xb703799d9f485852c9394a8b2cdb39f5590fd65f,gaijin,14
2026-08-30T16:32:48Z,245,Golden Chobo Ring,31,0xeb16cc074e0d3a6c87c0c45a6eced5ef92424b31,wiseadmiral,14
2026-08-30T16:32:48Z,245,Golden Chobo Ring,32,0x688410dbc8c331f5945eafc659ae721a447ae975,igloo,13
2026-08-30T16:32:48Z,245,Golden Chobo Ring,33,0x9c991a85b090aae221ef8418e3ca29279bf2500a,migs,13
2026-08-30T16:32:48Z,245,Golden Chobo Ring,34,0x319d278581e5e5a49ef80e795fe81225d9a15200,icedcoffee,12
2026-08-30T16:32:48Z,245,Golden Chobo Ring,35,0xc577c2f43ffba49d965a8c153f330ba3daad3b73,snake,12
2026-08-30T16:32:48Z,245,Golden Chobo Ring,36,0xfbfc822ee4989b2b4b9b18e4035ff72335cbb16e,jame7,12
2026-08-30T16:32:48Z,245,Golden Chobo Ring,37,0x18db144b2f18b025c1f7ee1d86b422fe864ba477,royven,11
2026-08-30T16:32:48Z,245,Golden Chobo Ring,38,0xf343348aef03fea785a6a55f1db870c94f6afb4f,billybob,11
2026-08-30T16:32:48Z,245,Golden Chobo Ring,39,0x95233e2ec170b4ba0e2208c1ec89f3b87f8b18c7,gambit,11
2026-08-30T16:32:48Z,245,Golden Chobo Ring,40,0xce3bc9c7e6b1a4082f9853f6f796e604148b2583,classicj,11
2026-08-30T16:32:48Z,245,Golden Chobo Ring,41,0x397432e390b1916284b47ea19904c0f31e8241bf,umame,10
2026-08-30T16:32:48Z,245,Golden Chobo Ring,42,0xd1c76125cb2751750ddb2afded780c6f5b7a3cbc,kace,10
2026-08-30T16:32:48Z,245,Golden Chobo Ring,43,0x1114d62a0148f458040fbf2ddb945560398ca5f0,soma,9
2026-08-30T16:32:48Z,245,Golden Chobo Ring,44,0xb0d90d52c7389824d4b22c06bcdccd734e3162b7,ezsnipe,8
2026-08-30T16:32:48Z,245,Golden Chobo Ring,45,0x381dd397e721c72ce321a1ebaf96ce04f4422ac0,suckmydirtydick,7
2026-08-30T16:32:48Z,245,Golden Chobo Ring,46,0x8c86b43762e80f15a483dba543a31cd96e48e456,n00b,7
2026-08-30T16:32:48Z,245,Golden Chobo Ring,47,0x0d1df94f0106ce5bd92138d43c8551cad530c169,vermo,7
2026-08-30T16:32:48Z,245,Golden Chobo Ring,48,0x161f91374506a85ed9063e90c4c217d8697d6471,proofofely,7
2026-08-30T16:32:48Z,245,Golden Chobo Ring,49,0x5ab272231e653c2265bdfae58310021bca37152e,tufbeast,7
2026-08-30T16:32:48Z,245,Golden Chobo Ring,50,0x67369c3e524d370daebc36d9ab3320fafc71eead,roblox,7
2026-08-30T16:32:48Z,245,Golden Chobo Ring,51,0x4114d3fa8a699361525340800abe77b875eae626,realenjoy,7
2026-08-30T16:32:48Z,245,Golden Chobo Ring,52,0x55085ade6c1c39b64cd27099993c5dc933bbed35,bigdogga,7
2026-08-30T16:32:48Z,245,Golden Chobo Ring,53,0x5d45eb4cb2f45b339b4821e2963fb4ae5e9ccc5e,freewilly,7
2026-08-30T16:32:48Z,245,Golden Chobo Ring,54,0x4ec977a8e80c4099a44f8ae53a48281448471342,terrestra,7
2026-08-30T16:32:48Z,245,Golden Chobo Ring,55,0x6479013c37f56cecc6e77fcfece208645324f5cb,lightning,7
2026-08-30T16:32:48Z,245,Golden Chobo Ring,56,0x3d385f04852ae078d10e2a420f928f227f3e63f3,kellox,6
2026-08-30T16:32:48Z,245,Golden Chobo Ring,57,0xd15481578c11b4e5b8f241c412899a0bdd704408,wholistic,6
2026-08-30T16:32:48Z,245,Golden Chobo Ring,58,0x90bef28cbd710d4acea9efe1ae8457eeda8c65ec,snggamer,5
2026-08-30T16:32:48Z,245,Golden Chobo Ring,59,0xfff195795e606cbfa76e1c72c7ed6731df91d83d,pan1c,5
2026-08-30T16:32:48Z,245,Golden Chobo Ring,60,0x0b2291da8091128352c2464f1072cf4211144744,moritz,5
2026-08-30T16:32:48Z,245,Golden Chobo Ring,61,0x853038c8b98818ee8cb91d8355454c18909e343b,doge,5
2026-08-30T16:32:48Z,245,Golden Chobo Ring,62,0x4366b9a2417631b2647a8d67608638d973fade33,epicser,5
2026-08-30T16:32:48Z,245,Golden Chobo Ring,63,0x92599bdd1ded8d462c58972f6c3badbb39cd06ba,trukreal,5
2026-08-30T16:32:48Z,245,Golden Chobo Ring,64,0xe90a9bdb63e9ba04a7f3e95140ff803f2f377f5e,vova,5
2026-08-30T16:32:48Z,245,Golden Chobo Ring,65,0xd2bb5bcaaaa9d2d77a50598055397916780972ca,sinet,5
2026-08-30T16:32:48Z,245,Golden Chobo Ring,66,0x1a5fd36d4b15dd6b5f6eba46c42b1fa697fa4f3a,melbo,4
2026-08-30T16:32:48Z,245,Golden Chobo Ring,67,0xef58ad6d6bcaf054da34948c88e7e91a052dc0fa,kraven,4
2026-08-30T16:32:48Z,245,Golden Chobo Ring,68,0x2c685f23808bc7b6adda1fd7b6949c5e2db97eb0,bubba,4
2026-08-30T16:32:48Z,245,Golden Chobo Ring,69,0x89ca1ffe78d575447514790ea0b141c7c44d9332,tice,4
2026-08-30T16:32:48Z,245,Golden Chobo Ring,70,0x4ebc17059cfc143d86fb92ed707805d68142e3ec,ponziscam,3
2026-08-30T16:32:48Z,245,Golden Chobo Ring,71,0xea04f13937031d59bf466c9c79d70a9c41a79a4a,sandsman,3
2026-08-30T16:32:48Z,245,Golden Chobo Ring,72,0xeb91cfe8979567c1f9e30bd7de9f2968b7e706f7,5324r2df,3
2026-08-30T16:32:48Z,245,Golden Chobo Ring,73,0x77b56d73521061c92ce7bf006dc77587fa7368c2,beizan,3
2026-08-30T16:32:48Z,245,Golden Chobo Ring,74,0x2d13b12254a7da18b5634c54f74fd73cdd504777,wiseone,3
2026-08-30T16:32:48Z,245,Golden Chobo Ring,75,0x2fab84cc0f5e48d45670ddc3c0e757afafd9a624,visonnie,3
2026-08-30T16:32:48Z,245,Golden Chobo Ring,76,0x19aeb827a7a7a37b156f23bfe6c55a66ed4905eb,barry,3
2026-08-30T16:32:48Z,245,Golden Chobo Ring,77,0x844d58714aa3fed998f898cbce1b0ddc4550304f,jiren,3
2026-08-30T16:32:48Z,245,Golden Chobo Ring,78,0xbe8d1277e96dc6f1c1d560df4468f23690a331ed,perced,3
2026-08-30T16:32:48Z,245,Golden Chobo Ring,79,0xe4eada38870bffd32235e266e6589699d2420ec5,birka,3
2026-08-30T16:32:48Z,245,Golden Chobo Ring,80,0xca73ac7782813b76ba0962babf3c083407dd3e15,aruun,3
2026-08-30T16:32:48Z,245,Golden Chobo Ring,81,0xe9b489ff145ac7d8eca36c3b5c29e1be7f2281b9,laggin,3
2026-08-30T16:32:48Z,245,Golden Chobo Ring,82,0xf3eaf60c6be58eb9853e71219801c06ad8969f0e,relicguy,3
2026-08-30T16:32:48Z,245,Golden Chobo Ring,83,0x8a39e43d0aac1b7bedc81f8100e3603323092f0d,kfay34,3
2026-08-30T16:32:48Z,245,Golden Chobo Ring,84,0xb7f14262c79d2a1e334e93b2509864d4de8ecc76,lazybone,2
2026-08-30T16:32:48Z,245,Golden Chobo Ring,85,0x0fec947904065bf920e97aae5042ef1e31268e76,matcha,2
2026-08-30T16:32:48Z,245,Golden Chobo Ring,86,0xebec21ad1ebcfae69f96b7ca96839e5594fbadd1,therec,2
2026-08-30T16:32:48Z,245,Golden Chobo Ring,87,0xe4c92dfd2b82ff488ee4e0744e78959f8cc2c24c,jonh94,2
2026-08-30T16:32:48Z,245,Golden Chobo Ring,88,0x56f4c6d5c5c41519a4823e3dae22167dd4544fce,behelit,2
2026-08-30T16:32:48Z,245,Golden Chobo Ring,89,0xc3ae9ac69d672368539413235938277ce19fc270,bollin,2
2026-08-30T16:32:48Z,245,Golden Chobo Ring,90,0x0649976f6dd8a2589af8790076f2c08909dd9337,debora,2
2026-08-30T16:32:48Z,245,Golden Chobo Ring,91,0x8ed20f071287100fafca51c94b5d6d0d8340aef9,joseprust,2
2026-08-30T16:32:48Z,245,Golden Chobo Ring,92,0x0dcc95379341d2158cbb13963f317aa4510a5c80,yummytheartist,2
2026-08-30T16:32:48Z,245,Golden Chobo Ring,93,0x469998f2fa8aaa2648fef6fc3902268f315195ef,mrgold,2
2026-08-30T16:32:48Z,245,Golden Chobo Ring,94,0x23244cc893df1ff2916ee2e492b65bec74b2760c,bunyoo,2
2026-08-30T16:32:48Z,245,Golden Chobo Ring,95,0x7174f8e3a3a2b777911dd6be31d92631a5052ab0,0xkingyo,2
2026-08-30T16:32:48Z,245,Golden Chobo Ring,96,0xf3823ea2adaea672583ce9d84c979021f9ed9da4,iamroot,2
2026-08-30T16:32:48Z,245,Golden Chobo Ring,97,0x53c5e9ffb362ec22fc172400bc6209819cb3a301,k1sel,2
2026-08-30T16:32:48Z,245,Golden Chobo Ring,98,0xa34e3742cea47cb04af0fc2b4ae78660ad8666c9,egorerror,2
2026-08-30T16:32:48Z,245,Golden Chobo Ring,99,0x7a10d45c461e81e24796f9c83b584756876d24d7,stakeoor,2
2026-08-30T16:32:48Z,245,Golden Chobo Ring,100,0x49826f26fd526c52c7b18d0f2866b6e158328eec,lilvibe,2
2026-08-30T16:32:48Z,246,Golden Crusader Ring,1,0x69c4cc0147fbc23965896fb18a1ccea92230ed1b,afropengu,306
2026-08-30T16:32:48Z,246,Golden Crusader Ring,2,0x73a9ffdaaf53723f1d08403f613870cddd6e18fc,suspicious,118
2026-08-30T16:32:48Z,246,Golden Crusader Ring,3,0xbdecab53bb16b74aa1a1715cc4b80db641eac9da,rxch,111
2026-08-30T16:32:48Z,246,Golden Crusader Ring,4,0x0ee9318275c37f0e635bb7c8a455ade252cecf1f,georgysogood,61
2026-08-30T16:32:48Z,246,Golden Crusader Ring,5,0x2a2376e5e9981c19b15af64d2cdb57c9b94eb1f6,xiskool,58
2026-08-30T16:32:48Z,246,Golden Crusader Ring,6,0x19342b9e3f123e373e24f1eea9bb5a1a935507fa,bigmommymilkers,58
2026-08-30T16:32:48Z,246,Golden Crusader Ring,7,0x90c1ed16e9b16db7d031f573d20bead430feb107,jablko,57
2026-08-30T16:32:48Z,246,Golden Crusader Ring,8,0xeed7c6b2af48249a040c9e5d59437670889c7e07,lilwassie,57
2026-08-30T16:32:48Z,246,Golden Crusader Ring,9,0xac06dbd4f2b1b174dbb3b67449f0f4245f0f3bc3,spanish,57
2026-08-30T16:32:48Z,246,Golden Crusader Ring,10,0x02764ae21333f5777b44cdded3a654a340176fff,bh3320,55
2026-08-30T16:32:48Z,246,Golden Crusader Ring,11,0xeff6c4dcd2b79f502d5d7cb6e6daf70f2536daef,syta,49
2026-08-30T16:32:48Z,246,Golden Crusader Ring,12,0x388d510f0f11ba0762e8c7212645ed873c17a204,otabart,44
2026-08-30T16:32:48Z,246,Golden Crusader Ring,13,0x9dc70f5472a88f3eefa4d515a6b1ec94d9d30d13,sidlovskyy,40
2026-08-30T16:32:48Z,246,Golden Crusader Ring,14,0xf00dfac3af2f5b38fe55d50ccf8ffa8c293ea161,dudendy,38
2026-08-30T16:32:48Z,246,Golden Crusader Ring,15,0x0a42a67154221c44c9eae98eb7f9cbff2d269a0e,cassowary,35
2026-08-30T16:32:48Z,246,Golden Crusader Ring,16,0xfd0cb86676ba86e3033f1d6d333b342880f336df,677willwin,34
2026-08-30T16:32:48Z,246,Golden Crusader Ring,17,0x3629d88069124258ef6bb99c9080d064f42e7206,grumpy,33
2026-08-30T16:32:48Z,246,Golden Crusader Ring,18,0x8ccb0988036cf9d2ca7b24ed46a57cf25ce6f92d,chosta,33
2026-08-30T16:32:48Z,246,Golden Crusader Ring,19,0xbbbfe4cc5c3924f19f6e36e66448b2e3a126b111,cryptologist,32
2026-08-30T16:32:48Z,246,Golden Crusader Ring,20,0x0357294131b3d5b23c84dfa8e38d7e54358f8ba8,kaiken888,32
2026-08-30T16:32:48Z,246,Golden Crusader Ring,21,0xd678b718f70389dbdd2d447df23333641e8f7480,yanik,30
2026-08-30T16:32:48Z,246,Golden Crusader Ring,22,0x7b937e99c1458a485a035a0f06b9d8bf5f842a05,lameak,30
2026-08-30T16:32:48Z,246,Golden Crusader Ring,23,0xbcbcccae5efd1dab247e6428e9e20a9fda8c5abd,oneindigheid,27
2026-08-30T16:32:48Z,246,Golden Crusader Ring,24,0x4f03ea409e546d9ab7eaa6c9b481bcb99c8547e5,coinpie,27
2026-08-30T16:32:48Z,246,Golden Crusader Ring,25,0x7b761e4389daf5581708bfe1a26b5d45cc279f2f,gordongrowth,26
2026-08-30T16:32:48Z,246,Golden Crusader Ring,26,0x5d94f14bafdc6920e462abaa8285d680d4dfa069,tofu,23
2026-08-30T16:32:48Z,246,Golden Crusader Ring,27,0x688410dbc8c331f5945eafc659ae721a447ae975,igloo,19
2026-08-30T16:32:48Z,246,Golden Crusader Ring,28,0xafe00172cf96544d610bf9b70d549a5e89b83f2d,hungryjay,17
2026-08-30T16:32:48Z,246,Golden Crusader Ring,29,0x95233e2ec170b4ba0e2208c1ec89f3b87f8b18c7,gambit,17
2026-08-30T16:32:48Z,246,Golden Crusader Ring,30,0x5ab272231e653c2265bdfae58310021bca37152e,tufbeast,16
2026-08-30T16:32:48Z,246,Golden Crusader Ring,31,0x92569bee8c8b9c1df1c283a0409fcc2b2fede157,phalanx,15
2026-08-30T16:32:48Z,246,Golden Crusader Ring,32,0x33973ffb41add93b49227241566d3e5fc9ad904b,schemedream,14
2026-08-30T16:32:48Z,246,Golden Crusader Ring,33,0xf3143c8e4469a271fa2be6d8775ca2b3bdccf4e2,rmty,14
2026-08-30T16:32:48Z,246,Golden Crusader Ring,34,0x4366b9a2417631b2647a8d67608638d973fade33,epicser,14
2026-08-30T16:32:48Z,246,Golden Crusader Ring,35,0x99278037b2150c577ef1038ceca08db8684bba95,0xfuture,13
2026-08-30T16:32:48Z,246,Golden Crusader Ring,36,0x319d278581e5e5a49ef80e795fe81225d9a15200,icedcoffee,12
2026-08-30T16:32:48Z,246,Golden Crusader Ring,37,0xeb16cc074e0d3a6c87c0c45a6eced5ef92424b31,wiseadmiral,12
2026-08-30T16:32:48Z,246,Golden Crusader Ring,38,0xf343348aef03fea785a6a55f1db870c94f6afb4f,billybob,11
2026-08-30T16:32:48Z,246,Golden Crusader Ring,39,0xd95d6ce6572622168a97d664c2fb3621f6f7e9e1,crusadertr,10
2026-08-30T16:32:48Z,246,Golden Crusader Ring,40,0xe90a9bdb63e9ba04a7f3e95140ff803f2f377f5e,vova,10
2026-08-30T16:32:48Z,246,Golden Crusader Ring,41,0x67369c3e524d370daebc36d9ab3320fafc71eead,roblox,9
2026-08-30T16:32:48Z,246,Golden Crusader Ring,42,0x9c991a85b090aae221ef8418e3ca29279bf2500a,migs,9
2026-08-30T16:32:48Z,246,Golden Crusader Ring,43,0xb703799d9f485852c9394a8b2cdb39f5590fd65f,gaijin,8
2026-08-30T16:32:48Z,246,Golden Crusader Ring,44,0xd15481578c11b4e5b8f241c412899a0bdd704408,wholistic,8
2026-08-30T16:32:48Z,246,Golden Crusader Ring,45,0xc577c2f43ffba49d965a8c153f330ba3daad3b73,snake,8
2026-08-30T16:32:48Z,246,Golden Crusader Ring,46,0xfbfc822ee4989b2b4b9b18e4035ff72335cbb16e,jame7,7
2026-08-30T16:32:48Z,246,Golden Crusader Ring,47,0x23244cc893df1ff2916ee2e492b65bec74b2760c,bunyoo,7
2026-08-30T16:32:48Z,246,Golden Crusader Ring,48,0x844d58714aa3fed998f898cbce1b0ddc4550304f,jiren,7
2026-08-30T16:32:48Z,246,Golden Crusader Ring,49,0x1114d62a0148f458040fbf2ddb945560398ca5f0,soma,7
2026-08-30T16:32:48Z,246,Golden Crusader Ring,50,0xd1c76125cb2751750ddb2afded780c6f5b7a3cbc,kace,7
2026-08-30T16:32:48Z,246,Golden Crusader Ring,51,0x867a70d280830fc91f5441449ef37dfa403924a8,eydrian,7
2026-08-30T16:32:48Z,246,Golden Crusader Ring,52,0x4ec977a8e80c4099a44f8ae53a48281448471342,terrestra,6
2026-08-30T16:32:48Z,246,Golden Crusader Ring,53,0x3d385f04852ae078d10e2a420f928f227f3e63f3,kellox,5
2026-08-30T16:32:48Z,246,Golden Crusader Ring,54,0xef58ad6d6bcaf054da34948c88e7e91a052dc0fa,kraven,5
2026-08-30T16:32:48Z,246,Golden Crusader Ring,55,0xc3ae9ac69d672368539413235938277ce19fc270,bollin,5
2026-08-30T16:32:48Z,246,Golden Crusader Ring,56,0x3eda210ff41e2b2d1658ca5ebe0b80a376c7e0f4,astarta,5
2026-08-30T16:32:48Z,246,Golden Crusader Ring,57,0xce3bc9c7e6b1a4082f9853f6f796e604148b2583,classicj,5
2026-08-30T16:32:48Z,246,Golden Crusader Ring,58,0x0fec947904065bf920e97aae5042ef1e31268e76,matcha,4
2026-08-30T16:32:48Z,246,Golden Crusader Ring,59,0x0649976f6dd8a2589af8790076f2c08909dd9337,debora,4
2026-08-30T16:32:48Z,246,Golden Crusader Ring,60,0x18db144b2f18b025c1f7ee1d86b422fe864ba477,royven,4
2026-08-30T16:32:48Z,246,Golden Crusader Ring,61,0x89ca1ffe78d575447514790ea0b141c7c44d9332,tice,4
2026-08-30T16:32:48Z,246,Golden Crusader Ring,62,0xb0d90d52c7389824d4b22c06bcdccd734e3162b7,ezsnipe,4
2026-08-30T16:32:48Z,246,Golden Crusader Ring,63,0x7a10d45c461e81e24796f9c83b584756876d24d7,stakeoor,4
2026-08-30T16:32:48Z,246,Golden Crusader Ring,64,0x3c49ca3eda0ce8413f9c433f04322827714c23c3,dmisky,4
2026-08-30T16:32:48Z,246,Golden Crusader Ring,65,0x1494b3e636c533ffd78d467de090102595244d06,anduron,4
2026-08-30T16:32:48Z,246,Golden Crusader Ring,66,0x8a39e43d0aac1b7bedc81f8100e3603323092f0d,kfay34,4
2026-08-30T16:32:48Z,246,Golden Crusader Ring,67,0x6479013c37f56cecc6e77fcfece208645324f5cb,lightning,4
2026-08-30T16:32:48Z,246,Golden Crusader Ring,68,0x381dd397e721c72ce321a1ebaf96ce04f4422ac0,suckmydirtydick,3
2026-08-30T16:32:48Z,246,Golden Crusader Ring,69,0xebec21ad1ebcfae69f96b7ca96839e5594fbadd1,therec,3
2026-08-30T16:32:48Z,246,Golden Crusader Ring,70,0x6e15784a00ceb7dde2a9801f9eb19d6186447d4d,dpuck,3
2026-08-30T16:32:48Z,246,Golden Crusader Ring,71,0x4ebc17059cfc143d86fb92ed707805d68142e3ec,ponziscam,3
2026-08-30T16:32:48Z,246,Golden Crusader Ring,72,0xfff195795e606cbfa76e1c72c7ed6731df91d83d,pan1c,3
2026-08-30T16:32:48Z,246,Golden Crusader Ring,73,0x0d1df94f0106ce5bd92138d43c8551cad530c169,vermo,3
2026-08-30T16:32:48Z,246,Golden Crusader Ring,74,0xe1b2620511e4a989ec1c7ea80ac75555eae12828,soroky,3
2026-08-30T16:32:48Z,246,Golden Crusader Ring,75,0x161f91374506a85ed9063e90c4c217d8697d6471,proofofely,3
2026-08-30T16:32:48Z,246,Golden Crusader Ring,76,0x469998f2fa8aaa2648fef6fc3902268f315195ef,mrgold,3
2026-08-30T16:32:48Z,246,Golden Crusader Ring,77,0x7174f8e3a3a2b777911dd6be31d92631a5052ab0,0xkingyo,3
2026-08-30T16:32:48Z,246,Golden Crusader Ring,78,0x9e3eddb26f9ce62782e544f2a5366c4e2296bce2,og_ayri,3
2026-08-30T16:32:48Z,246,Golden Crusader Ring,79,0xe0bcefccc4d8012e295b761235987ebb2370755d,2357y,3
2026-08-30T16:32:48Z,246,Golden Crusader Ring,80,0x49826f26fd526c52c7b18d0f2866b6e158328eec,lilvibe,3
2026-08-30T16:32:48Z,246,Golden Crusader Ring,81,0x48ee44d5ebc1018e633eb35248e3e45f80517b88,torubtc,3
2026-08-30T16:32:48Z,246,Golden Crusader Ring,82,0xd241569d27278c7dc650aa6808356f21589b7b27,ziirup,3
2026-08-30T16:32:48Z,246,Golden Crusader Ring,83,0x163a31cf31e1b687bbc5f1bcb11c1cbe4c2c5a79,xfun,3
2026-08-30T16:32:48Z,246,Golden Crusader Ring,84,0x55085ade6c1c39b64cd27099993c5dc933bbed35,bigdogga,3
2026-08-30T16:32:48Z,246,Golden Crusader Ring,85,0xd67eb6b6254b48acd89ea84b5d51afc68b7378c1,lancelot,2
2026-08-30T16:32:48Z,246,Golden Crusader Ring,86,0xf0591506ee91c25dbe35c44dc760c462c5d53079,impact,2
2026-08-30T16:32:48Z,246,Golden Crusader Ring,87,0x562ffbc839b608e35646e9de40591b5145bcc6f5,aizcalibur,2
2026-08-30T16:32:48Z,246,Golden Crusader Ring,88,0xe4c92dfd2b82ff488ee4e0744e78959f8cc2c24c,jonh94,2
2026-08-30T16:32:48Z,246,Golden Crusader Ring,89,0xd9233b0c7017055eb9cca10a95b214ac89fe905a,soroka,2
2026-08-30T16:32:48Z,246,Golden Crusader Ring,90,0xea04f13937031d59bf466c9c79d70a9c41a79a4a,sandsman,2
2026-08-30T16:32:48Z,246,Golden Crusader Ring,91,0xd82311e0ddcff7cad1be090763d4f6d7ba1c290a,vims,2
2026-08-30T16:32:48Z,246,Golden Crusader Ring,92,0x9b3ef1d5b7472560cf6241949b2485e456aa37a0,bush1do,2
2026-08-30T16:32:48Z,246,Golden Crusader Ring,93,0xdbd4749050752504d9017484f82a75dff9592cd1,tron,2
2026-08-30T16:32:48Z,246,Golden Crusader Ring,94,0xf3823ea2adaea672583ce9d84c979021f9ed9da4,iamroot,2
2026-08-30T16:32:48Z,246,Golden Crusader Ring,95,0x2fab84cc0f5e48d45670ddc3c0e757afafd9a624,visonnie,2
2026-08-30T16:32:48Z,246,Golden Crusader Ring,96,0x09c96dae4254764a02a211f6203dc9489a572602,favorburn,2
2026-08-30T16:32:48Z,246,Golden Crusader Ring,97,0x885d6144d9960e5c19c91527b86c541befe37451,stakb,2
2026-08-30T16:32:48Z,246,Golden Crusader Ring,98,0x319cd6df9e13e715e411607139172d8f4d4b56c7,balou,2
2026-08-30T16:32:48Z,246,Golden Crusader Ring,99,0x4114d3fa8a699361525340800abe77b875eae626,realenjoy,2
2026-08-30T16:32:48Z,246,Golden Crusader Ring,100,0xb2042611b4987ba8be9efd6cc1165f09e7c694a8,joblessathena,2
2026-08-30T16:32:48Z,247,Golden Foxglove Ring,1,0x69c4cc0147fbc23965896fb18a1ccea92230ed1b,afropengu,342
2026-08-30T16:32:48Z,247,Golden Foxglove Ring,2,0x73a9ffdaaf53723f1d08403f613870cddd6e18fc,suspicious,145
2026-08-30T16:32:48Z,247,Golden Foxglove Ring,3,0xd678b718f70389dbdd2d447df23333641e8f7480,yanik,109
2026-08-30T16:32:48Z,247,Golden Foxglove Ring,4,0xeed7c6b2af48249a040c9e5d59437670889c7e07,lilwassie,68
2026-08-30T16:32:48Z,247,Golden Foxglove Ring,5,0xac06dbd4f2b1b174dbb3b67449f0f4245f0f3bc3,spanish,62
2026-08-30T16:32:48Z,247,Golden Foxglove Ring,6,0x0ee9318275c37f0e635bb7c8a455ade252cecf1f,georgysogood,57
2026-08-30T16:32:48Z,247,Golden Foxglove Ring,7,0x2a2376e5e9981c19b15af64d2cdb57c9b94eb1f6,xiskool,56
2026-08-30T16:32:48Z,247,Golden Foxglove Ring,8,0x02764ae21333f5777b44cdded3a654a340176fff,bh3320,56
2026-08-30T16:32:48Z,247,Golden Foxglove Ring,9,0x19342b9e3f123e373e24f1eea9bb5a1a935507fa,bigmommymilkers,53
2026-08-30T16:32:48Z,247,Golden Foxglove Ring,10,0xbcbcccae5efd1dab247e6428e9e20a9fda8c5abd,oneindigheid,51
2026-08-30T16:32:48Z,247,Golden Foxglove Ring,11,0xf00dfac3af2f5b38fe55d50ccf8ffa8c293ea161,dudendy,50
2026-08-30T16:32:48Z,247,Golden Foxglove Ring,12,0xbdecab53bb16b74aa1a1715cc4b80db641eac9da,rxch,50
2026-08-30T16:32:48Z,247,Golden Foxglove Ring,13,0x9dc70f5472a88f3eefa4d515a6b1ec94d9d30d13,sidlovskyy,49
2026-08-30T16:32:48Z,247,Golden Foxglove Ring,14,0x90c1ed16e9b16db7d031f573d20bead430feb107,jablko,42
2026-08-30T16:32:48Z,247,Golden Foxglove Ring,15,0xd2bb5bcaaaa9d2d77a50598055397916780972ca,sinet,40
2026-08-30T16:32:48Z,247,Golden Foxglove Ring,16,0x0357294131b3d5b23c84dfa8e38d7e54358f8ba8,kaiken888,37
2026-08-30T16:32:48Z,247,Golden Foxglove Ring,17,0x8ccb0988036cf9d2ca7b24ed46a57cf25ce6f92d,chosta,36
2026-08-30T16:32:48Z,247,Golden Foxglove Ring,18,0xafe00172cf96544d610bf9b70d549a5e89b83f2d,hungryjay,33
2026-08-30T16:32:48Z,247,Golden Foxglove Ring,19,0xfd0cb86676ba86e3033f1d6d333b342880f336df,677willwin,33
2026-08-30T16:32:48Z,247,Golden Foxglove Ring,20,0x3629d88069124258ef6bb99c9080d064f42e7206,grumpy,31
2026-08-30T16:32:48Z,247,Golden Foxglove Ring,21,0x388d510f0f11ba0762e8c7212645ed873c17a204,otabart,28
2026-08-30T16:32:48Z,247,Golden Foxglove Ring,22,0x4f03ea409e546d9ab7eaa6c9b481bcb99c8547e5,coinpie,27
2026-08-30T16:32:48Z,247,Golden Foxglove Ring,23,0x7b937e99c1458a485a035a0f06b9d8bf5f842a05,lameak,27
2026-08-30T16:32:48Z,247,Golden Foxglove Ring,24,0x0a42a67154221c44c9eae98eb7f9cbff2d269a0e,cassowary,25
2026-08-30T16:32:48Z,247,Golden Foxglove Ring,25,0x7b761e4389daf5581708bfe1a26b5d45cc279f2f,gordongrowth,20
2026-08-30T16:32:48Z,247,Golden Foxglove Ring,26,0x688410dbc8c331f5945eafc659ae721a447ae975,igloo,19
2026-08-30T16:32:48Z,247,Golden Foxglove Ring,27,0xeff6c4dcd2b79f502d5d7cb6e6daf70f2536daef,syta,19
2026-08-30T16:32:48Z,247,Golden Foxglove Ring,28,0x33973ffb41add93b49227241566d3e5fc9ad904b,schemedream,17
2026-08-30T16:32:48Z,247,Golden Foxglove Ring,29,0xbbbfe4cc5c3924f19f6e36e66448b2e3a126b111,cryptologist,16
2026-08-30T16:32:48Z,247,Golden Foxglove Ring,30,0x5d94f14bafdc6920e462abaa8285d680d4dfa069,tofu,15
2026-08-30T16:32:48Z,247,Golden Foxglove Ring,31,0x92569bee8c8b9c1df1c283a0409fcc2b2fede157,phalanx,15
2026-08-30T16:32:48Z,247,Golden Foxglove Ring,32,0x381dd397e721c72ce321a1ebaf96ce04f4422ac0,suckmydirtydick,14
2026-08-30T16:32:48Z,247,Golden Foxglove Ring,33,0x5ab272231e653c2265bdfae58310021bca37152e,tufbeast,14
2026-08-30T16:32:48Z,247,Golden Foxglove Ring,34,0x3d385f04852ae078d10e2a420f928f227f3e63f3,kellox,13
2026-08-30T16:32:48Z,247,Golden Foxglove Ring,35,0xf343348aef03fea785a6a55f1db870c94f6afb4f,billybob,13
2026-08-30T16:32:48Z,247,Golden Foxglove Ring,36,0x319d278581e5e5a49ef80e795fe81225d9a15200,icedcoffee,12
2026-08-30T16:32:48Z,247,Golden Foxglove Ring,37,0xfbfc822ee4989b2b4b9b18e4035ff72335cbb16e,jame7,11
2026-08-30T16:32:48Z,247,Golden Foxglove Ring,38,0x95233e2ec170b4ba0e2208c1ec89f3b87f8b18c7,gambit,11
2026-08-30T16:32:48Z,247,Golden Foxglove Ring,39,0x9c991a85b090aae221ef8418e3ca29279bf2500a,migs,11
2026-08-30T16:32:48Z,247,Golden Foxglove Ring,40,0x1a5fd36d4b15dd6b5f6eba46c42b1fa697fa4f3a,melbo,10
2026-08-30T16:32:48Z,247,Golden Foxglove Ring,41,0x4366b9a2417631b2647a8d67608638d973fade33,epicser,10
2026-08-30T16:32:48Z,247,Golden Foxglove Ring,42,0xce3bc9c7e6b1a4082f9853f6f796e604148b2583,classicj,10
2026-08-30T16:32:48Z,247,Golden Foxglove Ring,43,0xe90a9bdb63e9ba04a7f3e95140ff803f2f377f5e,vova,10
2026-08-30T16:32:48Z,247,Golden Foxglove Ring,44,0x319cd6df9e13e715e411607139172d8f4d4b56c7,balou,9
2026-08-30T16:32:48Z,247,Golden Foxglove Ring,45,0xeb16cc074e0d3a6c87c0c45a6eced5ef92424b31,wiseadmiral,9
2026-08-30T16:32:48Z,247,Golden Foxglove Ring,46,0x18db144b2f18b025c1f7ee1d86b422fe864ba477,royven,8
2026-08-30T16:32:48Z,247,Golden Foxglove Ring,47,0xc577c2f43ffba49d965a8c153f330ba3daad3b73,snake,8
2026-08-30T16:32:48Z,247,Golden Foxglove Ring,48,0x4f8c2395f105d29dae90531f36c7d1d14e22acb9,phangu,7
2026-08-30T16:32:48Z,247,Golden Foxglove Ring,49,0x4ebc17059cfc143d86fb92ed707805d68142e3ec,ponziscam,6
2026-08-30T16:32:48Z,247,Golden Foxglove Ring,50,0x23244cc893df1ff2916ee2e492b65bec74b2760c,bunyoo,6
2026-08-30T16:32:48Z,247,Golden Foxglove Ring,51,0x67369c3e524d370daebc36d9ab3320fafc71eead,roblox,6
2026-08-30T16:32:48Z,247,Golden Foxglove Ring,52,0x3c49ca3eda0ce8413f9c433f04322827714c23c3,dmisky,6
2026-08-30T16:32:48Z,247,Golden Foxglove Ring,53,0xd1c76125cb2751750ddb2afded780c6f5b7a3cbc,kace,6
2026-08-30T16:32:48Z,247,Golden Foxglove Ring,54,0x4ec977a8e80c4099a44f8ae53a48281448471342,terrestra,6
2026-08-30T16:32:48Z,247,Golden Foxglove Ring,55,0x5c4eccb4a3a7082a75c01c7608ea35f4350630a6,sedicol,5
2026-08-30T16:32:48Z,247,Golden Foxglove Ring,56,0xd15481578c11b4e5b8f241c412899a0bdd704408,wholistic,5
2026-08-30T16:32:48Z,247,Golden Foxglove Ring,57,0xfff195795e606cbfa76e1c72c7ed6731df91d83d,pan1c,5
2026-08-30T16:32:48Z,247,Golden Foxglove Ring,58,0xaed39522670a5d146eb57289cc05b043bbeb0c19,lazyiv,4
2026-08-30T16:32:48Z,247,Golden Foxglove Ring,59,0xef58ad6d6bcaf054da34948c88e7e91a052dc0fa,kraven,4
2026-08-30T16:32:48Z,247,Golden Foxglove Ring,60,0x99278037b2150c577ef1038ceca08db8684bba95,0xfuture,4
2026-08-30T16:32:48Z,247,Golden Foxglove Ring,61,0x0b2291da8091128352c2464f1072cf4211144744,moritz,4
2026-08-30T16:32:48Z,247,Golden Foxglove Ring,62,0xb0d90d52c7389824d4b22c06bcdccd734e3162b7,ezsnipe,4
2026-08-30T16:32:48Z,247,Golden Foxglove Ring,63,0x844d58714aa3fed998f898cbce1b0ddc4550304f,jiren,4
2026-08-30T16:32:48Z,247,Golden Foxglove Ring,64,0x49826f26fd526c52c7b18d0f2866b6e158328eec,lilvibe,4
2026-08-30T16:32:48Z,247,Golden Foxglove Ring,65,0x4114d3fa8a699361525340800abe77b875eae626,realenjoy,4
2026-08-30T16:32:48Z,247,Golden Foxglove Ring,66,0xf3eaf60c6be58eb9853e71219801c06ad8969f0e,relicguy,4
2026-08-30T16:32:48Z,247,Golden Foxglove Ring,67,0x8a39e43d0aac1b7bedc81f8100e3603323092f0d,kfay34,4
2026-08-30T16:32:48Z,247,Golden Foxglove Ring,68,0x6479013c37f56cecc6e77fcfece208645324f5cb,lightning,4
2026-08-30T16:32:48Z,247,Golden Foxglove Ring,69,0x0fec947904065bf920e97aae5042ef1e31268e76,matcha,3
2026-08-30T16:32:48Z,247,Golden Foxglove Ring,70,0x2b22930f9a2258d9ba2d0796b393089ee5086435,garnisho,3
2026-08-30T16:32:48Z,247,Golden Foxglove Ring,71,0xea04f13937031d59bf466c9c79d70a9c41a79a4a,sandsman,3
2026-08-30T16:32:48Z,247,Golden Foxglove Ring,72,0x8c86b43762e80f15a483dba543a31cd96e48e456,n00b,3
2026-08-30T16:32:48Z,247,Golden Foxglove Ring,73,0x790824745300127af8763badd4dba6f84358b548,pablosky48,3
2026-08-30T16:32:48Z,247,Golden Foxglove Ring,74,0x9b3ef1d5b7472560cf6241949b2485e456aa37a0,bush1do,3
2026-08-30T16:32:48Z,247,Golden Foxglove Ring,75,0x2dad623c8e23645751d0671adb4a02b246285515,fragi,3
2026-08-30T16:32:48Z,247,Golden Foxglove Ring,76,0x9e3eddb26f9ce62782e544f2a5366c4e2296bce2,og_ayri,3
2026-08-30T16:32:48Z,247,Golden Foxglove Ring,77,0x89ca1ffe78d575447514790ea0b141c7c44d9332,tice,3
2026-08-30T16:32:48Z,247,Golden Foxglove Ring,78,0x1c436ae0b01bba8295be93afa4154bd0435aba46,kenzaii,3
2026-08-30T16:32:48Z,247,Golden Foxglove Ring,79,0x4c53b2e646a3e01c2b22497753b1560029b5166b,gusine,3
2026-08-30T16:32:48Z,247,Golden Foxglove Ring,80,0xe9b489ff145ac7d8eca36c3b5c29e1be7f2281b9,laggin,3
2026-08-30T16:32:48Z,247,Golden Foxglove Ring,81,0xebec21ad1ebcfae69f96b7ca96839e5594fbadd1,therec,2
2026-08-30T16:32:48Z,247,Golden Foxglove Ring,82,0xe4c92dfd2b82ff488ee4e0744e78959f8cc2c24c,jonh94,2
2026-08-30T16:32:48Z,247,Golden Foxglove Ring,83,0xb703799d9f485852c9394a8b2cdb39f5590fd65f,gaijin,2
2026-08-30T16:32:48Z,247,Golden Foxglove Ring,84,0x40bfc8a6d3283958d3b70dc68049a78038a0f2e3,playaway,2
2026-08-30T16:32:48Z,247,Golden Foxglove Ring,85,0x56f4c6d5c5c41519a4823e3dae22167dd4544fce,behelit,2
2026-08-30T16:32:48Z,247,Golden Foxglove Ring,86,0xc3ae9ac69d672368539413235938277ce19fc270,bollin,2
2026-08-30T16:32:48Z,247,Golden Foxglove Ring,87,0xdb927fb9f66907b2a957b3d0d440110c3a999069,arbitrum,2
2026-08-30T16:32:48Z,247,Golden Foxglove Ring,88,0x8d3b30483efaf6db004e22260ddc9d7d19f1067a,anonymized,2
2026-08-30T16:32:48Z,247,Golden Foxglove Ring,89,0x2c685f23808bc7b6adda1fd7b6949c5e2db97eb0,bubba,2
2026-08-30T16:32:48Z,247,Golden Foxglove Ring,90,0xc9f27e68912aae40bb60c17b5634b3e74bbb16ab,minebuu,2
2026-08-30T16:32:48Z,247,Golden Foxglove Ring,91,0x2fab84cc0f5e48d45670ddc3c0e757afafd9a624,visonnie,2
2026-08-30T16:32:48Z,247,Golden Foxglove Ring,92,0x885d6144d9960e5c19c91527b86c541befe37451,stakb,2
2026-08-30T16:32:48Z,247,Golden Foxglove Ring,93,0x1114d62a0148f458040fbf2ddb945560398ca5f0,soma,2
2026-08-30T16:32:48Z,247,Golden Foxglove Ring,94,0x41f9388a0ff752e3a5f2b9471af350ee5c7857a4,poorman,2
2026-08-30T16:32:48Z,247,Golden Foxglove Ring,95,0xd241569d27278c7dc650aa6808356f21589b7b27,ziirup,2
2026-08-30T16:32:48Z,247,Golden Foxglove Ring,96,0xa8a956a5690cc81bb367da2c2f6f1796be2b3c30,scottco,2
2026-08-30T16:32:48Z,247,Golden Foxglove Ring,97,0xa592221a516dc29a427a57b6951b26962605709c,xxchake,2
2026-08-30T16:32:48Z,247,Golden Foxglove Ring,98,0xbe9f653ed31efe4bad59f3fb431fd9381a597173,scoriox,2
2026-08-30T16:32:48Z,247,Golden Foxglove Ring,99,0xb2042611b4987ba8be9efd6cc1165f09e7c694a8,joblessathena,2
2026-08-30T16:32:48Z,247,Golden Foxglove Ring,100,0x60928ba6d7bdc6459244155fc3f350a116cdf424,mildcapital,2
2026-08-30T16:32:48Z,248,Golden Overseer Ring,1,0x69c4cc0147fbc23965896fb18a1ccea92230ed1b,afropengu,403
2026-08-30T16:32:48Z,248,Golden Overseer Ring,2,0x73a9ffdaaf53723f1d08403f613870cddd6e18fc,suspicious,168
2026-08-30T16:32:48Z,248,Golden Overseer Ring,3,0xd678b718f70389dbdd2d447df23333641e8f7480,yanik,123
2026-08-30T16:32:48Z,248,Golden Overseer Ring,4,0xbdecab53bb16b74aa1a1715cc4b80db641eac9da,rxch,108
2026-08-30T16:32:48Z,248,Golden Overseer Ring,5,0xeed7c6b2af48249a040c9e5d59437670889c7e07,lilwassie,73
2026-08-30T16:32:48Z,248,Golden Overseer Ring,6,0x0ee9318275c37f0e635bb7c8a455ade252cecf1f,georgysogood,65
2026-08-30T16:32:48Z,248,Golden Overseer Ring,7,0x2a2376e5e9981c19b15af64d2cdb57c9b94eb1f6,xiskool,57
2026-08-30T16:32:48Z,248,Golden Overseer Ring,8,0x19342b9e3f123e373e24f1eea9bb5a1a935507fa,bigmommymilkers,55
2026-08-30T16:32:48Z,248,Golden Overseer Ring,9,0xac06dbd4f2b1b174dbb3b67449f0f4245f0f3bc3,spanish,53
2026-08-30T16:32:48Z,248,Golden Overseer Ring,10,0x02764ae21333f5777b44cdded3a654a340176fff,bh3320,53
2026-08-30T16:32:48Z,248,Golden Overseer Ring,11,0xafe00172cf96544d610bf9b70d549a5e89b83f2d,hungryjay,50
2026-08-30T16:32:48Z,248,Golden Overseer Ring,12,0xfd0cb86676ba86e3033f1d6d333b342880f336df,677willwin,49
2026-08-30T16:32:48Z,248,Golden Overseer Ring,13,0xf00dfac3af2f5b38fe55d50ccf8ffa8c293ea161,dudendy,44
2026-08-30T16:32:48Z,248,Golden Overseer Ring,14,0x9dc70f5472a88f3eefa4d515a6b1ec94d9d30d13,sidlovskyy,42
2026-08-30T16:32:48Z,248,Golden Overseer Ring,15,0x90c1ed16e9b16db7d031f573d20bead430feb107,jablko,40
2026-08-30T16:32:48Z,248,Golden Overseer Ring,16,0x388d510f0f11ba0762e8c7212645ed873c17a204,otabart,38
2026-08-30T16:32:48Z,248,Golden Overseer Ring,17,0x3629d88069124258ef6bb99c9080d064f42e7206,grumpy,38
2026-08-30T16:32:48Z,248,Golden Overseer Ring,18,0x5d94f14bafdc6920e462abaa8285d680d4dfa069,tofu,37
2026-08-30T16:32:48Z,248,Golden Overseer Ring,19,0x0357294131b3d5b23c84dfa8e38d7e54358f8ba8,kaiken888,35
2026-08-30T16:32:48Z,248,Golden Overseer Ring,20,0x688410dbc8c331f5945eafc659ae721a447ae975,igloo,32
2026-08-30T16:32:48Z,248,Golden Overseer Ring,21,0x7b937e99c1458a485a035a0f06b9d8bf5f842a05,lameak,30
2026-08-30T16:32:48Z,248,Golden Overseer Ring,22,0xbcbcccae5efd1dab247e6428e9e20a9fda8c5abd,oneindigheid,28
2026-08-30T16:32:48Z,248,Golden Overseer Ring,23,0x0a42a67154221c44c9eae98eb7f9cbff2d269a0e,cassowary,26
2026-08-30T16:32:48Z,248,Golden Overseer Ring,24,0x4f03ea409e546d9ab7eaa6c9b481bcb99c8547e5,coinpie,26
2026-08-30T16:32:48Z,248,Golden Overseer Ring,25,0x8ccb0988036cf9d2ca7b24ed46a57cf25ce6f92d,chosta,26
2026-08-30T16:32:48Z,248,Golden Overseer Ring,26,0xeff6c4dcd2b79f502d5d7cb6e6daf70f2536daef,syta,26
2026-08-30T16:32:48Z,248,Golden Overseer Ring,27,0x7b761e4389daf5581708bfe1a26b5d45cc279f2f,gordongrowth,17
2026-08-30T16:32:48Z,248,Golden Overseer Ring,28,0x33973ffb41add93b49227241566d3e5fc9ad904b,schemedream,16
2026-08-30T16:32:48Z,248,Golden Overseer Ring,29,0xf3143c8e4469a271fa2be6d8775ca2b3bdccf4e2,rmty,16
2026-08-30T16:32:48Z,248,Golden Overseer Ring,30,0x92569bee8c8b9c1df1c283a0409fcc2b2fede157,phalanx,15
2026-08-30T16:32:48Z,248,Golden Overseer Ring,31,0xbbbfe4cc5c3924f19f6e36e66448b2e3a126b111,cryptologist,15
2026-08-30T16:32:48Z,248,Golden Overseer Ring,32,0xf343348aef03fea785a6a55f1db870c94f6afb4f,billybob,13
2026-08-30T16:32:48Z,248,Golden Overseer Ring,33,0x319d278581e5e5a49ef80e795fe81225d9a15200,icedcoffee,12
2026-08-30T16:32:48Z,248,Golden Overseer Ring,34,0x5ab272231e653c2265bdfae58310021bca37152e,tufbeast,12
2026-08-30T16:32:48Z,248,Golden Overseer Ring,35,0xd1c76125cb2751750ddb2afded780c6f5b7a3cbc,kace,12
2026-08-30T16:32:48Z,248,Golden Overseer Ring,36,0x1a5fd36d4b15dd6b5f6eba46c42b1fa697fa4f3a,melbo,11
2026-08-30T16:32:48Z,248,Golden Overseer Ring,37,0x381dd397e721c72ce321a1ebaf96ce04f4422ac0,suckmydirtydick,10
2026-08-30T16:32:48Z,248,Golden Overseer Ring,38,0x844d58714aa3fed998f898cbce1b0ddc4550304f,jiren,10
2026-08-30T16:32:48Z,248,Golden Overseer Ring,39,0x3c49ca3eda0ce8413f9c433f04322827714c23c3,dmisky,10
2026-08-30T16:32:48Z,248,Golden Overseer Ring,40,0xce3bc9c7e6b1a4082f9853f6f796e604148b2583,classicj,10
2026-08-30T16:32:48Z,248,Golden Overseer Ring,41,0xe9b489ff145ac7d8eca36c3b5c29e1be7f2281b9,laggin,10
2026-08-30T16:32:48Z,248,Golden Overseer Ring,42,0xd2bb5bcaaaa9d2d77a50598055397916780972ca,sinet,10
2026-08-30T16:32:48Z,248,Golden Overseer Ring,43,0x9c991a85b090aae221ef8418e3ca29279bf2500a,migs,9
2026-08-30T16:32:48Z,248,Golden Overseer Ring,44,0xeb16cc074e0d3a6c87c0c45a6eced5ef92424b31,wiseadmiral,9
2026-08-30T16:32:48Z,248,Golden Overseer Ring,45,0x4ec977a8e80c4099a44f8ae53a48281448471342,terrestra,9
2026-08-30T16:32:48Z,248,Golden Overseer Ring,46,0x8045784a3a7209a24eb09a5a2bc4f9e6fb67782b,kangboksoon,8
2026-08-30T16:32:48Z,248,Golden Overseer Ring,47,0xfbfc822ee4989b2b4b9b18e4035ff72335cbb16e,jame7,8
2026-08-30T16:32:48Z,248,Golden Overseer Ring,48,0x67369c3e524d370daebc36d9ab3320fafc71eead,roblox,8
2026-08-30T16:32:48Z,248,Golden Overseer Ring,49,0xc577c2f43ffba49d965a8c153f330ba3daad3b73,snake,7
2026-08-30T16:32:48Z,248,Golden Overseer Ring,50,0xff74d06f2a47b772e6f5a61962b103b33e342881,coclette55,7
2026-08-30T16:32:48Z,248,Golden Overseer Ring,51,0x95233e2ec170b4ba0e2208c1ec89f3b87f8b18c7,gambit,7
2026-08-30T16:32:48Z,248,Golden Overseer Ring,52,0xeb63e215113d77f39699d53b20284e73c3d1bb5a,qianw,6
2026-08-30T16:32:48Z,248,Golden Overseer Ring,53,0x3d385f04852ae078d10e2a420f928f227f3e63f3,kellox,6
2026-08-30T16:32:48Z,248,Golden Overseer Ring,54,0xfff195795e606cbfa76e1c72c7ed6731df91d83d,pan1c,6
2026-08-30T16:32:48Z,248,Golden Overseer Ring,55,0x18db144b2f18b025c1f7ee1d86b422fe864ba477,royven,6
2026-08-30T16:32:48Z,248,Golden Overseer Ring,56,0x6479013c37f56cecc6e77fcfece208645324f5cb,lightning,6
2026-08-30T16:32:48Z,248,Golden Overseer Ring,57,0xef58ad6d6bcaf054da34948c88e7e91a052dc0fa,kraven,5
2026-08-30T16:32:48Z,248,Golden Overseer Ring,58,0xc3ae9ac69d672368539413235938277ce19fc270,bollin,5
2026-08-30T16:32:48Z,248,Golden Overseer Ring,59,0x99278037b2150c577ef1038ceca08db8684bba95,0xfuture,5
2026-08-30T16:32:48Z,248,Golden Overseer Ring,60,0x86ed45a7aa5b0c3e9405dbbc3209f1747c074b39,okeyerokey,5
2026-08-30T16:32:48Z,248,Golden Overseer Ring,61,0xb0d90d52c7389824d4b22c06bcdccd734e3162b7,ezsnipe,5
2026-08-30T16:32:48Z,248,Golden Overseer Ring,62,0x885d6144d9960e5c19c91527b86c541befe37451,stakb,5
2026-08-30T16:32:48Z,248,Golden Overseer Ring,63,0xe90a9bdb63e9ba04a7f3e95140ff803f2f377f5e,vova,5
2026-08-30T16:32:48Z,248,Golden Overseer Ring,64,0xf3eaf60c6be58eb9853e71219801c06ad8969f0e,relicguy,5
2026-08-30T16:32:48Z,248,Golden Overseer Ring,65,0x0fec947904065bf920e97aae5042ef1e31268e76,matcha,4
2026-08-30T16:32:48Z,248,Golden Overseer Ring,66,0x562ffbc839b608e35646e9de40591b5145bcc6f5,aizcalibur,4
2026-08-30T16:32:48Z,248,Golden Overseer Ring,67,0xd15481578c11b4e5b8f241c412899a0bdd704408,wholistic,4
2026-08-30T16:32:48Z,248,Golden Overseer Ring,68,0x8c86b43762e80f15a483dba543a31cd96e48e456,n00b,4
2026-08-30T16:32:48Z,248,Golden Overseer Ring,69,0x0649976f6dd8a2589af8790076f2c08909dd9337,debora,4
2026-08-30T16:32:48Z,248,Golden Overseer Ring,70,0x397432e390b1916284b47ea19904c0f31e8241bf,umame,4
2026-08-30T16:32:48Z,248,Golden Overseer Ring,71,0x9b3ef1d5b7472560cf6241949b2485e456aa37a0,bush1do,4
2026-08-30T16:32:48Z,248,Golden Overseer Ring,72,0x161f91374506a85ed9063e90c4c217d8697d6471,proofofely,4
2026-08-30T16:32:48Z,248,Golden Overseer Ring,73,0x89ca1ffe78d575447514790ea0b141c7c44d9332,tice,4
2026-08-30T16:32:48Z,248,Golden Overseer Ring,74,0x1114d62a0148f458040fbf2ddb945560398ca5f0,soma,4
2026-08-30T16:32:48Z,248,Golden Overseer Ring,75,0xe4b1f5eb3da2195f8d41a052229a7eec3c4e6ed8,azoni,4
2026-08-30T16:32:48Z,248,Golden Overseer Ring,76,0x4ebc17059cfc143d86fb92ed707805d68142e3ec,ponziscam,3
2026-08-30T16:32:48Z,248,Golden Overseer Ring,77,0x0d1df94f0106ce5bd92138d43c8551cad530c169,vermo,3
2026-08-30T16:32:48Z,248,Golden Overseer Ring,78,0x0b2291da8091128352c2464f1072cf4211144744,moritz,3
2026-08-30T16:32:48Z,248,Golden Overseer Ring,79,0x3eda210ff41e2b2d1658ca5ebe0b80a376c7e0f4,astarta,3
2026-08-30T16:32:48Z,248,Golden Overseer Ring,80,0x4f8c2395f105d29dae90531f36c7d1d14e22acb9,phangu,3
2026-08-30T16:32:48Z,248,Golden Overseer Ring,81,0x23244cc893df1ff2916ee2e492b65bec74b2760c,bunyoo,3
2026-08-30T16:32:48Z,248,Golden Overseer Ring,82,0x2dad623c8e23645751d0671adb4a02b246285515,fragi,3
2026-08-30T16:32:48Z,248,Golden Overseer Ring,83,0xf3823ea2adaea672583ce9d84c979021f9ed9da4,iamroot,3
2026-08-30T16:32:48Z,248,Golden Overseer Ring,84,0x92599bdd1ded8d462c58972f6c3badbb39cd06ba,trukreal,3
2026-08-30T16:32:48Z,248,Golden Overseer Ring,85,0xb2042611b4987ba8be9efd6cc1165f09e7c694a8,joblessathena,3
2026-08-30T16:32:48Z,248,Golden Overseer Ring,86,0x8a39e43d0aac1b7bedc81f8100e3603323092f0d,kfay34,3
2026-08-30T16:32:48Z,248,Golden Overseer Ring,87,0xd5e897b2618c9da1d02ea9c0a286eb591e5bf64b,monkeylord,2
2026-08-30T16:32:48Z,248,Golden Overseer Ring,88,0x2d7600b629c724e48b625702f70e12d21c3c4c2e,laurens,2
2026-08-30T16:32:48Z,248,Golden Overseer Ring,89,0x2ab7adbf3685c74d2e300c9c0e676b1bf6027ac5,0xn00b,2
2026-08-30T16:32:48Z,248,Golden Overseer Ring,90,0xebec21ad1ebcfae69f96b7ca96839e5594fbadd1,therec,2
2026-08-30T16:32:48Z,248,Golden Overseer Ring,91,0xe4c92dfd2b82ff488ee4e0744e78959f8cc2c24c,jonh94,2
2026-08-30T16:32:48Z,248,Golden Overseer Ring,92,0xea04f13937031d59bf466c9c79d70a9c41a79a4a,sandsman,2
2026-08-30T16:32:48Z,248,Golden Overseer Ring,93,0x551d5bcbc8f2df0d3ce3b6e8f1e58fe27a68eb7a,kudrry,2
2026-08-30T16:32:48Z,248,Golden Overseer Ring,94,0x2cfafb04f72fac80b58edef683d31ac6a6f50446,moneyman,2
2026-08-30T16:32:48Z,248,Golden Overseer Ring,95,0x2d13b12254a7da18b5634c54f74fd73cdd504777,wiseone,2
2026-08-30T16:32:48Z,248,Golden Overseer Ring,96,0x9e3eddb26f9ce62782e544f2a5366c4e2296bce2,og_ayri,2
2026-08-30T16:32:48Z,248,Golden Overseer Ring,97,0xe6b6cbab6c586d64025ffaea1548f3f09dabe6c2,milkshake,2
2026-08-30T16:32:48Z,248,Golden Overseer Ring,98,0x50f3f45b06c27f5d6b6d85b54f66327d272a25bd,emr2006,2
2026-08-30T16:32:48Z,248,Golden Overseer Ring,99,0x0c0a71e32e1954635e2dde143ed9e59fe471fb94,kryy,2
2026-08-30T16:32:48Z,248,Golden Overseer Ring,100,0x49826f26fd526c52c7b18d0f2866b6e158328eec,lilvibe,2
2026-08-30T16:32:48Z,249,Golden Summoner Ring,1,0x69c4cc0147fbc23965896fb18a1ccea92230ed1b,afropengu,270
2026-08-30T16:32:48Z,249,Golden Summoner Ring,2,0x73a9ffdaaf53723f1d08403f613870cddd6e18fc,suspicious,154
2026-08-30T16:32:48Z,249,Golden Summoner Ring,3,0xd678b718f70389dbdd2d447df23333641e8f7480,yanik,149
2026-08-30T16:32:48Z,249,Golden Summoner Ring,4,0xeed7c6b2af48249a040c9e5d59437670889c7e07,lilwassie,79
2026-08-30T16:32:48Z,249,Golden Summoner Ring,5,0x19342b9e3f123e373e24f1eea9bb5a1a935507fa,bigmommymilkers,72
2026-08-30T16:32:48Z,249,Golden Summoner Ring,6,0xbcbcccae5efd1dab247e6428e9e20a9fda8c5abd,oneindigheid,69
2026-08-30T16:32:48Z,249,Golden Summoner Ring,7,0x2a2376e5e9981c19b15af64d2cdb57c9b94eb1f6,xiskool,66
2026-08-30T16:32:48Z,249,Golden Summoner Ring,8,0xac06dbd4f2b1b174dbb3b67449f0f4245f0f3bc3,spanish,63
2026-08-30T16:32:48Z,249,Golden Summoner Ring,9,0xf00dfac3af2f5b38fe55d50ccf8ffa8c293ea161,dudendy,56
2026-08-30T16:32:48Z,249,Golden Summoner Ring,10,0x9dc70f5472a88f3eefa4d515a6b1ec94d9d30d13,sidlovskyy,55
2026-08-30T16:32:48Z,249,Golden Summoner Ring,11,0x02764ae21333f5777b44cdded3a654a340176fff,bh3320,52
2026-08-30T16:32:48Z,249,Golden Summoner Ring,12,0xbdecab53bb16b74aa1a1715cc4b80db641eac9da,rxch,50
2026-08-30T16:32:48Z,249,Golden Summoner Ring,13,0x0ee9318275c37f0e635bb7c8a455ade252cecf1f,georgysogood,48
2026-08-30T16:32:48Z,249,Golden Summoner Ring,14,0x3629d88069124258ef6bb99c9080d064f42e7206,grumpy,43
2026-08-30T16:32:48Z,249,Golden Summoner Ring,15,0x4f03ea409e546d9ab7eaa6c9b481bcb99c8547e5,coinpie,42
2026-08-30T16:32:48Z,249,Golden Summoner Ring,16,0xfd0cb86676ba86e3033f1d6d333b342880f336df,677willwin,41
2026-08-30T16:32:48Z,249,Golden Summoner Ring,17,0x90c1ed16e9b16db7d031f573d20bead430feb107,jablko,40
2026-08-30T16:32:48Z,249,Golden Summoner Ring,18,0x0357294131b3d5b23c84dfa8e38d7e54358f8ba8,kaiken888,39
2026-08-30T16:32:48Z,249,Golden Summoner Ring,19,0x388d510f0f11ba0762e8c7212645ed873c17a204,otabart,37
2026-08-30T16:32:48Z,249,Golden Summoner Ring,20,0x0a42a67154221c44c9eae98eb7f9cbff2d269a0e,cassowary,26
2026-08-30T16:32:48Z,249,Golden Summoner Ring,21,0x5d94f14bafdc6920e462abaa8285d680d4dfa069,tofu,23
2026-08-30T16:32:48Z,249,Golden Summoner Ring,22,0xbbbfe4cc5c3924f19f6e36e66448b2e3a126b111,cryptologist,23
2026-08-30T16:32:48Z,249,Golden Summoner Ring,23,0x8ccb0988036cf9d2ca7b24ed46a57cf25ce6f92d,chosta,22
2026-08-30T16:32:48Z,249,Golden Summoner Ring,24,0x688410dbc8c331f5945eafc659ae721a447ae975,igloo,20
2026-08-30T16:32:48Z,249,Golden Summoner Ring,25,0x33973ffb41add93b49227241566d3e5fc9ad904b,schemedream,18
2026-08-30T16:32:48Z,249,Golden Summoner Ring,26,0x7b761e4389daf5581708bfe1a26b5d45cc279f2f,gordongrowth,18
2026-08-30T16:32:48Z,249,Golden Summoner Ring,27,0x9c991a85b090aae221ef8418e3ca29279bf2500a,migs,18
2026-08-30T16:32:48Z,249,Golden Summoner Ring,28,0xafe00172cf96544d610bf9b70d549a5e89b83f2d,hungryjay,17
2026-08-30T16:32:48Z,249,Golden Summoner Ring,29,0x7b937e99c1458a485a035a0f06b9d8bf5f842a05,lameak,17
2026-08-30T16:32:48Z,249,Golden Summoner Ring,30,0xeff6c4dcd2b79f502d5d7cb6e6daf70f2536daef,syta,17
2026-08-30T16:32:48Z,249,Golden Summoner Ring,31,0x5ab272231e653c2265bdfae58310021bca37152e,tufbeast,16
2026-08-30T16:32:48Z,249,Golden Summoner Ring,32,0x92569bee8c8b9c1df1c283a0409fcc2b2fede157,phalanx,14
2026-08-30T16:32:48Z,249,Golden Summoner Ring,33,0x319d278581e5e5a49ef80e795fe81225d9a15200,icedcoffee,12
2026-08-30T16:32:48Z,249,Golden Summoner Ring,34,0xb703799d9f485852c9394a8b2cdb39f5590fd65f,gaijin,11
2026-08-30T16:32:48Z,249,Golden Summoner Ring,35,0x3d385f04852ae078d10e2a420f928f227f3e63f3,kellox,11
2026-08-30T16:32:48Z,249,Golden Summoner Ring,36,0x18db144b2f18b025c1f7ee1d86b422fe864ba477,royven,11
2026-08-30T16:32:48Z,249,Golden Summoner Ring,37,0x3c49ca3eda0ce8413f9c433f04322827714c23c3,dmisky,11
2026-08-30T16:32:48Z,249,Golden Summoner Ring,38,0xeb16cc074e0d3a6c87c0c45a6eced5ef92424b31,wiseadmiral,11
2026-08-30T16:32:48Z,249,Golden Summoner Ring,39,0xd2bb5bcaaaa9d2d77a50598055397916780972ca,sinet,11
2026-08-30T16:32:48Z,249,Golden Summoner Ring,40,0xf3143c8e4469a271fa2be6d8775ca2b3bdccf4e2,rmty,9
2026-08-30T16:32:48Z,249,Golden Summoner Ring,41,0x86ed45a7aa5b0c3e9405dbbc3209f1747c074b39,okeyerokey,9
2026-08-30T16:32:48Z,249,Golden Summoner Ring,42,0x8045784a3a7209a24eb09a5a2bc4f9e6fb67782b,kangboksoon,8
2026-08-30T16:32:48Z,249,Golden Summoner Ring,43,0x4366b9a2417631b2647a8d67608638d973fade33,epicser,8
2026-08-30T16:32:48Z,249,Golden Summoner Ring,44,0xce3bc9c7e6b1a4082f9853f6f796e604148b2583,classicj,8
2026-08-30T16:32:48Z,249,Golden Summoner Ring,45,0xd15481578c11b4e5b8f241c412899a0bdd704408,wholistic,7
2026-08-30T16:32:48Z,249,Golden Summoner Ring,46,0x3eda210ff41e2b2d1658ca5ebe0b80a376c7e0f4,astarta,7
2026-08-30T16:32:48Z,249,Golden Summoner Ring,47,0xc577c2f43ffba49d965a8c153f330ba3daad3b73,snake,7
2026-08-30T16:32:48Z,249,Golden Summoner Ring,48,0x161f91374506a85ed9063e90c4c217d8697d6471,proofofely,7
2026-08-30T16:32:48Z,249,Golden Summoner Ring,49,0xb0d90d52c7389824d4b22c06bcdccd734e3162b7,ezsnipe,7
2026-08-30T16:32:48Z,249,Golden Summoner Ring,50,0x867a70d280830fc91f5441449ef37dfa403924a8,eydrian,7
2026-08-30T16:32:48Z,249,Golden Summoner Ring,51,0x381dd397e721c72ce321a1ebaf96ce04f4422ac0,suckmydirtydick,6
2026-08-30T16:32:48Z,249,Golden Summoner Ring,52,0x99278037b2150c577ef1038ceca08db8684bba95,0xfuture,6
2026-08-30T16:32:48Z,249,Golden Summoner Ring,53,0xf343348aef03fea785a6a55f1db870c94f6afb4f,billybob,6
2026-08-30T16:32:48Z,249,Golden Summoner Ring,54,0x67369c3e524d370daebc36d9ab3320fafc71eead,roblox,6
2026-08-30T16:32:48Z,249,Golden Summoner Ring,55,0x08f4fc19fdee64babf4bda2b0b6e30d3b8683025,aponroflon,6
2026-08-30T16:32:48Z,249,Golden Summoner Ring,56,0x95233e2ec170b4ba0e2208c1ec89f3b87f8b18c7,gambit,6
2026-08-30T16:32:48Z,249,Golden Summoner Ring,57,0xd1c76125cb2751750ddb2afded780c6f5b7a3cbc,kace,6
2026-08-30T16:32:48Z,249,Golden Summoner Ring,58,0x6479013c37f56cecc6e77fcfece208645324f5cb,lightning,6
2026-08-30T16:32:48Z,249,Golden Summoner Ring,59,0x1a5fd36d4b15dd6b5f6eba46c42b1fa697fa4f3a,melbo,5
2026-08-30T16:32:48Z,249,Golden Summoner Ring,60,0xef58ad6d6bcaf054da34948c88e7e91a052dc0fa,kraven,5
2026-08-30T16:32:48Z,249,Golden Summoner Ring,61,0x23244cc893df1ff2916ee2e492b65bec74b2760c,bunyoo,5
2026-08-30T16:32:48Z,249,Golden Summoner Ring,62,0x2dad623c8e23645751d0671adb4a02b246285515,fragi,5
2026-08-30T16:32:48Z,249,Golden Summoner Ring,63,0xc9f27e68912aae40bb60c17b5634b3e74bbb16ab,minebuu,5
2026-08-30T16:32:48Z,249,Golden Summoner Ring,64,0xf6182bb74c82ddeaf96c43cc60eccfb070bc0b57,cryptogrit,5
2026-08-30T16:32:48Z,249,Golden Summoner Ring,65,0x1114d62a0148f458040fbf2ddb945560398ca5f0,soma,5
2026-08-30T16:32:48Z,249,Golden Summoner Ring,66,0xe90a9bdb63e9ba04a7f3e95140ff803f2f377f5e,vova,5
2026-08-30T16:32:48Z,249,Golden Summoner Ring,67,0xc3ae9ac69d672368539413235938277ce19fc270,bollin,4
2026-08-30T16:32:48Z,249,Golden Summoner Ring,68,0x8c86b43762e80f15a483dba543a31cd96e48e456,n00b,4
2026-08-30T16:32:48Z,249,Golden Summoner Ring,69,0x0d1df94f0106ce5bd92138d43c8551cad530c169,vermo,4
2026-08-30T16:32:48Z,249,Golden Summoner Ring,70,0x853038c8b98818ee8cb91d8355454c18909e343b,doge,4
2026-08-30T16:32:48Z,249,Golden Summoner Ring,71,0xdbd4749050752504d9017484f82a75dff9592cd1,tron,4
2026-08-30T16:32:48Z,249,Golden Summoner Ring,72,0x77b56d73521061c92ce7bf006dc77587fa7368c2,beizan,4
2026-08-30T16:32:48Z,249,Golden Summoner Ring,73,0x89ca1ffe78d575447514790ea0b141c7c44d9332,tice,4
2026-08-30T16:32:48Z,249,Golden Summoner Ring,74,0x0fec947904065bf920e97aae5042ef1e31268e76,matcha,3
2026-08-30T16:32:48Z,249,Golden Summoner Ring,75,0x4ebc17059cfc143d86fb92ed707805d68142e3ec,ponziscam,3
2026-08-30T16:32:48Z,249,Golden Summoner Ring,76,0xfff195795e606cbfa76e1c72c7ed6731df91d83d,pan1c,3
2026-08-30T16:32:48Z,249,Golden Summoner Ring,77,0x0b2291da8091128352c2464f1072cf4211144744,moritz,3
2026-08-30T16:32:48Z,249,Golden Summoner Ring,78,0x2d13b12254a7da18b5634c54f74fd73cdd504777,wiseone,3
2026-08-30T16:32:48Z,249,Golden Summoner Ring,79,0x9e3eddb26f9ce62782e544f2a5366c4e2296bce2,og_ayri,3
2026-08-30T16:32:48Z,249,Golden Summoner Ring,80,0x598da7a9442f75387c0b3495656f000120ff0eea,demon87,3
2026-08-30T16:32:48Z,249,Golden Summoner Ring,81,0x844d58714aa3fed998f898cbce1b0ddc4550304f,jiren,3
2026-08-30T16:32:48Z,249,Golden Summoner Ring,82,0x49826f26fd526c52c7b18d0f2866b6e158328eec,lilvibe,3
2026-08-30T16:32:48Z,249,Golden Summoner Ring,83,0xd241569d27278c7dc650aa6808356f21589b7b27,ziirup,3
2026-08-30T16:32:48Z,249,Golden Summoner Ring,84,0xdff0b31e34a4c0282ac3db35466e091b43c3053e,becks,3
2026-08-30T16:32:48Z,249,Golden Summoner Ring,85,0xf3eaf60c6be58eb9853e71219801c06ad8969f0e,relicguy,3
2026-08-30T16:32:48Z,249,Golden Summoner Ring,86,0xd5e897b2618c9da1d02ea9c0a286eb591e5bf64b,monkeylord,2
2026-08-30T16:32:48Z,249,Golden Summoner Ring,87,0x2d893c9f463c94593bc12b65273c5b9f9aa4a113,cubbix,2
2026-08-30T16:32:48Z,249,Golden Summoner Ring,88,0x562ffbc839b608e35646e9de40591b5145bcc6f5,aizcalibur,2
2026-08-30T16:32:48Z,249,Golden Summoner Ring,89,0xe4c92dfd2b82ff488ee4e0744e78959f8cc2c24c,jonh94,2
2026-08-30T16:32:48Z,249,Golden Summoner Ring,90,0xd9233b0c7017055eb9cca10a95b214ac89fe905a,soroka,2
2026-08-30T16:32:48Z,249,Golden Summoner Ring,91,0x7a94e1c024600556a31ef90ceb5357231c4f5f2e,twoseven5,2
2026-08-30T16:32:48Z,249,Golden Summoner Ring,92,0x11fafc463c9a9d5cfc54441e501f93b93a205fe7,alinasser,2
2026-08-30T16:32:48Z,249,Golden Summoner Ring,93,0x5c4eccb4a3a7082a75c01c7608ea35f4350630a6,sedicol,2
2026-08-30T16:32:48Z,249,Golden Summoner Ring,94,0xea04f13937031d59bf466c9c79d70a9c41a79a4a,sandsman,2
2026-08-30T16:32:48Z,249,Golden Summoner Ring,95,0xb70d8072d659492c3848bfe7e286b625621b4877,albaniaman,2
2026-08-30T16:32:48Z,249,Golden Summoner Ring,96,0x08a2d01e6e306911ea7032077cf0bf924a1092ea,lemz,2
2026-08-30T16:32:48Z,249,Golden Summoner Ring,97,0x0649976f6dd8a2589af8790076f2c08909dd9337,debora,2
2026-08-30T16:32:48Z,249,Golden Summoner Ring,98,0x9b3ef1d5b7472560cf6241949b2485e456aa37a0,bush1do,2
2026-08-30T16:32:48Z,249,Golden Summoner Ring,99,0x469998f2fa8aaa2648fef6fc3902268f315195ef,mrgold,2
2026-08-30T16:32:48Z,249,Golden Summoner Ring,100,0x16e76988594556819213eb2056a45a563debaf95,dirty,2
2026-08-30T16:34:10Z,134,Chobo Silver Ring,1,0xd678b718f70389dbdd2d447df23333641e8f7480,yanik,690
2026-08-30T16:34:10Z,134,Chobo Silver Ring,2,0x9dc70f5472a88f3eefa4d515a6b1ec94d9d30d13,sidlovskyy,422
2026-08-30T16:34:10Z,134,Chobo Silver Ring,3,0xf00dfac3af2f5b38fe55d50ccf8ffa8c293ea161,dudendy,390
2026-08-30T16:34:10Z,134,Chobo Silver Ring,4,0x73a9ffdaaf53723f1d08403f613870cddd6e18fc,suspicious,357
2026-08-30T16:34:10Z,134,Chobo Silver Ring,5,0xe90a9bdb63e9ba04a7f3e95140ff803f2f377f5e,vova,225
2026-08-30T16:34:10Z,134,Chobo Silver Ring,6,0x2a2376e5e9981c19b15af64d2cdb57c9b94eb1f6,xiskool,210
2026-08-30T16:34:10Z,134,Chobo Silver Ring,7,0x4e16f03fafc94af2d0b79d2d15d3d54f7c9f04fa,recluseham,168
2026-08-30T16:34:10Z,134,Chobo Silver Ring,8,0x0ee9318275c37f0e635bb7c8a455ade252cecf1f,georgysogood,166
2026-08-30T16:34:10Z,134,Chobo Silver Ring,9,0xeed7c6b2af48249a040c9e5d59437670889c7e07,lilwassie,157
2026-08-30T16:34:10Z,134,Chobo Silver Ring,10,0x95233e2ec170b4ba0e2208c1ec89f3b87f8b18c7,gambit,134
2026-08-30T16:34:10Z,134,Chobo Silver Ring,11,0x2ab7adbf3685c74d2e300c9c0e676b1bf6027ac5,0xn00b,126
2026-08-30T16:34:10Z,134,Chobo Silver Ring,12,0x3eda210ff41e2b2d1658ca5ebe0b80a376c7e0f4,astarta,104
2026-08-30T16:34:10Z,134,Chobo Silver Ring,13,0x161f91374506a85ed9063e90c4c217d8697d6471,proofofely,100
2026-08-30T16:34:10Z,134,Chobo Silver Ring,14,0xe4b1f5eb3da2195f8d41a052229a7eec3c4e6ed8,azoni,98
2026-08-30T16:34:10Z,134,Chobo Silver Ring,15,0xb0f42c12dd7e28f0deafe74fdf603782c430f896,stellarhobbes,96
2026-08-30T16:34:10Z,134,Chobo Silver Ring,16,0x23244cc893df1ff2916ee2e492b65bec74b2760c,bunyoo,96
2026-08-30T16:34:10Z,134,Chobo Silver Ring,17,0xac06dbd4f2b1b174dbb3b67449f0f4245f0f3bc3,spanish,95
2026-08-30T16:34:10Z,134,Chobo Silver Ring,18,0xbdecab53bb16b74aa1a1715cc4b80db641eac9da,rxch,95
2026-08-30T16:34:10Z,134,Chobo Silver Ring,19,0x0a42a67154221c44c9eae98eb7f9cbff2d269a0e,cassowary,90
2026-08-30T16:34:10Z,134,Chobo Silver Ring,20,0x95f92440789e364f3a167069b899c84b02f92254,axion,86
2026-08-30T16:34:10Z,134,Chobo Silver Ring,21,0x388d510f0f11ba0762e8c7212645ed873c17a204,otabart,84
2026-08-30T16:34:10Z,134,Chobo Silver Ring,22,0x55085ade6c1c39b64cd27099993c5dc933bbed35,bigdogga,74
2026-08-30T16:34:10Z,134,Chobo Silver Ring,23,0xcf29253e7c1e908d4091c9be85522893c77f0fc8,ciri,72
2026-08-30T16:34:10Z,134,Chobo Silver Ring,24,0x02764ae21333f5777b44cdded3a654a340176fff,bh3320,69
2026-08-30T16:34:10Z,134,Chobo Silver Ring,25,0x65a934bd2113318315e7f4c8f6108b92e2be9292,hetfield,58
2026-08-30T16:34:10Z,134,Chobo Silver Ring,26,0xce3bc9c7e6b1a4082f9853f6f796e604148b2583,classicj,58
2026-08-30T16:34:10Z,134,Chobo Silver Ring,27,0x3d385f04852ae078d10e2a420f928f227f3e63f3,kellox,56
2026-08-30T16:34:10Z,134,Chobo Silver Ring,28,0x19342b9e3f123e373e24f1eea9bb5a1a935507fa,bigmommymilkers,56
2026-08-30T16:34:10Z,134,Chobo Silver Ring,29,0x69c4cc0147fbc23965896fb18a1ccea92230ed1b,afropengu,55
2026-08-30T16:34:10Z,134,Chobo Silver Ring,30,0x469998f2fa8aaa2648fef6fc3902268f315195ef,mrgold,54
2026-08-30T16:34:10Z,134,Chobo Silver Ring,31,0xb2042611b4987ba8be9efd6cc1165f09e7c694a8,joblessathena,53
2026-08-30T16:34:10Z,134,Chobo Silver Ring,32,0xafe00172cf96544d610bf9b70d549a5e89b83f2d,hungryjay,52
2026-08-30T16:34:10Z,134,Chobo Silver Ring,33,0x9b3ef1d5b7472560cf6241949b2485e456aa37a0,bush1do,50
2026-08-30T16:34:10Z,134,Chobo Silver Ring,34,0x0b2291da8091128352c2464f1072cf4211144744,moritz,47
2026-08-30T16:34:10Z,134,Chobo Silver Ring,35,0x4ec977a8e80c4099a44f8ae53a48281448471342,terrestra,46
2026-08-30T16:34:10Z,134,Chobo Silver Ring,36,0x688410dbc8c331f5945eafc659ae721a447ae975,igloo,44
2026-08-30T16:34:10Z,134,Chobo Silver Ring,37,0xbddef3e050261365464e40d086b91f5100b13108,thattonton,44
2026-08-30T16:34:10Z,134,Chobo Silver Ring,38,0x9c991a85b090aae221ef8418e3ca29279bf2500a,migs,43
2026-08-30T16:34:10Z,134,Chobo Silver Ring,39,0x7b924f8164ff2311680a0431f05e6bcde6a3f954,det0n,41
2026-08-30T16:34:10Z,134,Chobo Silver Ring,40,0xa8a956a5690cc81bb367da2c2f6f1796be2b3c30,scottco,38
2026-08-30T16:34:10Z,134,Chobo Silver Ring,41,0x32cb224f344a9aa22c5d2e699f24d3928e6ca06f,d3r0,38
2026-08-30T16:34:10Z,134,Chobo Silver Ring,42,0x8298dfc90c0119379f265b4dad6e9f0e8359a80e,userbased,37
2026-08-30T16:34:10Z,134,Chobo Silver Ring,43,0xbbdca17d69518306b61d26b54b5a6c61e6c0bba1,9stx6,37
2026-08-30T16:34:10Z,134,Chobo Silver Ring,44,0x9ce44e274bce511788c6ac81eafdb71fe920d4ee,deanoxbt,36
2026-08-30T16:34:10Z,134,Chobo Silver Ring,45,0xa134a3dfa4cb010873db8012d5b360d97ba80c28,winner,36
2026-08-30T16:34:10Z,134,Chobo Silver Ring,46,0x0c0a71e32e1954635e2dde143ed9e59fe471fb94,kryy,35
2026-08-30T16:34:10Z,134,Chobo Silver Ring,47,0x1114d62a0148f458040fbf2ddb945560398ca5f0,soma,35
2026-08-30T16:34:10Z,134,Chobo Silver Ring,48,0x6a31fe60046a9da9867bccbe48378893906099f5,airmangataos,35
2026-08-30T16:34:10Z,134,Chobo Silver Ring,49,0x33973ffb41add93b49227241566d3e5fc9ad904b,schemedream,34
2026-08-30T16:34:10Z,134,Chobo Silver Ring,50,0xc3ae9ac69d672368539413235938277ce19fc270,bollin,34
2026-08-30T16:34:10Z,134,Chobo Silver Ring,51,0x0cc677b008149e08e468fe7da539e5dd24eb05dd,yashiw,33
2026-08-30T16:34:10Z,134,Chobo Silver Ring,52,0xe9a0904b53c6e9d7285440142ea3f0c96b69fcfa,karabas666,33
2026-08-30T16:34:10Z,134,Chobo Silver Ring,53,0x4f03ea409e546d9ab7eaa6c9b481bcb99c8547e5,coinpie,33
2026-08-30T16:34:10Z,134,Chobo Silver Ring,54,0x908c7c7f0266da791bae52b9ecac8c34ca73d9f4,mangas,33
2026-08-30T16:34:10Z,134,Chobo Silver Ring,55,0x6f8b27fe779070967417cc02447b231b5c14b843,souvx,32
2026-08-30T16:34:10Z,134,Chobo Silver Ring,56,0xe6b6cbab6c586d64025ffaea1548f3f09dabe6c2,milkshake,32
2026-08-30T16:34:10Z,134,Chobo Silver Ring,57,0xbcbcccae5efd1dab247e6428e9e20a9fda8c5abd,oneindigheid,31
2026-08-30T16:34:10Z,134,Chobo Silver Ring,58,0xa592221a516dc29a427a57b6951b26962605709c,xxchake,31
2026-08-30T16:34:10Z,134,Chobo Silver Ring,59,0x90bef28cbd710d4acea9efe1ae8457eeda8c65ec,snggamer,30
2026-08-30T16:34:10Z,134,Chobo Silver Ring,60,0x9271e9969b98083d53bcf3c82ecf2a87b717500d,fefer,30
2026-08-30T16:34:10Z,134,Chobo Silver Ring,61,0xfc32e5cfbea49a2f1d21936eec0a7722a6c2d4a7,tacolauncher,30
2026-08-30T16:34:10Z,134,Chobo Silver Ring,62,0x88cfbbebdd22210c007be8acc0d2a86cd25018f3,praniuk,30
2026-08-30T16:34:10Z,134,Chobo Silver Ring,63,0xb0d90d52c7389824d4b22c06bcdccd734e3162b7,ezsnipe,29
2026-08-30T16:34:10Z,134,Chobo Silver Ring,64,0x663ac0e621bd9bbd47100768d3ce98f0e25a7b21,skoheels,29
2026-08-30T16:34:10Z,134,Chobo Silver Ring,65,0xdd1722d7f70a5786da9e14bab66a373ee00878f2,abolfazlkk,29
2026-08-30T16:34:10Z,134,Chobo Silver Ring,66,0x5f90cae78f02a95633e596c1841c6ef41fb431b2,pechou,29
2026-08-30T16:34:10Z,134,Chobo Silver Ring,67,0x40bfc8a6d3283958d3b70dc68049a78038a0f2e3,playaway,28
2026-08-30T16:34:10Z,134,Chobo Silver Ring,68,0xef58ad6d6bcaf054da34948c88e7e91a052dc0fa,kraven,27
2026-08-30T16:34:10Z,134,Chobo Silver Ring,69,0x01082d01888902fdad71578bf989d342b71151ec,lowbank,27
2026-08-30T16:34:10Z,134,Chobo Silver Ring,70,0xb29f073a9e2946d805714c9030b191ee6afed445,hitagi,27
2026-08-30T16:34:10Z,134,Chobo Silver Ring,71,0x25fb85df6ac78c8b63e5e2b10e31fa36e72c2d38,bigpenis,26
2026-08-30T16:34:10Z,134,Chobo Silver Ring,72,0xaed39522670a5d146eb57289cc05b043bbeb0c19,lazyiv,25
2026-08-30T16:34:10Z,134,Chobo Silver Ring,73,0xb4c3602689229297d255974e90ce4954d9380104,bkbk,25
2026-08-30T16:34:10Z,134,Chobo Silver Ring,74,0x5bb347443887e595820f74f028e837c3766f5923,0xitero,25
2026-08-30T16:34:10Z,134,Chobo Silver Ring,75,0x60ce92f21269cd871a7910e28f0c59a82c05388a,sinon,24
2026-08-30T16:34:10Z,134,Chobo Silver Ring,76,0x5f018c6e9b3b0d9c23e144bc5b2f4d82fc9b3650,jjangbang,24
2026-08-30T16:34:10Z,134,Chobo Silver Ring,77,0x378f0bda88d7255f95afef6029799df500a6cc66,lamperouge,24
2026-08-30T16:34:10Z,134,Chobo Silver Ring,78,0x4ebc17059cfc143d86fb92ed707805d68142e3ec,ponziscam,24
2026-08-30T16:34:10Z,134,Chobo Silver Ring,79,0x49aa7176ee7ce63c8e9d543c172ec1fda0770477,pronya,24
2026-08-30T16:34:10Z,134,Chobo Silver Ring,80,0x13fe8fe08a0d824cd44b8d13f813891b6532f59e,morror,24
2026-08-30T16:34:10Z,134,Chobo Silver Ring,81,0x7b761e4389daf5581708bfe1a26b5d45cc279f2f,gordongrowth,24
2026-08-30T16:34:10Z,134,Chobo Silver Ring,82,0x7e6cb1e3f70e681c2f31d52adc2b1d09d6edf232,resuka,24
2026-08-30T16:34:10Z,134,Chobo Silver Ring,83,0x5168a8f95a5bce4f4918884b2db51132d8f3bbf1,neveli,24
2026-08-30T16:34:10Z,134,Chobo Silver Ring,84,0x36ef5b58dad1c055002c26c9c5a6787d09645edf,gibar,24
2026-08-30T16:34:10Z,134,Chobo Silver Ring,85,0xd82311e0ddcff7cad1be090763d4f6d7ba1c290a,vims,23
2026-08-30T16:34:10Z,134,Chobo Silver Ring,86,0xdcf62adfc2193b3997947424583654689bcfd391,tekmeneth,23
2026-08-30T16:34:10Z,134,Chobo Silver Ring,87,0xff6bddba3937f03b495b4efb304194d2cbc488ca,lizardmafia,23
2026-08-30T16:34:10Z,134,Chobo Silver Ring,88,0x78b3c75839e125935d0322202f67eda979d0d6e8,sa1lar,23
2026-08-30T16:34:10Z,134,Chobo Silver Ring,89,0xfb4f086ba201a8f32805eb82a431a1dacc3f08b2,obivan,23
2026-08-30T16:34:10Z,134,Chobo Silver Ring,90,0xf55af9cd0880394b597966451ec2f4a6facb125e,dalebi,22
2026-08-30T16:34:10Z,134,Chobo Silver Ring,91,0x28b88b45c3309fa9940cd8c0c0212636ca364417,forfree,21
2026-08-30T16:34:10Z,134,Chobo Silver Ring,92,0x7528c1732168ace7027b18ec184d8cd6984f9eac,druid,21
2026-08-30T16:34:10Z,134,Chobo Silver Ring,93,0xc34c29733dcf130f75090464ced47275d88e3419,basedcamp,20
2026-08-30T16:34:10Z,134,Chobo Silver Ring,94,0x5f28eb5481eb2b2ef39d6d072fabad1026d52e69,wegowego,20
2026-08-30T16:34:10Z,134,Chobo Silver Ring,95,0x8ed20f071287100fafca51c94b5d6d0d8340aef9,joseprust,20
2026-08-30T16:34:10Z,134,Chobo Silver Ring,96,0x9a49c905c2cca8115d330572b494c6602aba6e1e,supportprime,20
2026-08-30T16:34:10Z,134,Chobo Silver Ring,97,0x1fa2d99af8af14a397129728bb7fbcc192d14196,axaxa,20
2026-08-30T16:34:10Z,134,Chobo Silver Ring,98,0x86ddd23ac3d0c0330bd5fab2948a63b6b6cfa3bc,andpeu_kpyt,19
2026-08-30T16:34:10Z,134,Chobo Silver Ring,99,0xfbfc822ee4989b2b4b9b18e4035ff72335cbb16e,jame7,19
2026-08-30T16:34:10Z,134,Chobo Silver Ring,100,0x53c5e9ffb362ec22fc172400bc6209819cb3a301,k1sel,19
2026-08-30T16:34:10Z,135,Crusader Silver Ring,1,0xd678b718f70389dbdd2d447df23333641e8f7480,yanik,683
2026-08-30T16:34:10Z,135,Crusader Silver Ring,2,0xf00dfac3af2f5b38fe55d50ccf8ffa8c293ea161,dudendy,476
2026-08-30T16:34:10Z,135,Crusader Silver Ring,3,0x9dc70f5472a88f3eefa4d515a6b1ec94d9d30d13,sidlovskyy,456
2026-08-30T16:34:10Z,135,Crusader Silver Ring,4,0x73a9ffdaaf53723f1d08403f613870cddd6e18fc,suspicious,343
2026-08-30T16:34:10Z,135,Crusader Silver Ring,5,0x2a2376e5e9981c19b15af64d2cdb57c9b94eb1f6,xiskool,236
2026-08-30T16:34:10Z,135,Crusader Silver Ring,6,0x0ee9318275c37f0e635bb7c8a455ade252cecf1f,georgysogood,177
2026-08-30T16:34:10Z,135,Crusader Silver Ring,7,0x0c0a71e32e1954635e2dde143ed9e59fe471fb94,kryy,168
2026-08-30T16:34:10Z,135,Crusader Silver Ring,8,0x3eda210ff41e2b2d1658ca5ebe0b80a376c7e0f4,astarta,147
2026-08-30T16:34:10Z,135,Crusader Silver Ring,9,0x4e16f03fafc94af2d0b79d2d15d3d54f7c9f04fa,recluseham,137
2026-08-30T16:34:10Z,135,Crusader Silver Ring,10,0x23244cc893df1ff2916ee2e492b65bec74b2760c,bunyoo,127
2026-08-30T16:34:10Z,135,Crusader Silver Ring,11,0x95233e2ec170b4ba0e2208c1ec89f3b87f8b18c7,gambit,124
2026-08-30T16:34:10Z,135,Crusader Silver Ring,12,0x0b2291da8091128352c2464f1072cf4211144744,moritz,120
2026-08-30T16:34:10Z,135,Crusader Silver Ring,13,0x2ab7adbf3685c74d2e300c9c0e676b1bf6027ac5,0xn00b,111
2026-08-30T16:34:10Z,135,Crusader Silver Ring,14,0x95f92440789e364f3a167069b899c84b02f92254,axion,106
2026-08-30T16:34:10Z,135,Crusader Silver Ring,15,0xbdecab53bb16b74aa1a1715cc4b80db641eac9da,rxch,95
2026-08-30T16:34:10Z,135,Crusader Silver Ring,16,0x0a42a67154221c44c9eae98eb7f9cbff2d269a0e,cassowary,81
2026-08-30T16:34:10Z,135,Crusader Silver Ring,17,0x388d510f0f11ba0762e8c7212645ed873c17a204,otabart,79
2026-08-30T16:34:10Z,135,Crusader Silver Ring,18,0x02764ae21333f5777b44cdded3a654a340176fff,bh3320,75
2026-08-30T16:34:10Z,135,Crusader Silver Ring,19,0x95f3c63ee60f5efc58bc6672b1a12314d67a6881,pro_mint,73
2026-08-30T16:34:10Z,135,Crusader Silver Ring,20,0xce3bc9c7e6b1a4082f9853f6f796e604148b2583,classicj,71
2026-08-30T16:34:10Z,135,Crusader Silver Ring,21,0xb2042611b4987ba8be9efd6cc1165f09e7c694a8,joblessathena,70
2026-08-30T16:34:10Z,135,Crusader Silver Ring,22,0x6a31fe60046a9da9867bccbe48378893906099f5,airmangataos,68
2026-08-30T16:34:10Z,135,Crusader Silver Ring,23,0x9b3ef1d5b7472560cf6241949b2485e456aa37a0,bush1do,66
2026-08-30T16:34:10Z,135,Crusader Silver Ring,24,0xcf29253e7c1e908d4091c9be85522893c77f0fc8,ciri,64
2026-08-30T16:34:10Z,135,Crusader Silver Ring,25,0x19342b9e3f123e373e24f1eea9bb5a1a935507fa,bigmommymilkers,63
2026-08-30T16:34:10Z,135,Crusader Silver Ring,26,0xa8a956a5690cc81bb367da2c2f6f1796be2b3c30,scottco,60
2026-08-30T16:34:10Z,135,Crusader Silver Ring,27,0xe4b1f5eb3da2195f8d41a052229a7eec3c4e6ed8,azoni,58
2026-08-30T16:34:10Z,135,Crusader Silver Ring,28,0xbddef3e050261365464e40d086b91f5100b13108,thattonton,57
2026-08-30T16:34:10Z,135,Crusader Silver Ring,29,0x469998f2fa8aaa2648fef6fc3902268f315195ef,mrgold,54
2026-08-30T16:34:10Z,135,Crusader Silver Ring,30,0xac06dbd4f2b1b174dbb3b67449f0f4245f0f3bc3,spanish,54
2026-08-30T16:34:10Z,135,Crusader Silver Ring,31,0x9c991a85b090aae221ef8418e3ca29279bf2500a,migs,54
2026-08-30T16:34:10Z,135,Crusader Silver Ring,32,0xeed7c6b2af48249a040c9e5d59437670889c7e07,lilwassie,51
2026-08-30T16:34:10Z,135,Crusader Silver Ring,33,0xb0d90d52c7389824d4b22c06bcdccd734e3162b7,ezsnipe,48
2026-08-30T16:34:10Z,135,Crusader Silver Ring,34,0xafe00172cf96544d610bf9b70d549a5e89b83f2d,hungryjay,44
2026-08-30T16:34:10Z,135,Crusader Silver Ring,35,0xfbfc822ee4989b2b4b9b18e4035ff72335cbb16e,jame7,41
2026-08-30T16:34:10Z,135,Crusader Silver Ring,36,0xa134a3dfa4cb010873db8012d5b360d97ba80c28,winner,40
2026-08-30T16:34:10Z,135,Crusader Silver Ring,37,0xe90a9bdb63e9ba04a7f3e95140ff803f2f377f5e,vova,40
2026-08-30T16:34:10Z,135,Crusader Silver Ring,38,0x7b924f8164ff2311680a0431f05e6bcde6a3f954,det0n,39
2026-08-30T16:34:10Z,135,Crusader Silver Ring,39,0x4f03ea409e546d9ab7eaa6c9b481bcb99c8547e5,coinpie,39
2026-08-30T16:34:10Z,135,Crusader Silver Ring,40,0xc3ae9ac69d672368539413235938277ce19fc270,bollin,38
2026-08-30T16:34:10Z,135,Crusader Silver Ring,41,0x69c4cc0147fbc23965896fb18a1ccea92230ed1b,afropengu,37
2026-08-30T16:34:10Z,135,Crusader Silver Ring,42,0x32cb224f344a9aa22c5d2e699f24d3928e6ca06f,d3r0,37
2026-08-30T16:34:10Z,135,Crusader Silver Ring,43,0x3d385f04852ae078d10e2a420f928f227f3e63f3,kellox,36
2026-08-30T16:34:10Z,135,Crusader Silver Ring,44,0xb0f42c12dd7e28f0deafe74fdf603782c430f896,stellarhobbes,36
2026-08-30T16:34:10Z,135,Crusader Silver Ring,45,0xbbdca17d69518306b61d26b54b5a6c61e6c0bba1,9stx6,36
2026-08-30T16:34:10Z,135,Crusader Silver Ring,46,0x55085ade6c1c39b64cd27099993c5dc933bbed35,bigdogga,36
2026-08-30T16:34:10Z,135,Crusader Silver Ring,47,0xef58ad6d6bcaf054da34948c88e7e91a052dc0fa,kraven,35
2026-08-30T16:34:10Z,135,Crusader Silver Ring,48,0x688410dbc8c331f5945eafc659ae721a447ae975,igloo,34
2026-08-30T16:34:10Z,135,Crusader Silver Ring,49,0x5e269213f74f3f53ed7b57e352860cf7493624f0,jesset,34
2026-08-30T16:34:10Z,135,Crusader Silver Ring,50,0xff6bddba3937f03b495b4efb304194d2cbc488ca,lizardmafia,33
2026-08-30T16:34:10Z,135,Crusader Silver Ring,51,0x33973ffb41add93b49227241566d3e5fc9ad904b,schemedream,32
2026-08-30T16:34:10Z,135,Crusader Silver Ring,52,0xd82311e0ddcff7cad1be090763d4f6d7ba1c290a,vims,32
2026-08-30T16:34:10Z,135,Crusader Silver Ring,53,0x161f91374506a85ed9063e90c4c217d8697d6471,proofofely,32
2026-08-30T16:34:10Z,135,Crusader Silver Ring,54,0xbbbfe4cc5c3924f19f6e36e66448b2e3a126b111,cryptologist,31
2026-08-30T16:34:10Z,135,Crusader Silver Ring,55,0x162a7c95e2e5a208748a6c024f0699e8eeb74dc4,wexovskiy,31
2026-08-30T16:34:10Z,135,Crusader Silver Ring,56,0x7dabaae6e27f981de192fc58bd4c8daf7b073c30,belik,31
2026-08-30T16:34:10Z,135,Crusader Silver Ring,57,0x4ebc17059cfc143d86fb92ed707805d68142e3ec,ponziscam,30
2026-08-30T16:34:10Z,135,Crusader Silver Ring,58,0x5168a8f95a5bce4f4918884b2db51132d8f3bbf1,neveli,30
2026-08-30T16:34:10Z,135,Crusader Silver Ring,59,0x6f8b27fe779070967417cc02447b231b5c14b843,souvx,28
2026-08-30T16:34:10Z,135,Crusader Silver Ring,60,0xfc32e5cfbea49a2f1d21936eec0a7722a6c2d4a7,tacolauncher,27
2026-08-30T16:34:10Z,135,Crusader Silver Ring,61,0x01082d01888902fdad71578bf989d342b71151ec,lowbank,27
2026-08-30T16:34:10Z,135,Crusader Silver Ring,62,0x1af6bc98104d0613fa61ccd0e1c80cf535aa3aee,cekpet,27
2026-08-30T16:34:10Z,135,Crusader Silver Ring,63,0x25fb85df6ac78c8b63e5e2b10e31fa36e72c2d38,bigpenis,27
2026-08-30T16:34:10Z,135,Crusader Silver Ring,64,0x6d91474e416efdb1dd7a0ed68c8892c3b18b08a8,ylooz,27
2026-08-30T16:34:10Z,135,Crusader Silver Ring,65,0x5f28eb5481eb2b2ef39d6d072fabad1026d52e69,wegowego,26
2026-08-30T16:34:10Z,135,Crusader Silver Ring,66,0x8ccb0988036cf9d2ca7b24ed46a57cf25ce6f92d,chosta,26
2026-08-30T16:34:10Z,135,Crusader Silver Ring,67,0x4c53b2e646a3e01c2b22497753b1560029b5166b,gusine,26
2026-08-30T16:34:10Z,135,Crusader Silver Ring,68,0x92569bee8c8b9c1df1c283a0409fcc2b2fede157,phalanx,25
2026-08-30T16:34:10Z,135,Crusader Silver Ring,69,0x13fe8fe08a0d824cd44b8d13f813891b6532f59e,morror,25
2026-08-30T16:34:10Z,135,Crusader Silver Ring,70,0x09c96dae4254764a02a211f6203dc9489a572602,favorburn,25
2026-08-30T16:34:10Z,135,Crusader Silver Ring,71,0x3c49ca3eda0ce8413f9c433f04322827714c23c3,dmisky,25
2026-08-30T16:34:10Z,135,Crusader Silver Ring,72,0x5bb347443887e595820f74f028e837c3766f5923,0xitero,25
2026-08-30T16:34:10Z,135,Crusader Silver Ring,73,0x130eab55f6941f66d4806532d9242cf969b4f036,frontdown,24
2026-08-30T16:34:10Z,135,Crusader Silver Ring,74,0xfa22eafe991cd1166ee4b5ba8236e1eba9105a54,grimreaper,24
2026-08-30T16:34:10Z,135,Crusader Silver Ring,75,0x61fe29db8881f4e0014d5bcac507a8940243bf11,kronovi,24
2026-08-30T16:34:10Z,135,Crusader Silver Ring,76,0xe5ec5ac7505d5fe893a58e0f2d4bb597d07f439d,bell_kraner,24
2026-08-30T16:34:10Z,135,Crusader Silver Ring,77,0xdcf62adfc2193b3997947424583654689bcfd391,tekmeneth,24
2026-08-30T16:34:10Z,135,Crusader Silver Ring,78,0x7e6cb1e3f70e681c2f31d52adc2b1d09d6edf232,resuka,24
2026-08-30T16:34:10Z,135,Crusader Silver Ring,79,0x58f8cecd8e442b14527531f436c9b27fb8f3f301,cmeptb,24
2026-08-30T16:34:10Z,135,Crusader Silver Ring,80,0xa8f0e3e52e0515f5605fb0632532667e494e7ca6,michmich,24
2026-08-30T16:34:10Z,135,Crusader Silver Ring,81,0x5f90cae78f02a95633e596c1841c6ef41fb431b2,pechou,24
2026-08-30T16:34:10Z,135,Crusader Silver Ring,82,0xfb4f086ba201a8f32805eb82a431a1dacc3f08b2,obivan,23
2026-08-30T16:34:10Z,135,Crusader Silver Ring,83,0x633a05cc1ee8deb99caa0f6f143c1662796beed0,volo,22
2026-08-30T16:34:10Z,135,Crusader Silver Ring,84,0x8ed20f071287100fafca51c94b5d6d0d8340aef9,joseprust,22
2026-08-30T16:34:10Z,135,Crusader Silver Ring,85,0xbd27b0379726a5628487edbc63a648f48f0e2e60,berhelit,22
2026-08-30T16:34:10Z,135,Crusader Silver Ring,86,0x92ecebfdc8eb148f78e120c08bfe85701554ab96,carlo,22
2026-08-30T16:34:10Z,135,Crusader Silver Ring,87,0xb4c3602689229297d255974e90ce4954d9380104,bkbk,21
2026-08-30T16:34:10Z,135,Crusader Silver Ring,88,0x7c597496f8c2e2ea4be50125c60b91a43fcf8db8,gromwtf,21
2026-08-30T16:34:10Z,135,Crusader Silver Ring,89,0xe510f33bf4792fcca24daa4ede08e4f228950a25,duub,21
2026-08-30T16:34:10Z,135,Crusader Silver Ring,90,0xd369f09014646bfc80d977a0daa62b5940b264b4,qqws,21
2026-08-30T16:34:10Z,135,Crusader Silver Ring,91,0x549300f79fb33ba2e77344e58b064ede194ef99a,okeydokey,21
2026-08-30T16:34:10Z,135,Crusader Silver Ring,92,0x4046cebd55d5a295dadab5e185980d98b823a300,gigachadpeng,21
2026-08-30T16:34:10Z,135,Crusader Silver Ring,93,0x83becb55eff583800cf1a9a2c03dd4b0fa4d7351,apix,21
2026-08-30T16:34:10Z,135,Crusader Silver Ring,94,0x07484b5b823bb4ec3f1a7ae7eb5e3fffb7bbe09c,agema,21
2026-08-30T16:34:10Z,135,Crusader Silver Ring,95,0x5f018c6e9b3b0d9c23e144bc5b2f4d82fc9b3650,jjangbang,20
2026-08-30T16:34:10Z,135,Crusader Silver Ring,96,0x9271e9969b98083d53bcf3c82ecf2a87b717500d,fefer,20
2026-08-30T16:34:10Z,135,Crusader Silver Ring,97,0x8298dfc90c0119379f265b4dad6e9f0e8359a80e,userbased,20
2026-08-30T16:34:10Z,135,Crusader Silver Ring,98,0xd4394678ec0e7501cb250bba925fa7d07197fd69,dithfucius,20
2026-08-30T16:34:10Z,135,Crusader Silver Ring,99,0x2c685f23808bc7b6adda1fd7b6949c5e2db97eb0,bubba,20
2026-08-30T16:34:10Z,135,Crusader Silver Ring,100,0x17e327bb2fdb1a17d9a369e3dd985406ec3824ca,gracieabrams,20
2026-08-30T16:34:10Z,136,Overseer Silver Ring,1,0xd678b718f70389dbdd2d447df23333641e8f7480,yanik,552
2026-08-30T16:34:10Z,136,Overseer Silver Ring,2,0x9dc70f5472a88f3eefa4d515a6b1ec94d9d30d13,sidlovskyy,440
2026-08-30T16:34:10Z,136,Overseer Silver Ring,3,0xf00dfac3af2f5b38fe55d50ccf8ffa8c293ea161,dudendy,389
2026-08-30T16:34:10Z,136,Overseer Silver Ring,4,0x73a9ffdaaf53723f1d08403f613870cddd6e18fc,suspicious,371
2026-08-30T16:34:10Z,136,Overseer Silver Ring,5,0x2a2376e5e9981c19b15af64d2cdb57c9b94eb1f6,xiskool,217
2026-08-30T16:34:10Z,136,Overseer Silver Ring,6,0x2ab7adbf3685c74d2e300c9c0e676b1bf6027ac5,0xn00b,139
2026-08-30T16:34:10Z,136,Overseer Silver Ring,7,0x3eda210ff41e2b2d1658ca5ebe0b80a376c7e0f4,astarta,139
2026-08-30T16:34:10Z,136,Overseer Silver Ring,8,0xac06dbd4f2b1b174dbb3b67449f0f4245f0f3bc3,spanish,126
2026-08-30T16:34:10Z,136,Overseer Silver Ring,9,0x0ee9318275c37f0e635bb7c8a455ade252cecf1f,georgysogood,123
2026-08-30T16:34:10Z,136,Overseer Silver Ring,10,0x4e16f03fafc94af2d0b79d2d15d3d54f7c9f04fa,recluseham,105
2026-08-30T16:34:10Z,136,Overseer Silver Ring,11,0x161f91374506a85ed9063e90c4c217d8697d6471,proofofely,101
2026-08-30T16:34:10Z,136,Overseer Silver Ring,12,0x95233e2ec170b4ba0e2208c1ec89f3b87f8b18c7,gambit,99
2026-08-30T16:34:10Z,136,Overseer Silver Ring,13,0xbdecab53bb16b74aa1a1715cc4b80db641eac9da,rxch,95
2026-08-30T16:34:10Z,136,Overseer Silver Ring,14,0x95f92440789e364f3a167069b899c84b02f92254,axion,94
2026-08-30T16:34:10Z,136,Overseer Silver Ring,15,0x388d510f0f11ba0762e8c7212645ed873c17a204,otabart,90
2026-08-30T16:34:10Z,136,Overseer Silver Ring,16,0xe90a9bdb63e9ba04a7f3e95140ff803f2f377f5e,vova,89
2026-08-30T16:34:10Z,136,Overseer Silver Ring,17,0x69c4cc0147fbc23965896fb18a1ccea92230ed1b,afropengu,81
2026-08-30T16:34:10Z,136,Overseer Silver Ring,18,0xeed7c6b2af48249a040c9e5d59437670889c7e07,lilwassie,76
2026-08-30T16:34:10Z,136,Overseer Silver Ring,19,0xf2f7e708ef447f9a445120ea0dcf5b4b5d19ac1b,dom1nus,74
2026-08-30T16:34:10Z,136,Overseer Silver Ring,20,0xa8a956a5690cc81bb367da2c2f6f1796be2b3c30,scottco,70
2026-08-30T16:34:10Z,136,Overseer Silver Ring,21,0x0b2291da8091128352c2464f1072cf4211144744,moritz,69
2026-08-30T16:34:10Z,136,Overseer Silver Ring,22,0xce3bc9c7e6b1a4082f9853f6f796e604148b2583,classicj,69
2026-08-30T16:34:10Z,136,Overseer Silver Ring,23,0xe4b1f5eb3da2195f8d41a052229a7eec3c4e6ed8,azoni,69
2026-08-30T16:34:10Z,136,Overseer Silver Ring,24,0x02764ae21333f5777b44cdded3a654a340176fff,bh3320,68
2026-08-30T16:34:10Z,136,Overseer Silver Ring,25,0xb2042611b4987ba8be9efd6cc1165f09e7c694a8,joblessathena,68
2026-08-30T16:34:10Z,136,Overseer Silver Ring,26,0xb0f42c12dd7e28f0deafe74fdf603782c430f896,stellarhobbes,65
2026-08-30T16:34:10Z,136,Overseer Silver Ring,27,0x19342b9e3f123e373e24f1eea9bb5a1a935507fa,bigmommymilkers,62
2026-08-30T16:34:10Z,136,Overseer Silver Ring,28,0x469998f2fa8aaa2648fef6fc3902268f315195ef,mrgold,60
2026-08-30T16:34:10Z,136,Overseer Silver Ring,29,0x3d385f04852ae078d10e2a420f928f227f3e63f3,kellox,55
2026-08-30T16:34:10Z,136,Overseer Silver Ring,30,0x0a42a67154221c44c9eae98eb7f9cbff2d269a0e,cassowary,52
2026-08-30T16:34:10Z,136,Overseer Silver Ring,31,0x23244cc893df1ff2916ee2e492b65bec74b2760c,bunyoo,50
2026-08-30T16:34:10Z,136,Overseer Silver Ring,32,0x9b3ef1d5b7472560cf6241949b2485e456aa37a0,bush1do,49
2026-08-30T16:34:10Z,136,Overseer Silver Ring,33,0x6a31fe60046a9da9867bccbe48378893906099f5,airmangataos,49
2026-08-30T16:34:10Z,136,Overseer Silver Ring,34,0xff6bddba3937f03b495b4efb304194d2cbc488ca,lizardmafia,43
2026-08-30T16:34:10Z,136,Overseer Silver Ring,35,0x4f03ea409e546d9ab7eaa6c9b481bcb99c8547e5,coinpie,42
2026-08-30T16:34:10Z,136,Overseer Silver Ring,36,0x1114d62a0148f458040fbf2ddb945560398ca5f0,soma,41
2026-08-30T16:34:10Z,136,Overseer Silver Ring,37,0xdd1722d7f70a5786da9e14bab66a373ee00878f2,abolfazlkk,40
2026-08-30T16:34:10Z,136,Overseer Silver Ring,38,0xc3ae9ac69d672368539413235938277ce19fc270,bollin,39
2026-08-30T16:34:10Z,136,Overseer Silver Ring,39,0xcf29253e7c1e908d4091c9be85522893c77f0fc8,ciri,38
2026-08-30T16:34:10Z,136,Overseer Silver Ring,40,0xef58ad6d6bcaf054da34948c88e7e91a052dc0fa,kraven,36
2026-08-30T16:34:10Z,136,Overseer Silver Ring,41,0x33973ffb41add93b49227241566d3e5fc9ad904b,schemedream,34
2026-08-30T16:34:10Z,136,Overseer Silver Ring,42,0xafe00172cf96544d610bf9b70d549a5e89b83f2d,hungryjay,33
2026-08-30T16:34:10Z,136,Overseer Silver Ring,43,0xe9a0904b53c6e9d7285440142ea3f0c96b69fcfa,karabas666,33
2026-08-30T16:34:10Z,136,Overseer Silver Ring,44,0x5168a8f95a5bce4f4918884b2db51132d8f3bbf1,neveli,33
2026-08-30T16:34:10Z,136,Overseer Silver Ring,45,0x55085ade6c1c39b64cd27099993c5dc933bbed35,bigdogga,33
2026-08-30T16:34:10Z,136,Overseer Silver Ring,46,0xd82311e0ddcff7cad1be090763d4f6d7ba1c290a,vims,31
2026-08-30T16:34:10Z,136,Overseer Silver Ring,47,0xaed39522670a5d146eb57289cc05b043bbeb0c19,lazyiv,30
2026-08-30T16:34:10Z,136,Overseer Silver Ring,48,0x4ebc17059cfc143d86fb92ed707805d68142e3ec,ponziscam,30
2026-08-30T16:34:10Z,136,Overseer Silver Ring,49,0xfa22eafe991cd1166ee4b5ba8236e1eba9105a54,grimreaper,30
2026-08-30T16:34:10Z,136,Overseer Silver Ring,50,0xd4394678ec0e7501cb250bba925fa7d07197fd69,dithfucius,30
2026-08-30T16:34:10Z,136,Overseer Silver Ring,51,0xb0d90d52c7389824d4b22c06bcdccd734e3162b7,ezsnipe,30
2026-08-30T16:34:10Z,136,Overseer Silver Ring,52,0x28b88b45c3309fa9940cd8c0c0212636ca364417,forfree,30
2026-08-30T16:34:10Z,136,Overseer Silver Ring,53,0xc705cca98c6af9a24d72bb9d0a0077c315217ed3,leleta,30
2026-08-30T16:34:10Z,136,Overseer Silver Ring,54,0x688410dbc8c331f5945eafc659ae721a447ae975,igloo,28
2026-08-30T16:34:10Z,136,Overseer Silver Ring,55,0x32cb224f344a9aa22c5d2e699f24d3928e6ca06f,d3r0,28
2026-08-30T16:34:10Z,136,Overseer Silver Ring,56,0x90bef28cbd710d4acea9efe1ae8457eeda8c65ec,snggamer,27
2026-08-30T16:34:10Z,136,Overseer Silver Ring,57,0x6f8b27fe779070967417cc02447b231b5c14b843,souvx,27
2026-08-30T16:34:10Z,136,Overseer Silver Ring,58,0x7a10d45c461e81e24796f9c83b584756876d24d7,stakeoor,27
2026-08-30T16:34:10Z,136,Overseer Silver Ring,59,0x162a7c95e2e5a208748a6c024f0699e8eeb74dc4,wexovskiy,27
2026-08-30T16:34:10Z,136,Overseer Silver Ring,60,0xeff6c4dcd2b79f502d5d7cb6e6daf70f2536daef,syta,27
2026-08-30T16:34:10Z,136,Overseer Silver Ring,61,0xd785a78da50d2bdf3f2f3a699a0efe6da4fca2cd,kontolodon,26
2026-08-30T16:34:10Z,136,Overseer Silver Ring,62,0x7c2f30cfd0f35b78438711cb7395ba12406e00fe,nickcoolzzz,26
2026-08-30T16:34:10Z,136,Overseer Silver Ring,63,0x25fb85df6ac78c8b63e5e2b10e31fa36e72c2d38,bigpenis,26
2026-08-30T16:34:10Z,136,Overseer Silver Ring,64,0xb29f073a9e2946d805714c9030b191ee6afed445,hitagi,26
2026-08-30T16:34:10Z,136,Overseer Silver Ring,65,0xd2bb5bcaaaa9d2d77a50598055397916780972ca,sinet,26
2026-08-30T16:34:10Z,136,Overseer Silver Ring,66,0x92569bee8c8b9c1df1c283a0409fcc2b2fede157,phalanx,25
2026-08-30T16:34:10Z,136,Overseer Silver Ring,67,0x60ce92f21269cd871a7910e28f0c59a82c05388a,sinon,24
2026-08-30T16:34:10Z,136,Overseer Silver Ring,68,0x7e6cb1e3f70e681c2f31d52adc2b1d09d6edf232,resuka,24
2026-08-30T16:34:10Z,136,Overseer Silver Ring,69,0x9ce44e274bce511788c6ac81eafdb71fe920d4ee,deanoxbt,24
2026-08-30T16:34:10Z,136,Overseer Silver Ring,70,0x9a49c905c2cca8115d330572b494c6602aba6e1e,supportprime,24
2026-08-30T16:34:10Z,136,Overseer Silver Ring,71,0x13fe8fe08a0d824cd44b8d13f813891b6532f59e,morror,23
2026-08-30T16:34:10Z,136,Overseer Silver Ring,72,0x36ef5b58dad1c055002c26c9c5a6787d09645edf,gibar,23
2026-08-30T16:34:10Z,136,Overseer Silver Ring,73,0xbda687405273093167bf658f65473b44c23b3f70,slayton,23
2026-08-30T16:34:10Z,136,Overseer Silver Ring,74,0xbddef3e050261365464e40d086b91f5100b13108,thattonton,23
2026-08-30T16:34:10Z,136,Overseer Silver Ring,75,0xfb4f086ba201a8f32805eb82a431a1dacc3f08b2,obivan,23
2026-08-30T16:34:10Z,136,Overseer Silver Ring,76,0xa036d0393a2c8073e6bb63170086e7dbeb1d04b1,okdk,23
2026-08-30T16:34:10Z,136,Overseer Silver Ring,77,0xa1da340729cff1782c83d5cfba586b4451c011ec,tozdelagaro,22
2026-08-30T16:34:10Z,136,Overseer Silver Ring,78,0x7b924f8164ff2311680a0431f05e6bcde6a3f954,det0n,22
2026-08-30T16:34:10Z,136,Overseer Silver Ring,79,0xa96401339fd8a6bed6c22b96620e7ad29a04f1e9,lavr1k,22
2026-08-30T16:34:10Z,136,Overseer Silver Ring,80,0xe6b6cbab6c586d64025ffaea1548f3f09dabe6c2,milkshake,22
2026-08-30T16:34:10Z,136,Overseer Silver Ring,81,0x41141ada36dbf8d069369c3c5d0a34970f3eaf2a,nastyuha,22
2026-08-30T16:34:10Z,136,Overseer Silver Ring,82,0xd15481578c11b4e5b8f241c412899a0bdd704408,wholistic,21
2026-08-30T16:34:10Z,136,Overseer Silver Ring,83,0x130eab55f6941f66d4806532d9242cf969b4f036,frontdown,21
2026-08-30T16:34:10Z,136,Overseer Silver Ring,84,0xbbdca17d69518306b61d26b54b5a6c61e6c0bba1,9stx6,21
2026-08-30T16:34:10Z,136,Overseer Silver Ring,85,0xa8f0e3e52e0515f5605fb0632532667e494e7ca6,michmich,21
2026-08-30T16:34:10Z,136,Overseer Silver Ring,86,0x01082d01888902fdad71578bf989d342b71151ec,lowbank,21
2026-08-30T16:34:10Z,136,Overseer Silver Ring,87,0x7528c1732168ace7027b18ec184d8cd6984f9eac,druid,21
2026-08-30T16:34:10Z,136,Overseer Silver Ring,88,0xfc32e5cfbea49a2f1d21936eec0a7722a6c2d4a7,tacolauncher,20
2026-08-30T16:34:10Z,136,Overseer Silver Ring,89,0xfbfc822ee4989b2b4b9b18e4035ff72335cbb16e,jame7,20
2026-08-30T16:34:10Z,136,Overseer Silver Ring,90,0x726f5883c555c2f0c3f6e4c07bdc0645c86c5a72,scandal,20
2026-08-30T16:34:10Z,136,Overseer Silver Ring,91,0x9271e9969b98083d53bcf3c82ecf2a87b717500d,fefer,19
2026-08-30T16:34:10Z,136,Overseer Silver Ring,92,0x40bfc8a6d3283958d3b70dc68049a78038a0f2e3,playaway,19
2026-08-30T16:34:10Z,136,Overseer Silver Ring,93,0x22241868ad341e77e2bc9142816000f43641e280,zoro,19
2026-08-30T16:34:10Z,136,Overseer Silver Ring,94,0x61fe29db8881f4e0014d5bcac507a8940243bf11,kronovi,19
2026-08-30T16:34:10Z,136,Overseer Silver Ring,95,0x15c0c948d3ea9a67b05319f40871de7bf5003db3,przyborleonedw,19
2026-08-30T16:34:10Z,136,Overseer Silver Ring,96,0x17e327bb2fdb1a17d9a369e3dd985406ec3824ca,gracieabrams,19
2026-08-30T16:34:10Z,136,Overseer Silver Ring,97,0x08f4fc19fdee64babf4bda2b0b6e30d3b8683025,aponroflon,19
2026-08-30T16:34:10Z,136,Overseer Silver Ring,98,0x88656e17cd2af1f05006d7a49d2cf7f5a806e337,lilstovetop,19
2026-08-30T16:34:10Z,136,Overseer Silver Ring,99,0xbb07b59c07b5be89c6cab7e00328505a75b29f76,archetype,18
2026-08-30T16:34:10Z,136,Overseer Silver Ring,100,0x190e541e5b614eb6393f1f997a6092f48efecc4e,smo69,18
2026-08-30T16:34:10Z,137,Athena Silver Ring,1,0xd678b718f70389dbdd2d447df23333641e8f7480,yanik,505
2026-08-30T16:34:10Z,137,Athena Silver Ring,2,0x9dc70f5472a88f3eefa4d515a6b1ec94d9d30d13,sidlovskyy,396
2026-08-30T16:34:10Z,137,Athena Silver Ring,3,0xf00dfac3af2f5b38fe55d50ccf8ffa8c293ea161,dudendy,387
2026-08-30T16:34:10Z,137,Athena Silver Ring,4,0x73a9ffdaaf53723f1d08403f613870cddd6e18fc,suspicious,352
2026-08-30T16:34:10Z,137,Athena Silver Ring,5,0x0c0a71e32e1954635e2dde143ed9e59fe471fb94,kryy,206
2026-08-30T16:34:10Z,137,Athena Silver Ring,6,0x2a2376e5e9981c19b15af64d2cdb57c9b94eb1f6,xiskool,197
2026-08-30T16:34:10Z,137,Athena Silver Ring,7,0x95233e2ec170b4ba0e2208c1ec89f3b87f8b18c7,gambit,172
2026-08-30T16:34:10Z,137,Athena Silver Ring,8,0xb0f42c12dd7e28f0deafe74fdf603782c430f896,stellarhobbes,131
2026-08-30T16:34:10Z,137,Athena Silver Ring,9,0x4e16f03fafc94af2d0b79d2d15d3d54f7c9f04fa,recluseham,121
2026-08-30T16:34:10Z,137,Athena Silver Ring,10,0x0a42a67154221c44c9eae98eb7f9cbff2d269a0e,cassowary,117
2026-08-30T16:34:10Z,137,Athena Silver Ring,11,0x0ee9318275c37f0e635bb7c8a455ade252cecf1f,georgysogood,115
2026-08-30T16:34:10Z,137,Athena Silver Ring,12,0x95f92440789e364f3a167069b899c84b02f92254,axion,113
2026-08-30T16:34:10Z,137,Athena Silver Ring,13,0xe4b1f5eb3da2195f8d41a052229a7eec3c4e6ed8,azoni,106
2026-08-30T16:34:10Z,137,Athena Silver Ring,14,0x0b2291da8091128352c2464f1072cf4211144744,moritz,101
2026-08-30T16:34:10Z,137,Athena Silver Ring,15,0x2ab7adbf3685c74d2e300c9c0e676b1bf6027ac5,0xn00b,99
2026-08-30T16:34:10Z,137,Athena Silver Ring,16,0xd2bb5bcaaaa9d2d77a50598055397916780972ca,sinet,97
2026-08-30T16:34:10Z,137,Athena Silver Ring,17,0xbdecab53bb16b74aa1a1715cc4b80db641eac9da,rxch,95
2026-08-30T16:34:10Z,137,Athena Silver Ring,18,0x23244cc893df1ff2916ee2e492b65bec74b2760c,bunyoo,89
2026-08-30T16:34:10Z,137,Athena Silver Ring,19,0xa8a956a5690cc81bb367da2c2f6f1796be2b3c30,scottco,84
2026-08-30T16:34:10Z,137,Athena Silver Ring,20,0x3eda210ff41e2b2d1658ca5ebe0b80a376c7e0f4,astarta,81
2026-08-30T16:34:10Z,137,Athena Silver Ring,21,0x388d510f0f11ba0762e8c7212645ed873c17a204,otabart,80
2026-08-30T16:34:10Z,137,Athena Silver Ring,22,0xac06dbd4f2b1b174dbb3b67449f0f4245f0f3bc3,spanish,78
2026-08-30T16:34:10Z,137,Athena Silver Ring,23,0xcf29253e7c1e908d4091c9be85522893c77f0fc8,ciri,77
2026-08-30T16:34:10Z,137,Athena Silver Ring,24,0x69c4cc0147fbc23965896fb18a1ccea92230ed1b,afropengu,75
2026-08-30T16:34:10Z,137,Athena Silver Ring,25,0x02764ae21333f5777b44cdded3a654a340176fff,bh3320,74
2026-08-30T16:34:10Z,137,Athena Silver Ring,26,0x688410dbc8c331f5945eafc659ae721a447ae975,igloo,67
2026-08-30T16:34:10Z,137,Athena Silver Ring,27,0x9b3ef1d5b7472560cf6241949b2485e456aa37a0,bush1do,67
2026-08-30T16:34:10Z,137,Athena Silver Ring,28,0xb2042611b4987ba8be9efd6cc1165f09e7c694a8,joblessathena,67
2026-08-30T16:34:10Z,137,Athena Silver Ring,29,0xbddef3e050261365464e40d086b91f5100b13108,thattonton,65
2026-08-30T16:34:10Z,137,Athena Silver Ring,30,0x3d385f04852ae078d10e2a420f928f227f3e63f3,kellox,61
2026-08-30T16:34:10Z,137,Athena Silver Ring,31,0x6a31fe60046a9da9867bccbe48378893906099f5,airmangataos,57
2026-08-30T16:34:10Z,137,Athena Silver Ring,32,0xce3bc9c7e6b1a4082f9853f6f796e604148b2583,classicj,57
2026-08-30T16:34:10Z,137,Athena Silver Ring,33,0x469998f2fa8aaa2648fef6fc3902268f315195ef,mrgold,53
2026-08-30T16:34:10Z,137,Athena Silver Ring,34,0xeed7c6b2af48249a040c9e5d59437670889c7e07,lilwassie,52
2026-08-30T16:34:10Z,137,Athena Silver Ring,35,0xf5826d91cb7f5fa32f98d82a0268550b4d6e22ee,gojo_,51
2026-08-30T16:34:10Z,137,Athena Silver Ring,36,0x19342b9e3f123e373e24f1eea9bb5a1a935507fa,bigmommymilkers,49
2026-08-30T16:34:10Z,137,Athena Silver Ring,37,0x7b924f8164ff2311680a0431f05e6bcde6a3f954,det0n,46
2026-08-30T16:34:10Z,137,Athena Silver Ring,38,0xb0d90d52c7389824d4b22c06bcdccd734e3162b7,ezsnipe,46
2026-08-30T16:34:10Z,137,Athena Silver Ring,39,0x33973ffb41add93b49227241566d3e5fc9ad904b,schemedream,42
2026-08-30T16:34:10Z,137,Athena Silver Ring,40,0x90c1ed16e9b16db7d031f573d20bead430feb107,jablko,40
2026-08-30T16:34:10Z,137,Athena Silver Ring,41,0x0cc677b008149e08e468fe7da539e5dd24eb05dd,yashiw,39
2026-08-30T16:34:10Z,137,Athena Silver Ring,42,0xc3ae9ac69d672368539413235938277ce19fc270,bollin,38
2026-08-30T16:34:10Z,137,Athena Silver Ring,43,0x6cdaec838d799cc664dd421324d480b1592c9b5a,lilstaffx,37
2026-08-30T16:34:10Z,137,Athena Silver Ring,44,0xbbbfe4cc5c3924f19f6e36e66448b2e3a126b111,cryptologist,37
2026-08-30T16:34:10Z,137,Athena Silver Ring,45,0x40bfc8a6d3283958d3b70dc68049a78038a0f2e3,playaway,35
2026-08-30T16:34:10Z,137,Athena Silver Ring,46,0xfa22eafe991cd1166ee4b5ba8236e1eba9105a54,grimreaper,35
2026-08-30T16:34:10Z,137,Athena Silver Ring,47,0x55085ade6c1c39b64cd27099993c5dc933bbed35,bigdogga,34
2026-08-30T16:34:10Z,137,Athena Silver Ring,48,0x83becb55eff583800cf1a9a2c03dd4b0fa4d7351,apix,33
2026-08-30T16:34:10Z,137,Athena Silver Ring,49,0xe9a0904b53c6e9d7285440142ea3f0c96b69fcfa,karabas666,32
2026-08-30T16:34:10Z,137,Athena Silver Ring,50,0x7a10d45c461e81e24796f9c83b584756876d24d7,stakeoor,32
2026-08-30T16:34:10Z,137,Athena Silver Ring,51,0xff6bddba3937f03b495b4efb304194d2cbc488ca,lizardmafia,31
2026-08-30T16:34:10Z,137,Athena Silver Ring,52,0x07484b5b823bb4ec3f1a7ae7eb5e3fffb7bbe09c,agema,31
2026-08-30T16:34:10Z,137,Athena Silver Ring,53,0x4ebc17059cfc143d86fb92ed707805d68142e3ec,ponziscam,30
2026-08-30T16:34:10Z,137,Athena Silver Ring,54,0xd4394678ec0e7501cb250bba925fa7d07197fd69,dithfucius,30
2026-08-30T16:34:10Z,137,Athena Silver Ring,55,0x4f03ea409e546d9ab7eaa6c9b481bcb99c8547e5,coinpie,30
2026-08-30T16:34:10Z,137,Athena Silver Ring,56,0x5168a8f95a5bce4f4918884b2db51132d8f3bbf1,neveli,30
2026-08-30T16:34:10Z,137,Athena Silver Ring,57,0xd1c76125cb2751750ddb2afded780c6f5b7a3cbc,kace,30
2026-08-30T16:34:10Z,137,Athena Silver Ring,58,0x378f0bda88d7255f95afef6029799df500a6cc66,lamperouge,28
2026-08-30T16:34:10Z,137,Athena Silver Ring,59,0xff7d79ac80e742019c6f889a11f082bf93f0dfd3,koopfiy,28
2026-08-30T16:34:10Z,137,Athena Silver Ring,60,0x5f018c6e9b3b0d9c23e144bc5b2f4d82fc9b3650,jjangbang,27
2026-08-30T16:34:10Z,137,Athena Silver Ring,61,0xfc32e5cfbea49a2f1d21936eec0a7722a6c2d4a7,tacolauncher,27
2026-08-30T16:34:10Z,137,Athena Silver Ring,62,0x161f91374506a85ed9063e90c4c217d8697d6471,proofofely,27
2026-08-30T16:34:10Z,137,Athena Silver Ring,63,0x48eae6c83bdc1effef0bde8491e43c28d41b80f4,oleole,27
2026-08-30T16:34:10Z,137,Athena Silver Ring,64,0xf03b88d187431fd4486ee15cd17a1b75b107b9c2,freeroll4,27
2026-08-30T16:34:10Z,137,Athena Silver Ring,65,0xfb4f086ba201a8f32805eb82a431a1dacc3f08b2,obivan,27
2026-08-30T16:34:10Z,137,Athena Silver Ring,66,0x297b3eff8fccbbc35b111bd0a09b7a99a26ba965,ferentano,27
2026-08-30T16:34:10Z,137,Athena Silver Ring,67,0x92569bee8c8b9c1df1c283a0409fcc2b2fede157,phalanx,26
2026-08-30T16:34:10Z,137,Athena Silver Ring,68,0x9271e9969b98083d53bcf3c82ecf2a87b717500d,fefer,25
2026-08-30T16:34:10Z,137,Athena Silver Ring,69,0xef58ad6d6bcaf054da34948c88e7e91a052dc0fa,kraven,25
2026-08-30T16:34:10Z,137,Athena Silver Ring,70,0xdcf62adfc2193b3997947424583654689bcfd391,tekmeneth,25
2026-08-30T16:34:10Z,137,Athena Silver Ring,71,0x549300f79fb33ba2e77344e58b064ede194ef99a,okeydokey,25
2026-08-30T16:34:10Z,137,Athena Silver Ring,72,0x25fb85df6ac78c8b63e5e2b10e31fa36e72c2d38,bigpenis,25
2026-08-30T16:34:10Z,137,Athena Silver Ring,73,0x5bb347443887e595820f74f028e837c3766f5923,0xitero,25
2026-08-30T16:34:10Z,137,Athena Silver Ring,74,0x424188d8a6dc563a8a996a88c8317ba982e6c9e6,sdrnk,24
2026-08-30T16:34:10Z,137,Athena Silver Ring,75,0xff028938094ce190ffb53a2b98330896e5a64b4c,whocaresq,24
2026-08-30T16:34:10Z,137,Athena Silver Ring,76,0x5a1c08126a6e9cb6d492a61baa83111c1e16e2ef,shaggy8627,24
2026-08-30T16:34:10Z,137,Athena Silver Ring,77,0x13fe8fe08a0d824cd44b8d13f813891b6532f59e,morror,24
2026-08-30T16:34:10Z,137,Athena Silver Ring,78,0x7e6cb1e3f70e681c2f31d52adc2b1d09d6edf232,resuka,24
2026-08-30T16:34:10Z,137,Athena Silver Ring,79,0xa1da340729cff1782c83d5cfba586b4451c011ec,tozdelagaro,23
2026-08-30T16:34:10Z,137,Athena Silver Ring,80,0xd82311e0ddcff7cad1be090763d4f6d7ba1c290a,vims,23
2026-08-30T16:34:10Z,137,Athena Silver Ring,81,0x162a7c95e2e5a208748a6c024f0699e8eeb74dc4,wexovskiy,23
2026-08-30T16:34:10Z,137,Athena Silver Ring,82,0x95f3c63ee60f5efc58bc6672b1a12314d67a6881,pro_mint,23
2026-08-30T16:34:10Z,137,Athena Silver Ring,83,0x4ec977a8e80c4099a44f8ae53a48281448471342,terrestra,23
2026-08-30T16:34:10Z,137,Athena Silver Ring,84,0x80bc8e8581f8f5ee286696352a7f4ca69bbca05c,communityevo,23
2026-08-30T16:34:10Z,137,Athena Silver Ring,85,0xc415a02bba63fae3eafb9400d8cff3a157a3b93d,naruto,22
2026-08-30T16:34:10Z,137,Athena Silver Ring,86,0x0d1df94f0106ce5bd92138d43c8551cad530c169,vermo,22
2026-08-30T16:34:10Z,137,Athena Silver Ring,87,0xfbfc822ee4989b2b4b9b18e4035ff72335cbb16e,jame7,22
2026-08-30T16:34:10Z,137,Athena Silver Ring,88,0x9a49c905c2cca8115d330572b494c6602aba6e1e,supportprime,22
2026-08-30T16:34:10Z,137,Athena Silver Ring,89,0x5f90cae78f02a95633e596c1841c6ef41fb431b2,pechou,22
2026-08-30T16:34:10Z,137,Athena Silver Ring,90,0xd15481578c11b4e5b8f241c412899a0bdd704408,wholistic,21
2026-08-30T16:34:10Z,137,Athena Silver Ring,91,0x999eba5d7ad0e1a53ea600c384356a288381d09e,dbmafia,21
2026-08-30T16:34:10Z,137,Athena Silver Ring,92,0xe6b6cbab6c586d64025ffaea1548f3f09dabe6c2,milkshake,21
2026-08-30T16:34:10Z,137,Athena Silver Ring,93,0xeebea836b281e2edef370c5f157944d66b31c800,addas11,21
2026-08-30T16:34:10Z,137,Athena Silver Ring,94,0x9ce44e274bce511788c6ac81eafdb71fe920d4ee,deanoxbt,21
2026-08-30T16:34:10Z,137,Athena Silver Ring,95,0x28b88b45c3309fa9940cd8c0c0212636ca364417,forfree,21
2026-08-30T16:34:10Z,137,Athena Silver Ring,96,0xbd27b0379726a5628487edbc63a648f48f0e2e60,berhelit,21
2026-08-30T16:34:10Z,137,Athena Silver Ring,97,0xf5c2430fafa3b3b0f30e6f6a25b0b003ae94a40d,trickey,21
2026-08-30T16:34:10Z,137,Athena Silver Ring,98,0xafe00172cf96544d610bf9b70d549a5e89b83f2d,hungryjay,20
2026-08-30T16:34:10Z,137,Athena Silver Ring,99,0x5847046390615895540cab8ac069d99051f92fed,wisetwo,20
2026-08-30T16:34:10Z,137,Athena Silver Ring,100,0x03274357ecf3f8680dfe3f004b1b1571c7326c6f,escobardio,20
2026-08-30T16:34:10Z,138,Archon Silver Ring,1,0xd678b718f70389dbdd2d447df23333641e8f7480,yanik,480
2026-08-30T16:34:10Z,138,Archon Silver Ring,2,0x73a9ffdaaf53723f1d08403f613870cddd6e18fc,suspicious,431
2026-08-30T16:34:10Z,138,Archon Silver Ring,3,0x9dc70f5472a88f3eefa4d515a6b1ec94d9d30d13,sidlovskyy,414
2026-08-30T16:34:10Z,138,Archon Silver Ring,4,0xf00dfac3af2f5b38fe55d50ccf8ffa8c293ea161,dudendy,393
2026-08-30T16:34:10Z,138,Archon Silver Ring,5,0x2a2376e5e9981c19b15af64d2cdb57c9b94eb1f6,xiskool,223
2026-08-30T16:34:10Z,138,Archon Silver Ring,6,0x0c0a71e32e1954635e2dde143ed9e59fe471fb94,kryy,174
2026-08-30T16:34:10Z,138,Archon Silver Ring,7,0x95233e2ec170b4ba0e2208c1ec89f3b87f8b18c7,gambit,149
2026-08-30T16:34:10Z,138,Archon Silver Ring,8,0xac06dbd4f2b1b174dbb3b67449f0f4245f0f3bc3,spanish,115
2026-08-30T16:34:10Z,138,Archon Silver Ring,9,0x2ab7adbf3685c74d2e300c9c0e676b1bf6027ac5,0xn00b,113
2026-08-30T16:34:10Z,138,Archon Silver Ring,10,0x0a42a67154221c44c9eae98eb7f9cbff2d269a0e,cassowary,113
2026-08-30T16:34:10Z,138,Archon Silver Ring,11,0x95f92440789e364f3a167069b899c84b02f92254,axion,112
2026-08-30T16:34:10Z,138,Archon Silver Ring,12,0x3eda210ff41e2b2d1658ca5ebe0b80a376c7e0f4,astarta,108
2026-08-30T16:34:10Z,138,Archon Silver Ring,13,0x388d510f0f11ba0762e8c7212645ed873c17a204,otabart,106
2026-08-30T16:34:10Z,138,Archon Silver Ring,14,0x0ee9318275c37f0e635bb7c8a455ade252cecf1f,georgysogood,100
2026-08-30T16:34:10Z,138,Archon Silver Ring,15,0xbdecab53bb16b74aa1a1715cc4b80db641eac9da,rxch,95
2026-08-30T16:34:10Z,138,Archon Silver Ring,16,0x161f91374506a85ed9063e90c4c217d8697d6471,proofofely,88
2026-08-30T16:34:10Z,138,Archon Silver Ring,17,0xeed7c6b2af48249a040c9e5d59437670889c7e07,lilwassie,87
2026-08-30T16:34:10Z,138,Archon Silver Ring,18,0xb0d90d52c7389824d4b22c06bcdccd734e3162b7,ezsnipe,86
2026-08-30T16:34:10Z,138,Archon Silver Ring,19,0xb2042611b4987ba8be9efd6cc1165f09e7c694a8,joblessathena,83
2026-08-30T16:34:10Z,138,Archon Silver Ring,20,0x6a31fe60046a9da9867bccbe48378893906099f5,airmangataos,82
2026-08-30T16:34:10Z,138,Archon Silver Ring,21,0x469998f2fa8aaa2648fef6fc3902268f315195ef,mrgold,79
2026-08-30T16:34:10Z,138,Archon Silver Ring,22,0x23244cc893df1ff2916ee2e492b65bec74b2760c,bunyoo,79
2026-08-30T16:34:10Z,138,Archon Silver Ring,23,0xb0f42c12dd7e28f0deafe74fdf603782c430f896,stellarhobbes,75
2026-08-30T16:34:10Z,138,Archon Silver Ring,24,0xce3bc9c7e6b1a4082f9853f6f796e604148b2583,classicj,71
2026-08-30T16:34:10Z,138,Archon Silver Ring,25,0x69c4cc0147fbc23965896fb18a1ccea92230ed1b,afropengu,68
2026-08-30T16:34:10Z,138,Archon Silver Ring,26,0x90c1ed16e9b16db7d031f573d20bead430feb107,jablko,63
2026-08-30T16:34:10Z,138,Archon Silver Ring,27,0xe4b1f5eb3da2195f8d41a052229a7eec3c4e6ed8,azoni,63
2026-08-30T16:34:10Z,138,Archon Silver Ring,28,0xcf29253e7c1e908d4091c9be85522893c77f0fc8,ciri,61
2026-08-30T16:34:10Z,138,Archon Silver Ring,29,0x9b3ef1d5b7472560cf6241949b2485e456aa37a0,bush1do,61
2026-08-30T16:34:10Z,138,Archon Silver Ring,30,0x36ef5b58dad1c055002c26c9c5a6787d09645edf,gibar,60
2026-08-30T16:34:10Z,138,Archon Silver Ring,31,0xd2bb5bcaaaa9d2d77a50598055397916780972ca,sinet,60
2026-08-30T16:34:10Z,138,Archon Silver Ring,32,0x19342b9e3f123e373e24f1eea9bb5a1a935507fa,bigmommymilkers,56
2026-08-30T16:34:10Z,138,Archon Silver Ring,33,0x0b2291da8091128352c2464f1072cf4211144744,moritz,54
2026-08-30T16:34:10Z,138,Archon Silver Ring,34,0x7b924f8164ff2311680a0431f05e6bcde6a3f954,det0n,50
2026-08-30T16:34:10Z,138,Archon Silver Ring,35,0xbddef3e050261365464e40d086b91f5100b13108,thattonton,49
2026-08-30T16:34:10Z,138,Archon Silver Ring,36,0xb604a0af13954499cdc4100eeebcfaa28d6d3985,moonshine_,46
2026-08-30T16:34:10Z,138,Archon Silver Ring,37,0xe90a9bdb63e9ba04a7f3e95140ff803f2f377f5e,vova,46
2026-08-30T16:34:10Z,138,Archon Silver Ring,38,0xa8a956a5690cc81bb367da2c2f6f1796be2b3c30,scottco,44
2026-08-30T16:34:10Z,138,Archon Silver Ring,39,0x4e16f03fafc94af2d0b79d2d15d3d54f7c9f04fa,recluseham,42
2026-08-30T16:34:10Z,138,Archon Silver Ring,40,0x28b88b45c3309fa9940cd8c0c0212636ca364417,forfree,42
2026-08-30T16:34:10Z,138,Archon Silver Ring,41,0x55085ade6c1c39b64cd27099993c5dc933bbed35,bigdogga,41
2026-08-30T16:34:10Z,138,Archon Silver Ring,42,0x688410dbc8c331f5945eafc659ae721a447ae975,igloo,40
2026-08-30T16:34:10Z,138,Archon Silver Ring,43,0x2c685f23808bc7b6adda1fd7b6949c5e2db97eb0,bubba,40
2026-08-30T16:34:10Z,138,Archon Silver Ring,44,0xbbdca17d69518306b61d26b54b5a6c61e6c0bba1,9stx6,39
2026-08-30T16:34:10Z,138,Archon Silver Ring,45,0xef58ad6d6bcaf054da34948c88e7e91a052dc0fa,kraven,36
2026-08-30T16:34:10Z,138,Archon Silver Ring,46,0x32cb224f344a9aa22c5d2e699f24d3928e6ca06f,d3r0,36
2026-08-30T16:34:10Z,138,Archon Silver Ring,47,0xa3103de676b55442b3c32884b1596b80d4d42cf2,loxik,33
2026-08-30T16:34:10Z,138,Archon Silver Ring,48,0x1114d62a0148f458040fbf2ddb945560398ca5f0,soma,33
2026-08-30T16:34:10Z,138,Archon Silver Ring,49,0x01082d01888902fdad71578bf989d342b71151ec,lowbank,32
2026-08-30T16:34:10Z,138,Archon Silver Ring,50,0x3d385f04852ae078d10e2a420f928f227f3e63f3,kellox,31
2026-08-30T16:34:10Z,138,Archon Silver Ring,51,0x53c5e9ffb362ec22fc172400bc6209819cb3a301,k1sel,31
2026-08-30T16:34:10Z,138,Archon Silver Ring,52,0x4ebc17059cfc143d86fb92ed707805d68142e3ec,ponziscam,30
2026-08-30T16:34:10Z,138,Archon Silver Ring,53,0xfc32e5cfbea49a2f1d21936eec0a7722a6c2d4a7,tacolauncher,30
2026-08-30T16:34:10Z,138,Archon Silver Ring,54,0x4f03ea409e546d9ab7eaa6c9b481bcb99c8547e5,coinpie,30
2026-08-30T16:34:10Z,138,Archon Silver Ring,55,0x9ce44e274bce511788c6ac81eafdb71fe920d4ee,deanoxbt,30
2026-08-30T16:34:10Z,138,Archon Silver Ring,56,0xff6bddba3937f03b495b4efb304194d2cbc488ca,lizardmafia,30
2026-08-30T16:34:10Z,138,Archon Silver Ring,57,0xd82311e0ddcff7cad1be090763d4f6d7ba1c290a,vims,29
2026-08-30T16:34:10Z,138,Archon Silver Ring,58,0x13fe8fe08a0d824cd44b8d13f813891b6532f59e,morror,29
2026-08-30T16:34:10Z,138,Archon Silver Ring,59,0xfa4f36238d8d0533ec8f8b5ec747a96ee1b053e0,frodo,28
2026-08-30T16:34:10Z,138,Archon Silver Ring,60,0x4c53b2e646a3e01c2b22497753b1560029b5166b,gusine,28
2026-08-30T16:34:10Z,138,Archon Silver Ring,61,0x190e541e5b614eb6393f1f997a6092f48efecc4e,smo69,27
2026-08-30T16:34:10Z,138,Archon Silver Ring,62,0xfa22eafe991cd1166ee4b5ba8236e1eba9105a54,grimreaper,27
2026-08-30T16:34:10Z,138,Archon Silver Ring,63,0xeebea836b281e2edef370c5f157944d66b31c800,addas11,27
2026-08-30T16:34:10Z,138,Archon Silver Ring,64,0xfb8b5790a0fe64729cdf21263d5538b09921d336,method,27
2026-08-30T16:34:10Z,138,Archon Silver Ring,65,0x5bb347443887e595820f74f028e837c3766f5923,0xitero,27
2026-08-30T16:34:10Z,138,Archon Silver Ring,66,0x9271e9969b98083d53bcf3c82ecf2a87b717500d,fefer,26
2026-08-30T16:34:10Z,138,Archon Silver Ring,67,0x6f8b27fe779070967417cc02447b231b5c14b843,souvx,26
2026-08-30T16:34:10Z,138,Archon Silver Ring,68,0xfb3a7ef01adf1275dd190612752a218c4d74c551,turtlemafia,25
2026-08-30T16:34:10Z,138,Archon Silver Ring,69,0x9c991a85b090aae221ef8418e3ca29279bf2500a,migs,25
2026-08-30T16:34:10Z,138,Archon Silver Ring,70,0x25fb85df6ac78c8b63e5e2b10e31fa36e72c2d38,bigpenis,25
2026-08-30T16:34:10Z,138,Archon Silver Ring,71,0x40bfc8a6d3283958d3b70dc68049a78038a0f2e3,playaway,24
2026-08-30T16:34:10Z,138,Archon Silver Ring,72,0xd4394678ec0e7501cb250bba925fa7d07197fd69,dithfucius,24
2026-08-30T16:34:10Z,138,Archon Silver Ring,73,0xa96401339fd8a6bed6c22b96620e7ad29a04f1e9,lavr1k,24
2026-08-30T16:34:10Z,138,Archon Silver Ring,74,0x92569bee8c8b9c1df1c283a0409fcc2b2fede157,phalanx,24
2026-08-30T16:34:10Z,138,Archon Silver Ring,75,0x42fea3f88a8bc29309a55ba3ebaed3667a06248f,salaga_lida,24
2026-08-30T16:34:10Z,138,Archon Silver Ring,76,0x7e6cb1e3f70e681c2f31d52adc2b1d09d6edf232,resuka,24
2026-08-30T16:34:10Z,138,Archon Silver Ring,77,0x549300f79fb33ba2e77344e58b064ede194ef99a,okeydokey,24
2026-08-30T16:34:10Z,138,Archon Silver Ring,78,0x7528c1732168ace7027b18ec184d8cd6984f9eac,druid,24
2026-08-30T16:34:10Z,138,Archon Silver Ring,79,0xc34c29733dcf130f75090464ced47275d88e3419,basedcamp,23
2026-08-30T16:34:10Z,138,Archon Silver Ring,80,0x3629d88069124258ef6bb99c9080d064f42e7206,grumpy,23
2026-08-30T16:34:10Z,138,Archon Silver Ring,81,0xa134a3dfa4cb010873db8012d5b360d97ba80c28,winner,23
2026-08-30T16:34:10Z,138,Archon Silver Ring,82,0x844d58714aa3fed998f898cbce1b0ddc4550304f,jiren,22
2026-08-30T16:34:10Z,138,Archon Silver Ring,83,0x162a7c95e2e5a208748a6c024f0699e8eeb74dc4,wexovskiy,22
2026-08-30T16:34:10Z,138,Archon Silver Ring,84,0x663ac0e621bd9bbd47100768d3ce98f0e25a7b21,skoheels,22
2026-08-30T16:34:10Z,138,Archon Silver Ring,85,0x908c7c7f0266da791bae52b9ecac8c34ca73d9f4,mangas,22
2026-08-30T16:34:10Z,138,Archon Silver Ring,86,0x80bc8e8581f8f5ee286696352a7f4ca69bbca05c,communityevo,22
2026-08-30T16:34:10Z,138,Archon Silver Ring,87,0xc415a02bba63fae3eafb9400d8cff3a157a3b93d,naruto,21
2026-08-30T16:34:10Z,138,Archon Silver Ring,88,0x5d94f14bafdc6920e462abaa8285d680d4dfa069,tofu,21
2026-08-30T16:34:10Z,138,Archon Silver Ring,89,0x999eba5d7ad0e1a53ea600c384356a288381d09e,dbmafia,21
2026-08-30T16:34:10Z,138,Archon Silver Ring,90,0x88d62fbb7aa5d418b1886085dc949567500b569d,alebaner,21
2026-08-30T16:34:10Z,138,Archon Silver Ring,91,0x55a5144bf3ef42be03e893619f196b5e541beaea,artofbeing,21
2026-08-30T16:34:10Z,138,Archon Silver Ring,92,0x48eae6c83bdc1effef0bde8491e43c28d41b80f4,oleole,21
2026-08-30T16:34:10Z,138,Archon Silver Ring,93,0xfb4f086ba201a8f32805eb82a431a1dacc3f08b2,obivan,21
2026-08-30T16:34:10Z,138,Archon Silver Ring,94,0xdeaa0c7e57f10e4274ca41b4d5ec461ab4fb2609,detagged,21
2026-08-30T16:34:10Z,138,Archon Silver Ring,95,0x7ec307fa89a4ecc72139a4d169d5d8fcaeceb951,honeyrat,20
2026-08-30T16:34:10Z,138,Archon Silver Ring,96,0x130eab55f6941f66d4806532d9242cf969b4f036,frontdown,20
2026-08-30T16:34:10Z,138,Archon Silver Ring,97,0x5847046390615895540cab8ac069d99051f92fed,wisetwo,20
2026-08-30T16:34:10Z,138,Archon Silver Ring,98,0xb4c3602689229297d255974e90ce4954d9380104,bkbk,20
2026-08-30T16:34:10Z,138,Archon Silver Ring,99,0xa65244b636a0a5d17e33db1a7d9b5b40fc8b6b8e,moustache,20
2026-08-30T16:34:10Z,138,Archon Silver Ring,100,0x319937150f931d5bda6b3679305453a8c45e55d0,tszunami,20
2026-08-30T16:34:10Z,139,Foxglove Silver Ring,1,0xd678b718f70389dbdd2d447df23333641e8f7480,yanik,568
2026-08-30T16:34:10Z,139,Foxglove Silver Ring,2,0x9dc70f5472a88f3eefa4d515a6b1ec94d9d30d13,sidlovskyy,382
2026-08-30T16:34:10Z,139,Foxglove Silver Ring,3,0x73a9ffdaaf53723f1d08403f613870cddd6e18fc,suspicious,378
2026-08-30T16:34:10Z,139,Foxglove Silver Ring,4,0xf00dfac3af2f5b38fe55d50ccf8ffa8c293ea161,dudendy,362
2026-08-30T16:34:10Z,139,Foxglove Silver Ring,5,0x2a2376e5e9981c19b15af64d2cdb57c9b94eb1f6,xiskool,208
2026-08-30T16:34:10Z,139,Foxglove Silver Ring,6,0x95233e2ec170b4ba0e2208c1ec89f3b87f8b18c7,gambit,199
2026-08-30T16:34:10Z,139,Foxglove Silver Ring,7,0x90c1ed16e9b16db7d031f573d20bead430feb107,jablko,148
2026-08-30T16:34:10Z,139,Foxglove Silver Ring,8,0x4e16f03fafc94af2d0b79d2d15d3d54f7c9f04fa,recluseham,128
2026-08-30T16:34:10Z,139,Foxglove Silver Ring,9,0x0ee9318275c37f0e635bb7c8a455ade252cecf1f,georgysogood,125
2026-08-30T16:34:10Z,139,Foxglove Silver Ring,10,0x0b2291da8091128352c2464f1072cf4211144744,moritz,113
2026-08-30T16:34:10Z,139,Foxglove Silver Ring,11,0x3eda210ff41e2b2d1658ca5ebe0b80a376c7e0f4,astarta,112
2026-08-30T16:34:10Z,139,Foxglove Silver Ring,12,0x2ab7adbf3685c74d2e300c9c0e676b1bf6027ac5,0xn00b,105
2026-08-30T16:34:10Z,139,Foxglove Silver Ring,13,0xac06dbd4f2b1b174dbb3b67449f0f4245f0f3bc3,spanish,104
2026-08-30T16:34:10Z,139,Foxglove Silver Ring,14,0xd2bb5bcaaaa9d2d77a50598055397916780972ca,sinet,102
2026-08-30T16:34:10Z,139,Foxglove Silver Ring,15,0xbdecab53bb16b74aa1a1715cc4b80db641eac9da,rxch,95
2026-08-30T16:34:10Z,139,Foxglove Silver Ring,16,0xeed7c6b2af48249a040c9e5d59437670889c7e07,lilwassie,88
2026-08-30T16:34:10Z,139,Foxglove Silver Ring,17,0x95f92440789e364f3a167069b899c84b02f92254,axion,86
2026-08-30T16:34:10Z,139,Foxglove Silver Ring,18,0x388d510f0f11ba0762e8c7212645ed873c17a204,otabart,82
2026-08-30T16:34:10Z,139,Foxglove Silver Ring,19,0xce3bc9c7e6b1a4082f9853f6f796e604148b2583,classicj,76
2026-08-30T16:34:10Z,139,Foxglove Silver Ring,20,0xe4b1f5eb3da2195f8d41a052229a7eec3c4e6ed8,azoni,72
2026-08-30T16:34:10Z,139,Foxglove Silver Ring,21,0xa8a956a5690cc81bb367da2c2f6f1796be2b3c30,scottco,70
2026-08-30T16:34:10Z,139,Foxglove Silver Ring,22,0x69c4cc0147fbc23965896fb18a1ccea92230ed1b,afropengu,66
2026-08-30T16:34:10Z,139,Foxglove Silver Ring,23,0x6a31fe60046a9da9867bccbe48378893906099f5,airmangataos,65
2026-08-30T16:34:10Z,139,Foxglove Silver Ring,24,0x0c0a71e32e1954635e2dde143ed9e59fe471fb94,kryy,64
2026-08-30T16:34:10Z,139,Foxglove Silver Ring,25,0x9b3ef1d5b7472560cf6241949b2485e456aa37a0,bush1do,63
2026-08-30T16:34:10Z,139,Foxglove Silver Ring,26,0x23244cc893df1ff2916ee2e492b65bec74b2760c,bunyoo,63
2026-08-30T16:34:10Z,139,Foxglove Silver Ring,27,0x4f03ea409e546d9ab7eaa6c9b481bcb99c8547e5,coinpie,57
2026-08-30T16:34:10Z,139,Foxglove Silver Ring,28,0x19342b9e3f123e373e24f1eea9bb5a1a935507fa,bigmommymilkers,57
2026-08-30T16:34:10Z,139,Foxglove Silver Ring,29,0x55085ade6c1c39b64cd27099993c5dc933bbed35,bigdogga,57
2026-08-30T16:34:10Z,139,Foxglove Silver Ring,30,0x161f91374506a85ed9063e90c4c217d8697d6471,proofofely,54
2026-08-30T16:34:10Z,139,Foxglove Silver Ring,31,0xcf29253e7c1e908d4091c9be85522893c77f0fc8,ciri,53
2026-08-30T16:34:10Z,139,Foxglove Silver Ring,32,0x3d385f04852ae078d10e2a420f928f227f3e63f3,kellox,53
2026-08-30T16:34:10Z,139,Foxglove Silver Ring,33,0xb0f42c12dd7e28f0deafe74fdf603782c430f896,stellarhobbes,53
2026-08-30T16:34:10Z,139,Foxglove Silver Ring,34,0x469998f2fa8aaa2648fef6fc3902268f315195ef,mrgold,53
2026-08-30T16:34:10Z,139,Foxglove Silver Ring,35,0xef58ad6d6bcaf054da34948c88e7e91a052dc0fa,kraven,52
2026-08-30T16:34:10Z,139,Foxglove Silver Ring,36,0x02764ae21333f5777b44cdded3a654a340176fff,bh3320,51
2026-08-30T16:34:10Z,139,Foxglove Silver Ring,37,0x688410dbc8c331f5945eafc659ae721a447ae975,igloo,50
2026-08-30T16:34:10Z,139,Foxglove Silver Ring,38,0xb0d90d52c7389824d4b22c06bcdccd734e3162b7,ezsnipe,47
2026-08-30T16:34:10Z,139,Foxglove Silver Ring,39,0x32cb224f344a9aa22c5d2e699f24d3928e6ca06f,d3r0,46
2026-08-30T16:34:10Z,139,Foxglove Silver Ring,40,0x0a42a67154221c44c9eae98eb7f9cbff2d269a0e,cassowary,40
2026-08-30T16:34:10Z,139,Foxglove Silver Ring,41,0xe90a9bdb63e9ba04a7f3e95140ff803f2f377f5e,vova,40
2026-08-30T16:34:10Z,139,Foxglove Silver Ring,42,0x8298dfc90c0119379f265b4dad6e9f0e8359a80e,userbased,39
2026-08-30T16:34:10Z,139,Foxglove Silver Ring,43,0x7b924f8164ff2311680a0431f05e6bcde6a3f954,det0n,39
2026-08-30T16:34:10Z,139,Foxglove Silver Ring,44,0xbbdca17d69518306b61d26b54b5a6c61e6c0bba1,9stx6,39
2026-08-30T16:34:10Z,139,Foxglove Silver Ring,45,0x5168a8f95a5bce4f4918884b2db51132d8f3bbf1,neveli,39
2026-08-30T16:34:10Z,139,Foxglove Silver Ring,46,0x663ac0e621bd9bbd47100768d3ce98f0e25a7b21,skoheels,36
2026-08-30T16:34:10Z,139,Foxglove Silver Ring,47,0xfb4f086ba201a8f32805eb82a431a1dacc3f08b2,obivan,35
2026-08-30T16:34:10Z,139,Foxglove Silver Ring,48,0xfa22eafe991cd1166ee4b5ba8236e1eba9105a54,grimreaper,34
2026-08-30T16:34:10Z,139,Foxglove Silver Ring,49,0xa134a3dfa4cb010873db8012d5b360d97ba80c28,winner,34
2026-08-30T16:34:10Z,139,Foxglove Silver Ring,50,0x15c0c948d3ea9a67b05319f40871de7bf5003db3,przyborleonedw,33
2026-08-30T16:34:10Z,139,Foxglove Silver Ring,51,0x6d91474e416efdb1dd7a0ed68c8892c3b18b08a8,ylooz,33
2026-08-30T16:34:10Z,139,Foxglove Silver Ring,52,0xbddef3e050261365464e40d086b91f5100b13108,thattonton,32
2026-08-30T16:34:10Z,139,Foxglove Silver Ring,53,0xd82311e0ddcff7cad1be090763d4f6d7ba1c290a,vims,31
2026-08-30T16:34:10Z,139,Foxglove Silver Ring,54,0xfbfc822ee4989b2b4b9b18e4035ff72335cbb16e,jame7,31
2026-08-30T16:34:10Z,139,Foxglove Silver Ring,55,0xe6b6cbab6c586d64025ffaea1548f3f09dabe6c2,milkshake,31
2026-08-30T16:34:10Z,139,Foxglove Silver Ring,56,0x92f482f7b5009349ec3da50b193596b825335414,absgigachads,30
2026-08-30T16:34:10Z,139,Foxglove Silver Ring,57,0x4ebc17059cfc143d86fb92ed707805d68142e3ec,ponziscam,30
2026-08-30T16:34:10Z,139,Foxglove Silver Ring,58,0xfc32e5cfbea49a2f1d21936eec0a7722a6c2d4a7,tacolauncher,30
2026-08-30T16:34:10Z,139,Foxglove Silver Ring,59,0x88d62fbb7aa5d418b1886085dc949567500b569d,alebaner,30
2026-08-30T16:34:10Z,139,Foxglove Silver Ring,60,0xa96401339fd8a6bed6c22b96620e7ad29a04f1e9,lavr1k,30
2026-08-30T16:34:10Z,139,Foxglove Silver Ring,61,0xb29f073a9e2946d805714c9030b191ee6afed445,hitagi,30
2026-08-30T16:34:10Z,139,Foxglove Silver Ring,62,0x98c715b1a9d24727b59cae2119c747b896132647,sebax11,29
2026-08-30T16:34:10Z,139,Foxglove Silver Ring,63,0xa3103de676b55442b3c32884b1596b80d4d42cf2,loxik,29
2026-08-30T16:34:10Z,139,Foxglove Silver Ring,64,0xff6bddba3937f03b495b4efb304194d2cbc488ca,lizardmafia,29
2026-08-30T16:34:10Z,139,Foxglove Silver Ring,65,0xb2042611b4987ba8be9efd6cc1165f09e7c694a8,joblessathena,28
2026-08-30T16:34:10Z,139,Foxglove Silver Ring,66,0x0cc677b008149e08e468fe7da539e5dd24eb05dd,yashiw,27
2026-08-30T16:34:10Z,139,Foxglove Silver Ring,67,0x13fe8fe08a0d824cd44b8d13f813891b6532f59e,morror,27
2026-08-30T16:34:10Z,139,Foxglove Silver Ring,68,0xd369f09014646bfc80d977a0daa62b5940b264b4,qqws,27
2026-08-30T16:34:10Z,139,Foxglove Silver Ring,69,0x7b2c23d8d3436cdd063b66529e5d8445834831eb,coreplay6,27
2026-08-30T16:34:10Z,139,Foxglove Silver Ring,70,0x25fb85df6ac78c8b63e5e2b10e31fa36e72c2d38,bigpenis,27
2026-08-30T16:34:10Z,139,Foxglove Silver Ring,71,0x297b3eff8fccbbc35b111bd0a09b7a99a26ba965,ferentano,27
2026-08-30T16:34:10Z,139,Foxglove Silver Ring,72,0x381dd397e721c72ce321a1ebaf96ce04f4422ac0,suckmydirtydick,26
2026-08-30T16:34:10Z,139,Foxglove Silver Ring,73,0x57b53296a33bc749d8451a47fa36edd698e4fee1,flaera,26
2026-08-30T16:34:10Z,139,Foxglove Silver Ring,74,0xbbbfe4cc5c3924f19f6e36e66448b2e3a126b111,cryptologist,26
2026-08-30T16:34:10Z,139,Foxglove Silver Ring,75,0xd41d44c7a6c48b4854fce7af3a276dbd3b85d937,clock,26
2026-08-30T16:34:10Z,139,Foxglove Silver Ring,76,0xc34c29733dcf130f75090464ced47275d88e3419,basedcamp,25
2026-08-30T16:34:10Z,139,Foxglove Silver Ring,77,0xc415a02bba63fae3eafb9400d8cff3a157a3b93d,naruto,25
2026-08-30T16:34:10Z,139,Foxglove Silver Ring,78,0xc3ae9ac69d672368539413235938277ce19fc270,bollin,25
2026-08-30T16:34:10Z,139,Foxglove Silver Ring,79,0x130eab55f6941f66d4806532d9242cf969b4f036,frontdown,25
2026-08-30T16:34:10Z,139,Foxglove Silver Ring,80,0x319d278581e5e5a49ef80e795fe81225d9a15200,icedcoffee,25
2026-08-30T16:34:10Z,139,Foxglove Silver Ring,81,0x92599bdd1ded8d462c58972f6c3badbb39cd06ba,trukreal,25
2026-08-30T16:34:10Z,139,Foxglove Silver Ring,82,0xac851e69e6ff9805632a09c74e6b3e436f3156ac,yoda378,25
2026-08-30T16:34:10Z,139,Foxglove Silver Ring,83,0x07484b5b823bb4ec3f1a7ae7eb5e3fffb7bbe09c,agema,25
2026-08-30T16:34:10Z,139,Foxglove Silver Ring,84,0x5bb347443887e595820f74f028e837c3766f5923,0xitero,25
2026-08-30T16:34:10Z,139,Foxglove Silver Ring,85,0xa1da340729cff1782c83d5cfba586b4451c011ec,tozdelagaro,24
2026-08-30T16:34:10Z,139,Foxglove Silver Ring,86,0x7e6cb1e3f70e681c2f31d52adc2b1d09d6edf232,resuka,24
2026-08-30T16:34:10Z,139,Foxglove Silver Ring,87,0xcd74ad8e56d74e7a88a5eaa5a3571f82ee9a3176,bangmachine,23
2026-08-30T16:34:10Z,139,Foxglove Silver Ring,88,0x378f0bda88d7255f95afef6029799df500a6cc66,lamperouge,23
2026-08-30T16:34:10Z,139,Foxglove Silver Ring,89,0x92569bee8c8b9c1df1c283a0409fcc2b2fede157,phalanx,23
2026-08-30T16:34:10Z,139,Foxglove Silver Ring,90,0x83becb55eff583800cf1a9a2c03dd4b0fa4d7351,apix,23
2026-08-30T16:34:10Z,139,Foxglove Silver Ring,91,0x01082d01888902fdad71578bf989d342b71151ec,lowbank,23
2026-08-30T16:34:10Z,139,Foxglove Silver Ring,92,0xeff6c4dcd2b79f502d5d7cb6e6daf70f2536daef,syta,23
2026-08-30T16:34:10Z,139,Foxglove Silver Ring,93,0xfb8b5790a0fe64729cdf21263d5538b09921d336,method,23
2026-08-30T16:34:10Z,139,Foxglove Silver Ring,94,0xdb927fb9f66907b2a957b3d0d440110c3a999069,arbitrum,22
2026-08-30T16:34:10Z,139,Foxglove Silver Ring,95,0xe614c47b2b04e2a7a6d660844ffc965d6b86d2f6,gem4ik,22
2026-08-30T16:34:10Z,139,Foxglove Silver Ring,96,0x48eae6c83bdc1effef0bde8491e43c28d41b80f4,oleole,22
2026-08-30T16:34:10Z,139,Foxglove Silver Ring,97,0x28b88b45c3309fa9940cd8c0c0212636ca364417,forfree,22
2026-08-30T16:34:10Z,139,Foxglove Silver Ring,98,0x1114d62a0148f458040fbf2ddb945560398ca5f0,soma,22
2026-08-30T16:34:10Z,139,Foxglove Silver Ring,99,0x29186806bb803be9c9adc182efea0ba8aa09abda,lylythabeast6,22
2026-08-30T16:34:10Z,139,Foxglove Silver Ring,100,0xd1c76125cb2751750ddb2afded780c6f5b7a3cbc,kace,22
2026-08-30T16:34:10Z,140,Summoner Silver Ring,1,0xd678b718f70389dbdd2d447df23333641e8f7480,yanik,652
2026-08-30T16:34:10Z,140,Summoner Silver Ring,2,0xf00dfac3af2f5b38fe55d50ccf8ffa8c293ea161,dudendy,415
2026-08-30T16:34:10Z,140,Summoner Silver Ring,3,0x9dc70f5472a88f3eefa4d515a6b1ec94d9d30d13,sidlovskyy,403
2026-08-30T16:34:10Z,140,Summoner Silver Ring,4,0x73a9ffdaaf53723f1d08403f613870cddd6e18fc,suspicious,333
2026-08-30T16:34:10Z,140,Summoner Silver Ring,5,0x4e16f03fafc94af2d0b79d2d15d3d54f7c9f04fa,recluseham,187
2026-08-30T16:34:10Z,140,Summoner Silver Ring,6,0xac06dbd4f2b1b174dbb3b67449f0f4245f0f3bc3,spanish,166
2026-08-30T16:34:10Z,140,Summoner Silver Ring,7,0x0c0a71e32e1954635e2dde143ed9e59fe471fb94,kryy,165
2026-08-30T16:34:10Z,140,Summoner Silver Ring,8,0x2a2376e5e9981c19b15af64d2cdb57c9b94eb1f6,xiskool,155
2026-08-30T16:34:10Z,140,Summoner Silver Ring,9,0x95233e2ec170b4ba0e2208c1ec89f3b87f8b18c7,gambit,145
2026-08-30T16:34:10Z,140,Summoner Silver Ring,10,0x2ab7adbf3685c74d2e300c9c0e676b1bf6027ac5,0xn00b,123
2026-08-30T16:34:10Z,140,Summoner Silver Ring,11,0x0ee9318275c37f0e635bb7c8a455ade252cecf1f,georgysogood,100
2026-08-30T16:34:10Z,140,Summoner Silver Ring,12,0x02764ae21333f5777b44cdded3a654a340176fff,bh3320,98
2026-08-30T16:34:10Z,140,Summoner Silver Ring,13,0xbdecab53bb16b74aa1a1715cc4b80db641eac9da,rxch,95
2026-08-30T16:34:10Z,140,Summoner Silver Ring,14,0x95f92440789e364f3a167069b899c84b02f92254,axion,91
2026-08-30T16:34:10Z,140,Summoner Silver Ring,15,0x0a42a67154221c44c9eae98eb7f9cbff2d269a0e,cassowary,91
2026-08-30T16:34:10Z,140,Summoner Silver Ring,16,0x388d510f0f11ba0762e8c7212645ed873c17a204,otabart,90
2026-08-30T16:34:10Z,140,Summoner Silver Ring,17,0xce3bc9c7e6b1a4082f9853f6f796e604148b2583,classicj,90
2026-08-30T16:34:10Z,140,Summoner Silver Ring,18,0xd2bb5bcaaaa9d2d77a50598055397916780972ca,sinet,81
2026-08-30T16:34:10Z,140,Summoner Silver Ring,19,0x0b2291da8091128352c2464f1072cf4211144744,moritz,80
2026-08-30T16:34:10Z,140,Summoner Silver Ring,20,0x69c4cc0147fbc23965896fb18a1ccea92230ed1b,afropengu,78
2026-08-30T16:34:10Z,140,Summoner Silver Ring,21,0x3eda210ff41e2b2d1658ca5ebe0b80a376c7e0f4,astarta,78
2026-08-30T16:34:10Z,140,Summoner Silver Ring,22,0xb2042611b4987ba8be9efd6cc1165f09e7c694a8,joblessathena,75
2026-08-30T16:34:10Z,140,Summoner Silver Ring,23,0x6a31fe60046a9da9867bccbe48378893906099f5,airmangataos,73
2026-08-30T16:34:10Z,140,Summoner Silver Ring,24,0xe90a9bdb63e9ba04a7f3e95140ff803f2f377f5e,vova,69
2026-08-30T16:34:10Z,140,Summoner Silver Ring,25,0xeed7c6b2af48249a040c9e5d59437670889c7e07,lilwassie,66
2026-08-30T16:34:10Z,140,Summoner Silver Ring,26,0x688410dbc8c331f5945eafc659ae721a447ae975,igloo,65
2026-08-30T16:34:10Z,140,Summoner Silver Ring,27,0xbddef3e050261365464e40d086b91f5100b13108,thattonton,60
2026-08-30T16:34:10Z,140,Summoner Silver Ring,28,0x469998f2fa8aaa2648fef6fc3902268f315195ef,mrgold,59
2026-08-30T16:34:10Z,140,Summoner Silver Ring,29,0x23244cc893df1ff2916ee2e492b65bec74b2760c,bunyoo,59
2026-08-30T16:34:10Z,140,Summoner Silver Ring,30,0x9b3ef1d5b7472560cf6241949b2485e456aa37a0,bush1do,57
2026-08-30T16:34:10Z,140,Summoner Silver Ring,31,0x3d385f04852ae078d10e2a420f928f227f3e63f3,kellox,56
2026-08-30T16:34:10Z,140,Summoner Silver Ring,32,0x3c49ca3eda0ce8413f9c433f04322827714c23c3,dmisky,56
2026-08-30T16:34:10Z,140,Summoner Silver Ring,33,0x4f03ea409e546d9ab7eaa6c9b481bcb99c8547e5,coinpie,54
2026-08-30T16:34:10Z,140,Summoner Silver Ring,34,0x90c1ed16e9b16db7d031f573d20bead430feb107,jablko,53
2026-08-30T16:34:10Z,140,Summoner Silver Ring,35,0x8ccb0988036cf9d2ca7b24ed46a57cf25ce6f92d,chosta,53
2026-08-30T16:34:10Z,140,Summoner Silver Ring,36,0x19342b9e3f123e373e24f1eea9bb5a1a935507fa,bigmommymilkers,52
2026-08-30T16:34:10Z,140,Summoner Silver Ring,37,0x55085ade6c1c39b64cd27099993c5dc933bbed35,bigdogga,50
2026-08-30T16:34:10Z,140,Summoner Silver Ring,38,0xa8a956a5690cc81bb367da2c2f6f1796be2b3c30,scottco,45
2026-08-30T16:34:10Z,140,Summoner Silver Ring,39,0x17e327bb2fdb1a17d9a369e3dd985406ec3824ca,gracieabrams,41
2026-08-30T16:34:10Z,140,Summoner Silver Ring,40,0x2700043667f8f02edda9fd599c54ff6de0c257a7,kalikula,41
2026-08-30T16:34:10Z,140,Summoner Silver Ring,41,0x9c991a85b090aae221ef8418e3ca29279bf2500a,migs,40
2026-08-30T16:34:10Z,140,Summoner Silver Ring,42,0x5c71dc613419169afb7715038d41dde06ca4f9ab,hidrxxx,39
2026-08-30T16:34:10Z,140,Summoner Silver Ring,43,0xe4b1f5eb3da2195f8d41a052229a7eec3c4e6ed8,azoni,39
2026-08-30T16:34:10Z,140,Summoner Silver Ring,44,0xa036d0393a2c8073e6bb63170086e7dbeb1d04b1,okdk,39
2026-08-30T16:34:10Z,140,Summoner Silver Ring,45,0xcf29253e7c1e908d4091c9be85522893c77f0fc8,ciri,38
2026-08-30T16:34:10Z,140,Summoner Silver Ring,46,0x13fe8fe08a0d824cd44b8d13f813891b6532f59e,morror,38
2026-08-30T16:34:10Z,140,Summoner Silver Ring,47,0xff6bddba3937f03b495b4efb304194d2cbc488ca,lizardmafia,38
2026-08-30T16:34:10Z,140,Summoner Silver Ring,48,0x9a49c905c2cca8115d330572b494c6602aba6e1e,supportprime,38
2026-08-30T16:34:10Z,140,Summoner Silver Ring,49,0xfb4f086ba201a8f32805eb82a431a1dacc3f08b2,obivan,35
2026-08-30T16:34:10Z,140,Summoner Silver Ring,50,0xef58ad6d6bcaf054da34948c88e7e91a052dc0fa,kraven,34
2026-08-30T16:34:10Z,140,Summoner Silver Ring,51,0xc3ae9ac69d672368539413235938277ce19fc270,bollin,34
2026-08-30T16:34:10Z,140,Summoner Silver Ring,52,0xbbdca17d69518306b61d26b54b5a6c61e6c0bba1,9stx6,34
2026-08-30T16:34:10Z,140,Summoner Silver Ring,53,0xb0f42c12dd7e28f0deafe74fdf603782c430f896,stellarhobbes,31
2026-08-30T16:34:10Z,140,Summoner Silver Ring,54,0x549300f79fb33ba2e77344e58b064ede194ef99a,okeydokey,31
2026-08-30T16:34:10Z,140,Summoner Silver Ring,55,0x4ebc17059cfc143d86fb92ed707805d68142e3ec,ponziscam,30
2026-08-30T16:34:10Z,140,Summoner Silver Ring,56,0x6f8b27fe779070967417cc02447b231b5c14b843,souvx,30
2026-08-30T16:34:10Z,140,Summoner Silver Ring,57,0xb4c3602689229297d255974e90ce4954d9380104,bkbk,30
2026-08-30T16:34:10Z,140,Summoner Silver Ring,58,0xfa22eafe991cd1166ee4b5ba8236e1eba9105a54,grimreaper,30
2026-08-30T16:34:10Z,140,Summoner Silver Ring,59,0x1114d62a0148f458040fbf2ddb945560398ca5f0,soma,30
2026-08-30T16:34:10Z,140,Summoner Silver Ring,60,0xafe00172cf96544d610bf9b70d549a5e89b83f2d,hungryjay,29
2026-08-30T16:34:10Z,140,Summoner Silver Ring,61,0xb29f073a9e2946d805714c9030b191ee6afed445,hitagi,29
2026-08-30T16:34:10Z,140,Summoner Silver Ring,62,0x999eba5d7ad0e1a53ea600c384356a288381d09e,dbmafia,28
2026-08-30T16:34:10Z,140,Summoner Silver Ring,63,0xa134a3dfa4cb010873db8012d5b360d97ba80c28,winner,28
2026-08-30T16:34:10Z,140,Summoner Silver Ring,64,0x32cb224f344a9aa22c5d2e699f24d3928e6ca06f,d3r0,28
2026-08-30T16:34:10Z,140,Summoner Silver Ring,65,0x60ce92f21269cd871a7910e28f0c59a82c05388a,sinon,27
2026-08-30T16:34:10Z,140,Summoner Silver Ring,66,0x22241868ad341e77e2bc9142816000f43641e280,zoro,27
2026-08-30T16:34:10Z,140,Summoner Silver Ring,67,0xe614c47b2b04e2a7a6d660844ffc965d6b86d2f6,gem4ik,27
2026-08-30T16:34:10Z,140,Summoner Silver Ring,68,0x5168a8f95a5bce4f4918884b2db51132d8f3bbf1,neveli,27
2026-08-30T16:34:10Z,140,Summoner Silver Ring,69,0x130eab55f6941f66d4806532d9242cf969b4f036,frontdown,26
2026-08-30T16:34:10Z,140,Summoner Silver Ring,70,0x161f91374506a85ed9063e90c4c217d8697d6471,proofofely,26
2026-08-30T16:34:10Z,140,Summoner Silver Ring,71,0x844d58714aa3fed998f898cbce1b0ddc4550304f,jiren,26
2026-08-30T16:34:10Z,140,Summoner Silver Ring,72,0x4c53b2e646a3e01c2b22497753b1560029b5166b,gusine,26
2026-08-30T16:34:10Z,140,Summoner Silver Ring,73,0xfbfc822ee4989b2b4b9b18e4035ff72335cbb16e,jame7,25
2026-08-30T16:34:10Z,140,Summoner Silver Ring,74,0x28b88b45c3309fa9940cd8c0c0212636ca364417,forfree,25
2026-08-30T16:34:10Z,140,Summoner Silver Ring,75,0x25fb85df6ac78c8b63e5e2b10e31fa36e72c2d38,bigpenis,25
2026-08-30T16:34:10Z,140,Summoner Silver Ring,76,0xfc32e5cfbea49a2f1d21936eec0a7722a6c2d4a7,tacolauncher,24
2026-08-30T16:34:10Z,140,Summoner Silver Ring,77,0xe510f33bf4792fcca24daa4ede08e4f228950a25,duub,24
2026-08-30T16:34:10Z,140,Summoner Silver Ring,78,0x15c0c948d3ea9a67b05319f40871de7bf5003db3,przyborleonedw,24
2026-08-30T16:34:10Z,140,Summoner Silver Ring,79,0x9ce44e274bce511788c6ac81eafdb71fe920d4ee,deanoxbt,24
2026-08-30T16:34:10Z,140,Summoner Silver Ring,80,0x663ac0e621bd9bbd47100768d3ce98f0e25a7b21,skoheels,24
2026-08-30T16:34:10Z,140,Summoner Silver Ring,81,0xeff6c4dcd2b79f502d5d7cb6e6daf70f2536daef,syta,24
2026-08-30T16:34:10Z,140,Summoner Silver Ring,82,0x7528c1732168ace7027b18ec184d8cd6984f9eac,druid,24
2026-08-30T16:34:10Z,140,Summoner Silver Ring,83,0xb0d90d52c7389824d4b22c06bcdccd734e3162b7,ezsnipe,23
2026-08-30T16:34:10Z,140,Summoner Silver Ring,84,0x83becb55eff583800cf1a9a2c03dd4b0fa4d7351,apix,23
2026-08-30T16:34:10Z,140,Summoner Silver Ring,85,0xf4e5fe848287a6be3c9b19bc735f16c1a3d799f3,ericargent,22
2026-08-30T16:34:10Z,140,Summoner Silver Ring,86,0xdcf62adfc2193b3997947424583654689bcfd391,tekmeneth,22
2026-08-30T16:34:10Z,140,Summoner Silver Ring,87,0x07484b5b823bb4ec3f1a7ae7eb5e3fffb7bbe09c,agema,22
2026-08-30T16:34:10Z,140,Summoner Silver Ring,88,0x908c7c7f0266da791bae52b9ecac8c34ca73d9f4,mangas,22
2026-08-30T16:34:10Z,140,Summoner Silver Ring,89,0x5f90cae78f02a95633e596c1841c6ef41fb431b2,pechou,22
2026-08-30T16:34:10Z,140,Summoner Silver Ring,90,0x0faebef50879f4488e75ea7d2b122794f5473d1f,noobnopls,21
2026-08-30T16:34:10Z,140,Summoner Silver Ring,91,0x9271e9969b98083d53bcf3c82ecf2a87b717500d,fefer,21
2026-08-30T16:34:10Z,140,Summoner Silver Ring,92,0x33973ffb41add93b49227241566d3e5fc9ad904b,schemedream,21
2026-08-30T16:34:10Z,140,Summoner Silver Ring,93,0xe5ec5ac7505d5fe893a58e0f2d4bb597d07f439d,bell_kraner,21
2026-08-30T16:34:10Z,140,Summoner Silver Ring,94,0x2b23160efeecef48d78175e9dc8c5a7b16a42fce,luter,21
2026-08-30T16:34:10Z,140,Summoner Silver Ring,95,0xb7a4d02f0d2c634b2bb5d1c83df8b5539baa79e8,velynet,21
2026-08-30T16:34:10Z,140,Summoner Silver Ring,96,0xfb8b5790a0fe64729cdf21263d5538b09921d336,method,21
2026-08-30T16:34:10Z,140,Summoner Silver Ring,97,0xc415a02bba63fae3eafb9400d8cff3a157a3b93d,naruto,20
2026-08-30T16:34:10Z,140,Summoner Silver Ring,98,0xd82311e0ddcff7cad1be090763d4f6d7ba1c290a,vims,20
2026-08-30T16:34:10Z,140,Summoner Silver Ring,99,0x92569bee8c8b9c1df1c283a0409fcc2b2fede157,phalanx,20
2026-08-30T16:34:10Z,140,Summoner Silver Ring,100,0x0c66182a8e638475b0b14150a33b2f1a787e4d27,lazymasta,20
2026-08-30T16:34:10Z,243,Golden Archon Ring,1,0x69c4cc0147fbc23965896fb18a1ccea92230ed1b,afropengu,287
2026-08-30T16:34:10Z,243,Golden Archon Ring,2,0xd678b718f70389dbdd2d447df23333641e8f7480,yanik,145
2026-08-30T16:34:10Z,243,Golden Archon Ring,3,0x73a9ffdaaf53723f1d08403f613870cddd6e18fc,suspicious,135
2026-08-30T16:34:10Z,243,Golden Archon Ring,4,0x90c1ed16e9b16db7d031f573d20bead430feb107,jablko,88
2026-08-30T16:34:10Z,243,Golden Archon Ring,5,0x0ee9318275c37f0e635bb7c8a455ade252cecf1f,georgysogood,67
2026-08-30T16:34:10Z,243,Golden Archon Ring,6,0x2a2376e5e9981c19b15af64d2cdb57c9b94eb1f6,xiskool,62
2026-08-30T16:34:10Z,243,Golden Archon Ring,7,0xfd0cb86676ba86e3033f1d6d333b342880f336df,677willwin,61
2026-08-30T16:34:10Z,243,Golden Archon Ring,8,0xeed7c6b2af48249a040c9e5d59437670889c7e07,lilwassie,57
2026-08-30T16:34:10Z,243,Golden Archon Ring,9,0xac06dbd4f2b1b174dbb3b67449f0f4245f0f3bc3,spanish,57
2026-08-30T16:34:10Z,243,Golden Archon Ring,10,0x19342b9e3f123e373e24f1eea9bb5a1a935507fa,bigmommymilkers,56
2026-08-30T16:34:10Z,243,Golden Archon Ring,11,0xbdecab53bb16b74aa1a1715cc4b80db641eac9da,rxch,54
2026-08-30T16:34:10Z,243,Golden Archon Ring,12,0xbcbcccae5efd1dab247e6428e9e20a9fda8c5abd,oneindigheid,49
2026-08-30T16:34:10Z,243,Golden Archon Ring,13,0x9dc70f5472a88f3eefa4d515a6b1ec94d9d30d13,sidlovskyy,48
2026-08-30T16:34:10Z,243,Golden Archon Ring,14,0xf00dfac3af2f5b38fe55d50ccf8ffa8c293ea161,dudendy,45
2026-08-30T16:34:10Z,243,Golden Archon Ring,15,0x0a42a67154221c44c9eae98eb7f9cbff2d269a0e,cassowary,41
2026-08-30T16:34:10Z,243,Golden Archon Ring,16,0x4f03ea409e546d9ab7eaa6c9b481bcb99c8547e5,coinpie,36
2026-08-30T16:34:10Z,243,Golden Archon Ring,17,0x0357294131b3d5b23c84dfa8e38d7e54358f8ba8,kaiken888,36
2026-08-30T16:34:10Z,243,Golden Archon Ring,18,0x02764ae21333f5777b44cdded3a654a340176fff,bh3320,36
2026-08-30T16:34:10Z,243,Golden Archon Ring,19,0x8ccb0988036cf9d2ca7b24ed46a57cf25ce6f92d,chosta,35
2026-08-30T16:34:10Z,243,Golden Archon Ring,20,0x5d94f14bafdc6920e462abaa8285d680d4dfa069,tofu,34
2026-08-30T16:34:10Z,243,Golden Archon Ring,21,0x388d510f0f11ba0762e8c7212645ed873c17a204,otabart,32
2026-08-30T16:34:10Z,243,Golden Archon Ring,22,0x7b937e99c1458a485a035a0f06b9d8bf5f842a05,lameak,32
2026-08-30T16:34:10Z,243,Golden Archon Ring,23,0x688410dbc8c331f5945eafc659ae721a447ae975,igloo,29
2026-08-30T16:34:10Z,243,Golden Archon Ring,24,0x3629d88069124258ef6bb99c9080d064f42e7206,grumpy,27
2026-08-30T16:34:10Z,243,Golden Archon Ring,25,0xbbbfe4cc5c3924f19f6e36e66448b2e3a126b111,cryptologist,27
2026-08-30T16:34:10Z,243,Golden Archon Ring,26,0x95233e2ec170b4ba0e2208c1ec89f3b87f8b18c7,gambit,25
2026-08-30T16:34:10Z,243,Golden Archon Ring,27,0x7b761e4389daf5581708bfe1a26b5d45cc279f2f,gordongrowth,19
2026-08-30T16:34:10Z,243,Golden Archon Ring,28,0xf3143c8e4469a271fa2be6d8775ca2b3bdccf4e2,rmty,15
2026-08-30T16:34:10Z,243,Golden Archon Ring,29,0x92569bee8c8b9c1df1c283a0409fcc2b2fede157,phalanx,15
2026-08-30T16:34:10Z,243,Golden Archon Ring,30,0xafe00172cf96544d610bf9b70d549a5e89b83f2d,hungryjay,14
2026-08-30T16:34:10Z,243,Golden Archon Ring,31,0x33973ffb41add93b49227241566d3e5fc9ad904b,schemedream,14
2026-08-30T16:34:10Z,243,Golden Archon Ring,32,0x381dd397e721c72ce321a1ebaf96ce04f4422ac0,suckmydirtydick,12
2026-08-30T16:34:10Z,243,Golden Archon Ring,33,0xeb16cc074e0d3a6c87c0c45a6eced5ef92424b31,wiseadmiral,12
2026-08-30T16:34:10Z,243,Golden Archon Ring,34,0xc3ae9ac69d672368539413235938277ce19fc270,bollin,11
2026-08-30T16:34:10Z,243,Golden Archon Ring,35,0x18db144b2f18b025c1f7ee1d86b422fe864ba477,royven,11
2026-08-30T16:34:10Z,243,Golden Archon Ring,36,0x5ab272231e653c2265bdfae58310021bca37152e,tufbeast,11
2026-08-30T16:34:10Z,243,Golden Archon Ring,37,0x3c49ca3eda0ce8413f9c433f04322827714c23c3,dmisky,11
2026-08-30T16:34:10Z,243,Golden Archon Ring,38,0x3d385f04852ae078d10e2a420f928f227f3e63f3,kellox,10
2026-08-30T16:34:10Z,243,Golden Archon Ring,39,0x99278037b2150c577ef1038ceca08db8684bba95,0xfuture,9
2026-08-30T16:34:10Z,243,Golden Archon Ring,40,0xd1c76125cb2751750ddb2afded780c6f5b7a3cbc,kace,9
2026-08-30T16:34:10Z,243,Golden Archon Ring,41,0xb0d90d52c7389824d4b22c06bcdccd734e3162b7,ezsnipe,8
2026-08-30T16:34:10Z,243,Golden Archon Ring,42,0x9c991a85b090aae221ef8418e3ca29279bf2500a,migs,8
2026-08-30T16:34:10Z,243,Golden Archon Ring,43,0xc577c2f43ffba49d965a8c153f330ba3daad3b73,snake,7
2026-08-30T16:34:10Z,243,Golden Archon Ring,44,0x4366b9a2417631b2647a8d67608638d973fade33,epicser,7
2026-08-30T16:34:10Z,243,Golden Archon Ring,45,0xce3bc9c7e6b1a4082f9853f6f796e604148b2583,classicj,7
2026-08-30T16:34:10Z,243,Golden Archon Ring,46,0x4ec977a8e80c4099a44f8ae53a48281448471342,terrestra,7
2026-08-30T16:34:10Z,243,Golden Archon Ring,47,0x0fec947904065bf920e97aae5042ef1e31268e76,matcha,6
2026-08-30T16:34:10Z,243,Golden Archon Ring,48,0xd15481578c11b4e5b8f241c412899a0bdd704408,wholistic,6
2026-08-30T16:34:10Z,243,Golden Archon Ring,49,0xf343348aef03fea785a6a55f1db870c94f6afb4f,billybob,6
2026-08-30T16:34:10Z,243,Golden Archon Ring,50,0x67369c3e524d370daebc36d9ab3320fafc71eead,roblox,6
2026-08-30T16:34:10Z,243,Golden Archon Ring,51,0x60928ba6d7bdc6459244155fc3f350a116cdf424,mildcapital,6
2026-08-30T16:34:10Z,243,Golden Archon Ring,52,0xf3eaf60c6be58eb9853e71219801c06ad8969f0e,relicguy,6
2026-08-30T16:34:10Z,243,Golden Archon Ring,53,0x6479013c37f56cecc6e77fcfece208645324f5cb,lightning,6
2026-08-30T16:34:10Z,243,Golden Archon Ring,54,0x1a5fd36d4b15dd6b5f6eba46c42b1fa697fa4f3a,melbo,5
2026-08-30T16:34:10Z,243,Golden Archon Ring,55,0x0b2291da8091128352c2464f1072cf4211144744,moritz,5
2026-08-30T16:34:10Z,243,Golden Archon Ring,56,0x9b3ef1d5b7472560cf6241949b2485e456aa37a0,bush1do,5
2026-08-30T16:34:10Z,243,Golden Archon Ring,57,0x161f91374506a85ed9063e90c4c217d8697d6471,proofofely,5
2026-08-30T16:34:10Z,243,Golden Archon Ring,58,0x2c685f23808bc7b6adda1fd7b6949c5e2db97eb0,bubba,5
2026-08-30T16:34:10Z,243,Golden Archon Ring,59,0x7a10d45c461e81e24796f9c83b584756876d24d7,stakeoor,5
2026-08-30T16:34:10Z,243,Golden Archon Ring,60,0x844d58714aa3fed998f898cbce1b0ddc4550304f,jiren,5
2026-08-30T16:34:10Z,243,Golden Archon Ring,61,0x49826f26fd526c52c7b18d0f2866b6e158328eec,lilvibe,5
2026-08-30T16:34:10Z,243,Golden Archon Ring,62,0xca73ac7782813b76ba0962babf3c083407dd3e15,aruun,5
2026-08-30T16:34:10Z,243,Golden Archon Ring,63,0xe90a9bdb63e9ba04a7f3e95140ff803f2f377f5e,vova,5
2026-08-30T16:34:10Z,243,Golden Archon Ring,64,0x867a70d280830fc91f5441449ef37dfa403924a8,eydrian,5
2026-08-30T16:34:10Z,243,Golden Archon Ring,65,0xef58ad6d6bcaf054da34948c88e7e91a052dc0fa,kraven,4
2026-08-30T16:34:10Z,243,Golden Archon Ring,66,0xfff195795e606cbfa76e1c72c7ed6731df91d83d,pan1c,4
2026-08-30T16:34:10Z,243,Golden Archon Ring,67,0xf1555fc668883d57b7146c50bbb8777ca85ef929,pudgy7590,4
2026-08-30T16:34:10Z,243,Golden Archon Ring,68,0x3eda210ff41e2b2d1658ca5ebe0b80a376c7e0f4,astarta,4
2026-08-30T16:34:10Z,243,Golden Archon Ring,69,0x9e3eddb26f9ce62782e544f2a5366c4e2296bce2,og_ayri,4
2026-08-30T16:34:10Z,243,Golden Archon Ring,70,0x89ca1ffe78d575447514790ea0b141c7c44d9332,tice,4
2026-08-30T16:34:10Z,243,Golden Archon Ring,71,0x1114d62a0148f458040fbf2ddb945560398ca5f0,soma,4
2026-08-30T16:34:10Z,243,Golden Archon Ring,72,0x1494b3e636c533ffd78d467de090102595244d06,anduron,4
2026-08-30T16:34:10Z,243,Golden Archon Ring,73,0x8a39e43d0aac1b7bedc81f8100e3603323092f0d,kfay34,4
2026-08-30T16:34:10Z,243,Golden Archon Ring,74,0x562ffbc839b608e35646e9de40591b5145bcc6f5,aizcalibur,3
2026-08-30T16:34:10Z,243,Golden Archon Ring,75,0xb703799d9f485852c9394a8b2cdb39f5590fd65f,gaijin,3
2026-08-30T16:34:10Z,243,Golden Archon Ring,76,0x4ebc17059cfc143d86fb92ed707805d68142e3ec,ponziscam,3
2026-08-30T16:34:10Z,243,Golden Archon Ring,77,0x22b1b83ed37b2f6e73d11c5ab4603b64edc7aafc,genius,3
2026-08-30T16:34:10Z,243,Golden Archon Ring,78,0x0649976f6dd8a2589af8790076f2c08909dd9337,debora,3
2026-08-30T16:34:10Z,243,Golden Archon Ring,79,0x0d1df94f0106ce5bd92138d43c8551cad530c169,vermo,3
2026-08-30T16:34:10Z,243,Golden Archon Ring,80,0xdbd4749050752504d9017484f82a75dff9592cd1,tron,3
2026-08-30T16:34:10Z,243,Golden Archon Ring,81,0xd241569d27278c7dc650aa6808356f21589b7b27,ziirup,3
2026-08-30T16:34:10Z,243,Golden Archon Ring,82,0xa8a956a5690cc81bb367da2c2f6f1796be2b3c30,scottco,3
2026-08-30T16:34:10Z,243,Golden Archon Ring,83,0xe910db7af916d287b3d3117abcb5fa9e0932a1c9,knyaz,3
2026-08-30T16:34:10Z,243,Golden Archon Ring,84,0xe9b489ff145ac7d8eca36c3b5c29e1be7f2281b9,laggin,3
2026-08-30T16:34:10Z,243,Golden Archon Ring,85,0x81223fbb85c4c7e2abef9abbc9508dfc97a731b3,buster,2
2026-08-30T16:34:10Z,243,Golden Archon Ring,86,0x301b116c45eb6971f6695578e2a6483b4dc5d73b,dvinar77,2
2026-08-30T16:34:10Z,243,Golden Archon Ring,87,0xebec21ad1ebcfae69f96b7ca96839e5594fbadd1,therec,2
2026-08-30T16:34:10Z,243,Golden Archon Ring,88,0xe4c92dfd2b82ff488ee4e0744e78959f8cc2c24c,jonh94,2
2026-08-30T16:34:10Z,243,Golden Archon Ring,89,0x5c4eccb4a3a7082a75c01c7608ea35f4350630a6,sedicol,2
2026-08-30T16:34:10Z,243,Golden Archon Ring,90,0xea04f13937031d59bf466c9c79d70a9c41a79a4a,sandsman,2
2026-08-30T16:34:10Z,243,Golden Archon Ring,91,0x8c86b43762e80f15a483dba543a31cd96e48e456,n00b,2
2026-08-30T16:34:10Z,243,Golden Archon Ring,92,0x551d5bcbc8f2df0d3ce3b6e8f1e58fe27a68eb7a,kudrry,2
2026-08-30T16:34:10Z,243,Golden Archon Ring,93,0x94692aeb630122b221b2950c2fef4f4f4a5fdf78,rubiks,2
2026-08-30T16:34:10Z,243,Golden Archon Ring,94,0x08a2d01e6e306911ea7032077cf0bf924a1092ea,lemz,2
2026-08-30T16:34:10Z,243,Golden Archon Ring,95,0x8ed20f071287100fafca51c94b5d6d0d8340aef9,joseprust,2
2026-08-30T16:34:10Z,243,Golden Archon Ring,96,0xeb91cfe8979567c1f9e30bd7de9f2968b7e706f7,5324r2df,2
2026-08-30T16:34:10Z,243,Golden Archon Ring,97,0x2364ba6f0d907507a9e669033d9dad99b227cc01,weather,2
2026-08-30T16:34:10Z,243,Golden Archon Ring,98,0xbb8e371d6cd17379c5f0f1076b3d9aea5b4e57d5,disinfettante,2
2026-08-30T16:34:10Z,243,Golden Archon Ring,99,0x32129ebc0288e2c4e8d109164a968992395f8548,cb11,2
2026-08-30T16:34:10Z,243,Golden Archon Ring,100,0x549300f79fb33ba2e77344e58b064ede194ef99a,okeydokey,2
2026-08-30T16:34:10Z,244,Golden Athena Ring,1,0x69c4cc0147fbc23965896fb18a1ccea92230ed1b,afropengu,420
2026-08-30T16:34:10Z,244,Golden Athena Ring,2,0x73a9ffdaaf53723f1d08403f613870cddd6e18fc,suspicious,123
2026-08-30T16:34:10Z,244,Golden Athena Ring,3,0xf00dfac3af2f5b38fe55d50ccf8ffa8c293ea161,dudendy,72
2026-08-30T16:34:10Z,244,Golden Athena Ring,4,0x0ee9318275c37f0e635bb7c8a455ade252cecf1f,georgysogood,65
2026-08-30T16:34:10Z,244,Golden Athena Ring,5,0x2a2376e5e9981c19b15af64d2cdb57c9b94eb1f6,xiskool,65
2026-08-30T16:34:10Z,244,Golden Athena Ring,6,0x19342b9e3f123e373e24f1eea9bb5a1a935507fa,bigmommymilkers,63
2026-08-30T16:34:10Z,244,Golden Athena Ring,7,0xbcbcccae5efd1dab247e6428e9e20a9fda8c5abd,oneindigheid,56
2026-08-30T16:34:10Z,244,Golden Athena Ring,8,0xeed7c6b2af48249a040c9e5d59437670889c7e07,lilwassie,54
2026-08-30T16:34:10Z,244,Golden Athena Ring,9,0xc3ae9ac69d672368539413235938277ce19fc270,bollin,52
2026-08-30T16:34:10Z,244,Golden Athena Ring,10,0x9dc70f5472a88f3eefa4d515a6b1ec94d9d30d13,sidlovskyy,51
2026-08-30T16:34:10Z,244,Golden Athena Ring,11,0xbdecab53bb16b74aa1a1715cc4b80db641eac9da,rxch,50
2026-08-30T16:34:10Z,244,Golden Athena Ring,12,0x5d94f14bafdc6920e462abaa8285d680d4dfa069,tofu,48
2026-08-30T16:34:10Z,244,Golden Athena Ring,13,0xac06dbd4f2b1b174dbb3b67449f0f4245f0f3bc3,spanish,47
2026-08-30T16:34:10Z,244,Golden Athena Ring,14,0x0357294131b3d5b23c84dfa8e38d7e54358f8ba8,kaiken888,43
2026-08-30T16:34:10Z,244,Golden Athena Ring,15,0xeff6c4dcd2b79f502d5d7cb6e6daf70f2536daef,syta,42
2026-08-30T16:34:10Z,244,Golden Athena Ring,16,0x3629d88069124258ef6bb99c9080d064f42e7206,grumpy,38
2026-08-30T16:34:10Z,244,Golden Athena Ring,17,0x90c1ed16e9b16db7d031f573d20bead430feb107,jablko,36
2026-08-30T16:34:10Z,244,Golden Athena Ring,18,0x688410dbc8c331f5945eafc659ae721a447ae975,igloo,35
2026-08-30T16:34:10Z,244,Golden Athena Ring,19,0x0a42a67154221c44c9eae98eb7f9cbff2d269a0e,cassowary,35
2026-08-30T16:34:10Z,244,Golden Athena Ring,20,0xfd0cb86676ba86e3033f1d6d333b342880f336df,677willwin,33
2026-08-30T16:34:10Z,244,Golden Athena Ring,21,0x8ccb0988036cf9d2ca7b24ed46a57cf25ce6f92d,chosta,33
2026-08-30T16:34:10Z,244,Golden Athena Ring,22,0xbbbfe4cc5c3924f19f6e36e66448b2e3a126b111,cryptologist,26
2026-08-30T16:34:10Z,244,Golden Athena Ring,23,0x7b761e4389daf5581708bfe1a26b5d45cc279f2f,gordongrowth,26
2026-08-30T16:34:10Z,244,Golden Athena Ring,24,0x388d510f0f11ba0762e8c7212645ed873c17a204,otabart,24
2026-08-30T16:34:10Z,244,Golden Athena Ring,25,0x7b937e99c1458a485a035a0f06b9d8bf5f842a05,lameak,24
2026-08-30T16:34:10Z,244,Golden Athena Ring,26,0x02764ae21333f5777b44cdded3a654a340176fff,bh3320,22
2026-08-30T16:34:10Z,244,Golden Athena Ring,27,0x4f03ea409e546d9ab7eaa6c9b481bcb99c8547e5,coinpie,20
2026-08-30T16:34:10Z,244,Golden Athena Ring,28,0x381dd397e721c72ce321a1ebaf96ce04f4422ac0,suckmydirtydick,19
2026-08-30T16:34:10Z,244,Golden Athena Ring,29,0xafe00172cf96544d610bf9b70d549a5e89b83f2d,hungryjay,17
2026-08-30T16:34:10Z,244,Golden Athena Ring,30,0xb0d90d52c7389824d4b22c06bcdccd734e3162b7,ezsnipe,16
2026-08-30T16:34:10Z,244,Golden Athena Ring,31,0xd678b718f70389dbdd2d447df23333641e8f7480,yanik,16
2026-08-30T16:34:10Z,244,Golden Athena Ring,32,0x95233e2ec170b4ba0e2208c1ec89f3b87f8b18c7,gambit,16
2026-08-30T16:34:10Z,244,Golden Athena Ring,33,0x9c991a85b090aae221ef8418e3ca29279bf2500a,migs,16
2026-08-30T16:34:10Z,244,Golden Athena Ring,34,0x4366b9a2417631b2647a8d67608638d973fade33,epicser,16
2026-08-30T16:34:10Z,244,Golden Athena Ring,35,0x33973ffb41add93b49227241566d3e5fc9ad904b,schemedream,15
2026-08-30T16:34:10Z,244,Golden Athena Ring,36,0x319d278581e5e5a49ef80e795fe81225d9a15200,icedcoffee,15
2026-08-30T16:34:10Z,244,Golden Athena Ring,37,0x92569bee8c8b9c1df1c283a0409fcc2b2fede157,phalanx,15
2026-08-30T16:34:10Z,244,Golden Athena Ring,38,0x1a5fd36d4b15dd6b5f6eba46c42b1fa697fa4f3a,melbo,13
2026-08-30T16:34:10Z,244,Golden Athena Ring,39,0xeb16cc074e0d3a6c87c0c45a6eced5ef92424b31,wiseadmiral,13
2026-08-30T16:34:10Z,244,Golden Athena Ring,40,0x18db144b2f18b025c1f7ee1d86b422fe864ba477,royven,12
2026-08-30T16:34:10Z,244,Golden Athena Ring,41,0xc577c2f43ffba49d965a8c153f330ba3daad3b73,snake,11
2026-08-30T16:34:10Z,244,Golden Athena Ring,42,0x161f91374506a85ed9063e90c4c217d8697d6471,proofofely,11
2026-08-30T16:34:10Z,244,Golden Athena Ring,43,0xd95d6ce6572622168a97d664c2fb3621f6f7e9e1,crusadertr,10
2026-08-30T16:34:10Z,244,Golden Athena Ring,44,0xce3bc9c7e6b1a4082f9853f6f796e604148b2583,classicj,10
2026-08-30T16:34:10Z,244,Golden Athena Ring,45,0xe90a9bdb63e9ba04a7f3e95140ff803f2f377f5e,vova,10
2026-08-30T16:34:10Z,244,Golden Athena Ring,46,0x4ec977a8e80c4099a44f8ae53a48281448471342,terrestra,9
2026-08-30T16:34:10Z,244,Golden Athena Ring,47,0x0fec947904065bf920e97aae5042ef1e31268e76,matcha,8
2026-08-30T16:34:10Z,244,Golden Athena Ring,48,0x3d385f04852ae078d10e2a420f928f227f3e63f3,kellox,8
2026-08-30T16:34:10Z,244,Golden Athena Ring,49,0xef58ad6d6bcaf054da34948c88e7e91a052dc0fa,kraven,8
2026-08-30T16:34:10Z,244,Golden Athena Ring,50,0x2dad623c8e23645751d0671adb4a02b246285515,fragi,8
2026-08-30T16:34:10Z,244,Golden Athena Ring,51,0x5ab272231e653c2265bdfae58310021bca37152e,tufbeast,8
2026-08-30T16:34:10Z,244,Golden Athena Ring,52,0x397432e390b1916284b47ea19904c0f31e8241bf,umame,7
2026-08-30T16:34:10Z,244,Golden Athena Ring,53,0x23244cc893df1ff2916ee2e492b65bec74b2760c,bunyoo,7
2026-08-30T16:34:10Z,244,Golden Athena Ring,54,0x1494b3e636c533ffd78d467de090102595244d06,anduron,7
2026-08-30T16:34:10Z,244,Golden Athena Ring,55,0xe9b489ff145ac7d8eca36c3b5c29e1be7f2281b9,laggin,7
2026-08-30T16:34:10Z,244,Golden Athena Ring,56,0xb703799d9f485852c9394a8b2cdb39f5590fd65f,gaijin,6
2026-08-30T16:34:10Z,244,Golden Athena Ring,57,0x67369c3e524d370daebc36d9ab3320fafc71eead,roblox,6
2026-08-30T16:34:10Z,244,Golden Athena Ring,58,0x08f4fc19fdee64babf4bda2b0b6e30d3b8683025,aponroflon,6
2026-08-30T16:34:10Z,244,Golden Athena Ring,59,0xd1c76125cb2751750ddb2afded780c6f5b7a3cbc,kace,6
2026-08-30T16:34:10Z,244,Golden Athena Ring,60,0x844d58714aa3fed998f898cbce1b0ddc4550304f,jiren,5
2026-08-30T16:34:10Z,244,Golden Athena Ring,61,0xfff195795e606cbfa76e1c72c7ed6731df91d83d,pan1c,4
2026-08-30T16:34:10Z,244,Golden Athena Ring,62,0x0b2291da8091128352c2464f1072cf4211144744,moritz,4
2026-08-30T16:34:10Z,244,Golden Athena Ring,63,0x2c685f23808bc7b6adda1fd7b6949c5e2db97eb0,bubba,4
2026-08-30T16:34:10Z,244,Golden Athena Ring,64,0x9e3eddb26f9ce62782e544f2a5366c4e2296bce2,og_ayri,4
2026-08-30T16:34:10Z,244,Golden Athena Ring,65,0x89ca1ffe78d575447514790ea0b141c7c44d9332,tice,4
2026-08-30T16:34:10Z,244,Golden Athena Ring,66,0xca73ac7782813b76ba0962babf3c083407dd3e15,aruun,4
2026-08-30T16:34:10Z,244,Golden Athena Ring,67,0x55085ade6c1c39b64cd27099993c5dc933bbed35,bigdogga,4
2026-08-30T16:34:10Z,244,Golden Athena Ring,68,0xf3eaf60c6be58eb9853e71219801c06ad8969f0e,relicguy,4
2026-08-30T16:34:10Z,244,Golden Athena Ring,69,0x6479013c37f56cecc6e77fcfece208645324f5cb,lightning,4
2026-08-30T16:34:10Z,244,Golden Athena Ring,70,0xc1e6ace238f76e7ee3295063fedf6dfd97e176fd,leighjam,3
2026-08-30T16:34:10Z,244,Golden Athena Ring,71,0x4ebc17059cfc143d86fb92ed707805d68142e3ec,ponziscam,3
2026-08-30T16:34:10Z,244,Golden Athena Ring,72,0x5c4eccb4a3a7082a75c01c7608ea35f4350630a6,sedicol,3
2026-08-30T16:34:10Z,244,Golden Athena Ring,73,0xea04f13937031d59bf466c9c79d70a9c41a79a4a,sandsman,3
2026-08-30T16:34:10Z,244,Golden Athena Ring,74,0xd15481578c11b4e5b8f241c412899a0bdd704408,wholistic,3
2026-08-30T16:34:10Z,244,Golden Athena Ring,75,0x8c86b43762e80f15a483dba543a31cd96e48e456,n00b,3
2026-08-30T16:34:10Z,244,Golden Athena Ring,76,0x3eda210ff41e2b2d1658ca5ebe0b80a376c7e0f4,astarta,3
2026-08-30T16:34:10Z,244,Golden Athena Ring,77,0xf343348aef03fea785a6a55f1db870c94f6afb4f,billybob,3
2026-08-30T16:34:10Z,244,Golden Athena Ring,78,0x9b3ef1d5b7472560cf6241949b2485e456aa37a0,bush1do,3
2026-08-30T16:34:10Z,244,Golden Athena Ring,79,0x404965a95046bd5967692745a83231c1137e66e2,adfsjadjkjfsaj,3
2026-08-30T16:34:10Z,244,Golden Athena Ring,80,0x4114d3fa8a699361525340800abe77b875eae626,realenjoy,3
2026-08-30T16:34:10Z,244,Golden Athena Ring,81,0xe910db7af916d287b3d3117abcb5fa9e0932a1c9,knyaz,3
2026-08-30T16:34:10Z,244,Golden Athena Ring,82,0x6ff9be05b6b101881ffd4f483e630e18268fe134,vitlus,3
2026-08-30T16:34:10Z,244,Golden Athena Ring,83,0x867a70d280830fc91f5441449ef37dfa403924a8,eydrian,3
2026-08-30T16:34:10Z,244,Golden Athena Ring,84,0x3e32f9cffb3feb7aef785fd95eba13a1ab5a6c0e,perez,2
2026-08-30T16:34:10Z,244,Golden Athena Ring,85,0x68b474d81009c32ad79e50bd6263a5acc5ad1cd9,vangulia,2
2026-08-30T16:34:10Z,244,Golden Athena Ring,86,0x562ffbc839b608e35646e9de40591b5145bcc6f5,aizcalibur,2
2026-08-30T16:34:10Z,244,Golden Athena Ring,87,0xe4c92dfd2b82ff488ee4e0744e78959f8cc2c24c,jonh94,2
2026-08-30T16:34:10Z,244,Golden Athena Ring,88,0xd9233b0c7017055eb9cca10a95b214ac89fe905a,soroka,2
2026-08-30T16:34:10Z,244,Golden Athena Ring,89,0x56f4c6d5c5c41519a4823e3dae22167dd4544fce,behelit,2
2026-08-30T16:34:10Z,244,Golden Athena Ring,90,0x99278037b2150c577ef1038ceca08db8684bba95,0xfuture,2
2026-08-30T16:34:10Z,244,Golden Athena Ring,91,0x551d5bcbc8f2df0d3ce3b6e8f1e58fe27a68eb7a,kudrry,2
2026-08-30T16:34:10Z,244,Golden Athena Ring,92,0xf4f63d615772dd0a214a04aef7dacce9b7e1d28c,fizzy,2
2026-08-30T16:34:10Z,244,Golden Athena Ring,93,0x0649976f6dd8a2589af8790076f2c08909dd9337,debora,2
2026-08-30T16:34:10Z,244,Golden Athena Ring,94,0x0d1df94f0106ce5bd92138d43c8551cad530c169,vermo,2
2026-08-30T16:34:10Z,244,Golden Athena Ring,95,0xf3143c8e4469a271fa2be6d8775ca2b3bdccf4e2,rmty,2
2026-08-30T16:34:10Z,244,Golden Athena Ring,96,0xe1b2620511e4a989ec1c7ea80ac75555eae12828,soroky,2
2026-08-30T16:34:10Z,244,Golden Athena Ring,97,0x6cdaec838d799cc664dd421324d480b1592c9b5a,lilstaffx,2
2026-08-30T16:34:10Z,244,Golden Athena Ring,98,0xfbfc822ee4989b2b4b9b18e4035ff72335cbb16e,jame7,2
2026-08-30T16:34:10Z,244,Golden Athena Ring,99,0x16e76988594556819213eb2056a45a563debaf95,dirty,2
2026-08-30T16:34:10Z,244,Golden Athena Ring,100,0x7174f8e3a3a2b777911dd6be31d92631a5052ab0,0xkingyo,2
2026-08-30T16:34:10Z,245,Golden Chobo Ring,1,0x69c4cc0147fbc23965896fb18a1ccea92230ed1b,afropengu,316
2026-08-30T16:34:10Z,245,Golden Chobo Ring,2,0x73a9ffdaaf53723f1d08403f613870cddd6e18fc,suspicious,138
2026-08-30T16:34:10Z,245,Golden Chobo Ring,3,0xd678b718f70389dbdd2d447df23333641e8f7480,yanik,126
2026-08-30T16:34:10Z,245,Golden Chobo Ring,4,0xeed7c6b2af48249a040c9e5d59437670889c7e07,lilwassie,108
2026-08-30T16:34:10Z,245,Golden Chobo Ring,5,0x0ee9318275c37f0e635bb7c8a455ade252cecf1f,georgysogood,70
2026-08-30T16:34:10Z,245,Golden Chobo Ring,6,0xbdecab53bb16b74aa1a1715cc4b80db641eac9da,rxch,70
2026-08-30T16:34:10Z,245,Golden Chobo Ring,7,0x2a2376e5e9981c19b15af64d2cdb57c9b94eb1f6,xiskool,68
2026-08-30T16:34:10Z,245,Golden Chobo Ring,8,0x19342b9e3f123e373e24f1eea9bb5a1a935507fa,bigmommymilkers,62
2026-08-30T16:34:10Z,245,Golden Chobo Ring,9,0xbcbcccae5efd1dab247e6428e9e20a9fda8c5abd,oneindigheid,60
2026-08-30T16:34:10Z,245,Golden Chobo Ring,10,0xf00dfac3af2f5b38fe55d50ccf8ffa8c293ea161,dudendy,60
2026-08-30T16:34:10Z,245,Golden Chobo Ring,11,0x9dc70f5472a88f3eefa4d515a6b1ec94d9d30d13,sidlovskyy,58
2026-08-30T16:34:10Z,245,Golden Chobo Ring,12,0x02764ae21333f5777b44cdded3a654a340176fff,bh3320,54
2026-08-30T16:34:10Z,245,Golden Chobo Ring,13,0xac06dbd4f2b1b174dbb3b67449f0f4245f0f3bc3,spanish,52
2026-08-30T16:34:10Z,245,Golden Chobo Ring,14,0xfd0cb86676ba86e3033f1d6d333b342880f336df,677willwin,45
2026-08-30T16:34:10Z,245,Golden Chobo Ring,15,0x3629d88069124258ef6bb99c9080d064f42e7206,grumpy,41
2026-08-30T16:34:10Z,245,Golden Chobo Ring,16,0x0357294131b3d5b23c84dfa8e38d7e54358f8ba8,kaiken888,39
2026-08-30T16:34:10Z,245,Golden Chobo Ring,17,0xbbbfe4cc5c3924f19f6e36e66448b2e3a126b111,cryptologist,35
2026-08-30T16:34:10Z,245,Golden Chobo Ring,18,0xafe00172cf96544d610bf9b70d549a5e89b83f2d,hungryjay,31
2026-08-30T16:34:10Z,245,Golden Chobo Ring,19,0x5d94f14bafdc6920e462abaa8285d680d4dfa069,tofu,29
2026-08-30T16:34:10Z,245,Golden Chobo Ring,20,0x0a42a67154221c44c9eae98eb7f9cbff2d269a0e,cassowary,28
2026-08-30T16:34:10Z,245,Golden Chobo Ring,21,0x388d510f0f11ba0762e8c7212645ed873c17a204,otabart,26
2026-08-30T16:34:10Z,245,Golden Chobo Ring,22,0x90c1ed16e9b16db7d031f573d20bead430feb107,jablko,26
2026-08-30T16:34:10Z,245,Golden Chobo Ring,23,0x7b937e99c1458a485a035a0f06b9d8bf5f842a05,lameak,23
2026-08-30T16:34:10Z,245,Golden Chobo Ring,24,0x7b761e4389daf5581708bfe1a26b5d45cc279f2f,gordongrowth,22
2026-08-30T16:34:10Z,245,Golden Chobo Ring,25,0x4f03ea409e546d9ab7eaa6c9b481bcb99c8547e5,coinpie,19
2026-08-30T16:34:10Z,245,Golden Chobo Ring,26,0xf3143c8e4469a271fa2be6d8775ca2b3bdccf4e2,rmty,18
2026-08-30T16:34:10Z,245,Golden Chobo Ring,27,0x33973ffb41add93b49227241566d3e5fc9ad904b,schemedream,15
2026-08-30T16:34:10Z,245,Golden Chobo Ring,28,0x92569bee8c8b9c1df1c283a0409fcc2b2fede157,phalanx,15
2026-08-30T16:34:10Z,245,Golden Chobo Ring,29,0x8ccb0988036cf9d2ca7b24ed46a57cf25ce6f92d,chosta,15
2026-08-30T16:34:10Z,245,Golden Chobo Ring,30,0xb703799d9f485852c9394a8b2cdb39f5590fd65f,gaijin,14
2026-08-30T16:34:10Z,245,Golden Chobo Ring,31,0xeb16cc074e0d3a6c87c0c45a6eced5ef92424b31,wiseadmiral,14
2026-08-30T16:34:10Z,245,Golden Chobo Ring,32,0x688410dbc8c331f5945eafc659ae721a447ae975,igloo,13
2026-08-30T16:34:10Z,245,Golden Chobo Ring,33,0x9c991a85b090aae221ef8418e3ca29279bf2500a,migs,13
2026-08-30T16:34:10Z,245,Golden Chobo Ring,34,0x319d278581e5e5a49ef80e795fe81225d9a15200,icedcoffee,12
2026-08-30T16:34:10Z,245,Golden Chobo Ring,35,0xc577c2f43ffba49d965a8c153f330ba3daad3b73,snake,12
2026-08-30T16:34:10Z,245,Golden Chobo Ring,36,0xfbfc822ee4989b2b4b9b18e4035ff72335cbb16e,jame7,12
2026-08-30T16:34:10Z,245,Golden Chobo Ring,37,0x18db144b2f18b025c1f7ee1d86b422fe864ba477,royven,11
2026-08-30T16:34:10Z,245,Golden Chobo Ring,38,0xf343348aef03fea785a6a55f1db870c94f6afb4f,billybob,11
2026-08-30T16:34:10Z,245,Golden Chobo Ring,39,0x95233e2ec170b4ba0e2208c1ec89f3b87f8b18c7,gambit,11
2026-08-30T16:34:10Z,245,Golden Chobo Ring,40,0xce3bc9c7e6b1a4082f9853f6f796e604148b2583,classicj,11
2026-08-30T16:34:10Z,245,Golden Chobo Ring,41,0x397432e390b1916284b47ea19904c0f31e8241bf,umame,10
2026-08-30T16:34:10Z,245,Golden Chobo Ring,42,0xd1c76125cb2751750ddb2afded780c6f5b7a3cbc,kace,10
2026-08-30T16:34:10Z,245,Golden Chobo Ring,43,0x1114d62a0148f458040fbf2ddb945560398ca5f0,soma,9
2026-08-30T16:34:10Z,245,Golden Chobo Ring,44,0xb0d90d52c7389824d4b22c06bcdccd734e3162b7,ezsnipe,8
2026-08-30T16:34:10Z,245,Golden Chobo Ring,45,0x381dd397e721c72ce321a1ebaf96ce04f4422ac0,suckmydirtydick,7
2026-08-30T16:34:10Z,245,Golden Chobo Ring,46,0x8c86b43762e80f15a483dba543a31cd96e48e456,n00b,7
2026-08-30T16:34:10Z,245,Golden Chobo Ring,47,0x0d1df94f0106ce5bd92138d43c8551cad530c169,vermo,7
2026-08-30T16:34:10Z,245,Golden Chobo Ring,48,0x161f91374506a85ed9063e90c4c217d8697d6471,proofofely,7
2026-08-30T16:34:10Z,245,Golden Chobo Ring,49,0x5ab272231e653c2265bdfae58310021bca37152e,tufbeast,7
2026-08-30T16:34:10Z,245,Golden Chobo Ring,50,0x67369c3e524d370daebc36d9ab3320fafc71eead,roblox,7
2026-08-30T16:34:10Z,245,Golden Chobo Ring,51,0x4114d3fa8a699361525340800abe77b875eae626,realenjoy,7
2026-08-30T16:34:10Z,245,Golden Chobo Ring,52,0x55085ade6c1c39b64cd27099993c5dc933bbed35,bigdogga,7
2026-08-30T16:34:10Z,245,Golden Chobo Ring,53,0x5d45eb4cb2f45b339b4821e2963fb4ae5e9ccc5e,freewilly,7
2026-08-30T16:34:10Z,245,Golden Chobo Ring,54,0x4ec977a8e80c4099a44f8ae53a48281448471342,terrestra,7
2026-08-30T16:34:10Z,245,Golden Chobo Ring,55,0x6479013c37f56cecc6e77fcfece208645324f5cb,lightning,7
2026-08-30T16:34:10Z,245,Golden Chobo Ring,56,0x3d385f04852ae078d10e2a420f928f227f3e63f3,kellox,6
2026-08-30T16:34:10Z,245,Golden Chobo Ring,57,0xd15481578c11b4e5b8f241c412899a0bdd704408,wholistic,6
2026-08-30T16:34:10Z,245,Golden Chobo Ring,58,0x90bef28cbd710d4acea9efe1ae8457eeda8c65ec,snggamer,5
2026-08-30T16:34:10Z,245,Golden Chobo Ring,59,0xfff195795e606cbfa76e1c72c7ed6731df91d83d,pan1c,5
2026-08-30T16:34:10Z,245,Golden Chobo Ring,60,0x0b2291da8091128352c2464f1072cf4211144744,moritz,5
2026-08-30T16:34:10Z,245,Golden Chobo Ring,61,0x853038c8b98818ee8cb91d8355454c18909e343b,doge,5
2026-08-30T16:34:10Z,245,Golden Chobo Ring,62,0x4366b9a2417631b2647a8d67608638d973fade33,epicser,5
2026-08-30T16:34:10Z,245,Golden Chobo Ring,63,0x92599bdd1ded8d462c58972f6c3badbb39cd06ba,trukreal,5
2026-08-30T16:34:10Z,245,Golden Chobo Ring,64,0xe90a9bdb63e9ba04a7f3e95140ff803f2f377f5e,vova,5
2026-08-30T16:34:10Z,245,Golden Chobo Ring,65,0xd2bb5bcaaaa9d2d77a50598055397916780972ca,sinet,5
2026-08-30T16:34:10Z,245,Golden Chobo Ring,66,0x1a5fd36d4b15dd6b5f6eba46c42b1fa697fa4f3a,melbo,4
2026-08-30T16:34:10Z,245,Golden Chobo Ring,67,0xef58ad6d6bcaf054da34948c88e7e91a052dc0fa,kraven,4
2026-08-30T16:34:10Z,245,Golden Chobo Ring,68,0x2c685f23808bc7b6adda1fd7b6949c5e2db97eb0,bubba,4
2026-08-30T16:34:10Z,245,Golden Chobo Ring,69,0x89ca1ffe78d575447514790ea0b141c7c44d9332,tice,4
2026-08-30T16:34:10Z,245,Golden Chobo Ring,70,0x4ebc17059cfc143d86fb92ed707805d68142e3ec,ponziscam,3
2026-08-30T16:34:10Z,245,Golden Chobo Ring,71,0xea04f13937031d59bf466c9c79d70a9c41a79a4a,sandsman,3
2026-08-30T16:34:10Z,245,Golden Chobo Ring,72,0xeb91cfe8979567c1f9e30bd7de9f2968b7e706f7,5324r2df,3
2026-08-30T16:34:10Z,245,Golden Chobo Ring,73,0x77b56d73521061c92ce7bf006dc77587fa7368c2,beizan,3
2026-08-30T16:34:10Z,245,Golden Chobo Ring,74,0x2d13b12254a7da18b5634c54f74fd73cdd504777,wiseone,3
2026-08-30T16:34:10Z,245,Golden Chobo Ring,75,0x2fab84cc0f5e48d45670ddc3c0e757afafd9a624,visonnie,3
2026-08-30T16:34:10Z,245,Golden Chobo Ring,76,0x19aeb827a7a7a37b156f23bfe6c55a66ed4905eb,barry,3
2026-08-30T16:34:10Z,245,Golden Chobo Ring,77,0x844d58714aa3fed998f898cbce1b0ddc4550304f,jiren,3
2026-08-30T16:34:10Z,245,Golden Chobo Ring,78,0xbe8d1277e96dc6f1c1d560df4468f23690a331ed,perced,3
2026-08-30T16:34:10Z,245,Golden Chobo Ring,79,0xe4eada38870bffd32235e266e6589699d2420ec5,birka,3
2026-08-30T16:34:10Z,245,Golden Chobo Ring,80,0xca73ac7782813b76ba0962babf3c083407dd3e15,aruun,3
2026-08-30T16:34:10Z,245,Golden Chobo Ring,81,0xe9b489ff145ac7d8eca36c3b5c29e1be7f2281b9,laggin,3
2026-08-30T16:34:10Z,245,Golden Chobo Ring,82,0xf3eaf60c6be58eb9853e71219801c06ad8969f0e,relicguy,3
2026-08-30T16:34:10Z,245,Golden Chobo Ring,83,0x8a39e43d0aac1b7bedc81f8100e3603323092f0d,kfay34,3
2026-08-30T16:34:10Z,245,Golden Chobo Ring,84,0xb7f14262c79d2a1e334e93b2509864d4de8ecc76,lazybone,2
2026-08-30T16:34:10Z,245,Golden Chobo Ring,85,0x0fec947904065bf920e97aae5042ef1e31268e76,matcha,2
2026-08-30T16:34:10Z,245,Golden Chobo Ring,86,0xebec21ad1ebcfae69f96b7ca96839e5594fbadd1,therec,2
2026-08-30T16:34:10Z,245,Golden Chobo Ring,87,0xe4c92dfd2b82ff488ee4e0744e78959f8cc2c24c,jonh94,2
2026-08-30T16:34:10Z,245,Golden Chobo Ring,88,0x56f4c6d5c5c41519a4823e3dae22167dd4544fce,behelit,2
2026-08-30T16:34:10Z,245,Golden Chobo Ring,89,0xc3ae9ac69d672368539413235938277ce19fc270,bollin,2
2026-08-30T16:34:10Z,245,Golden Chobo Ring,90,0x0649976f6dd8a2589af8790076f2c08909dd9337,debora,2
2026-08-30T16:34:10Z,245,Golden Chobo Ring,91,0x8ed20f071287100fafca51c94b5d6d0d8340aef9,joseprust,2
2026-08-30T16:34:10Z,245,Golden Chobo Ring,92,0x0dcc95379341d2158cbb13963f317aa4510a5c80,yummytheartist,2
2026-08-30T16:34:10Z,245,Golden Chobo Ring,93,0x469998f2fa8aaa2648fef6fc3902268f315195ef,mrgold,2
2026-08-30T16:34:10Z,245,Golden Chobo Ring,94,0x23244cc893df1ff2916ee2e492b65bec74b2760c,bunyoo,2
2026-08-30T16:34:10Z,245,Golden Chobo Ring,95,0x7174f8e3a3a2b777911dd6be31d92631a5052ab0,0xkingyo,2
2026-08-30T16:34:10Z,245,Golden Chobo Ring,96,0xf3823ea2adaea672583ce9d84c979021f9ed9da4,iamroot,2
2026-08-30T16:34:10Z,245,Golden Chobo Ring,97,0x53c5e9ffb362ec22fc172400bc6209819cb3a301,k1sel,2
2026-08-30T16:34:10Z,245,Golden Chobo Ring,98,0xa34e3742cea47cb04af0fc2b4ae78660ad8666c9,egorerror,2
2026-08-30T16:34:10Z,245,Golden Chobo Ring,99,0x7a10d45c461e81e24796f9c83b584756876d24d7,stakeoor,2
2026-08-30T16:34:10Z,245,Golden Chobo Ring,100,0x49826f26fd526c52c7b18d0f2866b6e158328eec,lilvibe,2
2026-08-30T16:34:10Z,246,Golden Crusader Ring,1,0x69c4cc0147fbc23965896fb18a1ccea92230ed1b,afropengu,306
2026-08-30T16:34:10Z,246,Golden Crusader Ring,2,0x73a9ffdaaf53723f1d08403f613870cddd6e18fc,suspicious,118
2026-08-30T16:34:10Z,246,Golden Crusader Ring,3,0xbdecab53bb16b74aa1a1715cc4b80db641eac9da,rxch,111
2026-08-30T16:34:10Z,246,Golden Crusader Ring,4,0x0ee9318275c37f0e635bb7c8a455ade252cecf1f,georgysogood,61
2026-08-30T16:34:10Z,246,Golden Crusader Ring,5,0x2a2376e5e9981c19b15af64d2cdb57c9b94eb1f6,xiskool,58
2026-08-30T16:34:10Z,246,Golden Crusader Ring,6,0x19342b9e3f123e373e24f1eea9bb5a1a935507fa,bigmommymilkers,58
2026-08-30T16:34:10Z,246,Golden Crusader Ring,7,0x90c1ed16e9b16db7d031f573d20bead430feb107,jablko,57
2026-08-30T16:34:10Z,246,Golden Crusader Ring,8,0xeed7c6b2af48249a040c9e5d59437670889c7e07,lilwassie,57
2026-08-30T16:34:10Z,246,Golden Crusader Ring,9,0xac06dbd4f2b1b174dbb3b67449f0f4245f0f3bc3,spanish,57
2026-08-30T16:34:10Z,246,Golden Crusader Ring,10,0x02764ae21333f5777b44cdded3a654a340176fff,bh3320,55
2026-08-30T16:34:10Z,246,Golden Crusader Ring,11,0xeff6c4dcd2b79f502d5d7cb6e6daf70f2536daef,syta,49
2026-08-30T16:34:10Z,246,Golden Crusader Ring,12,0x388d510f0f11ba0762e8c7212645ed873c17a204,otabart,44
2026-08-30T16:34:10Z,246,Golden Crusader Ring,13,0x9dc70f5472a88f3eefa4d515a6b1ec94d9d30d13,sidlovskyy,40
2026-08-30T16:34:10Z,246,Golden Crusader Ring,14,0xf00dfac3af2f5b38fe55d50ccf8ffa8c293ea161,dudendy,38
2026-08-30T16:34:10Z,246,Golden Crusader Ring,15,0x0a42a67154221c44c9eae98eb7f9cbff2d269a0e,cassowary,35
2026-08-30T16:34:10Z,246,Golden Crusader Ring,16,0xfd0cb86676ba86e3033f1d6d333b342880f336df,677willwin,34
2026-08-30T16:34:10Z,246,Golden Crusader Ring,17,0x3629d88069124258ef6bb99c9080d064f42e7206,grumpy,33
2026-08-30T16:34:10Z,246,Golden Crusader Ring,18,0x8ccb0988036cf9d2ca7b24ed46a57cf25ce6f92d,chosta,33
2026-08-30T16:34:10Z,246,Golden Crusader Ring,19,0xbbbfe4cc5c3924f19f6e36e66448b2e3a126b111,cryptologist,32
2026-08-30T16:34:10Z,246,Golden Crusader Ring,20,0x0357294131b3d5b23c84dfa8e38d7e54358f8ba8,kaiken888,32
2026-08-30T16:34:10Z,246,Golden Crusader Ring,21,0xd678b718f70389dbdd2d447df23333641e8f7480,yanik,30
2026-08-30T16:34:10Z,246,Golden Crusader Ring,22,0x7b937e99c1458a485a035a0f06b9d8bf5f842a05,lameak,30
2026-08-30T16:34:10Z,246,Golden Crusader Ring,23,0xbcbcccae5efd1dab247e6428e9e20a9fda8c5abd,oneindigheid,27
2026-08-30T16:34:10Z,246,Golden Crusader Ring,24,0x4f03ea409e546d9ab7eaa6c9b481bcb99c8547e5,coinpie,27
2026-08-30T16:34:10Z,246,Golden Crusader Ring,25,0x7b761e4389daf5581708bfe1a26b5d45cc279f2f,gordongrowth,26
2026-08-30T16:34:10Z,246,Golden Crusader Ring,26,0x5d94f14bafdc6920e462abaa8285d680d4dfa069,tofu,23
2026-08-30T16:34:10Z,246,Golden Crusader Ring,27,0x688410dbc8c331f5945eafc659ae721a447ae975,igloo,19
2026-08-30T16:34:10Z,246,Golden Crusader Ring,28,0xafe00172cf96544d610bf9b70d549a5e89b83f2d,hungryjay,17
2026-08-30T16:34:10Z,246,Golden Crusader Ring,29,0x95233e2ec170b4ba0e2208c1ec89f3b87f8b18c7,gambit,17
2026-08-30T16:34:10Z,246,Golden Crusader Ring,30,0x5ab272231e653c2265bdfae58310021bca37152e,tufbeast,16
2026-08-30T16:34:10Z,246,Golden Crusader Ring,31,0x92569bee8c8b9c1df1c283a0409fcc2b2fede157,phalanx,15
2026-08-30T16:34:10Z,246,Golden Crusader Ring,32,0x33973ffb41add93b49227241566d3e5fc9ad904b,schemedream,14
2026-08-30T16:34:10Z,246,Golden Crusader Ring,33,0xf3143c8e4469a271fa2be6d8775ca2b3bdccf4e2,rmty,14
2026-08-30T16:34:10Z,246,Golden Crusader Ring,34,0x4366b9a2417631b2647a8d67608638d973fade33,epicser,14
2026-08-30T16:34:10Z,246,Golden Crusader Ring,35,0x99278037b2150c577ef1038ceca08db8684bba95,0xfuture,13
2026-08-30T16:34:10Z,246,Golden Crusader Ring,36,0x319d278581e5e5a49ef80e795fe81225d9a15200,icedcoffee,12
2026-08-30T16:34:10Z,246,Golden Crusader Ring,37,0xeb16cc074e0d3a6c87c0c45a6eced5ef92424b31,wiseadmiral,12
2026-08-30T16:34:10Z,246,Golden Crusader Ring,38,0xf343348aef03fea785a6a55f1db870c94f6afb4f,billybob,11
2026-08-30T16:34:10Z,246,Golden Crusader Ring,39,0xd95d6ce6572622168a97d664c2fb3621f6f7e9e1,crusadertr,10
2026-08-30T16:34:10Z,246,Golden Crusader Ring,40,0xe90a9bdb63e9ba04a7f3e95140ff803f2f377f5e,vova,10
2026-08-30T16:34:10Z,246,Golden Crusader Ring,41,0x67369c3e524d370daebc36d9ab3320fafc71eead,roblox,9
2026-08-30T16:34:10Z,246,Golden Crusader Ring,42,0x9c991a85b090aae221ef8418e3ca29279bf2500a,migs,9
2026-08-30T16:34:10Z,246,Golden Crusader Ring,43,0xb703799d9f485852c9394a8b2cdb39f5590fd65f,gaijin,8
2026-08-30T16:34:10Z,246,Golden Crusader Ring,44,0xd15481578c11b4e5b8f241c412899a0bdd704408,wholistic,8
2026-08-30T16:34:10Z,246,Golden Crusader Ring,45,0xc577c2f43ffba49d965a8c153f330ba3daad3b73,snake,8
2026-08-30T16:34:10Z,246,Golden Crusader Ring,46,0xfbfc822ee4989b2b4b9b18e4035ff72335cbb16e,jame7,7
2026-08-30T16:34:10Z,246,Golden Crusader Ring,47,0x23244cc893df1ff2916ee2e492b65bec74b2760c,bunyoo,7
2026-08-30T16:34:10Z,246,Golden Crusader Ring,48,0x844d58714aa3fed998f898cbce1b0ddc4550304f,jiren,7
2026-08-30T16:34:10Z,246,Golden Crusader Ring,49,0x1114d62a0148f458040fbf2ddb945560398ca5f0,soma,7
2026-08-30T16:34:10Z,246,Golden Crusader Ring,50,0xd1c76125cb2751750ddb2afded780c6f5b7a3cbc,kace,7
2026-08-30T16:34:10Z,246,Golden Crusader Ring,51,0x867a70d280830fc91f5441449ef37dfa403924a8,eydrian,7
2026-08-30T16:34:10Z,246,Golden Crusader Ring,52,0x4ec977a8e80c4099a44f8ae53a48281448471342,terrestra,6
2026-08-30T16:34:10Z,246,Golden Crusader Ring,53,0x3d385f04852ae078d10e2a420f928f227f3e63f3,kellox,5
2026-08-30T16:34:10Z,246,Golden Crusader Ring,54,0xef58ad6d6bcaf054da34948c88e7e91a052dc0fa,kraven,5
2026-08-30T16:34:10Z,246,Golden Crusader Ring,55,0xc3ae9ac69d672368539413235938277ce19fc270,bollin,5
2026-08-30T16:34:10Z,246,Golden Crusader Ring,56,0x3eda210ff41e2b2d1658ca5ebe0b80a376c7e0f4,astarta,5
2026-08-30T16:34:10Z,246,Golden Crusader Ring,57,0xce3bc9c7e6b1a4082f9853f6f796e604148b2583,classicj,5
2026-08-30T16:34:10Z,246,Golden Crusader Ring,58,0x0fec947904065bf920e97aae5042ef1e31268e76,matcha,4
2026-08-30T16:34:10Z,246,Golden Crusader Ring,59,0x0649976f6dd8a2589af8790076f2c08909dd9337,debora,4
2026-08-30T16:34:10Z,246,Golden Crusader Ring,60,0x18db144b2f18b025c1f7ee1d86b422fe864ba477,royven,4
2026-08-30T16:34:10Z,246,Golden Crusader Ring,61,0x89ca1ffe78d575447514790ea0b141c7c44d9332,tice,4
2026-08-30T16:34:10Z,246,Golden Crusader Ring,62,0xb0d90d52c7389824d4b22c06bcdccd734e3162b7,ezsnipe,4
2026-08-30T16:34:10Z,246,Golden Crusader Ring,63,0x7a10d45c461e81e24796f9c83b584756876d24d7,stakeoor,4
2026-08-30T16:34:10Z,246,Golden Crusader Ring,64,0x3c49ca3eda0ce8413f9c433f04322827714c23c3,dmisky,4
2026-08-30T16:34:10Z,246,Golden Crusader Ring,65,0x1494b3e636c533ffd78d467de090102595244d06,anduron,4
2026-08-30T16:34:10Z,246,Golden Crusader Ring,66,0x8a39e43d0aac1b7bedc81f8100e3603323092f0d,kfay34,4
2026-08-30T16:34:10Z,246,Golden Crusader Ring,67,0x6479013c37f56cecc6e77fcfece208645324f5cb,lightning,4
2026-08-30T16:34:10Z,246,Golden Crusader Ring,68,0x381dd397e721c72ce321a1ebaf96ce04f4422ac0,suckmydirtydick,3
2026-08-30T16:34:10Z,246,Golden Crusader Ring,69,0xebec21ad1ebcfae69f96b7ca96839e5594fbadd1,therec,3
2026-08-30T16:34:10Z,246,Golden Crusader Ring,70,0x6e15784a00ceb7dde2a9801f9eb19d6186447d4d,dpuck,3
2026-08-30T16:34:10Z,246,Golden Crusader Ring,71,0x4ebc17059cfc143d86fb92ed707805d68142e3ec,ponziscam,3
2026-08-30T16:34:10Z,246,Golden Crusader Ring,72,0xfff195795e606cbfa76e1c72c7ed6731df91d83d,pan1c,3
2026-08-30T16:34:10Z,246,Golden Crusader Ring,73,0x0d1df94f0106ce5bd92138d43c8551cad530c169,vermo,3
2026-08-30T16:34:10Z,246,Golden Crusader Ring,74,0xe1b2620511e4a989ec1c7ea80ac75555eae12828,soroky,3
2026-08-30T16:34:10Z,246,Golden Crusader Ring,75,0x161f91374506a85ed9063e90c4c217d8697d6471,proofofely,3
2026-08-30T16:34:10Z,246,Golden Crusader Ring,76,0x469998f2fa8aaa2648fef6fc3902268f315195ef,mrgold,3
2026-08-30T16:34:10Z,246,Golden Crusader Ring,77,0x7174f8e3a3a2b777911dd6be31d92631a5052ab0,0xkingyo,3
2026-08-30T16:34:10Z,246,Golden Crusader Ring,78,0x9e3eddb26f9ce62782e544f2a5366c4e2296bce2,og_ayri,3
2026-08-30T16:34:10Z,246,Golden Crusader Ring,79,0xe0bcefccc4d8012e295b761235987ebb2370755d,2357y,3
2026-08-30T16:34:10Z,246,Golden Crusader Ring,80,0x49826f26fd526c52c7b18d0f2866b6e158328eec,lilvibe,3
2026-08-30T16:34:10Z,246,Golden Crusader Ring,81,0x48ee44d5ebc1018e633eb35248e3e45f80517b88,torubtc,3
2026-08-30T16:34:10Z,246,Golden Crusader Ring,82,0xd241569d27278c7dc650aa6808356f21589b7b27,ziirup,3
2026-08-30T16:34:10Z,246,Golden Crusader Ring,83,0x163a31cf31e1b687bbc5f1bcb11c1cbe4c2c5a79,xfun,3
2026-08-30T16:34:10Z,246,Golden Crusader Ring,84,0x55085ade6c1c39b64cd27099993c5dc933bbed35,bigdogga,3
2026-08-30T16:34:10Z,246,Golden Crusader Ring,85,0xd67eb6b6254b48acd89ea84b5d51afc68b7378c1,lancelot,2
2026-08-30T16:34:10Z,246,Golden Crusader Ring,86,0xf0591506ee91c25dbe35c44dc760c462c5d53079,impact,2
2026-08-30T16:34:10Z,246,Golden Crusader Ring,87,0x562ffbc839b608e35646e9de40591b5145bcc6f5,aizcalibur,2
2026-08-30T16:34:10Z,246,Golden Crusader Ring,88,0xe4c92dfd2b82ff488ee4e0744e78959f8cc2c24c,jonh94,2
2026-08-30T16:34:10Z,246,Golden Crusader Ring,89,0xd9233b0c7017055eb9cca10a95b214ac89fe905a,soroka,2
2026-08-30T16:34:10Z,246,Golden Crusader Ring,90,0xea04f13937031d59bf466c9c79d70a9c41a79a4a,sandsman,2
2026-08-30T16:34:10Z,246,Golden Crusader Ring,91,0xd82311e0ddcff7cad1be090763d4f6d7ba1c290a,vims,2
2026-08-30T16:34:10Z,246,Golden Crusader Ring,92,0x9b3ef1d5b7472560cf6241949b2485e456aa37a0,bush1do,2
2026-08-30T16:34:10Z,246,Golden Crusader Ring,93,0xdbd4749050752504d9017484f82a75dff9592cd1,tron,2
2026-08-30T16:34:10Z,246,Golden Crusader Ring,94,0xf3823ea2adaea672583ce9d84c979021f9ed9da4,iamroot,2
2026-08-30T16:34:10Z,246,Golden Crusader Ring,95,0x2fab84cc0f5e48d45670ddc3c0e757afafd9a624,visonnie,2
2026-08-30T16:34:10Z,246,Golden Crusader Ring,96,0x09c96dae4254764a02a211f6203dc9489a572602,favorburn,2
2026-08-30T16:34:10Z,246,Golden Crusader Ring,97,0x885d6144d9960e5c19c91527b86c541befe37451,stakb,2
2026-08-30T16:34:10Z,246,Golden Crusader Ring,98,0x319cd6df9e13e715e411607139172d8f4d4b56c7,balou,2
2026-08-30T16:34:10Z,246,Golden Crusader Ring,99,0x4114d3fa8a699361525340800abe77b875eae626,realenjoy,2
2026-08-30T16:34:10Z,246,Golden Crusader Ring,100,0xb2042611b4987ba8be9efd6cc1165f09e7c694a8,joblessathena,2
2026-08-30T16:34:10Z,247,Golden Foxglove Ring,1,0x69c4cc0147fbc23965896fb18a1ccea92230ed1b,afropengu,342
2026-08-30T16:34:10Z,247,Golden Foxglove Ring,2,0x73a9ffdaaf53723f1d08403f613870cddd6e18fc,suspicious,145
2026-08-30T16:34:10Z,247,Golden Foxglove Ring,3,0xd678b718f70389dbdd2d447df23333641e8f7480,yanik,109
2026-08-30T16:34:10Z,247,Golden Foxglove Ring,4,0xeed7c6b2af48249a040c9e5d59437670889c7e07,lilwassie,68
2026-08-30T16:34:10Z,247,Golden Foxglove Ring,5,0xac06dbd4f2b1b174dbb3b67449f0f4245f0f3bc3,spanish,62
2026-08-30T16:34:10Z,247,Golden Foxglove Ring,6,0x0ee9318275c37f0e635bb7c8a455ade252cecf1f,georgysogood,57
2026-08-30T16:34:10Z,247,Golden Foxglove Ring,7,0x2a2376e5e9981c19b15af64d2cdb57c9b94eb1f6,xiskool,56
2026-08-30T16:34:10Z,247,Golden Foxglove Ring,8,0x02764ae21333f5777b44cdded3a654a340176fff,bh3320,56
2026-08-30T16:34:10Z,247,Golden Foxglove Ring,9,0x19342b9e3f123e373e24f1eea9bb5a1a935507fa,bigmommymilkers,53
2026-08-30T16:34:10Z,247,Golden Foxglove Ring,10,0xbcbcccae5efd1dab247e6428e9e20a9fda8c5abd,oneindigheid,51
2026-08-30T16:34:10Z,247,Golden Foxglove Ring,11,0xf00dfac3af2f5b38fe55d50ccf8ffa8c293ea161,dudendy,50
2026-08-30T16:34:10Z,247,Golden Foxglove Ring,12,0xbdecab53bb16b74aa1a1715cc4b80db641eac9da,rxch,50
2026-08-30T16:34:10Z,247,Golden Foxglove Ring,13,0x9dc70f5472a88f3eefa4d515a6b1ec94d9d30d13,sidlovskyy,49
2026-08-30T16:34:10Z,247,Golden Foxglove Ring,14,0x90c1ed16e9b16db7d031f573d20bead430feb107,jablko,42
2026-08-30T16:34:10Z,247,Golden Foxglove Ring,15,0xd2bb5bcaaaa9d2d77a50598055397916780972ca,sinet,40
2026-08-30T16:34:10Z,247,Golden Foxglove Ring,16,0x0357294131b3d5b23c84dfa8e38d7e54358f8ba8,kaiken888,37
2026-08-30T16:34:10Z,247,Golden Foxglove Ring,17,0x8ccb0988036cf9d2ca7b24ed46a57cf25ce6f92d,chosta,36
2026-08-30T16:34:10Z,247,Golden Foxglove Ring,18,0xafe00172cf96544d610bf9b70d549a5e89b83f2d,hungryjay,33
2026-08-30T16:34:10Z,247,Golden Foxglove Ring,19,0xfd0cb86676ba86e3033f1d6d333b342880f336df,677willwin,33
2026-08-30T16:34:10Z,247,Golden Foxglove Ring,20,0x3629d88069124258ef6bb99c9080d064f42e7206,grumpy,31
2026-08-30T16:34:10Z,247,Golden Foxglove Ring,21,0x388d510f0f11ba0762e8c7212645ed873c17a204,otabart,28
2026-08-30T16:34:10Z,247,Golden Foxglove Ring,22,0x4f03ea409e546d9ab7eaa6c9b481bcb99c8547e5,coinpie,27
2026-08-30T16:34:10Z,247,Golden Foxglove Ring,23,0x7b937e99c1458a485a035a0f06b9d8bf5f842a05,lameak,27
2026-08-30T16:34:10Z,247,Golden Foxglove Ring,24,0x0a42a67154221c44c9eae98eb7f9cbff2d269a0e,cassowary,25
2026-08-30T16:34:10Z,247,Golden Foxglove Ring,25,0x7b761e4389daf5581708bfe1a26b5d45cc279f2f,gordongrowth,20
2026-08-30T16:34:10Z,247,Golden Foxglove Ring,26,0x688410dbc8c331f5945eafc659ae721a447ae975,igloo,19
2026-08-30T16:34:10Z,247,Golden Foxglove Ring,27,0xeff6c4dcd2b79f502d5d7cb6e6daf70f2536daef,syta,19
2026-08-30T16:34:10Z,247,Golden Foxglove Ring,28,0x33973ffb41add93b49227241566d3e5fc9ad904b,schemedream,17
2026-08-30T16:34:10Z,247,Golden Foxglove Ring,29,0xbbbfe4cc5c3924f19f6e36e66448b2e3a126b111,cryptologist,16
2026-08-30T16:34:10Z,247,Golden Foxglove Ring,30,0x5d94f14bafdc6920e462abaa8285d680d4dfa069,tofu,15
2026-08-30T16:34:10Z,247,Golden Foxglove Ring,31,0x92569bee8c8b9c1df1c283a0409fcc2b2fede157,phalanx,15
2026-08-30T16:34:10Z,247,Golden Foxglove Ring,32,0x381dd397e721c72ce321a1ebaf96ce04f4422ac0,suckmydirtydick,14
2026-08-30T16:34:10Z,247,Golden Foxglove Ring,33,0x5ab272231e653c2265bdfae58310021bca37152e,tufbeast,14
2026-08-30T16:34:10Z,247,Golden Foxglove Ring,34,0x3d385f04852ae078d10e2a420f928f227f3e63f3,kellox,13
2026-08-30T16:34:10Z,247,Golden Foxglove Ring,35,0xf343348aef03fea785a6a55f1db870c94f6afb4f,billybob,13
2026-08-30T16:34:10Z,247,Golden Foxglove Ring,36,0x319d278581e5e5a49ef80e795fe81225d9a15200,icedcoffee,12
2026-08-30T16:34:10Z,247,Golden Foxglove Ring,37,0xfbfc822ee4989b2b4b9b18e4035ff72335cbb16e,jame7,11
2026-08-30T16:34:10Z,247,Golden Foxglove Ring,38,0x95233e2ec170b4ba0e2208c1ec89f3b87f8b18c7,gambit,11
2026-08-30T16:34:10Z,247,Golden Foxglove Ring,39,0x9c991a85b090aae221ef8418e3ca29279bf2500a,migs,11
2026-08-30T16:34:10Z,247,Golden Foxglove Ring,40,0x1a5fd36d4b15dd6b5f6eba46c42b1fa697fa4f3a,melbo,10
2026-08-30T16:34:10Z,247,Golden Foxglove Ring,41,0x4366b9a2417631b2647a8d67608638d973fade33,epicser,10
2026-08-30T16:34:10Z,247,Golden Foxglove Ring,42,0xce3bc9c7e6b1a4082f9853f6f796e604148b2583,classicj,10
2026-08-30T16:34:10Z,247,Golden Foxglove Ring,43,0xe90a9bdb63e9ba04a7f3e95140ff803f2f377f5e,vova,10
2026-08-30T16:34:10Z,247,Golden Foxglove Ring,44,0x319cd6df9e13e715e411607139172d8f4d4b56c7,balou,9
2026-08-30T16:34:10Z,247,Golden Foxglove Ring,45,0xeb16cc074e0d3a6c87c0c45a6eced5ef92424b31,wiseadmiral,9
2026-08-30T16:34:10Z,247,Golden Foxglove Ring,46,0x18db144b2f18b025c1f7ee1d86b422fe864ba477,royven,8
2026-08-30T16:34:10Z,247,Golden Foxglove Ring,47,0xc577c2f43ffba49d965a8c153f330ba3daad3b73,snake,8
2026-08-30T16:34:10Z,247,Golden Foxglove Ring,48,0x4f8c2395f105d29dae90531f36c7d1d14e22acb9,phangu,7
2026-08-30T16:34:10Z,247,Golden Foxglove Ring,49,0x4ebc17059cfc143d86fb92ed707805d68142e3ec,ponziscam,6
2026-08-30T16:34:10Z,247,Golden Foxglove Ring,50,0x23244cc893df1ff2916ee2e492b65bec74b2760c,bunyoo,6
2026-08-30T16:34:10Z,247,Golden Foxglove Ring,51,0x67369c3e524d370daebc36d9ab3320fafc71eead,roblox,6
2026-08-30T16:34:10Z,247,Golden Foxglove Ring,52,0x3c49ca3eda0ce8413f9c433f04322827714c23c3,dmisky,6
2026-08-30T16:34:10Z,247,Golden Foxglove Ring,53,0xd1c76125cb2751750ddb2afded780c6f5b7a3cbc,kace,6
2026-08-30T16:34:10Z,247,Golden Foxglove Ring,54,0x4ec977a8e80c4099a44f8ae53a48281448471342,terrestra,6
2026-08-30T16:34:10Z,247,Golden Foxglove Ring,55,0x5c4eccb4a3a7082a75c01c7608ea35f4350630a6,sedicol,5
2026-08-30T16:34:10Z,247,Golden Foxglove Ring,56,0xd15481578c11b4e5b8f241c412899a0bdd704408,wholistic,5
2026-08-30T16:34:10Z,247,Golden Foxglove Ring,57,0xfff195795e606cbfa76e1c72c7ed6731df91d83d,pan1c,5
2026-08-30T16:34:10Z,247,Golden Foxglove Ring,58,0xaed39522670a5d146eb57289cc05b043bbeb0c19,lazyiv,4
2026-08-30T16:34:10Z,247,Golden Foxglove Ring,59,0xef58ad6d6bcaf054da34948c88e7e91a052dc0fa,kraven,4
2026-08-30T16:34:10Z,247,Golden Foxglove Ring,60,0x99278037b2150c577ef1038ceca08db8684bba95,0xfuture,4
2026-08-30T16:34:10Z,247,Golden Foxglove Ring,61,0x0b2291da8091128352c2464f1072cf4211144744,moritz,4
2026-08-30T16:34:10Z,247,Golden Foxglove Ring,62,0xb0d90d52c7389824d4b22c06bcdccd734e3162b7,ezsnipe,4
2026-08-30T16:34:10Z,247,Golden Foxglove Ring,63,0x844d58714aa3fed998f898cbce1b0ddc4550304f,jiren,4
2026-08-30T16:34:10Z,247,Golden Foxglove Ring,64,0x49826f26fd526c52c7b18d0f2866b6e158328eec,lilvibe,4
2026-08-30T16:34:10Z,247,Golden Foxglove Ring,65,0x4114d3fa8a699361525340800abe77b875eae626,realenjoy,4
2026-08-30T16:34:10Z,247,Golden Foxglove Ring,66,0xf3eaf60c6be58eb9853e71219801c06ad8969f0e,relicguy,4
2026-08-30T16:34:10Z,247,Golden Foxglove Ring,67,0x8a39e43d0aac1b7bedc81f8100e3603323092f0d,kfay34,4
2026-08-30T16:34:10Z,247,Golden Foxglove Ring,68,0x6479013c37f56cecc6e77fcfece208645324f5cb,lightning,4
2026-08-30T16:34:10Z,247,Golden Foxglove Ring,69,0x0fec947904065bf920e97aae5042ef1e31268e76,matcha,3
2026-08-30T16:34:10Z,247,Golden Foxglove Ring,70,0x2b22930f9a2258d9ba2d0796b393089ee5086435,garnisho,3
2026-08-30T16:34:10Z,247,Golden Foxglove Ring,71,0xea04f13937031d59bf466c9c79d70a9c41a79a4a,sandsman,3
2026-08-30T16:34:10Z,247,Golden Foxglove Ring,72,0x8c86b43762e80f15a483dba543a31cd96e48e456,n00b,3
2026-08-30T16:34:10Z,247,Golden Foxglove Ring,73,0x790824745300127af8763badd4dba6f84358b548,pablosky48,3
2026-08-30T16:34:10Z,247,Golden Foxglove Ring,74,0x9b3ef1d5b7472560cf6241949b2485e456aa37a0,bush1do,3
2026-08-30T16:34:10Z,247,Golden Foxglove Ring,75,0x2dad623c8e23645751d0671adb4a02b246285515,fragi,3
2026-08-30T16:34:10Z,247,Golden Foxglove Ring,76,0x9e3eddb26f9ce62782e544f2a5366c4e2296bce2,og_ayri,3
2026-08-30T16:34:10Z,247,Golden Foxglove Ring,77,0x89ca1ffe78d575447514790ea0b141c7c44d9332,tice,3
2026-08-30T16:34:10Z,247,Golden Foxglove Ring,78,0x1c436ae0b01bba8295be93afa4154bd0435aba46,kenzaii,3
2026-08-30T16:34:10Z,247,Golden Foxglove Ring,79,0x4c53b2e646a3e01c2b22497753b1560029b5166b,gusine,3
2026-08-30T16:34:10Z,247,Golden Foxglove Ring,80,0xe9b489ff145ac7d8eca36c3b5c29e1be7f2281b9,laggin,3
2026-08-30T16:34:10Z,247,Golden Foxglove Ring,81,0xebec21ad1ebcfae69f96b7ca96839e5594fbadd1,therec,2
2026-08-30T16:34:10Z,247,Golden Foxglove Ring,82,0xe4c92dfd2b82ff488ee4e0744e78959f8cc2c24c,jonh94,2
2026-08-30T16:34:10Z,247,Golden Foxglove Ring,83,0xb703799d9f485852c9394a8b2cdb39f5590fd65f,gaijin,2
2026-08-30T16:34:10Z,247,Golden Foxglove Ring,84,0x40bfc8a6d3283958d3b70dc68049a78038a0f2e3,playaway,2
2026-08-30T16:34:10Z,247,Golden Foxglove Ring,85,0x56f4c6d5c5c41519a4823e3dae22167dd4544fce,behelit,2
2026-08-30T16:34:10Z,247,Golden Foxglove Ring,86,0xc3ae9ac69d672368539413235938277ce19fc270,bollin,2
2026-08-30T16:34:10Z,247,Golden Foxglove Ring,87,0xdb927fb9f66907b2a957b3d0d440110c3a999069,arbitrum,2
2026-08-30T16:34:10Z,247,Golden Foxglove Ring,88,0x8d3b30483efaf6db004e22260ddc9d7d19f1067a,anonymized,2
2026-08-30T16:34:10Z,247,Golden Foxglove Ring,89,0x2c685f23808bc7b6adda1fd7b6949c5e2db97eb0,bubba,2
2026-08-30T16:34:10Z,247,Golden Foxglove Ring,90,0xc9f27e68912aae40bb60c17b5634b3e74bbb16ab,minebuu,2
2026-08-30T16:34:10Z,247,Golden Foxglove Ring,91,0x2fab84cc0f5e48d45670ddc3c0e757afafd9a624,visonnie,2
2026-08-30T16:34:10Z,247,Golden Foxglove Ring,92,0x885d6144d9960e5c19c91527b86c541befe37451,stakb,2
2026-08-30T16:34:10Z,247,Golden Foxglove Ring,93,0x1114d62a0148f458040fbf2ddb945560398ca5f0,soma,2
2026-08-30T16:34:10Z,247,Golden Foxglove Ring,94,0x41f9388a0ff752e3a5f2b9471af350ee5c7857a4,poorman,2
2026-08-30T16:34:10Z,247,Golden Foxglove Ring,95,0xd241569d27278c7dc650aa6808356f21589b7b27,ziirup,2
2026-08-30T16:34:10Z,247,Golden Foxglove Ring,96,0xa8a956a5690cc81bb367da2c2f6f1796be2b3c30,scottco,2
2026-08-30T16:34:10Z,247,Golden Foxglove Ring,97,0xa592221a516dc29a427a57b6951b26962605709c,xxchake,2
2026-08-30T16:34:10Z,247,Golden Foxglove Ring,98,0xbe9f653ed31efe4bad59f3fb431fd9381a597173,scoriox,2
2026-08-30T16:34:10Z,247,Golden Foxglove Ring,99,0xb2042611b4987ba8be9efd6cc1165f09e7c694a8,joblessathena,2
2026-08-30T16:34:10Z,247,Golden Foxglove Ring,100,0x60928ba6d7bdc6459244155fc3f350a116cdf424,mildcapital,2
2026-08-30T16:34:10Z,248,Golden Overseer Ring,1,0x69c4cc0147fbc23965896fb18a1ccea92230ed1b,afropengu,403
2026-08-30T16:34:10Z,248,Golden Overseer Ring,2,0x73a9ffdaaf53723f1d08403f613870cddd6e18fc,suspicious,168
2026-08-30T16:34:10Z,248,Golden Overseer Ring,3,0xd678b718f70389dbdd2d447df23333641e8f7480,yanik,123
2026-08-30T16:34:10Z,248,Golden Overseer Ring,4,0xbdecab53bb16b74aa1a1715cc4b80db641eac9da,rxch,108
2026-08-30T16:34:10Z,248,Golden Overseer Ring,5,0xeed7c6b2af48249a040c9e5d59437670889c7e07,lilwassie,73
2026-08-30T16:34:10Z,248,Golden Overseer Ring,6,0x0ee9318275c37f0e635bb7c8a455ade252cecf1f,georgysogood,65
2026-08-30T16:34:10Z,248,Golden Overseer Ring,7,0x2a2376e5e9981c19b15af64d2cdb57c9b94eb1f6,xiskool,57
2026-08-30T16:34:10Z,248,Golden Overseer Ring,8,0x19342b9e3f123e373e24f1eea9bb5a1a935507fa,bigmommymilkers,55
2026-08-30T16:34:10Z,248,Golden Overseer Ring,9,0xac06dbd4f2b1b174dbb3b67449f0f4245f0f3bc3,spanish,53
2026-08-30T16:34:10Z,248,Golden Overseer Ring,10,0x02764ae21333f5777b44cdded3a654a340176fff,bh3320,53
2026-08-30T16:34:10Z,248,Golden Overseer Ring,11,0xafe00172cf96544d610bf9b70d549a5e89b83f2d,hungryjay,50
2026-08-30T16:34:10Z,248,Golden Overseer Ring,12,0xfd0cb86676ba86e3033f1d6d333b342880f336df,677willwin,49
2026-08-30T16:34:10Z,248,Golden Overseer Ring,13,0xf00dfac3af2f5b38fe55d50ccf8ffa8c293ea161,dudendy,44
2026-08-30T16:34:10Z,248,Golden Overseer Ring,14,0x9dc70f5472a88f3eefa4d515a6b1ec94d9d30d13,sidlovskyy,42
2026-08-30T16:34:10Z,248,Golden Overseer Ring,15,0x90c1ed16e9b16db7d031f573d20bead430feb107,jablko,40
2026-08-30T16:34:10Z,248,Golden Overseer Ring,16,0x388d510f0f11ba0762e8c7212645ed873c17a204,otabart,38
2026-08-30T16:34:10Z,248,Golden Overseer Ring,17,0x3629d88069124258ef6bb99c9080d064f42e7206,grumpy,38
2026-08-30T16:34:10Z,248,Golden Overseer Ring,18,0x5d94f14bafdc6920e462abaa8285d680d4dfa069,tofu,37
2026-08-30T16:34:10Z,248,Golden Overseer Ring,19,0x0357294131b3d5b23c84dfa8e38d7e54358f8ba8,kaiken888,35
2026-08-30T16:34:10Z,248,Golden Overseer Ring,20,0x688410dbc8c331f5945eafc659ae721a447ae975,igloo,32
2026-08-30T16:34:10Z,248,Golden Overseer Ring,21,0x7b937e99c1458a485a035a0f06b9d8bf5f842a05,lameak,30
2026-08-30T16:34:10Z,248,Golden Overseer Ring,22,0xbcbcccae5efd1dab247e6428e9e20a9fda8c5abd,oneindigheid,28
2026-08-30T16:34:10Z,248,Golden Overseer Ring,23,0x0a42a67154221c44c9eae98eb7f9cbff2d269a0e,cassowary,26
2026-08-30T16:34:10Z,248,Golden Overseer Ring,24,0x4f03ea409e546d9ab7eaa6c9b481bcb99c8547e5,coinpie,26
2026-08-30T16:34:10Z,248,Golden Overseer Ring,25,0x8ccb0988036cf9d2ca7b24ed46a57cf25ce6f92d,chosta,26
2026-08-30T16:34:10Z,248,Golden Overseer Ring,26,0xeff6c4dcd2b79f502d5d7cb6e6daf70f2536daef,syta,26
2026-08-30T16:34:10Z,248,Golden Overseer Ring,27,0x7b761e4389daf5581708bfe1a26b5d45cc279f2f,gordongrowth,17
2026-08-30T16:34:10Z,248,Golden Overseer Ring,28,0x33973ffb41add93b49227241566d3e5fc9ad904b,schemedream,16
2026-08-30T16:34:10Z,248,Golden Overseer Ring,29,0xf3143c8e4469a271fa2be6d8775ca2b3bdccf4e2,rmty,16
2026-08-30T16:34:10Z,248,Golden Overseer Ring,30,0x92569bee8c8b9c1df1c283a0409fcc2b2fede157,phalanx,15
2026-08-30T16:34:10Z,248,Golden Overseer Ring,31,0xbbbfe4cc5c3924f19f6e36e66448b2e3a126b111,cryptologist,15
2026-08-30T16:34:10Z,248,Golden Overseer Ring,32,0xf343348aef03fea785a6a55f1db870c94f6afb4f,billybob,13
2026-08-30T16:34:10Z,248,Golden Overseer Ring,33,0x319d278581e5e5a49ef80e795fe81225d9a15200,icedcoffee,12
2026-08-30T16:34:10Z,248,Golden Overseer Ring,34,0x5ab272231e653c2265bdfae58310021bca37152e,tufbeast,12
2026-08-30T16:34:10Z,248,Golden Overseer Ring,35,0xd1c76125cb2751750ddb2afded780c6f5b7a3cbc,kace,12
2026-08-30T16:34:10Z,248,Golden Overseer Ring,36,0x1a5fd36d4b15dd6b5f6eba46c42b1fa697fa4f3a,melbo,11
2026-08-30T16:34:10Z,248,Golden Overseer Ring,37,0x381dd397e721c72ce321a1ebaf96ce04f4422ac0,suckmydirtydick,10
2026-08-30T16:34:10Z,248,Golden Overseer Ring,38,0x844d58714aa3fed998f898cbce1b0ddc4550304f,jiren,10
2026-08-30T16:34:10Z,248,Golden Overseer Ring,39,0x3c49ca3eda0ce8413f9c433f04322827714c23c3,dmisky,10
2026-08-30T16:34:10Z,248,Golden Overseer Ring,40,0xce3bc9c7e6b1a4082f9853f6f796e604148b2583,classicj,10
2026-08-30T16:34:10Z,248,Golden Overseer Ring,41,0xe9b489ff145ac7d8eca36c3b5c29e1be7f2281b9,laggin,10
2026-08-30T16:34:10Z,248,Golden Overseer Ring,42,0xd2bb5bcaaaa9d2d77a50598055397916780972ca,sinet,10
2026-08-30T16:34:10Z,248,Golden Overseer Ring,43,0x9c991a85b090aae221ef8418e3ca29279bf2500a,migs,9
2026-08-30T16:34:10Z,248,Golden Overseer Ring,44,0xeb16cc074e0d3a6c87c0c45a6eced5ef92424b31,wiseadmiral,9
2026-08-30T16:34:10Z,248,Golden Overseer Ring,45,0x4ec977a8e80c4099a44f8ae53a48281448471342,terrestra,9
2026-08-30T16:34:10Z,248,Golden Overseer Ring,46,0x8045784a3a7209a24eb09a5a2bc4f9e6fb67782b,kangboksoon,8
2026-08-30T16:34:10Z,248,Golden Overseer Ring,47,0xfbfc822ee4989b2b4b9b18e4035ff72335cbb16e,jame7,8
2026-08-30T16:34:10Z,248,Golden Overseer Ring,48,0x67369c3e524d370daebc36d9ab3320fafc71eead,roblox,8
2026-08-30T16:34:10Z,248,Golden Overseer Ring,49,0xc577c2f43ffba49d965a8c153f330ba3daad3b73,snake,7
2026-08-30T16:34:10Z,248,Golden Overseer Ring,50,0xff74d06f2a47b772e6f5a61962b103b33e342881,coclette55,7
2026-08-30T16:34:10Z,248,Golden Overseer Ring,51,0x95233e2ec170b4ba0e2208c1ec89f3b87f8b18c7,gambit,7
2026-08-30T16:34:10Z,248,Golden Overseer Ring,52,0xeb63e215113d77f39699d53b20284e73c3d1bb5a,qianw,6
2026-08-30T16:34:10Z,248,Golden Overseer Ring,53,0x3d385f04852ae078d10e2a420f928f227f3e63f3,kellox,6
2026-08-30T16:34:10Z,248,Golden Overseer Ring,54,0xfff195795e606cbfa76e1c72c7ed6731df91d83d,pan1c,6
2026-08-30T16:34:10Z,248,Golden Overseer Ring,55,0x18db144b2f18b025c1f7ee1d86b422fe864ba477,royven,6
2026-08-30T16:34:10Z,248,Golden Overseer Ring,56,0x6479013c37f56cecc6e77fcfece208645324f5cb,lightning,6
2026-08-30T16:34:10Z,248,Golden Overseer Ring,57,0xef58ad6d6bcaf054da34948c88e7e91a052dc0fa,kraven,5
2026-08-30T16:34:10Z,248,Golden Overseer Ring,58,0xc3ae9ac69d672368539413235938277ce19fc270,bollin,5
2026-08-30T16:34:10Z,248,Golden Overseer Ring,59,0x99278037b2150c577ef1038ceca08db8684bba95,0xfuture,5
2026-08-30T16:34:10Z,248,Golden Overseer Ring,60,0x86ed45a7aa5b0c3e9405dbbc3209f1747c074b39,okeyerokey,5
2026-08-30T16:34:10Z,248,Golden Overseer Ring,61,0xb0d90d52c7389824d4b22c06bcdccd734e3162b7,ezsnipe,5
2026-08-30T16:34:10Z,248,Golden Overseer Ring,62,0x885d6144d9960e5c19c91527b86c541befe37451,stakb,5
2026-08-30T16:34:10Z,248,Golden Overseer Ring,63,0xe90a9bdb63e9ba04a7f3e95140ff803f2f377f5e,vova,5
2026-08-30T16:34:10Z,248,Golden Overseer Ring,64,0xf3eaf60c6be58eb9853e71219801c06ad8969f0e,relicguy,5
2026-08-30T16:34:10Z,248,Golden Overseer Ring,65,0x0fec947904065bf920e97aae5042ef1e31268e76,matcha,4
2026-08-30T16:34:10Z,248,Golden Overseer Ring,66,0x562ffbc839b608e35646e9de40591b5145bcc6f5,aizcalibur,4
2026-08-30T16:34:10Z,248,Golden Overseer Ring,67,0xd15481578c11b4e5b8f241c412899a0bdd704408,wholistic,4
2026-08-30T16:34:10Z,248,Golden Overseer Ring,68,0x8c86b43762e80f15a483dba543a31cd96e48e456,n00b,4
2026-08-30T16:34:10Z,248,Golden Overseer Ring,69,0x0649976f6dd8a2589af8790076f2c08909dd9337,debora,4
2026-08-30T16:34:10Z,248,Golden Overseer Ring,70,0x397432e390b1916284b47ea19904c0f31e8241bf,umame,4
2026-08-30T16:34:10Z,248,Golden Overseer Ring,71,0x9b3ef1d5b7472560cf6241949b2485e456aa37a0,bush1do,4
2026-08-30T16:34:10Z,248,Golden Overseer Ring,72,0x161f91374506a85ed9063e90c4c217d8697d6471,proofofely,4
2026-08-30T16:34:10Z,248,Golden Overseer Ring,73,0x89ca1ffe78d575447514790ea0b141c7c44d9332,tice,4
2026-08-30T16:34:10Z,248,Golden Overseer Ring,74,0x1114d62a0148f458040fbf2ddb945560398ca5f0,soma,4
2026-08-30T16:34:10Z,248,Golden Overseer Ring,75,0xe4b1f5eb3da2195f8d41a052229a7eec3c4e6ed8,azoni,4
2026-08-30T16:34:10Z,248,Golden Overseer Ring,76,0x4ebc17059cfc143d86fb92ed707805d68142e3ec,ponziscam,3
2026-08-30T16:34:10Z,248,Golden Overseer Ring,77,0x0d1df94f0106ce5bd92138d43c8551cad530c169,vermo,3
2026-08-30T16:34:10Z,248,Golden Overseer Ring,78,0x0b2291da8091128352c2464f1072cf4211144744,moritz,3
2026-08-30T16:34:10Z,248,Golden Overseer Ring,79,0x3eda210ff41e2b2d1658ca5ebe0b80a376c7e0f4,astarta,3
2026-08-30T16:34:10Z,248,Golden Overseer Ring,80,0x4f8c2395f105d29dae90531f36c7d1d14e22acb9,phangu,3
2026-08-30T16:34:10Z,248,Golden Overseer Ring,81,0x23244cc893df1ff2916ee2e492b65bec74b2760c,bunyoo,3
2026-08-30T16:34:10Z,248,Golden Overseer Ring,82,0x2dad623c8e23645751d0671adb4a02b246285515,fragi,3
2026-08-30T16:34:10Z,248,Golden Overseer Ring,83,0xf3823ea2adaea672583ce9d84c979021f9ed9da4,iamroot,3
2026-08-30T16:34:10Z,248,Golden Overseer Ring,84,0x92599bdd1ded8d462c58972f6c3badbb39cd06ba,trukreal,3
2026-08-30T16:34:10Z,248,Golden Overseer Ring,85,0xb2042611b4987ba8be9efd6cc1165f09e7c694a8,joblessathena,3
2026-08-30T16:34:10Z,248,Golden Overseer Ring,86,0x8a39e43d0aac1b7bedc81f8100e3603323092f0d,kfay34,3
2026-08-30T16:34:10Z,248,Golden Overseer Ring,87,0xd5e897b2618c9da1d02ea9c0a286eb591e5bf64b,monkeylord,2
2026-08-30T16:34:10Z,248,Golden Overseer Ring,88,0x2d7600b629c724e48b625702f70e12d21c3c4c2e,laurens,2
2026-08-30T16:34:10Z,248,Golden Overseer Ring,89,0x2ab7adbf3685c74d2e300c9c0e676b1bf6027ac5,0xn00b,2
2026-08-30T16:34:10Z,248,Golden Overseer Ring,90,0xebec21ad1ebcfae69f96b7ca96839e5594fbadd1,therec,2
2026-08-30T16:34:10Z,248,Golden Overseer Ring,91,0xe4c92dfd2b82ff488ee4e0744e78959f8cc2c24c,jonh94,2
2026-08-30T16:34:10Z,248,Golden Overseer Ring,92,0xea04f13937031d59bf466c9c79d70a9c41a79a4a,sandsman,2
2026-08-30T16:34:10Z,248,Golden Overseer Ring,93,0x551d5bcbc8f2df0d3ce3b6e8f1e58fe27a68eb7a,kudrry,2
2026-08-30T16:34:10Z,248,Golden Overseer Ring,94,0x2cfafb04f72fac80b58edef683d31ac6a6f50446,moneyman,2
2026-08-30T16:34:10Z,248,Golden Overseer Ring,95,0x2d13b12254a7da18b5634c54f74fd73cdd504777,wiseone,2
2026-08-30T16:34:10Z,248,Golden Overseer Ring,96,0x9e3eddb26f9ce62782e544f2a5366c4e2296bce2,og_ayri,2
2026-08-30T16:34:10Z,248,Golden Overseer Ring,97,0xe6b6cbab6c586d64025ffaea1548f3f09dabe6c2,milkshake,2
2026-08-30T16:34:10Z,248,Golden Overseer Ring,98,0x50f3f45b06c27f5d6b6d85b54f66327d272a25bd,emr2006,2
2026-08-30T16:34:10Z,248,Golden Overseer Ring,99,0x0c0a71e32e1954635e2dde143ed9e59fe471fb94,kryy,2
2026-08-30T16:34:10Z,248,Golden Overseer Ring,100,0x49826f26fd526c52c7b18d0f2866b6e158328eec,lilvibe,2
2026-08-30T16:34:10Z,249,Golden Summoner Ring,1,0x69c4cc0147fbc23965896fb18a1ccea92230ed1b,afropengu,270
2026-08-30T16:34:10Z,249,Golden Summoner Ring,2,0x73a9ffdaaf53723f1d08403f613870cddd6e18fc,suspicious,154
2026-08-30T16:34:10Z,249,Golden Summoner Ring,3,0xd678b718f70389dbdd2d447df23333641e8f7480,yanik,149
2026-08-30T16:34:10Z,249,Golden Summoner Ring,4,0xeed7c6b2af48249a040c9e5d59437670889c7e07,lilwassie,79
2026-08-30T16:34:10Z,249,Golden Summoner Ring,5,0x19342b9e3f123e373e24f1eea9bb5a1a935507fa,bigmommymilkers,72
2026-08-30T16:34:10Z,249,Golden Summoner Ring,6,0xbcbcccae5efd1dab247e6428e9e20a9fda8c5abd,oneindigheid,69
2026-08-30T16:34:10Z,249,Golden Summoner Ring,7,0x2a2376e5e9981c19b15af64d2cdb57c9b94eb1f6,xiskool,66
2026-08-30T16:34:10Z,249,Golden Summoner Ring,8,0xac06dbd4f2b1b174dbb3b67449f0f4245f0f3bc3,spanish,63
2026-08-30T16:34:10Z,249,Golden Summoner Ring,9,0xf00dfac3af2f5b38fe55d50ccf8ffa8c293ea161,dudendy,56
2026-08-30T16:34:10Z,249,Golden Summoner Ring,10,0x9dc70f5472a88f3eefa4d515a6b1ec94d9d30d13,sidlovskyy,55
2026-08-30T16:34:10Z,249,Golden Summoner Ring,11,0x02764ae21333f5777b44cdded3a654a340176fff,bh3320,52
2026-08-30T16:34:10Z,249,Golden Summoner Ring,12,0xbdecab53bb16b74aa1a1715cc4b80db641eac9da,rxch,50
2026-08-30T16:34:10Z,249,Golden Summoner Ring,13,0x0ee9318275c37f0e635bb7c8a455ade252cecf1f,georgysogood,48
2026-08-30T16:34:10Z,249,Golden Summoner Ring,14,0x3629d88069124258ef6bb99c9080d064f42e7206,grumpy,43
2026-08-30T16:34:10Z,249,Golden Summoner Ring,15,0x4f03ea409e546d9ab7eaa6c9b481bcb99c8547e5,coinpie,42
2026-08-30T16:34:10Z,249,Golden Summoner Ring,16,0xfd0cb86676ba86e3033f1d6d333b342880f336df,677willwin,41
2026-08-30T16:34:10Z,249,Golden Summoner Ring,17,0x90c1ed16e9b16db7d031f573d20bead430feb107,jablko,40
2026-08-30T16:34:10Z,249,Golden Summoner Ring,18,0x0357294131b3d5b23c84dfa8e38d7e54358f8ba8,kaiken888,39
2026-08-30T16:34:10Z,249,Golden Summoner Ring,19,0x388d510f0f11ba0762e8c7212645ed873c17a204,otabart,37
2026-08-30T16:34:10Z,249,Golden Summoner Ring,20,0x0a42a67154221c44c9eae98eb7f9cbff2d269a0e,cassowary,26
2026-08-30T16:34:10Z,249,Golden Summoner Ring,21,0x5d94f14bafdc6920e462abaa8285d680d4dfa069,tofu,23
2026-08-30T16:34:10Z,249,Golden Summoner Ring,22,0xbbbfe4cc5c3924f19f6e36e66448b2e3a126b111,cryptologist,23
2026-08-30T16:34:10Z,249,Golden Summoner Ring,23,0x8ccb0988036cf9d2ca7b24ed46a57cf25ce6f92d,chosta,22
2026-08-30T16:34:10Z,249,Golden Summoner Ring,24,0x688410dbc8c331f5945eafc659ae721a447ae975,igloo,20
2026-08-30T16:34:10Z,249,Golden Summoner Ring,25,0x33973ffb41add93b49227241566d3e5fc9ad904b,schemedream,18
2026-08-30T16:34:10Z,249,Golden Summoner Ring,26,0x7b761e4389daf5581708bfe1a26b5d45cc279f2f,gordongrowth,18
2026-08-30T16:34:10Z,249,Golden Summoner Ring,27,0x9c991a85b090aae221ef8418e3ca29279bf2500a,migs,18
2026-08-30T16:34:10Z,249,Golden Summoner Ring,28,0xafe00172cf96544d610bf9b70d549a5e89b83f2d,hungryjay,17
2026-08-30T16:34:10Z,249,Golden Summoner Ring,29,0x7b937e99c1458a485a035a0f06b9d8bf5f842a05,lameak,17
2026-08-30T16:34:10Z,249,Golden Summoner Ring,30,0xeff6c4dcd2b79f502d5d7cb6e6daf70f2536daef,syta,17
2026-08-30T16:34:10Z,249,Golden Summoner Ring,31,0x5ab272231e653c2265bdfae58310021bca37152e,tufbeast,16
2026-08-30T16:34:10Z,249,Golden Summoner Ring,32,0x92569bee8c8b9c1df1c283a0409fcc2b2fede157,phalanx,14
2026-08-30T16:34:10Z,249,Golden Summoner Ring,33,0x319d278581e5e5a49ef80e795fe81225d9a15200,icedcoffee,12
2026-08-30T16:34:10Z,249,Golden Summoner Ring,34,0xb703799d9f485852c9394a8b2cdb39f5590fd65f,gaijin,11
2026-08-30T16:34:10Z,249,Golden Summoner Ring,35,0x3d385f04852ae078d10e2a420f928f227f3e63f3,kellox,11
2026-08-30T16:34:10Z,249,Golden Summoner Ring,36,0x18db144b2f18b025c1f7ee1d86b422fe864ba477,royven,11
2026-08-30T16:34:10Z,249,Golden Summoner Ring,37,0x3c49ca3eda0ce8413f9c433f04322827714c23c3,dmisky,11
2026-08-30T16:34:10Z,249,Golden Summoner Ring,38,0xeb16cc074e0d3a6c87c0c45a6eced5ef92424b31,wiseadmiral,11
2026-08-30T16:34:10Z,249,Golden Summoner Ring,39,0xd2bb5bcaaaa9d2d77a50598055397916780972ca,sinet,11
2026-08-30T16:34:10Z,249,Golden Summoner Ring,40,0xf3143c8e4469a271fa2be6d8775ca2b3bdccf4e2,rmty,9
2026-08-30T16:34:10Z,249,Golden Summoner Ring,41,0x86ed45a7aa5b0c3e9405dbbc3209f1747c074b39,okeyerokey,9
2026-08-30T16:34:10Z,249,Golden Summoner Ring,42,0x8045784a3a7209a24eb09a5a2bc4f9e6fb67782b,kangboksoon,8
2026-08-30T16:34:10Z,249,Golden Summoner Ring,43,0x4366b9a2417631b2647a8d67608638d973fade33,epicser,8
2026-08-30T16:34:10Z,249,Golden Summoner Ring,44,0xce3bc9c7e6b1a4082f9853f6f796e604148b2583,classicj,8
2026-08-30T16:34:10Z,249,Golden Summoner Ring,45,0xd15481578c11b4e5b8f241c412899a0bdd704408,wholistic,7
2026-08-30T16:34:10Z,249,Golden Summoner Ring,46,0x3eda210ff41e2b2d1658ca5ebe0b80a376c7e0f4,astarta,7
2026-08-30T16:34:10Z,249,Golden Summoner Ring,47,0xc577c2f43ffba49d965a8c153f330ba3daad3b73,snake,7
2026-08-30T16:34:10Z,249,Golden Summoner Ring,48,0x161f91374506a85ed9063e90c4c217d8697d6471,proofofely,7
2026-08-30T16:34:10Z,249,Golden Summoner Ring,49,0xb0d90d52c7389824d4b22c06bcdccd734e3162b7,ezsnipe,7
2026-08-30T16:34:10Z,249,Golden Summoner Ring,50,0x867a70d280830fc91f5441449ef37dfa403924a8,eydrian,7
2026-08-30T16:34:10Z,249,Golden Summoner Ring,51,0x381dd397e721c72ce321a1ebaf96ce04f4422ac0,suckmydirtydick,6
2026-08-30T16:34:10Z,249,Golden Summoner Ring,52,0x99278037b2150c577ef1038ceca08db8684bba95,0xfuture,6
2026-08-30T16:34:10Z,249,Golden Summoner Ring,53,0xf343348aef03fea785a6a55f1db870c94f6afb4f,billybob,6
2026-08-30T16:34:10Z,249,Golden Summoner Ring,54,0x67369c3e524d370daebc36d9ab3320fafc71eead,roblox,6
2026-08-30T16:34:10Z,249,Golden Summoner Ring,55,0x08f4fc19fdee64babf4bda2b0b6e30d3b8683025,aponroflon,6
2026-08-30T16:34:10Z,249,Golden Summoner Ring,56,0x95233e2ec170b4ba0e2208c1ec89f3b87f8b18c7,gambit,6
2026-08-30T16:34:10Z,249,Golden Summoner Ring,57,0xd1c76125cb2751750ddb2afded780c6f5b7a3cbc,kace,6
2026-08-30T16:34:10Z,249,Golden Summoner Ring,58,0x6479013c37f56cecc6e77fcfece208645324f5cb,lightning,6
2026-08-30T16:34:10Z,249,Golden Summoner Ring,59,0x1a5fd36d4b15dd6b5f6eba46c42b1fa697fa4f3a,melbo,5
2026-08-30T16:34:10Z,249,Golden Summoner Ring,60,0xef58ad6d6bcaf054da34948c88e7e91a052dc0fa,kraven,5
2026-08-30T16:34:10Z,249,Golden Summoner Ring,61,0x23244cc893df1ff2916ee2e492b65bec74b2760c,bunyoo,5
2026-08-30T16:34:10Z,249,Golden Summoner Ring,62,0x2dad623c8e23645751d0671adb4a02b246285515,fragi,5
2026-08-30T16:34:10Z,249,Golden Summoner Ring,63,0xc9f27e68912aae40bb60c17b5634b3e74bbb16ab,minebuu,5
2026-08-30T16:34:10Z,249,Golden Summoner Ring,64,0xf6182bb74c82ddeaf96c43cc60eccfb070bc0b57,cryptogrit,5
2026-08-30T16:34:10Z,249,Golden Summoner Ring,65,0x1114d62a0148f458040fbf2ddb945560398ca5f0,soma,5
2026-08-30T16:34:10Z,249,Golden Summoner Ring,66,0xe90a9bdb63e9ba04a7f3e95140ff803f2f377f5e,vova,5
2026-08-30T16:34:10Z,249,Golden Summoner Ring,67,0xc3ae9ac69d672368539413235938277ce19fc270,bollin,4
2026-08-30T16:34:10Z,249,Golden Summoner Ring,68,0x8c86b43762e80f15a483dba543a31cd96e48e456,n00b,4
2026-08-30T16:34:10Z,249,Golden Summoner Ring,69,0x0d1df94f0106ce5bd92138d43c8551cad530c169,vermo,4
2026-08-30T16:34:10Z,249,Golden Summoner Ring,70,0x853038c8b98818ee8cb91d8355454c18909e343b,doge,4
2026-08-30T16:34:10Z,249,Golden Summoner Ring,71,0xdbd4749050752504d9017484f82a75dff9592cd1,tron,4
2026-08-30T16:34:10Z,249,Golden Summoner Ring,72,0x77b56d73521061c92ce7bf006dc77587fa7368c2,beizan,4
2026-08-30T16:34:10Z,249,Golden Summoner Ring,73,0x89ca1ffe78d575447514790ea0b141c7c44d9332,tice,4
2026-08-30T16:34:10Z,249,Golden Summoner Ring,74,0x0fec947904065bf920e97aae5042ef1e31268e76,matcha,3
2026-08-30T16:34:10Z,249,Golden Summoner Ring,75,0x4ebc17059cfc143d86fb92ed707805d68142e3ec,ponziscam,3
2026-08-30T16:34:10Z,249,Golden Summoner Ring,76,0xfff195795e606cbfa76e1c72c7ed6731df91d83d,pan1c,3
2026-08-30T16:34:10Z,249,Golden Summoner Ring,77,0x0b2291da8091128352c2464f1072cf4211144744,moritz,3
2026-08-30T16:34:10Z,249,Golden Summoner Ring,78,0x2d13b12254a7da18b5634c54f74fd73cdd504777,wiseone,3
2026-08-30T16:34:10Z,249,Golden Summoner Ring,79,0x9e3eddb26f9ce62782e544f2a5366c4e2296bce2,og_ayri,3
2026-08-30T16:34:10Z,249,Golden Summoner Ring,80,0x598da7a9442f75387c0b3495656f000120ff0eea,demon87,3
2026-08-30T16:34:10Z,249,Golden Summoner Ring,81,0x844d58714aa3fed998f898cbce1b0ddc4550304f,jiren,3
2026-08-30T16:34:10Z,249,Golden Summoner Ring,82,0x49826f26fd526c52c7b18d0f2866b6e158328eec,lilvibe,3
2026-08-30T16:34:10Z,249,Golden Summoner Ring,83,0xd241569d27278c7dc650aa6808356f21589b7b27,ziirup,3
2026-08-30T16:34:10Z,249,Golden Summoner Ring,84,0xdff0b31e34a4c0282ac3db35466e091b43c3053e,becks,3
2026-08-30T16:34:10Z,249,Golden Summoner Ring,85,0xf3eaf60c6be58eb9853e71219801c06ad8969f0e,relicguy,3
2026-08-30T16:34:10Z,249,Golden Summoner Ring,86,0xd5e897b2618c9da1d02ea9c0a286eb591e5bf64b,monkeylord,2
2026-08-30T16:34:10Z,249,Golden Summoner Ring,87,0x2d893c9f463c94593bc12b65273c5b9f9aa4a113,cubbix,2
2026-08-30T16:34:10Z,249,Golden Summoner Ring,88,0x562ffbc839b608e35646e9de40591b5145bcc6f5,aizcalibur,2
2026-08-30T16:34:10Z,249,Golden Summoner Ring,89,0xe4c92dfd2b82ff488ee4e0744e78959f8cc2c24c,jonh94,2
2026-08-30T16:34:10Z,249,Golden Summoner Ring,90,0xd9233b0c7017055eb9cca10a95b214ac89fe905a,soroka,2
2026-08-30T16:34:10Z,249,Golden Summoner Ring,91,0x7a94e1c024600556a31ef90ceb5357231c4f5f2e,twoseven5,2
2026-08-30T16:34:10Z,249,Golden Summoner Ring,92,0x11fafc463c9a9d5cfc54441e501f93b93a205fe7,alinasser,2
2026-08-30T16:34:10Z,249,Golden Summoner Ring,93,0x5c4eccb4a3a7082a75c01c7608ea35f4350630a6,sedicol,2
2026-08-30T16:34:10Z,249,Golden Summoner Ring,94,0xea04f13937031d59bf466c9c79d70a9c41a79a4a,sandsman,2
2026-08-30T16:34:10Z,249,Golden Summoner Ring,95,0xb70d8072d659492c3848bfe7e286b625621b4877,albaniaman,2
2026-08-30T16:34:10Z,249,Golden Summoner Ring,96,0x08a2d01e6e306911ea7032077cf0bf924a1092ea,lemz,2
2026-08-30T16:34:10Z,249,Golden Summoner Ring,97,0x0649976f6dd8a2589af8790076f2c08909dd9337,debora,2
2026-08-30T16:34:10Z,249,Golden Summoner Ring,98,0x9b3ef1d5b7472560cf6241949b2485e456aa37a0,bush1do,2
2026-08-30T16:34:10Z,249,Golden Summoner Ring,99,0x469998f2fa8aaa2648fef6fc3902268f315195ef,mrgold,2
2026-08-30T16:34:10Z,249,Golden Summoner Ring,100,0x16e76988594556819213eb2056a45a563debaf95,dirty,2
2026-08-30T18:05:02Z,134,Chobo Silver Ring,1,0xd678b718f70389dbdd2d447df23333641e8f7480,yanik,690
2026-08-30T18:05:02Z,134,Chobo Silver Ring,2,0x9dc70f5472a88f3eefa4d515a6b1ec94d9d30d13,sidlovskyy,422
2026-08-30T18:05:02Z,134,Chobo Silver Ring,3,0xf00dfac3af2f5b38fe55d50ccf8ffa8c293ea161,dudendy,390
2026-08-30T18:05:02Z,134,Chobo Silver Ring,4,0x73a9ffdaaf53723f1d08403f613870cddd6e18fc,suspicious,357
2026-08-30T18:05:02Z,134,Chobo Silver Ring,5,0xe90a9bdb63e9ba04a7f3e95140ff803f2f377f5e,vova,225
2026-08-30T18:05:02Z,134,Chobo Silver Ring,6,0x2a2376e5e9981c19b15af64d2cdb57c9b94eb1f6,xiskool,210
2026-08-30T18:05:02Z,134,Chobo Silver Ring,7,0x4e16f03fafc94af2d0b79d2d15d3d54f7c9f04fa,recluseham,168
2026-08-30T18:05:02Z,134,Chobo Silver Ring,8,0x0ee9318275c37f0e635bb7c8a455ade252cecf1f,georgysogood,166
2026-08-30T18:05:02Z,134,Chobo Silver Ring,9,0xeed7c6b2af48249a040c9e5d59437670889c7e07,lilwassie,157
2026-08-30T18:05:02Z,134,Chobo Silver Ring,10,0x95233e2ec170b4ba0e2208c1ec89f3b87f8b18c7,gambit,134
2026-08-30T18:05:02Z,134,Chobo Silver Ring,11,0x2ab7adbf3685c74d2e300c9c0e676b1bf6027ac5,0xn00b,126
2026-08-30T18:05:02Z,134,Chobo Silver Ring,12,0x3eda210ff41e2b2d1658ca5ebe0b80a376c7e0f4,astarta,104
2026-08-30T18:05:02Z,134,Chobo Silver Ring,13,0x161f91374506a85ed9063e90c4c217d8697d6471,proofofely,100
2026-08-30T18:05:02Z,134,Chobo Silver Ring,14,0xe4b1f5eb3da2195f8d41a052229a7eec3c4e6ed8,azoni,98
2026-08-30T18:05:02Z,134,Chobo Silver Ring,15,0xb0f42c12dd7e28f0deafe74fdf603782c430f896,stellarhobbes,96
2026-08-30T18:05:02Z,134,Chobo Silver Ring,16,0x23244cc893df1ff2916ee2e492b65bec74b2760c,bunyoo,96
2026-08-30T18:05:02Z,134,Chobo Silver Ring,17,0xac06dbd4f2b1b174dbb3b67449f0f4245f0f3bc3,spanish,95
2026-08-30T18:05:02Z,134,Chobo Silver Ring,18,0xbdecab53bb16b74aa1a1715cc4b80db641eac9da,rxch,95
2026-08-30T18:05:02Z,134,Chobo Silver Ring,19,0x0a42a67154221c44c9eae98eb7f9cbff2d269a0e,cassowary,90
2026-08-30T18:05:02Z,134,Chobo Silver Ring,20,0x95f92440789e364f3a167069b899c84b02f92254,axion,86
2026-08-30T18:05:02Z,134,Chobo Silver Ring,21,0x388d510f0f11ba0762e8c7212645ed873c17a204,otabart,84
2026-08-30T18:05:02Z,134,Chobo Silver Ring,22,0x55085ade6c1c39b64cd27099993c5dc933bbed35,bigdogga,74
2026-08-30T18:05:02Z,134,Chobo Silver Ring,23,0xcf29253e7c1e908d4091c9be85522893c77f0fc8,ciri,72
2026-08-30T18:05:02Z,134,Chobo Silver Ring,24,0x02764ae21333f5777b44cdded3a654a340176fff,bh3320,69
2026-08-30T18:05:02Z,134,Chobo Silver Ring,25,0x65a934bd2113318315e7f4c8f6108b92e2be9292,hetfield,58
2026-08-30T18:05:02Z,134,Chobo Silver Ring,26,0xce3bc9c7e6b1a4082f9853f6f796e604148b2583,classicj,58
2026-08-30T18:05:02Z,134,Chobo Silver Ring,27,0x3d385f04852ae078d10e2a420f928f227f3e63f3,kellox,56
2026-08-30T18:05:02Z,134,Chobo Silver Ring,28,0x19342b9e3f123e373e24f1eea9bb5a1a935507fa,bigmommymilkers,56
2026-08-30T18:05:02Z,134,Chobo Silver Ring,29,0x69c4cc0147fbc23965896fb18a1ccea92230ed1b,afropengu,55
2026-08-30T18:05:02Z,134,Chobo Silver Ring,30,0x469998f2fa8aaa2648fef6fc3902268f315195ef,mrgold,54
2026-08-30T18:05:02Z,134,Chobo Silver Ring,31,0xb2042611b4987ba8be9efd6cc1165f09e7c694a8,joblessathena,53
2026-08-30T18:05:02Z,134,Chobo Silver Ring,32,0xafe00172cf96544d610bf9b70d549a5e89b83f2d,hungryjay,52
2026-08-30T18:05:02Z,134,Chobo Silver Ring,33,0x9b3ef1d5b7472560cf6241949b2485e456aa37a0,bush1do,50
2026-08-30T18:05:02Z,134,Chobo Silver Ring,34,0x0b2291da8091128352c2464f1072cf4211144744,moritz,47
2026-08-30T18:05:02Z,134,Chobo Silver Ring,35,0x4ec977a8e80c4099a44f8ae53a48281448471342,terrestra,46
2026-08-30T18:05:02Z,134,Chobo Silver Ring,36,0x688410dbc8c331f5945eafc659ae721a447ae975,igloo,44
2026-08-30T18:05:02Z,134,Chobo Silver Ring,37,0xbddef3e050261365464e40d086b91f5100b13108,thattonton,44
2026-08-30T18:05:02Z,134,Chobo Silver Ring,38,0x9c991a85b090aae221ef8418e3ca29279bf2500a,migs,43
2026-08-30T18:05:02Z,134,Chobo Silver Ring,39,0x7b924f8164ff2311680a0431f05e6bcde6a3f954,det0n,41
2026-08-30T18:05:02Z,134,Chobo Silver Ring,40,0xa8a956a5690cc81bb367da2c2f6f1796be2b3c30,scottco,38
2026-08-30T18:05:02Z,134,Chobo Silver Ring,41,0x32cb224f344a9aa22c5d2e699f24d3928e6ca06f,d3r0,38
2026-08-30T18:05:02Z,134,Chobo Silver Ring,42,0x8298dfc90c0119379f265b4dad6e9f0e8359a80e,userbased,37
2026-08-30T18:05:02Z,134,Chobo Silver Ring,43,0xbbdca17d69518306b61d26b54b5a6c61e6c0bba1,9stx6,37
2026-08-30T18:05:02Z,134,Chobo Silver Ring,44,0x9ce44e274bce511788c6ac81eafdb71fe920d4ee,deanoxbt,36
2026-08-30T18:05:02Z,134,Chobo Silver Ring,45,0xa134a3dfa4cb010873db8012d5b360d97ba80c28,winner,36
2026-08-30T18:05:02Z,134,Chobo Silver Ring,46,0x0c0a71e32e1954635e2dde143ed9e59fe471fb94,kryy,35
2026-08-30T18:05:02Z,134,Chobo Silver Ring,47,0x1114d62a0148f458040fbf2ddb945560398ca5f0,soma,35
2026-08-30T18:05:02Z,134,Chobo Silver Ring,48,0x6a31fe60046a9da9867bccbe48378893906099f5,airmangataos,35
2026-08-30T18:05:02Z,134,Chobo Silver Ring,49,0x33973ffb41add93b49227241566d3e5fc9ad904b,schemedream,34
2026-08-30T18:05:02Z,134,Chobo Silver Ring,50,0xc3ae9ac69d672368539413235938277ce19fc270,bollin,34
2026-08-30T18:05:02Z,134,Chobo Silver Ring,51,0x0cc677b008149e08e468fe7da539e5dd24eb05dd,yashiw,33
2026-08-30T18:05:02Z,134,Chobo Silver Ring,52,0xe9a0904b53c6e9d7285440142ea3f0c96b69fcfa,karabas666,33
2026-08-30T18:05:02Z,134,Chobo Silver Ring,53,0x4f03ea409e546d9ab7eaa6c9b481bcb99c8547e5,coinpie,33
2026-08-30T18:05:02Z,134,Chobo Silver Ring,54,0x908c7c7f0266da791bae52b9ecac8c34ca73d9f4,mangas,33
2026-08-30T18:05:02Z,134,Chobo Silver Ring,55,0x6f8b27fe779070967417cc02447b231b5c14b843,souvx,32
2026-08-30T18:05:02Z,134,Chobo Silver Ring,56,0xe6b6cbab6c586d64025ffaea1548f3f09dabe6c2,milkshake,32
2026-08-30T18:05:02Z,134,Chobo Silver Ring,57,0xbcbcccae5efd1dab247e6428e9e20a9fda8c5abd,oneindigheid,31
2026-08-30T18:05:02Z,134,Chobo Silver Ring,58,0xa592221a516dc29a427a57b6951b26962605709c,xxchake,31
2026-08-30T18:05:02Z,134,Chobo Silver Ring,59,0x90bef28cbd710d4acea9efe1ae8457eeda8c65ec,snggamer,30
2026-08-30T18:05:02Z,134,Chobo Silver Ring,60,0x9271e9969b98083d53bcf3c82ecf2a87b717500d,fefer,30
2026-08-30T18:05:02Z,134,Chobo Silver Ring,61,0xfc32e5cfbea49a2f1d21936eec0a7722a6c2d4a7,tacolauncher,30
2026-08-30T18:05:02Z,134,Chobo Silver Ring,62,0x88cfbbebdd22210c007be8acc0d2a86cd25018f3,praniuk,30
2026-08-30T18:05:02Z,134,Chobo Silver Ring,63,0xb0d90d52c7389824d4b22c06bcdccd734e3162b7,ezsnipe,29
2026-08-30T18:05:02Z,134,Chobo Silver Ring,64,0x663ac0e621bd9bbd47100768d3ce98f0e25a7b21,skoheels,29
2026-08-30T18:05:02Z,134,Chobo Silver Ring,65,0xdd1722d7f70a5786da9e14bab66a373ee00878f2,abolfazlkk,29
2026-08-30T18:05:02Z,134,Chobo Silver Ring,66,0x5f90cae78f02a95633e596c1841c6ef41fb431b2,pechou,29
2026-08-30T18:05:02Z,134,Chobo Silver Ring,67,0x40bfc8a6d3283958d3b70dc68049a78038a0f2e3,playaway,28
2026-08-30T18:05:02Z,134,Chobo Silver Ring,68,0xef58ad6d6bcaf054da34948c88e7e91a052dc0fa,kraven,27
2026-08-30T18:05:02Z,134,Chobo Silver Ring,69,0x01082d01888902fdad71578bf989d342b71151ec,lowbank,27
2026-08-30T18:05:02Z,134,Chobo Silver Ring,70,0xb29f073a9e2946d805714c9030b191ee6afed445,hitagi,27
2026-08-30T18:05:02Z,134,Chobo Silver Ring,71,0x25fb85df6ac78c8b63e5e2b10e31fa36e72c2d38,bigpenis,26
2026-08-30T18:05:02Z,134,Chobo Silver Ring,72,0xaed39522670a5d146eb57289cc05b043bbeb0c19,lazyiv,25
2026-08-30T18:05:02Z,134,Chobo Silver Ring,73,0xb4c3602689229297d255974e90ce4954d9380104,bkbk,25
2026-08-30T18:05:02Z,134,Chobo Silver Ring,74,0x5bb347443887e595820f74f028e837c3766f5923,0xitero,25
2026-08-30T18:05:02Z,134,Chobo Silver Ring,75,0x60ce92f21269cd871a7910e28f0c59a82c05388a,sinon,24
2026-08-30T18:05:02Z,134,Chobo Silver Ring,76,0x5f018c6e9b3b0d9c23e144bc5b2f4d82fc9b3650,jjangbang,24
2026-08-30T18:05:02Z,134,Chobo Silver Ring,77,0x378f0bda88d7255f95afef6029799df500a6cc66,lamperouge,24
2026-08-30T18:05:02Z,134,Chobo Silver Ring,78,0x4ebc17059cfc143d86fb92ed707805d68142e3ec,ponziscam,24
2026-08-30T18:05:02Z,134,Chobo Silver Ring,79,0x49aa7176ee7ce63c8e9d543c172ec1fda0770477,pronya,24
2026-08-30T18:05:02Z,134,Chobo Silver Ring,80,0x13fe8fe08a0d824cd44b8d13f813891b6532f59e,morror,24
2026-08-30T18:05:02Z,134,Chobo Silver Ring,81,0x7b761e4389daf5581708bfe1a26b5d45cc279f2f,gordongrowth,24
2026-08-30T18:05:02Z,134,Chobo Silver Ring,82,0x7e6cb1e3f70e681c2f31d52adc2b1d09d6edf232,resuka,24
2026-08-30T18:05:02Z,134,Chobo Silver Ring,83,0x5168a8f95a5bce4f4918884b2db51132d8f3bbf1,neveli,24
2026-08-30T18:05:02Z,134,Chobo Silver Ring,84,0x36ef5b58dad1c055002c26c9c5a6787d09645edf,gibar,24
2026-08-30T18:05:02Z,134,Chobo Silver Ring,85,0xd82311e0ddcff7cad1be090763d4f6d7ba1c290a,vims,23
2026-08-30T18:05:02Z,134,Chobo Silver Ring,86,0xdcf62adfc2193b3997947424583654689bcfd391,tekmeneth,23
2026-08-30T18:05:02Z,134,Chobo Silver Ring,87,0xff6bddba3937f03b495b4efb304194d2cbc488ca,lizardmafia,23
2026-08-30T18:05:02Z,134,Chobo Silver Ring,88,0x78b3c75839e125935d0322202f67eda979d0d6e8,sa1lar,23
2026-08-30T18:05:02Z,134,Chobo Silver Ring,89,0xfb4f086ba201a8f32805eb82a431a1dacc3f08b2,obivan,23
2026-08-30T18:05:02Z,134,Chobo Silver Ring,90,0xf55af9cd0880394b597966451ec2f4a6facb125e,dalebi,22
2026-08-30T18:05:02Z,134,Chobo Silver Ring,91,0x28b88b45c3309fa9940cd8c0c0212636ca364417,forfree,21
2026-08-30T18:05:02Z,134,Chobo Silver Ring,92,0x7528c1732168ace7027b18ec184d8cd6984f9eac,druid,21
2026-08-30T18:05:02Z,134,Chobo Silver Ring,93,0xc34c29733dcf130f75090464ced47275d88e3419,basedcamp,20
2026-08-30T18:05:02Z,134,Chobo Silver Ring,94,0x5f28eb5481eb2b2ef39d6d072fabad1026d52e69,wegowego,20
2026-08-30T18:05:02Z,134,Chobo Silver Ring,95,0x8ed20f071287100fafca51c94b5d6d0d8340aef9,joseprust,20
2026-08-30T18:05:02Z,134,Chobo Silver Ring,96,0x9a49c905c2cca8115d330572b494c6602aba6e1e,supportprime,20
2026-08-30T18:05:02Z,134,Chobo Silver Ring,97,0x1fa2d99af8af14a397129728bb7fbcc192d14196,axaxa,20
2026-08-30T18:05:02Z,134,Chobo Silver Ring,98,0x86ddd23ac3d0c0330bd5fab2948a63b6b6cfa3bc,andpeu_kpyt,19
2026-08-30T18:05:02Z,134,Chobo Silver Ring,99,0xfbfc822ee4989b2b4b9b18e4035ff72335cbb16e,jame7,19
2026-08-30T18:05:02Z,134,Chobo Silver Ring,100,0x53c5e9ffb362ec22fc172400bc6209819cb3a301,k1sel,19
2026-08-30T18:05:02Z,135,Crusader Silver Ring,1,0xd678b718f70389dbdd2d447df23333641e8f7480,yanik,683
2026-08-30T18:05:02Z,135,Crusader Silver Ring,2,0xf00dfac3af2f5b38fe55d50ccf8ffa8c293ea161,dudendy,476
2026-08-30T18:05:02Z,135,Crusader Silver Ring,3,0x9dc70f5472a88f3eefa4d515a6b1ec94d9d30d13,sidlovskyy,456
2026-08-30T18:05:02Z,135,Crusader Silver Ring,4,0x73a9ffdaaf53723f1d08403f613870cddd6e18fc,suspicious,343
2026-08-30T18:05:02Z,135,Crusader Silver Ring,5,0x2a2376e5e9981c19b15af64d2cdb57c9b94eb1f6,xiskool,236
2026-08-30T18:05:02Z,135,Crusader Silver Ring,6,0x0ee9318275c37f0e635bb7c8a455ade252cecf1f,georgysogood,177
2026-08-30T18:05:02Z,135,Crusader Silver Ring,7,0x0c0a71e32e1954635e2dde143ed9e59fe471fb94,kryy,168
2026-08-30T18:05:02Z,135,Crusader Silver Ring,8,0x3eda210ff41e2b2d1658ca5ebe0b80a376c7e0f4,astarta,147
2026-08-30T18:05:02Z,135,Crusader Silver Ring,9,0x4e16f03fafc94af2d0b79d2d15d3d54f7c9f04fa,recluseham,137
2026-08-30T18:05:02Z,135,Crusader Silver Ring,10,0x23244cc893df1ff2916ee2e492b65bec74b2760c,bunyoo,127
2026-08-30T18:05:02Z,135,Crusader Silver Ring,11,0x95233e2ec170b4ba0e2208c1ec89f3b87f8b18c7,gambit,124
2026-08-30T18:05:02Z,135,Crusader Silver Ring,12,0x0b2291da8091128352c2464f1072cf4211144744,moritz,120
2026-08-30T18:05:02Z,135,Crusader Silver Ring,13,0x2ab7adbf3685c74d2e300c9c0e676b1bf6027ac5,0xn00b,111
2026-08-30T18:05:02Z,135,Crusader Silver Ring,14,0x95f92440789e364f3a167069b899c84b02f92254,axion,106
2026-08-30T18:05:02Z,135,Crusader Silver Ring,15,0xbdecab53bb16b74aa1a1715cc4b80db641eac9da,rxch,95
2026-08-30T18:05:02Z,135,Crusader Silver Ring,16,0x0a42a67154221c44c9eae98eb7f9cbff2d269a0e,cassowary,81
2026-08-30T18:05:02Z,135,Crusader Silver Ring,17,0x388d510f0f11ba0762e8c7212645ed873c17a204,otabart,79
2026-08-30T18:05:02Z,135,Crusader Silver Ring,18,0x02764ae21333f5777b44cdded3a654a340176fff,bh3320,75
2026-08-30T18:05:02Z,135,Crusader Silver Ring,19,0x95f3c63ee60f5efc58bc6672b1a12314d67a6881,pro_mint,73
2026-08-30T18:05:02Z,135,Crusader Silver Ring,20,0xce3bc9c7e6b1a4082f9853f6f796e604148b2583,classicj,71
2026-08-30T18:05:02Z,135,Crusader Silver Ring,21,0xb2042611b4987ba8be9efd6cc1165f09e7c694a8,joblessathena,70
2026-08-30T18:05:02Z,135,Crusader Silver Ring,22,0x6a31fe60046a9da9867bccbe48378893906099f5,airmangataos,68
2026-08-30T18:05:02Z,135,Crusader Silver Ring,23,0x9b3ef1d5b7472560cf6241949b2485e456aa37a0,bush1do,66
2026-08-30T18:05:02Z,135,Crusader Silver Ring,24,0xcf29253e7c1e908d4091c9be85522893c77f0fc8,ciri,64
2026-08-30T18:05:02Z,135,Crusader Silver Ring,25,0x19342b9e3f123e373e24f1eea9bb5a1a935507fa,bigmommymilkers,63
2026-08-30T18:05:02Z,135,Crusader Silver Ring,26,0xa8a956a5690cc81bb367da2c2f6f1796be2b3c30,scottco,60
2026-08-30T18:05:02Z,135,Crusader Silver Ring,27,0xe4b1f5eb3da2195f8d41a052229a7eec3c4e6ed8,azoni,58
2026-08-30T18:05:02Z,135,Crusader Silver Ring,28,0xbddef3e050261365464e40d086b91f5100b13108,thattonton,57
2026-08-30T18:05:02Z,135,Crusader Silver Ring,29,0x469998f2fa8aaa2648fef6fc3902268f315195ef,mrgold,54
2026-08-30T18:05:02Z,135,Crusader Silver Ring,30,0xac06dbd4f2b1b174dbb3b67449f0f4245f0f3bc3,spanish,54
2026-08-30T18:05:02Z,135,Crusader Silver Ring,31,0x9c991a85b090aae221ef8418e3ca29279bf2500a,migs,54
2026-08-30T18:05:02Z,135,Crusader Silver Ring,32,0xeed7c6b2af48249a040c9e5d59437670889c7e07,lilwassie,51
2026-08-30T18:05:02Z,135,Crusader Silver Ring,33,0xb0d90d52c7389824d4b22c06bcdccd734e3162b7,ezsnipe,48
2026-08-30T18:05:02Z,135,Crusader Silver Ring,34,0xafe00172cf96544d610bf9b70d549a5e89b83f2d,hungryjay,44
2026-08-30T18:05:02Z,135,Crusader Silver Ring,35,0xfbfc822ee4989b2b4b9b18e4035ff72335cbb16e,jame7,41
2026-08-30T18:05:02Z,135,Crusader Silver Ring,36,0xa134a3dfa4cb010873db8012d5b360d97ba80c28,winner,40
2026-08-30T18:05:02Z,135,Crusader Silver Ring,37,0xe90a9bdb63e9ba04a7f3e95140ff803f2f377f5e,vova,40
2026-08-30T18:05:02Z,135,Crusader Silver Ring,38,0x7b924f8164ff2311680a0431f05e6bcde6a3f954,det0n,39
2026-08-30T18:05:02Z,135,Crusader Silver Ring,39,0x4f03ea409e546d9ab7eaa6c9b481bcb99c8547e5,coinpie,39
2026-08-30T18:05:02Z,135,Crusader Silver Ring,40,0xc3ae9ac69d672368539413235938277ce19fc270,bollin,38
2026-08-30T18:05:02Z,135,Crusader Silver Ring,41,0x69c4cc0147fbc23965896fb18a1ccea92230ed1b,afropengu,37
2026-08-30T18:05:02Z,135,Crusader Silver Ring,42,0x32cb224f344a9aa22c5d2e699f24d3928e6ca06f,d3r0,37
2026-08-30T18:05:02Z,135,Crusader Silver Ring,43,0x3d385f04852ae078d10e2a420f928f227f3e63f3,kellox,36
2026-08-30T18:05:02Z,135,Crusader Silver Ring,44,0xb0f42c12dd7e28f0deafe74fdf603782c430f896,stellarhobbes,36
2026-08-30T18:05:02Z,135,Crusader Silver Ring,45,0xbbdca17d69518306b61d26b54b5a6c61e6c0bba1,9stx6,36
2026-08-30T18:05:02Z,135,Crusader Silver Ring,46,0x55085ade6c1c39b64cd27099993c5dc933bbed35,bigdogga,36
2026-08-30T18:05:02Z,135,Crusader Silver Ring,47,0xef58ad6d6bcaf054da34948c88e7e91a052dc0fa,kraven,35
2026-08-30T18:05:02Z,135,Crusader Silver Ring,48,0x688410dbc8c331f5945eafc659ae721a447ae975,igloo,34
2026-08-30T18:05:02Z,135,Crusader Silver Ring,49,0x5e269213f74f3f53ed7b57e352860cf7493624f0,jesset,34
2026-08-30T18:05:02Z,135,Crusader Silver Ring,50,0xff6bddba3937f03b495b4efb304194d2cbc488ca,lizardmafia,33
2026-08-30T18:05:02Z,135,Crusader Silver Ring,51,0x33973ffb41add93b49227241566d3e5fc9ad904b,schemedream,32
2026-08-30T18:05:02Z,135,Crusader Silver Ring,52,0xd82311e0ddcff7cad1be090763d4f6d7ba1c290a,vims,32
2026-08-30T18:05:02Z,135,Crusader Silver Ring,53,0x161f91374506a85ed9063e90c4c217d8697d6471,proofofely,32
2026-08-30T18:05:02Z,135,Crusader Silver Ring,54,0xbbbfe4cc5c3924f19f6e36e66448b2e3a126b111,cryptologist,31
2026-08-30T18:05:02Z,135,Crusader Silver Ring,55,0x162a7c95e2e5a208748a6c024f0699e8eeb74dc4,wexovskiy,31
2026-08-30T18:05:02Z,135,Crusader Silver Ring,56,0x7dabaae6e27f981de192fc58bd4c8daf7b073c30,belik,31
2026-08-30T18:05:02Z,135,Crusader Silver Ring,57,0x4ebc17059cfc143d86fb92ed707805d68142e3ec,ponziscam,30
2026-08-30T18:05:02Z,135,Crusader Silver Ring,58,0x5168a8f95a5bce4f4918884b2db51132d8f3bbf1,neveli,30
2026-08-30T18:05:02Z,135,Crusader Silver Ring,59,0x6f8b27fe779070967417cc02447b231b5c14b843,souvx,28
2026-08-30T18:05:02Z,135,Crusader Silver Ring,60,0xfc32e5cfbea49a2f1d21936eec0a7722a6c2d4a7,tacolauncher,27
2026-08-30T18:05:02Z,135,Crusader Silver Ring,61,0x01082d01888902fdad71578bf989d342b71151ec,lowbank,27
2026-08-30T18:05:02Z,135,Crusader Silver Ring,62,0x1af6bc98104d0613fa61ccd0e1c80cf535aa3aee,cekpet,27
2026-08-30T18:05:02Z,135,Crusader Silver Ring,63,0x25fb85df6ac78c8b63e5e2b10e31fa36e72c2d38,bigpenis,27
2026-08-30T18:05:02Z,135,Crusader Silver Ring,64,0x6d91474e416efdb1dd7a0ed68c8892c3b18b08a8,ylooz,27
2026-08-30T18:05:02Z,135,Crusader Silver Ring,65,0x5f28eb5481eb2b2ef39d6d072fabad1026d52e69,wegowego,26
2026-08-30T18:05:02Z,135,Crusader Silver Ring,66,0x8ccb0988036cf9d2ca7b24ed46a57cf25ce6f92d,chosta,26
2026-08-30T18:05:02Z,135,Crusader Silver Ring,67,0x4c53b2e646a3e01c2b22497753b1560029b5166b,gusine,26
2026-08-30T18:05:02Z,135,Crusader Silver Ring,68,0x92569bee8c8b9c1df1c283a0409fcc2b2fede157,phalanx,25
2026-08-30T18:05:02Z,135,Crusader Silver Ring,69,0x13fe8fe08a0d824cd44b8d13f813891b6532f59e,morror,25
2026-08-30T18:05:02Z,135,Crusader Silver Ring,70,0x09c96dae4254764a02a211f6203dc9489a572602,favorburn,25
2026-08-30T18:05:02Z,135,Crusader Silver Ring,71,0x3c49ca3eda0ce8413f9c433f04322827714c23c3,dmisky,25
2026-08-30T18:05:02Z,135,Crusader Silver Ring,72,0x5bb347443887e595820f74f028e837c3766f5923,0xitero,25
2026-08-30T18:05:02Z,135,Crusader Silver Ring,73,0x130eab55f6941f66d4806532d9242cf969b4f036,frontdown,24
2026-08-30T18:05:02Z,135,Crusader Silver Ring,74,0xfa22eafe991cd1166ee4b5ba8236e1eba9105a54,grimreaper,24
2026-08-30T18:05:02Z,135,Crusader Silver Ring,75,0x61fe29db8881f4e0014d5bcac507a8940243bf11,kronovi,24
2026-08-30T18:05:02Z,135,Crusader Silver Ring,76,0xe5ec5ac7505d5fe893a58e0f2d4bb597d07f439d,bell_kraner,24
2026-08-30T18:05:02Z,135,Crusader Silver Ring,77,0xdcf62adfc2193b3997947424583654689bcfd391,tekmeneth,24
2026-08-30T18:05:02Z,135,Crusader Silver Ring,78,0x7e6cb1e3f70e681c2f31d52adc2b1d09d6edf232,resuka,24
2026-08-30T18:05:02Z,135,Crusader Silver Ring,79,0x58f8cecd8e442b14527531f436c9b27fb8f3f301,cmeptb,24
2026-08-30T18:05:02Z,135,Crusader Silver Ring,80,0xa8f0e3e52e0515f5605fb0632532667e494e7ca6,michmich,24
2026-08-30T18:05:02Z,135,Crusader Silver Ring,81,0x5f90cae78f02a95633e596c1841c6ef41fb431b2,pechou,24
2026-08-30T18:05:02Z,135,Crusader Silver Ring,82,0xfb4f086ba201a8f32805eb82a431a1dacc3f08b2,obivan,23
2026-08-30T18:05:02Z,135,Crusader Silver Ring,83,0x633a05cc1ee8deb99caa0f6f143c1662796beed0,volo,22
2026-08-30T18:05:02Z,135,Crusader Silver Ring,84,0x8ed20f071287100fafca51c94b5d6d0d8340aef9,joseprust,22
2026-08-30T18:05:02Z,135,Crusader Silver Ring,85,0xbd27b0379726a5628487edbc63a648f48f0e2e60,berhelit,22
2026-08-30T18:05:02Z,135,Crusader Silver Ring,86,0x92ecebfdc8eb148f78e120c08bfe85701554ab96,carlo,22
2026-08-30T18:05:02Z,135,Crusader Silver Ring,87,0xb4c3602689229297d255974e90ce4954d9380104,bkbk,21
2026-08-30T18:05:02Z,135,Crusader Silver Ring,88,0x7c597496f8c2e2ea4be50125c60b91a43fcf8db8,gromwtf,21
2026-08-30T18:05:02Z,135,Crusader Silver Ring,89,0xe510f33bf4792fcca24daa4ede08e4f228950a25,duub,21
2026-08-30T18:05:02Z,135,Crusader Silver Ring,90,0xd369f09014646bfc80d977a0daa62b5940b264b4,qqws,21
2026-08-30T18:05:02Z,135,Crusader Silver Ring,91,0x549300f79fb33ba2e77344e58b064ede194ef99a,okeydokey,21
2026-08-30T18:05:02Z,135,Crusader Silver Ring,92,0x4046cebd55d5a295dadab5e185980d98b823a300,gigachadpeng,21
2026-08-30T18:05:02Z,135,Crusader Silver Ring,93,0x83becb55eff583800cf1a9a2c03dd4b0fa4d7351,apix,21
2026-08-30T18:05:02Z,135,Crusader Silver Ring,94,0x07484b5b823bb4ec3f1a7ae7eb5e3fffb7bbe09c,agema,21
2026-08-30T18:05:02Z,135,Crusader Silver Ring,95,0x5f018c6e9b3b0d9c23e144bc5b2f4d82fc9b3650,jjangbang,20
2026-08-30T18:05:02Z,135,Crusader Silver Ring,96,0x9271e9969b98083d53bcf3c82ecf2a87b717500d,fefer,20
2026-08-30T18:05:02Z,135,Crusader Silver Ring,97,0x8298dfc90c0119379f265b4dad6e9f0e8359a80e,userbased,20
2026-08-30T18:05:02Z,135,Crusader Silver Ring,98,0xd4394678ec0e7501cb250bba925fa7d07197fd69,dithfucius,20
2026-08-30T18:05:02Z,135,Crusader Silver Ring,99,0x2c685f23808bc7b6adda1fd7b6949c5e2db97eb0,bubba,20
2026-08-30T18:05:02Z,135,Crusader Silver Ring,100,0x17e327bb2fdb1a17d9a369e3dd985406ec3824ca,gracieabrams,20
2026-08-30T18:05:02Z,136,Overseer Silver Ring,1,0xd678b718f70389dbdd2d447df23333641e8f7480,yanik,552
2026-08-30T18:05:02Z,136,Overseer Silver Ring,2,0x9dc70f5472a88f3eefa4d515a6b1ec94d9d30d13,sidlovskyy,440
2026-08-30T18:05:02Z,136,Overseer Silver Ring,3,0xf00dfac3af2f5b38fe55d50ccf8ffa8c293ea161,dudendy,389
2026-08-30T18:05:02Z,136,Overseer Silver Ring,4,0x73a9ffdaaf53723f1d08403f613870cddd6e18fc,suspicious,371
2026-08-30T18:05:02Z,136,Overseer Silver Ring,5,0x2a2376e5e9981c19b15af64d2cdb57c9b94eb1f6,xiskool,217
2026-08-30T18:05:02Z,136,Overseer Silver Ring,6,0x2ab7adbf3685c74d2e300c9c0e676b1bf6027ac5,0xn00b,139
2026-08-30T18:05:02Z,136,Overseer Silver Ring,7,0x3eda210ff41e2b2d1658ca5ebe0b80a376c7e0f4,astarta,139
2026-08-30T18:05:02Z,136,Overseer Silver Ring,8,0xac06dbd4f2b1b174dbb3b67449f0f4245f0f3bc3,spanish,126
2026-08-30T18:05:02Z,136,Overseer Silver Ring,9,0x0ee9318275c37f0e635bb7c8a455ade252cecf1f,georgysogood,123
2026-08-30T18:05:02Z,136,Overseer Silver Ring,10,0x4e16f03fafc94af2d0b79d2d15d3d54f7c9f04fa,recluseham,105
2026-08-30T18:05:02Z,136,Overseer Silver Ring,11,0x161f91374506a85ed9063e90c4c217d8697d6471,proofofely,101
2026-08-30T18:05:02Z,136,Overseer Silver Ring,12,0x95233e2ec170b4ba0e2208c1ec89f3b87f8b18c7,gambit,99
2026-08-30T18:05:02Z,136,Overseer Silver Ring,13,0xbdecab53bb16b74aa1a1715cc4b80db641eac9da,rxch,95
2026-08-30T18:05:02Z,136,Overseer Silver Ring,14,0x95f92440789e364f3a167069b899c84b02f92254,axion,94
2026-08-30T18:05:02Z,136,Overseer Silver Ring,15,0x388d510f0f11ba0762e8c7212645ed873c17a204,otabart,90
2026-08-30T18:05:02Z,136,Overseer Silver Ring,16,0xe90a9bdb63e9ba04a7f3e95140ff803f2f377f5e,vova,89
2026-08-30T18:05:02Z,136,Overseer Silver Ring,17,0x69c4cc0147fbc23965896fb18a1ccea92230ed1b,afropengu,81
2026-08-30T18:05:02Z,136,Overseer Silver Ring,18,0xeed7c6b2af48249a040c9e5d59437670889c7e07,lilwassie,76
2026-08-30T18:05:02Z,136,Overseer Silver Ring,19,0xf2f7e708ef447f9a445120ea0dcf5b4b5d19ac1b,dom1nus,74
2026-08-30T18:05:02Z,136,Overseer Silver Ring,20,0xa8a956a5690cc81bb367da2c2f6f1796be2b3c30,scottco,70
2026-08-30T18:05:02Z,136,Overseer Silver Ring,21,0x0b2291da8091128352c2464f1072cf4211144744,moritz,69
2026-08-30T18:05:02Z,136,Overseer Silver Ring,22,0xce3bc9c7e6b1a4082f9853f6f796e604148b2583,classicj,69
2026-08-30T18:05:02Z,136,Overseer Silver Ring,23,0xe4b1f5eb3da2195f8d41a052229a7eec3c4e6ed8,azoni,69
2026-08-30T18:05:02Z,136,Overseer Silver Ring,24,0x02764ae21333f5777b44cdded3a654a340176fff,bh3320,68
2026-08-30T18:05:02Z,136,Overseer Silver Ring,25,0xb2042611b4987ba8be9efd6cc1165f09e7c694a8,joblessathena,68
2026-08-30T18:05:02Z,136,Overseer Silver Ring,26,0xb0f42c12dd7e28f0deafe74fdf603782c430f896,stellarhobbes,65
2026-08-30T18:05:02Z,136,Overseer Silver Ring,27,0x19342b9e3f123e373e24f1eea9bb5a1a935507fa,bigmommymilkers,62
2026-08-30T18:05:02Z,136,Overseer Silver Ring,28,0x469998f2fa8aaa2648fef6fc3902268f315195ef,mrgold,60
2026-08-30T18:05:02Z,136,Overseer Silver Ring,29,0x3d385f04852ae078d10e2a420f928f227f3e63f3,kellox,55
2026-08-30T18:05:02Z,136,Overseer Silver Ring,30,0x0a42a67154221c44c9eae98eb7f9cbff2d269a0e,cassowary,52
2026-08-30T18:05:02Z,136,Overseer Silver Ring,31,0x23244cc893df1ff2916ee2e492b65bec74b2760c,bunyoo,50
2026-08-30T18:05:02Z,136,Overseer Silver Ring,32,0x9b3ef1d5b7472560cf6241949b2485e456aa37a0,bush1do,49
2026-08-30T18:05:02Z,136,Overseer Silver Ring,33,0x6a31fe60046a9da9867bccbe48378893906099f5,airmangataos,49
2026-08-30T18:05:02Z,136,Overseer Silver Ring,34,0xff6bddba3937f03b495b4efb304194d2cbc488ca,lizardmafia,43
2026-08-30T18:05:02Z,136,Overseer Silver Ring,35,0x4f03ea409e546d9ab7eaa6c9b481bcb99c8547e5,coinpie,42
2026-08-30T18:05:02Z,136,Overseer Silver Ring,36,0x1114d62a0148f458040fbf2ddb945560398ca5f0,soma,41
2026-08-30T18:05:02Z,136,Overseer Silver Ring,37,0xdd1722d7f70a5786da9e14bab66a373ee00878f2,abolfazlkk,40
2026-08-30T18:05:02Z,136,Overseer Silver Ring,38,0xc3ae9ac69d672368539413235938277ce19fc270,bollin,39
2026-08-30T18:05:02Z,136,Overseer Silver Ring,39,0xcf29253e7c1e908d4091c9be85522893c77f0fc8,ciri,38
2026-08-30T18:05:02Z,136,Overseer Silver Ring,40,0xef58ad6d6bcaf054da34948c88e7e91a052dc0fa,kraven,36
2026-08-30T18:05:02Z,136,Overseer Silver Ring,41,0x33973ffb41add93b49227241566d3e5fc9ad904b,schemedream,34
2026-08-30T18:05:02Z,136,Overseer Silver Ring,42,0xafe00172cf96544d610bf9b70d549a5e89b83f2d,hungryjay,33
2026-08-30T18:05:02Z,136,Overseer Silver Ring,43,0xe9a0904b53c6e9d7285440142ea3f0c96b69fcfa,karabas666,33
2026-08-30T18:05:02Z,136,Overseer Silver Ring,44,0x5168a8f95a5bce4f4918884b2db51132d8f3bbf1,neveli,33
2026-08-30T18:05:02Z,136,Overseer Silver Ring,45,0x55085ade6c1c39b64cd27099993c5dc933bbed35,bigdogga,33
2026-08-30T18:05:02Z,136,Overseer Silver Ring,46,0xd82311e0ddcff7cad1be090763d4f6d7ba1c290a,vims,31
2026-08-30T18:05:02Z,136,Overseer Silver Ring,47,0xaed39522670a5d146eb57289cc05b043bbeb0c19,lazyiv,30
2026-08-30T18:05:02Z,136,Overseer Silver Ring,48,0x4ebc17059cfc143d86fb92ed707805d68142e3ec,ponziscam,30
2026-08-30T18:05:02Z,136,Overseer Silver Ring,49,0xfa22eafe991cd1166ee4b5ba8236e1eba9105a54,grimreaper,30
2026-08-30T18:05:02Z,136,Overseer Silver Ring,50,0xd4394678ec0e7501cb250bba925fa7d07197fd69,dithfucius,30
2026-08-30T18:05:02Z,136,Overseer Silver Ring,51,0xb0d90d52c7389824d4b22c06bcdccd734e3162b7,ezsnipe,30
2026-08-30T18:05:02Z,136,Overseer Silver Ring,52,0x28b88b45c3309fa9940cd8c0c0212636ca364417,forfree,30
2026-08-30T18:05:02Z,136,Overseer Silver Ring,53,0xc705cca98c6af9a24d72bb9d0a0077c315217ed3,leleta,30
2026-08-30T18:05:02Z,136,Overseer Silver Ring,54,0x688410dbc8c331f5945eafc659ae721a447ae975,igloo,28
2026-08-30T18:05:02Z,136,Overseer Silver Ring,55,0x32cb224f344a9aa22c5d2e699f24d3928e6ca06f,d3r0,28
2026-08-30T18:05:02Z,136,Overseer Silver Ring,56,0x90bef28cbd710d4acea9efe1ae8457eeda8c65ec,snggamer,27
2026-08-30T18:05:02Z,136,Overseer Silver Ring,57,0x6f8b27fe779070967417cc02447b231b5c14b843,souvx,27
2026-08-30T18:05:02Z,136,Overseer Silver Ring,58,0x7a10d45c461e81e24796f9c83b584756876d24d7,stakeoor,27
2026-08-30T18:05:02Z,136,Overseer Silver Ring,59,0x162a7c95e2e5a208748a6c024f0699e8eeb74dc4,wexovskiy,27
2026-08-30T18:05:02Z,136,Overseer Silver Ring,60,0xeff6c4dcd2b79f502d5d7cb6e6daf70f2536daef,syta,27
2026-08-30T18:05:02Z,136,Overseer Silver Ring,61,0xd785a78da50d2bdf3f2f3a699a0efe6da4fca2cd,kontolodon,26
2026-08-30T18:05:02Z,136,Overseer Silver Ring,62,0x7c2f30cfd0f35b78438711cb7395ba12406e00fe,nickcoolzzz,26
2026-08-30T18:05:02Z,136,Overseer Silver Ring,63,0x25fb85df6ac78c8b63e5e2b10e31fa36e72c2d38,bigpenis,26
2026-08-30T18:05:02Z,136,Overseer Silver Ring,64,0xb29f073a9e2946d805714c9030b191ee6afed445,hitagi,26
2026-08-30T18:05:02Z,136,Overseer Silver Ring,65,0xd2bb5bcaaaa9d2d77a50598055397916780972ca,sinet,26
2026-08-30T18:05:02Z,136,Overseer Silver Ring,66,0x92569bee8c8b9c1df1c283a0409fcc2b2fede157,phalanx,25
2026-08-30T18:05:02Z,136,Overseer Silver Ring,67,0x60ce92f21269cd871a7910e28f0c59a82c05388a,sinon,24
2026-08-30T18:05:02Z,136,Overseer Silver Ring,68,0x7e6cb1e3f70e681c2f31d52adc2b1d09d6edf232,resuka,24
2026-08-30T18:05:02Z,136,Overseer Silver Ring,69,0x9ce44e274bce511788c6ac81eafdb71fe920d4ee,deanoxbt,24
2026-08-30T18:05:02Z,136,Overseer Silver Ring,70,0x9a49c905c2cca8115d330572b494c6602aba6e1e,supportprime,24
2026-08-30T18:05:02Z,136,Overseer Silver Ring,71,0x13fe8fe08a0d824cd44b8d13f813891b6532f59e,morror,23
2026-08-30T18:05:02Z,136,Overseer Silver Ring,72,0x36ef5b58dad1c055002c26c9c5a6787d09645edf,gibar,23
2026-08-30T18:05:02Z,136,Overseer Silver Ring,73,0xbda687405273093167bf658f65473b44c23b3f70,slayton,23
2026-08-30T18:05:02Z,136,Overseer Silver Ring,74,0xbddef3e050261365464e40d086b91f5100b13108,thattonton,23
2026-08-30T18:05:02Z,136,Overseer Silver Ring,75,0xfb4f086ba201a8f32805eb82a431a1dacc3f08b2,obivan,23
2026-08-30T18:05:02Z,136,Overseer Silver Ring,76,0xa036d0393a2c8073e6bb63170086e7dbeb1d04b1,okdk,23
2026-08-30T18:05:02Z,136,Overseer Silver Ring,77,0xa1da340729cff1782c83d5cfba586b4451c011ec,tozdelagaro,22
2026-08-30T18:05:02Z,136,Overseer Silver Ring,78,0x7b924f8164ff2311680a0431f05e6bcde6a3f954,det0n,22
2026-08-30T18:05:02Z,136,Overseer Silver Ring,79,0xa96401339fd8a6bed6c22b96620e7ad29a04f1e9,lavr1k,22
2026-08-30T18:05:02Z,136,Overseer Silver Ring,80,0xe6b6cbab6c586d64025ffaea1548f3f09dabe6c2,milkshake,22
2026-08-30T18:05:02Z,136,Overseer Silver Ring,81,0x41141ada36dbf8d069369c3c5d0a34970f3eaf2a,nastyuha,22
2026-08-30T18:05:02Z,136,Overseer Silver Ring,82,0xd15481578c11b4e5b8f241c412899a0bdd704408,wholistic,21
2026-08-30T18:05:02Z,136,Overseer Silver Ring,83,0x130eab55f6941f66d4806532d9242cf969b4f036,frontdown,21
2026-08-30T18:05:02Z,136,Overseer Silver Ring,84,0xbbdca17d69518306b61d26b54b5a6c61e6c0bba1,9stx6,21
2026-08-30T18:05:02Z,136,Overseer Silver Ring,85,0xa8f0e3e52e0515f5605fb0632532667e494e7ca6,michmich,21
2026-08-30T18:05:02Z,136,Overseer Silver Ring,86,0x01082d01888902fdad71578bf989d342b71151ec,lowbank,21
2026-08-30T18:05:02Z,136,Overseer Silver Ring,87,0x7528c1732168ace7027b18ec184d8cd6984f9eac,druid,21
2026-08-30T18:05:02Z,136,Overseer Silver Ring,88,0xfc32e5cfbea49a2f1d21936eec0a7722a6c2d4a7,tacolauncher,20
2026-08-30T18:05:02Z,136,Overseer Silver Ring,89,0xfbfc822ee4989b2b4b9b18e4035ff72335cbb16e,jame7,20
2026-08-30T18:05:02Z,136,Overseer Silver Ring,90,0x726f5883c555c2f0c3f6e4c07bdc0645c86c5a72,scandal,20
2026-08-30T18:05:02Z,136,Overseer Silver Ring,91,0x9271e9969b98083d53bcf3c82ecf2a87b717500d,fefer,19
2026-08-30T18:05:02Z,136,Overseer Silver Ring,92,0x40bfc8a6d3283958d3b70dc68049a78038a0f2e3,playaway,19
2026-08-30T18:05:02Z,136,Overseer Silver Ring,93,0x22241868ad341e77e2bc9142816000f43641e280,zoro,19
2026-08-30T18:05:02Z,136,Overseer Silver Ring,94,0x61fe29db8881f4e0014d5bcac507a8940243bf11,kronovi,19
2026-08-30T18:05:02Z,136,Overseer Silver Ring,95,0x15c0c948d3ea9a67b05319f40871de7bf5003db3,przyborleonedw,19
2026-08-30T18:05:02Z,136,Overseer Silver Ring,96,0x17e327bb2fdb1a17d9a369e3dd985406ec3824ca,gracieabrams,19
2026-08-30T18:05:02Z,136,Overseer Silver Ring,97,0x08f4fc19fdee64babf4bda2b0b6e30d3b8683025,aponroflon,19
2026-08-30T18:05:02Z,136,Overseer Silver Ring,98,0x88656e17cd2af1f05006d7a49d2cf7f5a806e337,lilstovetop,19
2026-08-30T18:05:02Z,136,Overseer Silver Ring,99,0xbb07b59c07b5be89c6cab7e00328505a75b29f76,archetype,18
2026-08-30T18:05:02Z,136,Overseer Silver Ring,100,0x190e541e5b614eb6393f1f997a6092f48efecc4e,smo69,18
2026-08-30T18:05:02Z,137,Athena Silver Ring,1,0xd678b718f70389dbdd2d447df23333641e8f7480,yanik,505
2026-08-30T18:05:02Z,137,Athena Silver Ring,2,0x9dc70f5472a88f3eefa4d515a6b1ec94d9d30d13,sidlovskyy,396
2026-08-30T18:05:02Z,137,Athena Silver Ring,3,0xf00dfac3af2f5b38fe55d50ccf8ffa8c293ea161,dudendy,387
2026-08-30T18:05:02Z,137,Athena Silver Ring,4,0x73a9ffdaaf53723f1d08403f613870cddd6e18fc,suspicious,352
2026-08-30T18:05:02Z,137,Athena Silver Ring,5,0x0c0a71e32e1954635e2dde143ed9e59fe471fb94,kryy,206
2026-08-30T18:05:02Z,137,Athena Silver Ring,6,0x2a2376e5e9981c19b15af64d2cdb57c9b94eb1f6,xiskool,197
2026-08-30T18:05:02Z,137,Athena Silver Ring,7,0x95233e2ec170b4ba0e2208c1ec89f3b87f8b18c7,gambit,172
2026-08-30T18:05:02Z,137,Athena Silver Ring,8,0xb0f42c12dd7e28f0deafe74fdf603782c430f896,stellarhobbes,131
2026-08-30T18:05:02Z,137,Athena Silver Ring,9,0x4e16f03fafc94af2d0b79d2d15d3d54f7c9f04fa,recluseham,121
2026-08-30T18:05:02Z,137,Athena Silver Ring,10,0x0a42a67154221c44c9eae98eb7f9cbff2d269a0e,cassowary,117
2026-08-30T18:05:02Z,137,Athena Silver Ring,11,0x0ee9318275c37f0e635bb7c8a455ade252cecf1f,georgysogood,115
2026-08-30T18:05:02Z,137,Athena Silver Ring,12,0x95f92440789e364f3a167069b899c84b02f92254,axion,113
2026-08-30T18:05:02Z,137,Athena Silver Ring,13,0xe4b1f5eb3da2195f8d41a052229a7eec3c4e6ed8,azoni,106
2026-08-30T18:05:02Z,137,Athena Silver Ring,14,0x0b2291da8091128352c2464f1072cf4211144744,moritz,101
2026-08-30T18:05:02Z,137,Athena Silver Ring,15,0x2ab7adbf3685c74d2e300c9c0e676b1bf6027ac5,0xn00b,99
2026-08-30T18:05:02Z,137,Athena Silver Ring,16,0xd2bb5bcaaaa9d2d77a50598055397916780972ca,sinet,97
2026-08-30T18:05:02Z,137,Athena Silver Ring,17,0xbdecab53bb16b74aa1a1715cc4b80db641eac9da,rxch,95
2026-08-30T18:05:02Z,137,Athena Silver Ring,18,0x23244cc893df1ff2916ee2e492b65bec74b2760c,bunyoo,89
2026-08-30T18:05:02Z,137,Athena Silver Ring,19,0xa8a956a5690cc81bb367da2c2f6f1796be2b3c30,scottco,84
2026-08-30T18:05:02Z,137,Athena Silver Ring,20,0x3eda210ff41e2b2d1658ca5ebe0b80a376c7e0f4,astarta,81
2026-08-30T18:05:02Z,137,Athena Silver Ring,21,0x388d510f0f11ba0762e8c7212645ed873c17a204,otabart,80
2026-08-30T18:05:02Z,137,Athena Silver Ring,22,0xac06dbd4f2b1b174dbb3b67449f0f4245f0f3bc3,spanish,78
2026-08-30T18:05:02Z,137,Athena Silver Ring,23,0xcf29253e7c1e908d4091c9be85522893c77f0fc8,ciri,77
2026-08-30T18:05:02Z,137,Athena Silver Ring,24,0x69c4cc0147fbc23965896fb18a1ccea92230ed1b,afropengu,75
2026-08-30T18:05:02Z,137,Athena Silver Ring,25,0x02764ae21333f5777b44cdded3a654a340176fff,bh3320,74
2026-08-30T18:05:02Z,137,Athena Silver Ring,26,0x688410dbc8c331f5945eafc659ae721a447ae975,igloo,67
2026-08-30T18:05:02Z,137,Athena Silver Ring,27,0x9b3ef1d5b7472560cf6241949b2485e456aa37a0,bush1do,67
2026-08-30T18:05:02Z,137,Athena Silver Ring,28,0xb2042611b4987ba8be9efd6cc1165f09e7c694a8,joblessathena,67
2026-08-30T18:05:02Z,137,Athena Silver Ring,29,0xbddef3e050261365464e40d086b91f5100b13108,thattonton,65
2026-08-30T18:05:02Z,137,Athena Silver Ring,30,0x3d385f04852ae078d10e2a420f928f227f3e63f3,kellox,61
2026-08-30T18:05:02Z,137,Athena Silver Ring,31,0x6a31fe60046a9da9867bccbe48378893906099f5,airmangataos,57
2026-08-30T18:05:02Z,137,Athena Silver Ring,32,0xce3bc9c7e6b1a4082f9853f6f796e604148b2583,classicj,57
2026-08-30T18:05:02Z,137,Athena Silver Ring,33,0x469998f2fa8aaa2648fef6fc3902268f315195ef,mrgold,53
2026-08-30T18:05:02Z,137,Athena Silver Ring,34,0xeed7c6b2af48249a040c9e5d59437670889c7e07,lilwassie,52
2026-08-30T18:05:02Z,137,Athena Silver Ring,35,0xf5826d91cb7f5fa32f98d82a0268550b4d6e22ee,gojo_,51
2026-08-30T18:05:02Z,137,Athena Silver Ring,36,0x19342b9e3f123e373e24f1eea9bb5a1a935507fa,bigmommymilkers,49
2026-08-30T18:05:02Z,137,Athena Silver Ring,37,0x7b924f8164ff2311680a0431f05e6bcde6a3f954,det0n,46
2026-08-30T18:05:02Z,137,Athena Silver Ring,38,0xb0d90d52c7389824d4b22c06bcdccd734e3162b7,ezsnipe,46
2026-08-30T18:05:02Z,137,Athena Silver Ring,39,0x33973ffb41add93b49227241566d3e5fc9ad904b,schemedream,42
2026-08-30T18:05:02Z,137,Athena Silver Ring,40,0x90c1ed16e9b16db7d031f573d20bead430feb107,jablko,40
2026-08-30T18:05:02Z,137,Athena Silver Ring,41,0x0cc677b008149e08e468fe7da539e5dd24eb05dd,yashiw,39
2026-08-30T18:05:02Z,137,Athena Silver Ring,42,0xc3ae9ac69d672368539413235938277ce19fc270,bollin,38
2026-08-30T18:05:02Z,137,Athena Silver Ring,43,0x6cdaec838d799cc664dd421324d480b1592c9b5a,lilstaffx,37
2026-08-30T18:05:02Z,137,Athena Silver Ring,44,0xbbbfe4cc5c3924f19f6e36e66448b2e3a126b111,cryptologist,37
2026-08-30T18:05:02Z,137,Athena Silver Ring,45,0x40bfc8a6d3283958d3b70dc68049a78038a0f2e3,playaway,35
2026-08-30T18:05:02Z,137,Athena Silver Ring,46,0xfa22eafe991cd1166ee4b5ba8236e1eba9105a54,grimreaper,35
2026-08-30T18:05:02Z,137,Athena Silver Ring,47,0x55085ade6c1c39b64cd27099993c5dc933bbed35,bigdogga,34
2026-08-30T18:05:02Z,137,Athena Silver Ring,48,0x83becb55eff583800cf1a9a2c03dd4b0fa4d7351,apix,33
2026-08-30T18:05:02Z,137,Athena Silver Ring,49,0xe9a0904b53c6e9d7285440142ea3f0c96b69fcfa,karabas666,32
2026-08-30T18:05:02Z,137,Athena Silver Ring,50,0x7a10d45c461e81e24796f9c83b584756876d24d7,stakeoor,32
2026-08-30T18:05:02Z,137,Athena Silver Ring,51,0xff6bddba3937f03b495b4efb304194d2cbc488ca,lizardmafia,31
2026-08-30T18:05:02Z,137,Athena Silver Ring,52,0x07484b5b823bb4ec3f1a7ae7eb5e3fffb7bbe09c,agema,31
2026-08-30T18:05:02Z,137,Athena Silver Ring,53,0x4ebc17059cfc143d86fb92ed707805d68142e3ec,ponziscam,30
2026-08-30T18:05:02Z,137,Athena Silver Ring,54,0xd4394678ec0e7501cb250bba925fa7d07197fd69,dithfucius,30
2026-08-30T18:05:02Z,137,Athena Silver Ring,55,0x4f03ea409e546d9ab7eaa6c9b481bcb99c8547e5,coinpie,30
2026-08-30T18:05:02Z,137,Athena Silver Ring,56,0x5168a8f95a5bce4f4918884b2db51132d8f3bbf1,neveli,30
2026-08-30T18:05:02Z,137,Athena Silver Ring,57,0xd1c76125cb2751750ddb2afded780c6f5b7a3cbc,kace,30
2026-08-30T18:05:02Z,137,Athena Silver Ring,58,0x378f0bda88d7255f95afef6029799df500a6cc66,lamperouge,28
2026-08-30T18:05:02Z,137,Athena Silver Ring,59,0xff7d79ac80e742019c6f889a11f082bf93f0dfd3,koopfiy,28
2026-08-30T18:05:02Z,137,Athena Silver Ring,60,0x5f018c6e9b3b0d9c23e144bc5b2f4d82fc9b3650,jjangbang,27
2026-08-30T18:05:02Z,137,Athena Silver Ring,61,0xfc32e5cfbea49a2f1d21936eec0a7722a6c2d4a7,tacolauncher,27
2026-08-30T18:05:02Z,137,Athena Silver Ring,62,0x161f91374506a85ed9063e90c4c217d8697d6471,proofofely,27
2026-08-30T18:05:02Z,137,Athena Silver Ring,63,0x48eae6c83bdc1effef0bde8491e43c28d41b80f4,oleole,27
2026-08-30T18:05:02Z,137,Athena Silver Ring,64,0xf03b88d187431fd4486ee15cd17a1b75b107b9c2,freeroll4,27
2026-08-30T18:05:02Z,137,Athena Silver Ring,65,0xfb4f086ba201a8f32805eb82a431a1dacc3f08b2,obivan,27
2026-08-30T18:05:02Z,137,Athena Silver Ring,66,0x297b3eff8fccbbc35b111bd0a09b7a99a26ba965,ferentano,27
2026-08-30T18:05:02Z,137,Athena Silver Ring,67,0x92569bee8c8b9c1df1c283a0409fcc2b2fede157,phalanx,26
2026-08-30T18:05:02Z,137,Athena Silver Ring,68,0x9271e9969b98083d53bcf3c82ecf2a87b717500d,fefer,25
2026-08-30T18:05:02Z,137,Athena Silver Ring,69,0xef58ad6d6bcaf054da34948c88e7e91a052dc0fa,kraven,25
2026-08-30T18:05:02Z,137,Athena Silver Ring,70,0xdcf62adfc2193b3997947424583654689bcfd391,tekmeneth,25
2026-08-30T18:05:02Z,137,Athena Silver Ring,71,0x549300f79fb33ba2e77344e58b064ede194ef99a,okeydokey,25
2026-08-30T18:05:02Z,137,Athena Silver Ring,72,0x25fb85df6ac78c8b63e5e2b10e31fa36e72c2d38,bigpenis,25
2026-08-30T18:05:02Z,137,Athena Silver Ring,73,0x5bb347443887e595820f74f028e837c3766f5923,0xitero,25
2026-08-30T18:05:02Z,137,Athena Silver Ring,74,0x424188d8a6dc563a8a996a88c8317ba982e6c9e6,sdrnk,24
2026-08-30T18:05:02Z,137,Athena Silver Ring,75,0xff028938094ce190ffb53a2b98330896e5a64b4c,whocaresq,24
2026-08-30T18:05:02Z,137,Athena Silver Ring,76,0x5a1c08126a6e9cb6d492a61baa83111c1e16e2ef,shaggy8627,24
2026-08-30T18:05:02Z,137,Athena Silver Ring,77,0x13fe8fe08a0d824cd44b8d13f813891b6532f59e,morror,24
2026-08-30T18:05:02Z,137,Athena Silver Ring,78,0x7e6cb1e3f70e681c2f31d52adc2b1d09d6edf232,resuka,24
2026-08-30T18:05:02Z,137,Athena Silver Ring,79,0xa1da340729cff1782c83d5cfba586b4451c011ec,tozdelagaro,23
2026-08-30T18:05:02Z,137,Athena Silver Ring,80,0xd82311e0ddcff7cad1be090763d4f6d7ba1c290a,vims,23
2026-08-30T18:05:02Z,137,Athena Silver Ring,81,0x162a7c95e2e5a208748a6c024f0699e8eeb74dc4,wexovskiy,23
2026-08-30T18:05:02Z,137,Athena Silver Ring,82,0x95f3c63ee60f5efc58bc6672b1a12314d67a6881,pro_mint,23
2026-08-30T18:05:02Z,137,Athena Silver Ring,83,0x4ec977a8e80c4099a44f8ae53a48281448471342,terrestra,23
2026-08-30T18:05:02Z,137,Athena Silver Ring,84,0x80bc8e8581f8f5ee286696352a7f4ca69bbca05c,communityevo,23
2026-08-30T18:05:02Z,137,Athena Silver Ring,85,0xc415a02bba63fae3eafb9400d8cff3a157a3b93d,naruto,22
2026-08-30T18:05:02Z,137,Athena Silver Ring,86,0x0d1df94f0106ce5bd92138d43c8551cad530c169,vermo,22
2026-08-30T18:05:02Z,137,Athena Silver Ring,87,0xfbfc822ee4989b2b4b9b18e4035ff72335cbb16e,jame7,22
2026-08-30T18:05:02Z,137,Athena Silver Ring,88,0x9a49c905c2cca8115d330572b494c6602aba6e1e,supportprime,22
2026-08-30T18:05:02Z,137,Athena Silver Ring,89,0x5f90cae78f02a95633e596c1841c6ef41fb431b2,pechou,22
2026-08-30T18:05:02Z,137,Athena Silver Ring,90,0xd15481578c11b4e5b8f241c412899a0bdd704408,wholistic,21
2026-08-30T18:05:02Z,137,Athena Silver Ring,91,0x999eba5d7ad0e1a53ea600c384356a288381d09e,dbmafia,21
2026-08-30T18:05:02Z,137,Athena Silver Ring,92,0xe6b6cbab6c586d64025ffaea1548f3f09dabe6c2,milkshake,21
2026-08-30T18:05:02Z,137,Athena Silver Ring,93,0xeebea836b281e2edef370c5f157944d66b31c800,addas11,21
2026-08-30T18:05:02Z,137,Athena Silver Ring,94,0x9ce44e274bce511788c6ac81eafdb71fe920d4ee,deanoxbt,21
2026-08-30T18:05:02Z,137,Athena Silver Ring,95,0x28b88b45c3309fa9940cd8c0c0212636ca364417,forfree,21
2026-08-30T18:05:02Z,137,Athena Silver Ring,96,0xbd27b0379726a5628487edbc63a648f48f0e2e60,berhelit,21
2026-08-30T18:05:02Z,137,Athena Silver Ring,97,0xf5c2430fafa3b3b0f30e6f6a25b0b003ae94a40d,trickey,21
2026-08-30T18:05:02Z,137,Athena Silver Ring,98,0xafe00172cf96544d610bf9b70d549a5e89b83f2d,hungryjay,20
2026-08-30T18:05:02Z,137,Athena Silver Ring,99,0x5847046390615895540cab8ac069d99051f92fed,wisetwo,20
2026-08-30T18:05:02Z,137,Athena Silver Ring,100,0x03274357ecf3f8680dfe3f004b1b1571c7326c6f,escobardio,20
2026-08-30T18:05:02Z,138,Archon Silver Ring,1,0xd678b718f70389dbdd2d447df23333641e8f7480,yanik,480
2026-08-30T18:05:02Z,138,Archon Silver Ring,2,0x73a9ffdaaf53723f1d08403f613870cddd6e18fc,suspicious,431
2026-08-30T18:05:02Z,138,Archon Silver Ring,3,0x9dc70f5472a88f3eefa4d515a6b1ec94d9d30d13,sidlovskyy,414
2026-08-30T18:05:02Z,138,Archon Silver Ring,4,0xf00dfac3af2f5b38fe55d50ccf8ffa8c293ea161,dudendy,393
2026-08-30T18:05:02Z,138,Archon Silver Ring,5,0x2a2376e5e9981c19b15af64d2cdb57c9b94eb1f6,xiskool,223
2026-08-30T18:05:02Z,138,Archon Silver Ring,6,0x0c0a71e32e1954635e2dde143ed9e59fe471fb94,kryy,174
2026-08-30T18:05:02Z,138,Archon Silver Ring,7,0x95233e2ec170b4ba0e2208c1ec89f3b87f8b18c7,gambit,149
2026-08-30T18:05:02Z,138,Archon Silver Ring,8,0xac06dbd4f2b1b174dbb3b67449f0f4245f0f3bc3,spanish,115
2026-08-30T18:05:02Z,138,Archon Silver Ring,9,0x2ab7adbf3685c74d2e300c9c0e676b1bf6027ac5,0xn00b,113
2026-08-30T18:05:02Z,138,Archon Silver Ring,10,0x0a42a67154221c44c9eae98eb7f9cbff2d269a0e,cassowary,113
2026-08-30T18:05:02Z,138,Archon Silver Ring,11,0x95f92440789e364f3a167069b899c84b02f92254,axion,112
2026-08-30T18:05:02Z,138,Archon Silver Ring,12,0x3eda210ff41e2b2d1658ca5ebe0b80a376c7e0f4,astarta,108
2026-08-30T18:05:02Z,138,Archon Silver Ring,13,0x388d510f0f11ba0762e8c7212645ed873c17a204,otabart,106
2026-08-30T18:05:02Z,138,Archon Silver Ring,14,0x0ee9318275c37f0e635bb7c8a455ade252cecf1f,georgysogood,100
2026-08-30T18:05:02Z,138,Archon Silver Ring,15,0xbdecab53bb16b74aa1a1715cc4b80db641eac9da,rxch,95
2026-08-30T18:05:02Z,138,Archon Silver Ring,16,0x161f91374506a85ed9063e90c4c217d8697d6471,proofofely,88
2026-08-30T18:05:02Z,138,Archon Silver Ring,17,0xeed7c6b2af48249a040c9e5d59437670889c7e07,lilwassie,87
2026-08-30T18:05:02Z,138,Archon Silver Ring,18,0xb0d90d52c7389824d4b22c06bcdccd734e3162b7,ezsnipe,86
2026-08-30T18:05:02Z,138,Archon Silver Ring,19,0xb2042611b4987ba8be9efd6cc1165f09e7c694a8,joblessathena,83
2026-08-30T18:05:02Z,138,Archon Silver Ring,20,0x6a31fe60046a9da9867bccbe48378893906099f5,airmangataos,82
2026-08-30T18:05:02Z,138,Archon Silver Ring,21,0x469998f2fa8aaa2648fef6fc3902268f315195ef,mrgold,79
2026-08-30T18:05:02Z,138,Archon Silver Ring,22,0x23244cc893df1ff2916ee2e492b65bec74b2760c,bunyoo,79
2026-08-30T18:05:02Z,138,Archon Silver Ring,23,0xb0f42c12dd7e28f0deafe74fdf603782c430f896,stellarhobbes,75
2026-08-30T18:05:02Z,138,Archon Silver Ring,24,0xce3bc9c7e6b1a4082f9853f6f796e604148b2583,classicj,71
2026-08-30T18:05:02Z,138,Archon Silver Ring,25,0x69c4cc0147fbc23965896fb18a1ccea92230ed1b,afropengu,68
2026-08-30T18:05:02Z,138,Archon Silver Ring,26,0x90c1ed16e9b16db7d031f573d20bead430feb107,jablko,63
2026-08-30T18:05:02Z,138,Archon Silver Ring,27,0xe4b1f5eb3da2195f8d41a052229a7eec3c4e6ed8,azoni,63
2026-08-30T18:05:02Z,138,Archon Silver Ring,28,0xcf29253e7c1e908d4091c9be85522893c77f0fc8,ciri,61
2026-08-30T18:05:02Z,138,Archon Silver Ring,29,0x9b3ef1d5b7472560cf6241949b2485e456aa37a0,bush1do,61
2026-08-30T18:05:02Z,138,Archon Silver Ring,30,0x36ef5b58dad1c055002c26c9c5a6787d09645edf,gibar,60
2026-08-30T18:05:02Z,138,Archon Silver Ring,31,0xd2bb5bcaaaa9d2d77a50598055397916780972ca,sinet,60
2026-08-30T18:05:02Z,138,Archon Silver Ring,32,0x19342b9e3f123e373e24f1eea9bb5a1a935507fa,bigmommymilkers,56
2026-08-30T18:05:02Z,138,Archon Silver Ring,33,0x0b2291da8091128352c2464f1072cf4211144744,moritz,54
2026-08-30T18:05:02Z,138,Archon Silver Ring,34,0x7b924f8164ff2311680a0431f05e6bcde6a3f954,det0n,50
2026-08-30T18:05:02Z,138,Archon Silver Ring,35,0xbddef3e050261365464e40d086b91f5100b13108,thattonton,49
2026-08-30T18:05:02Z,138,Archon Silver Ring,36,0xb604a0af13954499cdc4100eeebcfaa28d6d3985,moonshine_,46
2026-08-30T18:05:02Z,138,Archon Silver Ring,37,0xe90a9bdb63e9ba04a7f3e95140ff803f2f377f5e,vova,46
2026-08-30T18:05:02Z,138,Archon Silver Ring,38,0xa8a956a5690cc81bb367da2c2f6f1796be2b3c30,scottco,44
2026-08-30T18:05:02Z,138,Archon Silver Ring,39,0x4e16f03fafc94af2d0b79d2d15d3d54f7c9f04fa,recluseham,42
2026-08-30T18:05:02Z,138,Archon Silver Ring,40,0x28b88b45c3309fa9940cd8c0c0212636ca364417,forfree,42
2026-08-30T18:05:02Z,138,Archon Silver Ring,41,0x55085ade6c1c39b64cd27099993c5dc933bbed35,bigdogga,41
2026-08-30T18:05:02Z,138,Archon Silver Ring,42,0x688410dbc8c331f5945eafc659ae721a447ae975,igloo,40
2026-08-30T18:05:02Z,138,Archon Silver Ring,43,0x2c685f23808bc7b6adda1fd7b6949c5e2db97eb0,bubba,40
2026-08-30T18:05:02Z,138,Archon Silver Ring,44,0xbbdca17d69518306b61d26b54b5a6c61e6c0bba1,9stx6,39
2026-08-30T18:05:02Z,138,Archon Silver Ring,45,0xef58ad6d6bcaf054da34948c88e7e91a052dc0fa,kraven,36
2026-08-30T18:05:02Z,138,Archon Silver Ring,46,0x32cb224f344a9aa22c5d2e699f24d3928e6ca06f,d3r0,36
2026-08-30T18:05:02Z,138,Archon Silver Ring,47,0xa3103de676b55442b3c32884b1596b80d4d42cf2,loxik,33
2026-08-30T18:05:02Z,138,Archon Silver Ring,48,0x1114d62a0148f458040fbf2ddb945560398ca5f0,soma,33
2026-08-30T18:05:02Z,138,Archon Silver Ring,49,0x01082d01888902fdad71578bf989d342b71151ec,lowbank,32
2026-08-30T18:05:02Z,138,Archon Silver Ring,50,0x3d385f04852ae078d10e2a420f928f227f3e63f3,kellox,31
2026-08-30T18:05:02Z,138,Archon Silver Ring,51,0x53c5e9ffb362ec22fc172400bc6209819cb3a301,k1sel,31
2026-08-30T18:05:02Z,138,Archon Silver Ring,52,0x4ebc17059cfc143d86fb92ed707805d68142e3ec,ponziscam,30
2026-08-30T18:05:02Z,138,Archon Silver Ring,53,0xfc32e5cfbea49a2f1d21936eec0a7722a6c2d4a7,tacolauncher,30
2026-08-30T18:05:02Z,138,Archon Silver Ring,54,0x4f03ea409e546d9ab7eaa6c9b481bcb99c8547e5,coinpie,30
2026-08-30T18:05:02Z,138,Archon Silver Ring,55,0x9ce44e274bce511788c6ac81eafdb71fe920d4ee,deanoxbt,30
2026-08-30T18:05:02Z,138,Archon Silver Ring,56,0xff6bddba3937f03b495b4efb304194d2cbc488ca,lizardmafia,30
2026-08-30T18:05:02Z,138,Archon Silver Ring,57,0xd82311e0ddcff7cad1be090763d4f6d7ba1c290a,vims,29
2026-08-30T18:05:02Z,138,Archon Silver Ring,58,0x13fe8fe08a0d824cd44b8d13f813891b6532f59e,morror,29
2026-08-30T18:05:02Z,138,Archon Silver Ring,59,0xfa4f36238d8d0533ec8f8b5ec747a96ee1b053e0,frodo,28
2026-08-30T18:05:02Z,138,Archon Silver Ring,60,0x4c53b2e646a3e01c2b22497753b1560029b5166b,gusine,28
2026-08-30T18:05:02Z,138,Archon Silver Ring,61,0x190e541e5b614eb6393f1f997a6092f48efecc4e,smo69,27
2026-08-30T18:05:02Z,138,Archon Silver Ring,62,0xfa22eafe991cd1166ee4b5ba8236e1eba9105a54,grimreaper,27
2026-08-30T18:05:02Z,138,Archon Silver Ring,63,0xeebea836b281e2edef370c5f157944d66b31c800,addas11,27
2026-08-30T18:05:02Z,138,Archon Silver Ring,64,0xfb8b5790a0fe64729cdf21263d5538b09921d336,method,27
2026-08-30T18:05:02Z,138,Archon Silver Ring,65,0x5bb347443887e595820f74f028e837c3766f5923,0xitero,27
2026-08-30T18:05:02Z,138,Archon Silver Ring,66,0x9271e9969b98083d53bcf3c82ecf2a87b717500d,fefer,26
2026-08-30T18:05:02Z,138,Archon Silver Ring,67,0x6f8b27fe779070967417cc02447b231b5c14b843,souvx,26
2026-08-30T18:05:02Z,138,Archon Silver Ring,68,0xfb3a7ef01adf1275dd190612752a218c4d74c551,turtlemafia,25
2026-08-30T18:05:02Z,138,Archon Silver Ring,69,0x9c991a85b090aae221ef8418e3ca29279bf2500a,migs,25
2026-08-30T18:05:02Z,138,Archon Silver Ring,70,0x25fb85df6ac78c8b63e5e2b10e31fa36e72c2d38,bigpenis,25
2026-08-30T18:05:02Z,138,Archon Silver Ring,71,0x40bfc8a6d3283958d3b70dc68049a78038a0f2e3,playaway,24
2026-08-30T18:05:02Z,138,Archon Silver Ring,72,0xd4394678ec0e7501cb250bba925fa7d07197fd69,dithfucius,24
2026-08-30T18:05:02Z,138,Archon Silver Ring,73,0xa96401339fd8a6bed6c22b96620e7ad29a04f1e9,lavr1k,24
2026-08-30T18:05:02Z,138,Archon Silver Ring,74,0x92569bee8c8b9c1df1c283a0409fcc2b2fede157,phalanx,24
2026-08-30T18:05:02Z,138,Archon Silver Ring,75,0x42fea3f88a8bc29309a55ba3ebaed3667a06248f,salaga_lida,24
2026-08-30T18:05:02Z,138,Archon Silver Ring,76,0x7e6cb1e3f70e681c2f31d52adc2b1d09d6edf232,resuka,24
2026-08-30T18:05:02Z,138,Archon Silver Ring,77,0x549300f79fb33ba2e77344e58b064ede194ef99a,okeydokey,24
2026-08-30T18:05:02Z,138,Archon Silver Ring,78,0x7528c1732168ace7027b18ec184d8cd6984f9eac,druid,24
2026-08-30T18:05:02Z,138,Archon Silver Ring,79,0xc34c29733dcf130f75090464ced47275d88e3419,basedcamp,23
2026-08-30T18:05:02Z,138,Archon Silver Ring,80,0x3629d88069124258ef6bb99c9080d064f42e7206,grumpy,23
2026-08-30T18:05:02Z,138,Archon Silver Ring,81,0xa134a3dfa4cb010873db8012d5b360d97ba80c28,winner,23
2026-08-30T18:05:02Z,138,Archon Silver Ring,82,0x844d58714aa3fed998f898cbce1b0ddc4550304f,jiren,22
2026-08-30T18:05:02Z,138,Archon Silver Ring,83,0x162a7c95e2e5a208748a6c024f0699e8eeb74dc4,wexovskiy,22
2026-08-30T18:05:02Z,138,Archon Silver Ring,84,0x663ac0e621bd9bbd47100768d3ce98f0e25a7b21,skoheels,22
2026-08-30T18:05:02Z,138,Archon Silver Ring,85,0x908c7c7f0266da791bae52b9ecac8c34ca73d9f4,mangas,22
2026-08-30T18:05:02Z,138,Archon Silver Ring,86,0x80bc8e8581f8f5ee286696352a7f4ca69bbca05c,communityevo,22
2026-08-30T18:05:02Z,138,Archon Silver Ring,87,0xc415a02bba63fae3eafb9400d8cff3a157a3b93d,naruto,21
2026-08-30T18:05:02Z,138,Archon Silver Ring,88,0x5d94f14bafdc6920e462abaa8285d680d4dfa069,tofu,21
2026-08-30T18:05:02Z,138,Archon Silver Ring,89,0x999eba5d7ad0e1a53ea600c384356a288381d09e,dbmafia,21
2026-08-30T18:05:02Z,138,Archon Silver Ring,90,0x88d62fbb7aa5d418b1886085dc949567500b569d,alebaner,21
2026-08-30T18:05:02Z,138,Archon Silver Ring,91,0x55a5144bf3ef42be03e893619f196b5e541beaea,artofbeing,21
2026-08-30T18:05:02Z,138,Archon Silver Ring,92,0x48eae6c83bdc1effef0bde8491e43c28d41b80f4,oleole,21
2026-08-30T18:05:02Z,138,Archon Silver Ring,93,0xfb4f086ba201a8f32805eb82a431a1dacc3f08b2,obivan,21
2026-08-30T18:05:02Z,138,Archon Silver Ring,94,0xdeaa0c7e57f10e4274ca41b4d5ec461ab4fb2609,detagged,21
2026-08-30T18:05:02Z,138,Archon Silver Ring,95,0x7ec307fa89a4ecc72139a4d169d5d8fcaeceb951,honeyrat,20
2026-08-30T18:05:02Z,138,Archon Silver Ring,96,0x130eab55f6941f66d4806532d9242cf969b4f036,frontdown,20
2026-08-30T18:05:02Z,138,Archon Silver Ring,97,0x5847046390615895540cab8ac069d99051f92fed,wisetwo,20
2026-08-30T18:05:02Z,138,Archon Silver Ring,98,0xb4c3602689229297d255974e90ce4954d9380104,bkbk,20
2026-08-30T18:05:02Z,138,Archon Silver Ring,99,0xa65244b636a0a5d17e33db1a7d9b5b40fc8b6b8e,moustache,20
2026-08-30T18:05:02Z,138,Archon Silver Ring,100,0x319937150f931d5bda6b3679305453a8c45e55d0,tszunami,20
2026-08-30T18:05:02Z,139,Foxglove Silver Ring,1,0xd678b718f70389dbdd2d447df23333641e8f7480,yanik,568
2026-08-30T18:05:02Z,139,Foxglove Silver Ring,2,0x9dc70f5472a88f3eefa4d515a6b1ec94d9d30d13,sidlovskyy,382
2026-08-30T18:05:02Z,139,Foxglove Silver Ring,3,0x73a9ffdaaf53723f1d08403f613870cddd6e18fc,suspicious,378
2026-08-30T18:05:02Z,139,Foxglove Silver Ring,4,0xf00dfac3af2f5b38fe55d50ccf8ffa8c293ea161,dudendy,362
2026-08-30T18:05:02Z,139,Foxglove Silver Ring,5,0x2a2376e5e9981c19b15af64d2cdb57c9b94eb1f6,xiskool,208
2026-08-30T18:05:02Z,139,Foxglove Silver Ring,6,0x95233e2ec170b4ba0e2208c1ec89f3b87f8b18c7,gambit,199
2026-08-30T18:05:02Z,139,Foxglove Silver Ring,7,0x90c1ed16e9b16db7d031f573d20bead430feb107,jablko,148
2026-08-30T18:05:02Z,139,Foxglove Silver Ring,8,0x4e16f03fafc94af2d0b79d2d15d3d54f7c9f04fa,recluseham,128
2026-08-30T18:05:02Z,139,Foxglove Silver Ring,9,0x0ee9318275c37f0e635bb7c8a455ade252cecf1f,georgysogood,125
2026-08-30T18:05:02Z,139,Foxglove Silver Ring,10,0x0b2291da8091128352c2464f1072cf4211144744,moritz,113
2026-08-30T18:05:02Z,139,Foxglove Silver Ring,11,0x3eda210ff41e2b2d1658ca5ebe0b80a376c7e0f4,astarta,112
2026-08-30T18:05:02Z,139,Foxglove Silver Ring,12,0x2ab7adbf3685c74d2e300c9c0e676b1bf6027ac5,0xn00b,105
2026-08-30T18:05:02Z,139,Foxglove Silver Ring,13,0xac06dbd4f2b1b174dbb3b67449f0f4245f0f3bc3,spanish,104
2026-08-30T18:05:02Z,139,Foxglove Silver Ring,14,0xd2bb5bcaaaa9d2d77a50598055397916780972ca,sinet,102
2026-08-30T18:05:02Z,139,Foxglove Silver Ring,15,0xbdecab53bb16b74aa1a1715cc4b80db641eac9da,rxch,95
2026-08-30T18:05:02Z,139,Foxglove Silver Ring,16,0xeed7c6b2af48249a040c9e5d59437670889c7e07,lilwassie,88
2026-08-30T18:05:02Z,139,Foxglove Silver Ring,17,0x95f92440789e364f3a167069b899c84b02f92254,axion,86
2026-08-30T18:05:02Z,139,Foxglove Silver Ring,18,0x388d510f0f11ba0762e8c7212645ed873c17a204,otabart,82
2026-08-30T18:05:02Z,139,Foxglove Silver Ring,19,0xce3bc9c7e6b1a4082f9853f6f796e604148b2583,classicj,76
2026-08-30T18:05:02Z,139,Foxglove Silver Ring,20,0xe4b1f5eb3da2195f8d41a052229a7eec3c4e6ed8,azoni,72
2026-08-30T18:05:02Z,139,Foxglove Silver Ring,21,0xa8a956a5690cc81bb367da2c2f6f1796be2b3c30,scottco,70
2026-08-30T18:05:02Z,139,Foxglove Silver Ring,22,0x69c4cc0147fbc23965896fb18a1ccea92230ed1b,afropengu,66
2026-08-30T18:05:02Z,139,Foxglove Silver Ring,23,0x6a31fe60046a9da9867bccbe48378893906099f5,airmangataos,65
2026-08-30T18:05:02Z,139,Foxglove Silver Ring,24,0x0c0a71e32e1954635e2dde143ed9e59fe471fb94,kryy,64
2026-08-30T18:05:02Z,139,Foxglove Silver Ring,25,0x9b3ef1d5b7472560cf6241949b2485e456aa37a0,bush1do,63
2026-08-30T18:05:02Z,139,Foxglove Silver Ring,26,0x23244cc893df1ff2916ee2e492b65bec74b2760c,bunyoo,63
2026-08-30T18:05:02Z,139,Foxglove Silver Ring,27,0x4f03ea409e546d9ab7eaa6c9b481bcb99c8547e5,coinpie,57
2026-08-30T18:05:02Z,139,Foxglove Silver Ring,28,0x19342b9e3f123e373e24f1eea9bb5a1a935507fa,bigmommymilkers,57
2026-08-30T18:05:02Z,139,Foxglove Silver Ring,29,0x55085ade6c1c39b64cd27099993c5dc933bbed35,bigdogga,57
2026-08-30T18:05:02Z,139,Foxglove Silver Ring,30,0x161f91374506a85ed9063e90c4c217d8697d6471,proofofely,54
2026-08-30T18:05:02Z,139,Foxglove Silver Ring,31,0xcf29253e7c1e908d4091c9be85522893c77f0fc8,ciri,53
2026-08-30T18:05:02Z,139,Foxglove Silver Ring,32,0x3d385f04852ae078d10e2a420f928f227f3e63f3,kellox,53
2026-08-30T18:05:02Z,139,Foxglove Silver Ring,33,0xb0f42c12dd7e28f0deafe74fdf603782c430f896,stellarhobbes,53
2026-08-30T18:05:02Z,139,Foxglove Silver Ring,34,0x469998f2fa8aaa2648fef6fc3902268f315195ef,mrgold,53
2026-08-30T18:05:02Z,139,Foxglove Silver Ring,35,0xef58ad6d6bcaf054da34948c88e7e91a052dc0fa,kraven,52
2026-08-30T18:05:02Z,139,Foxglove Silver Ring,36,0x02764ae21333f5777b44cdded3a654a340176fff,bh3320,51
2026-08-30T18:05:02Z,139,Foxglove Silver Ring,37,0x688410dbc8c331f5945eafc659ae721a447ae975,igloo,50
2026-08-30T18:05:02Z,139,Foxglove Silver Ring,38,0xb0d90d52c7389824d4b22c06bcdccd734e3162b7,ezsnipe,47
2026-08-30T18:05:02Z,139,Foxglove Silver Ring,39,0x32cb224f344a9aa22c5d2e699f24d3928e6ca06f,d3r0,46
2026-08-30T18:05:02Z,139,Foxglove Silver Ring,40,0x0a42a67154221c44c9eae98eb7f9cbff2d269a0e,cassowary,40
2026-08-30T18:05:02Z,139,Foxglove Silver Ring,41,0xe90a9bdb63e9ba04a7f3e95140ff803f2f377f5e,vova,40
2026-08-30T18:05:02Z,139,Foxglove Silver Ring,42,0x8298dfc90c0119379f265b4dad6e9f0e8359a80e,userbased,39
2026-08-30T18:05:02Z,139,Foxglove Silver Ring,43,0x7b924f8164ff2311680a0431f05e6bcde6a3f954,det0n,39
2026-08-30T18:05:02Z,139,Foxglove Silver Ring,44,0xbbdca17d69518306b61d26b54b5a6c61e6c0bba1,9stx6,39
2026-08-30T18:05:02Z,139,Foxglove Silver Ring,45,0x5168a8f95a5bce4f4918884b2db51132d8f3bbf1,neveli,39
2026-08-30T18:05:02Z,139,Foxglove Silver Ring,46,0x663ac0e621bd9bbd47100768d3ce98f0e25a7b21,skoheels,36
2026-08-30T18:05:02Z,139,Foxglove Silver Ring,47,0xfb4f086ba201a8f32805eb82a431a1dacc3f08b2,obivan,35
2026-08-30T18:05:02Z,139,Foxglove Silver Ring,48,0xfa22eafe991cd1166ee4b5ba8236e1eba9105a54,grimreaper,34
2026-08-30T18:05:02Z,139,Foxglove Silver Ring,49,0xa134a3dfa4cb010873db8012d5b360d97ba80c28,winner,34
2026-08-30T18:05:02Z,139,Foxglove Silver Ring,50,0x15c0c948d3ea9a67b05319f40871de7bf5003db3,przyborleonedw,33
2026-08-30T18:05:02Z,139,Foxglove Silver Ring,51,0x6d91474e416efdb1dd7a0ed68c8892c3b18b08a8,ylooz,33
2026-08-30T18:05:02Z,139,Foxglove Silver Ring,52,0xbddef3e050261365464e40d086b91f5100b13108,thattonton,32
2026-08-30T18:05:02Z,139,Foxglove Silver Ring,53,0xd82311e0ddcff7cad1be090763d4f6d7ba1c290a,vims,31
2026-08-30T18:05:02Z,139,Foxglove Silver Ring,54,0xfbfc822ee4989b2b4b9b18e4035ff72335cbb16e,jame7,31
2026-08-30T18:05:02Z,139,Foxglove Silver Ring,55,0xe6b6cbab6c586d64025ffaea1548f3f09dabe6c2,milkshake,31
2026-08-30T18:05:02Z,139,Foxglove Silver Ring,56,0x92f482f7b5009349ec3da50b193596b825335414,absgigachads,30
2026-08-30T18:05:02Z,139,Foxglove Silver Ring,57,0x4ebc17059cfc143d86fb92ed707805d68142e3ec,ponziscam,30
2026-08-30T18:05:02Z,139,Foxglove Silver Ring,58,0xfc32e5cfbea49a2f1d21936eec0a7722a6c2d4a7,tacolauncher,30
2026-08-30T18:05:02Z,139,Foxglove Silver Ring,59,0x88d62fbb7aa5d418b1886085dc949567500b569d,alebaner,30
2026-08-30T18:05:02Z,139,Foxglove Silver Ring,60,0xa96401339fd8a6bed6c22b96620e7ad29a04f1e9,lavr1k,30
2026-08-30T18:05:02Z,139,Foxglove Silver Ring,61,0xb29f073a9e2946d805714c9030b191ee6afed445,hitagi,30
2026-08-30T18:05:02Z,139,Foxglove Silver Ring,62,0x98c715b1a9d24727b59cae2119c747b896132647,sebax11,29
2026-08-30T18:05:02Z,139,Foxglove Silver Ring,63,0xa3103de676b55442b3c32884b1596b80d4d42cf2,loxik,29
2026-08-30T18:05:02Z,139,Foxglove Silver Ring,64,0xff6bddba3937f03b495b4efb304194d2cbc488ca,lizardmafia,29
2026-08-30T18:05:02Z,139,Foxglove Silver Ring,65,0xb2042611b4987ba8be9efd6cc1165f09e7c694a8,joblessathena,28
2026-08-30T18:05:02Z,139,Foxglove Silver Ring,66,0x0cc677b008149e08e468fe7da539e5dd24eb05dd,yashiw,27
2026-08-30T18:05:02Z,139,Foxglove Silver Ring,67,0x13fe8fe08a0d824cd44b8d13f813891b6532f59e,morror,27
2026-08-30T18:05:02Z,139,Foxglove Silver Ring,68,0xd369f09014646bfc80d977a0daa62b5940b264b4,qqws,27
2026-08-30T18:05:02Z,139,Foxglove Silver Ring,69,0x7b2c23d8d3436cdd063b66529e5d8445834831eb,coreplay6,27
2026-08-30T18:05:02Z,139,Foxglove Silver Ring,70,0x25fb85df6ac78c8b63e5e2b10e31fa36e72c2d38,bigpenis,27
2026-08-30T18:05:02Z,139,Foxglove Silver Ring,71,0x297b3eff8fccbbc35b111bd0a09b7a99a26ba965,ferentano,27
2026-08-30T18:05:02Z,139,Foxglove Silver Ring,72,0x381dd397e721c72ce321a1ebaf96ce04f4422ac0,suckmydirtydick,26
2026-08-30T18:05:02Z,139,Foxglove Silver Ring,73,0x57b53296a33bc749d8451a47fa36edd698e4fee1,flaera,26
2026-08-30T18:05:02Z,139,Foxglove Silver Ring,74,0xbbbfe4cc5c3924f19f6e36e66448b2e3a126b111,cryptologist,26
2026-08-30T18:05:02Z,139,Foxglove Silver Ring,75,0xd41d44c7a6c48b4854fce7af3a276dbd3b85d937,clock,26
2026-08-30T18:05:02Z,139,Foxglove Silver Ring,76,0xc34c29733dcf130f75090464ced47275d88e3419,basedcamp,25
2026-08-30T18:05:02Z,139,Foxglove Silver Ring,77,0xc415a02bba63fae3eafb9400d8cff3a157a3b93d,naruto,25
2026-08-30T18:05:02Z,139,Foxglove Silver Ring,78,0xc3ae9ac69d672368539413235938277ce19fc270,bollin,25
2026-08-30T18:05:02Z,139,Foxglove Silver Ring,79,0x130eab55f6941f66d4806532d9242cf969b4f036,frontdown,25
2026-08-30T18:05:02Z,139,Foxglove Silver Ring,80,0x319d278581e5e5a49ef80e795fe81225d9a15200,icedcoffee,25
2026-08-30T18:05:02Z,139,Foxglove Silver Ring,81,0x92599bdd1ded8d462c58972f6c3badbb39cd06ba,trukreal,25
2026-08-30T18:05:02Z,139,Foxglove Silver Ring,82,0xac851e69e6ff9805632a09c74e6b3e436f3156ac,yoda378,25
2026-08-30T18:05:02Z,139,Foxglove Silver Ring,83,0x07484b5b823bb4ec3f1a7ae7eb5e3fffb7bbe09c,agema,25
2026-08-30T18:05:02Z,139,Foxglove Silver Ring,84,0x5bb347443887e595820f74f028e837c3766f5923,0xitero,25
2026-08-30T18:05:02Z,139,Foxglove Silver Ring,85,0xa1da340729cff1782c83d5cfba586b4451c011ec,tozdelagaro,24
2026-08-30T18:05:02Z,139,Foxglove Silver Ring,86,0x7e6cb1e3f70e681c2f31d52adc2b1d09d6edf232,resuka,24
2026-08-30T18:05:02Z,139,Foxglove Silver Ring,87,0xcd74ad8e56d74e7a88a5eaa5a3571f82ee9a3176,bangmachine,23
2026-08-30T18:05:02Z,139,Foxglove Silver Ring,88,0x378f0bda88d7255f95afef6029799df500a6cc66,lamperouge,23
2026-08-30T18:05:02Z,139,Foxglove Silver Ring,89,0x92569bee8c8b9c1df1c283a0409fcc2b2fede157,phalanx,23
2026-08-30T18:05:02Z,139,Foxglove Silver Ring,90,0x83becb55eff583800cf1a9a2c03dd4b0fa4d7351,apix,23
2026-08-30T18:05:02Z,139,Foxglove Silver Ring,91,0x01082d01888902fdad71578bf989d342b71151ec,lowbank,23
2026-08-30T18:05:02Z,139,Foxglove Silver Ring,92,0xeff6c4dcd2b79f502d5d7cb6e6daf70f2536daef,syta,23
2026-08-30T18:05:02Z,139,Foxglove Silver Ring,93,0xfb8b5790a0fe64729cdf21263d5538b09921d336,method,23
2026-08-30T18:05:02Z,139,Foxglove Silver Ring,94,0xdb927fb9f66907b2a957b3d0d440110c3a999069,arbitrum,22
2026-08-30T18:05:02Z,139,Foxglove Silver Ring,95,0xe614c47b2b04e2a7a6d660844ffc965d6b86d2f6,gem4ik,22
2026-08-30T18:05:02Z,139,Foxglove Silver Ring,96,0x48eae6c83bdc1effef0bde8491e43c28d41b80f4,oleole,22
2026-08-30T18:05:02Z,139,Foxglove Silver Ring,97,0x28b88b45c3309fa9940cd8c0c0212636ca364417,forfree,22
2026-08-30T18:05:02Z,139,Foxglove Silver Ring,98,0x1114d62a0148f458040fbf2ddb945560398ca5f0,soma,22
2026-08-30T18:05:02Z,139,Foxglove Silver Ring,99,0x29186806bb803be9c9adc182efea0ba8aa09abda,lylythabeast6,22
2026-08-30T18:05:02Z,139,Foxglove Silver Ring,100,0xd1c76125cb2751750ddb2afded780c6f5b7a3cbc,kace,22
2026-08-30T18:05:02Z,140,Summoner Silver Ring,1,0xd678b718f70389dbdd2d447df23333641e8f7480,yanik,652
2026-08-30T18:05:02Z,140,Summoner Silver Ring,2,0xf00dfac3af2f5b38fe55d50ccf8ffa8c293ea161,dudendy,415
2026-08-30T18:05:02Z,140,Summoner Silver Ring,3,0x9dc70f5472a88f3eefa4d515a6b1ec94d9d30d13,sidlovskyy,403
2026-08-30T18:05:02Z,140,Summoner Silver Ring,4,0x73a9ffdaaf53723f1d08403f613870cddd6e18fc,suspicious,333
2026-08-30T18:05:02Z,140,Summoner Silver Ring,5,0x4e16f03fafc94af2d0b79d2d15d3d54f7c9f04fa,recluseham,187
2026-08-30T18:05:02Z,140,Summoner Silver Ring,6,0xac06dbd4f2b1b174dbb3b67449f0f4245f0f3bc3,spanish,166
2026-08-30T18:05:02Z,140,Summoner Silver Ring,7,0x0c0a71e32e1954635e2dde143ed9e59fe471fb94,kryy,165
2026-08-30T18:05:02Z,140,Summoner Silver Ring,8,0x2a2376e5e9981c19b15af64d2cdb57c9b94eb1f6,xiskool,155
2026-08-30T18:05:02Z,140,Summoner Silver Ring,9,0x95233e2ec170b4ba0e2208c1ec89f3b87f8b18c7,gambit,145
2026-08-30T18:05:02Z,140,Summoner Silver Ring,10,0x2ab7adbf3685c74d2e300c9c0e676b1bf6027ac5,0xn00b,123
2026-08-30T18:05:02Z,140,Summoner Silver Ring,11,0x0ee9318275c37f0e635bb7c8a455ade252cecf1f,georgysogood,100
2026-08-30T18:05:02Z,140,Summoner Silver Ring,12,0x02764ae21333f5777b44cdded3a654a340176fff,bh3320,98
2026-08-30T18:05:02Z,140,Summoner Silver Ring,13,0xbdecab53bb16b74aa1a1715cc4b80db641eac9da,rxch,95
2026-08-30T18:05:02Z,140,Summoner Silver Ring,14,0x95f92440789e364f3a167069b899c84b02f92254,axion,91
2026-08-30T18:05:02Z,140,Summoner Silver Ring,15,0x0a42a67154221c44c9eae98eb7f9cbff2d269a0e,cassowary,91
2026-08-30T18:05:02Z,140,Summoner Silver Ring,16,0x388d510f0f11ba0762e8c7212645ed873c17a204,otabart,90
2026-08-30T18:05:02Z,140,Summoner Silver Ring,17,0xce3bc9c7e6b1a4082f9853f6f796e604148b2583,classicj,90
2026-08-30T18:05:02Z,140,Summoner Silver Ring,18,0xd2bb5bcaaaa9d2d77a50598055397916780972ca,sinet,81
2026-08-30T18:05:02Z,140,Summoner Silver Ring,19,0x0b2291da8091128352c2464f1072cf4211144744,moritz,80
2026-08-30T18:05:02Z,140,Summoner Silver Ring,20,0x69c4cc0147fbc23965896fb18a1ccea92230ed1b,afropengu,78
2026-08-30T18:05:02Z,140,Summoner Silver Ring,21,0x3eda210ff41e2b2d1658ca5ebe0b80a376c7e0f4,astarta,78
2026-08-30T18:05:02Z,140,Summoner Silver Ring,22,0xb2042611b4987ba8be9efd6cc1165f09e7c694a8,joblessathena,75
2026-08-30T18:05:02Z,140,Summoner Silver Ring,23,0x6a31fe60046a9da9867bccbe48378893906099f5,airmangataos,73
2026-08-30T18:05:02Z,140,Summoner Silver Ring,24,0xe90a9bdb63e9ba04a7f3e95140ff803f2f377f5e,vova,69
2026-08-30T18:05:02Z,140,Summoner Silver Ring,25,0xeed7c6b2af48249a040c9e5d59437670889c7e07,lilwassie,66
2026-08-30T18:05:02Z,140,Summoner Silver Ring,26,0x688410dbc8c331f5945eafc659ae721a447ae975,igloo,65
2026-08-30T18:05:02Z,140,Summoner Silver Ring,27,0xbddef3e050261365464e40d086b91f5100b13108,thattonton,60
2026-08-30T18:05:02Z,140,Summoner Silver Ring,28,0x469998f2fa8aaa2648fef6fc3902268f315195ef,mrgold,59
2026-08-30T18:05:02Z,140,Summoner Silver Ring,29,0x23244cc893df1ff2916ee2e492b65bec74b2760c,bunyoo,59
2026-08-30T18:05:02Z,140,Summoner Silver Ring,30,0x9b3ef1d5b7472560cf6241949b2485e456aa37a0,bush1do,57
2026-08-30T18:05:02Z,140,Summoner Silver Ring,31,0x3d385f04852ae078d10e2a420f928f227f3e63f3,kellox,56
2026-08-30T18:05:02Z,140,Summoner Silver Ring,32,0x3c49ca3eda0ce8413f9c433f04322827714c23c3,dmisky,56
2026-08-30T18:05:02Z,140,Summoner Silver Ring,33,0x4f03ea409e546d9ab7eaa6c9b481bcb99c8547e5,coinpie,54
2026-08-30T18:05:02Z,140,Summoner Silver Ring,34,0x90c1ed16e9b16db7d031f573d20bead430feb107,jablko,53
2026-08-30T18:05:02Z,140,Summoner Silver Ring,35,0x8ccb0988036cf9d2ca7b24ed46a57cf25ce6f92d,chosta,53
2026-08-30T18:05:02Z,140,Summoner Silver Ring,36,0x19342b9e3f123e373e24f1eea9bb5a1a935507fa,bigmommymilkers,52
2026-08-30T18:05:02Z,140,Summoner Silver Ring,37,0x55085ade6c1c39b64cd27099993c5dc933bbed35,bigdogga,50
2026-08-30T18:05:02Z,140,Summoner Silver Ring,38,0xa8a956a5690cc81bb367da2c2f6f1796be2b3c30,scottco,45
2026-08-30T18:05:02Z,140,Summoner Silver Ring,39,0x17e327bb2fdb1a17d9a369e3dd985406ec3824ca,gracieabrams,41
2026-08-30T18:05:02Z,140,Summoner Silver Ring,40,0x2700043667f8f02edda9fd599c54ff6de0c257a7,kalikula,41
2026-08-30T18:05:02Z,140,Summoner Silver Ring,41,0x9c991a85b090aae221ef8418e3ca29279bf2500a,migs,40
2026-08-30T18:05:02Z,140,Summoner Silver Ring,42,0x5c71dc613419169afb7715038d41dde06ca4f9ab,hidrxxx,39
2026-08-30T18:05:02Z,140,Summoner Silver Ring,43,0xe4b1f5eb3da2195f8d41a052229a7eec3c4e6ed8,azoni,39
2026-08-30T18:05:02Z,140,Summoner Silver Ring,44,0xa036d0393a2c8073e6bb63170086e7dbeb1d04b1,okdk,39
2026-08-30T18:05:02Z,140,Summoner Silver Ring,45,0xcf29253e7c1e908d4091c9be85522893c77f0fc8,ciri,38
2026-08-30T18:05:02Z,140,Summoner Silver Ring,46,0x13fe8fe08a0d824cd44b8d13f813891b6532f59e,morror,38
2026-08-30T18:05:02Z,140,Summoner Silver Ring,47,0xff6bddba3937f03b495b4efb304194d2cbc488ca,lizardmafia,38
2026-08-30T18:05:02Z,140,Summoner Silver Ring,48,0x9a49c905c2cca8115d330572b494c6602aba6e1e,supportprime,38
2026-08-30T18:05:02Z,140,Summoner Silver Ring,49,0xfb4f086ba201a8f32805eb82a431a1dacc3f08b2,obivan,35
2026-08-30T18:05:02Z,140,Summoner Silver Ring,50,0xef58ad6d6bcaf054da34948c88e7e91a052dc0fa,kraven,34
2026-08-30T18:05:02Z,140,Summoner Silver Ring,51,0xc3ae9ac69d672368539413235938277ce19fc270,bollin,34
2026-08-30T18:05:02Z,140,Summoner Silver Ring,52,0xbbdca17d69518306b61d26b54b5a6c61e6c0bba1,9stx6,34
2026-08-30T18:05:02Z,140,Summoner Silver Ring,53,0xb0f42c12dd7e28f0deafe74fdf603782c430f896,stellarhobbes,31
2026-08-30T18:05:02Z,140,Summoner Silver Ring,54,0x549300f79fb33ba2e77344e58b064ede194ef99a,okeydokey,31
2026-08-30T18:05:02Z,140,Summoner Silver Ring,55,0x4ebc17059cfc143d86fb92ed707805d68142e3ec,ponziscam,30
2026-08-30T18:05:02Z,140,Summoner Silver Ring,56,0x6f8b27fe779070967417cc02447b231b5c14b843,souvx,30
2026-08-30T18:05:02Z,140,Summoner Silver Ring,57,0xb4c3602689229297d255974e90ce4954d9380104,bkbk,30
2026-08-30T18:05:02Z,140,Summoner Silver Ring,58,0xfa22eafe991cd1166ee4b5ba8236e1eba9105a54,grimreaper,30
2026-08-30T18:05:02Z,140,Summoner Silver Ring,59,0x1114d62a0148f458040fbf2ddb945560398ca5f0,soma,30
2026-08-30T18:05:02Z,140,Summoner Silver Ring,60,0xafe00172cf96544d610bf9b70d549a5e89b83f2d,hungryjay,29
2026-08-30T18:05:02Z,140,Summoner Silver Ring,61,0xb29f073a9e2946d805714c9030b191ee6afed445,hitagi,29
2026-08-30T18:05:02Z,140,Summoner Silver Ring,62,0x999eba5d7ad0e1a53ea600c384356a288381d09e,dbmafia,28
2026-08-30T18:05:02Z,140,Summoner Silver Ring,63,0xa134a3dfa4cb010873db8012d5b360d97ba80c28,winner,28
2026-08-30T18:05:02Z,140,Summoner Silver Ring,64,0x32cb224f344a9aa22c5d2e699f24d3928e6ca06f,d3r0,28
2026-08-30T18:05:02Z,140,Summoner Silver Ring,65,0x60ce92f21269cd871a7910e28f0c59a82c05388a,sinon,27
2026-08-30T18:05:02Z,140,Summoner Silver Ring,66,0x22241868ad341e77e2bc9142816000f43641e280,zoro,27
2026-08-30T18:05:02Z,140,Summoner Silver Ring,67,0xe614c47b2b04e2a7a6d660844ffc965d6b86d2f6,gem4ik,27
2026-08-30T18:05:02Z,140,Summoner Silver Ring,68,0x5168a8f95a5bce4f4918884b2db51132d8f3bbf1,neveli,27
2026-08-30T18:05:02Z,140,Summoner Silver Ring,69,0x130eab55f6941f66d4806532d9242cf969b4f036,frontdown,26
2026-08-30T18:05:02Z,140,Summoner Silver Ring,70,0x161f91374506a85ed9063e90c4c217d8697d6471,proofofely,26
2026-08-30T18:05:02Z,140,Summoner Silver Ring,71,0x844d58714aa3fed998f898cbce1b0ddc4550304f,jiren,26
2026-08-30T18:05:02Z,140,Summoner Silver Ring,72,0x4c53b2e646a3e01c2b22497753b1560029b5166b,gusine,26
2026-08-30T18:05:02Z,140,Summoner Silver Ring,73,0xfbfc822ee4989b2b4b9b18e4035ff72335cbb16e,jame7,25
2026-08-30T18:05:02Z,140,Summoner Silver Ring,74,0x28b88b45c3309fa9940cd8c0c0212636ca364417,forfree,25
2026-08-30T18:05:02Z,140,Summoner Silver Ring,75,0x25fb85df6ac78c8b63e5e2b10e31fa36e72c2d38,bigpenis,25
2026-08-30T18:05:02Z,140,Summoner Silver Ring,76,0xfc32e5cfbea49a2f1d21936eec0a7722a6c2d4a7,tacolauncher,24
2026-08-30T18:05:02Z,140,Summoner Silver Ring,77,0xe510f33bf4792fcca24daa4ede08e4f228950a25,duub,24
2026-08-30T18:05:02Z,140,Summoner Silver Ring,78,0x15c0c948d3ea9a67b05319f40871de7bf5003db3,przyborleonedw,24
2026-08-30T18:05:02Z,140,Summoner Silver Ring,79,0x9ce44e274bce511788c6ac81eafdb71fe920d4ee,deanoxbt,24
2026-08-30T18:05:02Z,140,Summoner Silver Ring,80,0x663ac0e621bd9bbd47100768d3ce98f0e25a7b21,skoheels,24
2026-08-30T18:05:02Z,140,Summoner Silver Ring,81,0xeff6c4dcd2b79f502d5d7cb6e6daf70f2536daef,syta,24
2026-08-30T18:05:02Z,140,Summoner Silver Ring,82,0x7528c1732168ace7027b18ec184d8cd6984f9eac,druid,24
2026-08-30T18:05:02Z,140,Summoner Silver Ring,83,0xb0d90d52c7389824d4b22c06bcdccd734e3162b7,ezsnipe,23
2026-08-30T18:05:02Z,140,Summoner Silver Ring,84,0x83becb55eff583800cf1a9a2c03dd4b0fa4d7351,apix,23
2026-08-30T18:05:02Z,140,Summoner Silver Ring,85,0xf4e5fe848287a6be3c9b19bc735f16c1a3d799f3,ericargent,22
2026-08-30T18:05:02Z,140,Summoner Silver Ring,86,0xdcf62adfc2193b3997947424583654689bcfd391,tekmeneth,22
2026-08-30T18:05:02Z,140,Summoner Silver Ring,87,0x07484b5b823bb4ec3f1a7ae7eb5e3fffb7bbe09c,agema,22
2026-08-30T18:05:02Z,140,Summoner Silver Ring,88,0x908c7c7f0266da791bae52b9ecac8c34ca73d9f4,mangas,22
2026-08-30T18:05:02Z,140,Summoner Silver Ring,89,0x5f90cae78f02a95633e596c1841c6ef41fb431b2,pechou,22
2026-08-30T18:05:02Z,140,Summoner Silver Ring,90,0x0faebef50879f4488e75ea7d2b122794f5473d1f,noobnopls,21
2026-08-30T18:05:02Z,140,Summoner Silver Ring,91,0x9271e9969b98083d53bcf3c82ecf2a87b717500d,fefer,21
2026-08-30T18:05:02Z,140,Summoner Silver Ring,92,0x33973ffb41add93b49227241566d3e5fc9ad904b,schemedream,21
2026-08-30T18:05:02Z,140,Summoner Silver Ring,93,0xe5ec5ac7505d5fe893a58e0f2d4bb597d07f439d,bell_kraner,21
2026-08-30T18:05:02Z,140,Summoner Silver Ring,94,0x2b23160efeecef48d78175e9dc8c5a7b16a42fce,luter,21
2026-08-30T18:05:02Z,140,Summoner Silver Ring,95,0xb7a4d02f0d2c634b2bb5d1c83df8b5539baa79e8,velynet,21
2026-08-30T18:05:02Z,140,Summoner Silver Ring,96,0xfb8b5790a0fe64729cdf21263d5538b09921d336,method,21
2026-08-30T18:05:02Z,140,Summoner Silver Ring,97,0xc415a02bba63fae3eafb9400d8cff3a157a3b93d,naruto,20
2026-08-30T18:05:02Z,140,Summoner Silver Ring,98,0xd82311e0ddcff7cad1be090763d4f6d7ba1c290a,vims,20
2026-08-30T18:05:02Z,140,Summoner Silver Ring,99,0x92569bee8c8b9c1df1c283a0409fcc2b2fede157,phalanx,20
2026-08-30T18:05:02Z,140,Summoner Silver Ring,100,0x0c66182a8e638475b0b14150a33b2f1a787e4d27,lazymasta,20
2026-08-30T18:05:02Z,243,Golden Archon Ring,1,0x69c4cc0147fbc23965896fb18a1ccea92230ed1b,afropengu,287
2026-08-30T18:05:02Z,243,Golden Archon Ring,2,0xd678b718f70389dbdd2d447df23333641e8f7480,yanik,145
2026-08-30T18:05:02Z,243,Golden Archon Ring,3,0x73a9ffdaaf53723f1d08403f613870cddd6e18fc,suspicious,135
2026-08-30T18:05:02Z,243,Golden Archon Ring,4,0x90c1ed16e9b16db7d031f573d20bead430feb107,jablko,88
2026-08-30T18:05:02Z,243,Golden Archon Ring,5,0x0ee9318275c37f0e635bb7c8a455ade252cecf1f,georgysogood,67
2026-08-30T18:05:02Z,243,Golden Archon Ring,6,0x2a2376e5e9981c19b15af64d2cdb57c9b94eb1f6,xiskool,62
2026-08-30T18:05:02Z,243,Golden Archon Ring,7,0xfd0cb86676ba86e3033f1d6d333b342880f336df,677willwin,61
2026-08-30T18:05:02Z,243,Golden Archon Ring,8,0xeed7c6b2af48249a040c9e5d59437670889c7e07,lilwassie,57
2026-08-30T18:05:02Z,243,Golden Archon Ring,9,0xac06dbd4f2b1b174dbb3b67449f0f4245f0f3bc3,spanish,57
2026-08-30T18:05:02Z,243,Golden Archon Ring,10,0x19342b9e3f123e373e24f1eea9bb5a1a935507fa,bigmommymilkers,56
2026-08-30T18:05:02Z,243,Golden Archon Ring,11,0xbdecab53bb16b74aa1a1715cc4b80db641eac9da,rxch,54
2026-08-30T18:05:02Z,243,Golden Archon Ring,12,0xbcbcccae5efd1dab247e6428e9e20a9fda8c5abd,oneindigheid,49
2026-08-30T18:05:02Z,243,Golden Archon Ring,13,0x9dc70f5472a88f3eefa4d515a6b1ec94d9d30d13,sidlovskyy,48
2026-08-30T18:05:02Z,243,Golden Archon Ring,14,0xf00dfac3af2f5b38fe55d50ccf8ffa8c293ea161,dudendy,45
2026-08-30T18:05:02Z,243,Golden Archon Ring,15,0x0a42a67154221c44c9eae98eb7f9cbff2d269a0e,cassowary,41
2026-08-30T18:05:02Z,243,Golden Archon Ring,16,0x4f03ea409e546d9ab7eaa6c9b481bcb99c8547e5,coinpie,36
2026-08-30T18:05:02Z,243,Golden Archon Ring,17,0x0357294131b3d5b23c84dfa8e38d7e54358f8ba8,kaiken888,36
2026-08-30T18:05:02Z,243,Golden Archon Ring,18,0x02764ae21333f5777b44cdded3a654a340176fff,bh3320,36
2026-08-30T18:05:02Z,243,Golden Archon Ring,19,0x8ccb0988036cf9d2ca7b24ed46a57cf25ce6f92d,chosta,35
2026-08-30T18:05:02Z,243,Golden Archon Ring,20,0x5d94f14bafdc6920e462abaa8285d680d4dfa069,tofu,34
2026-08-30T18:05:02Z,243,Golden Archon Ring,21,0x388d510f0f11ba0762e8c7212645ed873c17a204,otabart,32
2026-08-30T18:05:02Z,243,Golden Archon Ring,22,0x7b937e99c1458a485a035a0f06b9d8bf5f842a05,lameak,32
2026-08-30T18:05:02Z,243,Golden Archon Ring,23,0x688410dbc8c331f5945eafc659ae721a447ae975,igloo,29
2026-08-30T18:05:02Z,243,Golden Archon Ring,24,0x3629d88069124258ef6bb99c9080d064f42e7206,grumpy,27
2026-08-30T18:05:02Z,243,Golden Archon Ring,25,0xbbbfe4cc5c3924f19f6e36e66448b2e3a126b111,cryptologist,27
2026-08-30T18:05:02Z,243,Golden Archon Ring,26,0x95233e2ec170b4ba0e2208c1ec89f3b87f8b18c7,gambit,25
2026-08-30T18:05:02Z,243,Golden Archon Ring,27,0x7b761e4389daf5581708bfe1a26b5d45cc279f2f,gordongrowth,19
2026-08-30T18:05:02Z,243,Golden Archon Ring,28,0xf3143c8e4469a271fa2be6d8775ca2b3bdccf4e2,rmty,15
2026-08-30T18:05:02Z,243,Golden Archon Ring,29,0x92569bee8c8b9c1df1c283a0409fcc2b2fede157,phalanx,15
2026-08-30T18:05:02Z,243,Golden Archon Ring,30,0xafe00172cf96544d610bf9b70d549a5e89b83f2d,hungryjay,14
2026-08-30T18:05:02Z,243,Golden Archon Ring,31,0x33973ffb41add93b49227241566d3e5fc9ad904b,schemedream,14
2026-08-30T18:05:02Z,243,Golden Archon Ring,32,0x381dd397e721c72ce321a1ebaf96ce04f4422ac0,suckmydirtydick,12
2026-08-30T18:05:02Z,243,Golden Archon Ring,33,0xeb16cc074e0d3a6c87c0c45a6eced5ef92424b31,wiseadmiral,12
2026-08-30T18:05:02Z,243,Golden Archon Ring,34,0xc3ae9ac69d672368539413235938277ce19fc270,bollin,11
2026-08-30T18:05:02Z,243,Golden Archon Ring,35,0x18db144b2f18b025c1f7ee1d86b422fe864ba477,royven,11
2026-08-30T18:05:02Z,243,Golden Archon Ring,36,0x5ab272231e653c2265bdfae58310021bca37152e,tufbeast,11
2026-08-30T18:05:02Z,243,Golden Archon Ring,37,0x3c49ca3eda0ce8413f9c433f04322827714c23c3,dmisky,11
2026-08-30T18:05:02Z,243,Golden Archon Ring,38,0x3d385f04852ae078d10e2a420f928f227f3e63f3,kellox,10
2026-08-30T18:05:02Z,243,Golden Archon Ring,39,0x99278037b2150c577ef1038ceca08db8684bba95,0xfuture,9
2026-08-30T18:05:02Z,243,Golden Archon Ring,40,0xd1c76125cb2751750ddb2afded780c6f5b7a3cbc,kace,9
2026-08-30T18:05:02Z,243,Golden Archon Ring,41,0xb0d90d52c7389824d4b22c06bcdccd734e3162b7,ezsnipe,8
2026-08-30T18:05:02Z,243,Golden Archon Ring,42,0x9c991a85b090aae221ef8418e3ca29279bf2500a,migs,8
2026-08-30T18:05:02Z,243,Golden Archon Ring,43,0xc577c2f43ffba49d965a8c153f330ba3daad3b73,snake,7
2026-08-30T18:05:02Z,243,Golden Archon Ring,44,0x4366b9a2417631b2647a8d67608638d973fade33,epicser,7
2026-08-30T18:05:02Z,243,Golden Archon Ring,45,0xce3bc9c7e6b1a4082f9853f6f796e604148b2583,classicj,7
2026-08-30T18:05:02Z,243,Golden Archon Ring,46,0x4ec977a8e80c4099a44f8ae53a48281448471342,terrestra,7
2026-08-30T18:05:02Z,243,Golden Archon Ring,47,0x0fec947904065bf920e97aae5042ef1e31268e76,matcha,6
2026-08-30T18:05:02Z,243,Golden Archon Ring,48,0xd15481578c11b4e5b8f241c412899a0bdd704408,wholistic,6
2026-08-30T18:05:02Z,243,Golden Archon Ring,49,0xf343348aef03fea785a6a55f1db870c94f6afb4f,billybob,6
2026-08-30T18:05:02Z,243,Golden Archon Ring,50,0x67369c3e524d370daebc36d9ab3320fafc71eead,roblox,6
2026-08-30T18:05:02Z,243,Golden Archon Ring,51,0x60928ba6d7bdc6459244155fc3f350a116cdf424,mildcapital,6
2026-08-30T18:05:02Z,243,Golden Archon Ring,52,0xf3eaf60c6be58eb9853e71219801c06ad8969f0e,relicguy,6
2026-08-30T18:05:02Z,243,Golden Archon Ring,53,0x6479013c37f56cecc6e77fcfece208645324f5cb,lightning,6
2026-08-30T18:05:02Z,243,Golden Archon Ring,54,0x1a5fd36d4b15dd6b5f6eba46c42b1fa697fa4f3a,melbo,5
2026-08-30T18:05:02Z,243,Golden Archon Ring,55,0x0b2291da8091128352c2464f1072cf4211144744,moritz,5
2026-08-30T18:05:02Z,243,Golden Archon Ring,56,0x9b3ef1d5b7472560cf6241949b2485e456aa37a0,bush1do,5
2026-08-30T18:05:02Z,243,Golden Archon Ring,57,0x161f91374506a85ed9063e90c4c217d8697d6471,proofofely,5
2026-08-30T18:05:02Z,243,Golden Archon Ring,58,0x2c685f23808bc7b6adda1fd7b6949c5e2db97eb0,bubba,5
2026-08-30T18:05:02Z,243,Golden Archon Ring,59,0x7a10d45c461e81e24796f9c83b584756876d24d7,stakeoor,5
2026-08-30T18:05:02Z,243,Golden Archon Ring,60,0x844d58714aa3fed998f898cbce1b0ddc4550304f,jiren,5
2026-08-30T18:05:02Z,243,Golden Archon Ring,61,0x49826f26fd526c52c7b18d0f2866b6e158328eec,lilvibe,5
2026-08-30T18:05:02Z,243,Golden Archon Ring,62,0xca73ac7782813b76ba0962babf3c083407dd3e15,aruun,5
2026-08-30T18:05:02Z,243,Golden Archon Ring,63,0xe90a9bdb63e9ba04a7f3e95140ff803f2f377f5e,vova,5
2026-08-30T18:05:02Z,243,Golden Archon Ring,64,0x867a70d280830fc91f5441449ef37dfa403924a8,eydrian,5
2026-08-30T18:05:02Z,243,Golden Archon Ring,65,0xef58ad6d6bcaf054da34948c88e7e91a052dc0fa,kraven,4
2026-08-30T18:05:02Z,243,Golden Archon Ring,66,0xfff195795e606cbfa76e1c72c7ed6731df91d83d,pan1c,4
2026-08-30T18:05:02Z,243,Golden Archon Ring,67,0xf1555fc668883d57b7146c50bbb8777ca85ef929,pudgy7590,4
2026-08-30T18:05:02Z,243,Golden Archon Ring,68,0x3eda210ff41e2b2d1658ca5ebe0b80a376c7e0f4,astarta,4
2026-08-30T18:05:02Z,243,Golden Archon Ring,69,0x9e3eddb26f9ce62782e544f2a5366c4e2296bce2,og_ayri,4
2026-08-30T18:05:02Z,243,Golden Archon Ring,70,0x89ca1ffe78d575447514790ea0b141c7c44d9332,tice,4
2026-08-30T18:05:02Z,243,Golden Archon Ring,71,0x1114d62a0148f458040fbf2ddb945560398ca5f0,soma,4
2026-08-30T18:05:02Z,243,Golden Archon Ring,72,0x1494b3e636c533ffd78d467de090102595244d06,anduron,4
2026-08-30T18:05:02Z,243,Golden Archon Ring,73,0x8a39e43d0aac1b7bedc81f8100e3603323092f0d,kfay34,4
2026-08-30T18:05:02Z,243,Golden Archon Ring,74,0x562ffbc839b608e35646e9de40591b5145bcc6f5,aizcalibur,3
2026-08-30T18:05:02Z,243,Golden Archon Ring,75,0xb703799d9f485852c9394a8b2cdb39f5590fd65f,gaijin,3
2026-08-30T18:05:02Z,243,Golden Archon Ring,76,0x4ebc17059cfc143d86fb92ed707805d68142e3ec,ponziscam,3
2026-08-30T18:05:02Z,243,Golden Archon Ring,77,0x22b1b83ed37b2f6e73d11c5ab4603b64edc7aafc,genius,3
2026-08-30T18:05:02Z,243,Golden Archon Ring,78,0x0649976f6dd8a2589af8790076f2c08909dd9337,debora,3
2026-08-30T18:05:02Z,243,Golden Archon Ring,79,0x0d1df94f0106ce5bd92138d43c8551cad530c169,vermo,3
2026-08-30T18:05:02Z,243,Golden Archon Ring,80,0xdbd4749050752504d9017484f82a75dff9592cd1,tron,3
2026-08-30T18:05:02Z,243,Golden Archon Ring,81,0xd241569d27278c7dc650aa6808356f21589b7b27,ziirup,3
2026-08-30T18:05:02Z,243,Golden Archon Ring,82,0xa8a956a5690cc81bb367da2c2f6f1796be2b3c30,scottco,3
2026-08-30T18:05:02Z,243,Golden Archon Ring,83,0xe910db7af916d287b3d3117abcb5fa9e0932a1c9,knyaz,3
2026-08-30T18:05:02Z,243,Golden Archon Ring,84,0xe9b489ff145ac7d8eca36c3b5c29e1be7f2281b9,laggin,3
2026-08-30T18:05:02Z,243,Golden Archon Ring,85,0x81223fbb85c4c7e2abef9abbc9508dfc97a731b3,buster,2
2026-08-30T18:05:02Z,243,Golden Archon Ring,86,0x301b116c45eb6971f6695578e2a6483b4dc5d73b,dvinar77,2
2026-08-30T18:05:02Z,243,Golden Archon Ring,87,0xebec21ad1ebcfae69f96b7ca96839e5594fbadd1,therec,2
2026-08-30T18:05:02Z,243,Golden Archon Ring,88,0xe4c92dfd2b82ff488ee4e0744e78959f8cc2c24c,jonh94,2
2026-08-30T18:05:02Z,243,Golden Archon Ring,89,0x5c4eccb4a3a7082a75c01c7608ea35f4350630a6,sedicol,2
2026-08-30T18:05:02Z,243,Golden Archon Ring,90,0xea04f13937031d59bf466c9c79d70a9c41a79a4a,sandsman,2
2026-08-30T18:05:02Z,243,Golden Archon Ring,91,0x8c86b43762e80f15a483dba543a31cd96e48e456,n00b,2
2026-08-30T18:05:02Z,243,Golden Archon Ring,92,0x551d5bcbc8f2df0d3ce3b6e8f1e58fe27a68eb7a,kudrry,2
2026-08-30T18:05:02Z,243,Golden Archon Ring,93,0x94692aeb630122b221b2950c2fef4f4f4a5fdf78,rubiks,2
2026-08-30T18:05:02Z,243,Golden Archon Ring,94,0x08a2d01e6e306911ea7032077cf0bf924a1092ea,lemz,2
2026-08-30T18:05:02Z,243,Golden Archon Ring,95,0x8ed20f071287100fafca51c94b5d6d0d8340aef9,joseprust,2
2026-08-30T18:05:02Z,243,Golden Archon Ring,96,0xeb91cfe8979567c1f9e30bd7de9f2968b7e706f7,5324r2df,2
2026-08-30T18:05:02Z,243,Golden Archon Ring,97,0x2364ba6f0d907507a9e669033d9dad99b227cc01,weather,2
2026-08-30T18:05:02Z,243,Golden Archon Ring,98,0xbb8e371d6cd17379c5f0f1076b3d9aea5b4e57d5,disinfettante,2
2026-08-30T18:05:02Z,243,Golden Archon Ring,99,0x32129ebc0288e2c4e8d109164a968992395f8548,cb11,2
2026-08-30T18:05:02Z,243,Golden Archon Ring,100,0x549300f79fb33ba2e77344e58b064ede194ef99a,okeydokey,2
2026-08-30T18:05:02Z,244,Golden Athena Ring,1,0x69c4cc0147fbc23965896fb18a1ccea92230ed1b,afropengu,420
2026-08-30T18:05:02Z,244,Golden Athena Ring,2,0x73a9ffdaaf53723f1d08403f613870cddd6e18fc,suspicious,123
2026-08-30T18:05:02Z,244,Golden Athena Ring,3,0xf00dfac3af2f5b38fe55d50ccf8ffa8c293ea161,dudendy,72
2026-08-30T18:05:02Z,244,Golden Athena Ring,4,0x0ee9318275c37f0e635bb7c8a455ade252cecf1f,georgysogood,65
2026-08-30T18:05:02Z,244,Golden Athena Ring,5,0x2a2376e5e9981c19b15af64d2cdb57c9b94eb1f6,xiskool,65
2026-08-30T18:05:02Z,244,Golden Athena Ring,6,0x19342b9e3f123e373e24f1eea9bb5a1a935507fa,bigmommymilkers,63
2026-08-30T18:05:02Z,244,Golden Athena Ring,7,0xbcbcccae5efd1dab247e6428e9e20a9fda8c5abd,oneindigheid,56
2026-08-30T18:05:02Z,244,Golden Athena Ring,8,0xeed7c6b2af48249a040c9e5d59437670889c7e07,lilwassie,54
2026-08-30T18:05:02Z,244,Golden Athena Ring,9,0xc3ae9ac69d672368539413235938277ce19fc270,bollin,52
2026-08-30T18:05:02Z,244,Golden Athena Ring,10,0x9dc70f5472a88f3eefa4d515a6b1ec94d9d30d13,sidlovskyy,51
2026-08-30T18:05:02Z,244,Golden Athena Ring,11,0xbdecab53bb16b74aa1a1715cc4b80db641eac9da,rxch,50
2026-08-30T18:05:02Z,244,Golden Athena Ring,12,0x5d94f14bafdc6920e462abaa8285d680d4dfa069,tofu,48
2026-08-30T18:05:02Z,244,Golden Athena Ring,13,0xac06dbd4f2b1b174dbb3b67449f0f4245f0f3bc3,spanish,47
2026-08-30T18:05:02Z,244,Golden Athena Ring,14,0x0357294131b3d5b23c84dfa8e38d7e54358f8ba8,kaiken888,43
2026-08-30T18:05:02Z,244,Golden Athena Ring,15,0xeff6c4dcd2b79f502d5d7cb6e6daf70f2536daef,syta,42
2026-08-30T18:05:02Z,244,Golden Athena Ring,16,0x3629d88069124258ef6bb99c9080d064f42e7206,grumpy,38
2026-08-30T18:05:02Z,244,Golden Athena Ring,17,0x90c1ed16e9b16db7d031f573d20bead430feb107,jablko,36
2026-08-30T18:05:02Z,244,Golden Athena Ring,18,0x688410dbc8c331f5945eafc659ae721a447ae975,igloo,35
2026-08-30T18:05:02Z,244,Golden Athena Ring,19,0x0a42a67154221c44c9eae98eb7f9cbff2d269a0e,cassowary,35
2026-08-30T18:05:02Z,244,Golden Athena Ring,20,0xfd0cb86676ba86e3033f1d6d333b342880f336df,677willwin,33
2026-08-30T18:05:02Z,244,Golden Athena Ring,21,0x8ccb0988036cf9d2ca7b24ed46a57cf25ce6f92d,chosta,33
2026-08-30T18:05:02Z,244,Golden Athena Ring,22,0xbbbfe4cc5c3924f19f6e36e66448b2e3a126b111,cryptologist,26
2026-08-30T18:05:02Z,244,Golden Athena Ring,23,0x7b761e4389daf5581708bfe1a26b5d45cc279f2f,gordongrowth,26
2026-08-30T18:05:02Z,244,Golden Athena Ring,24,0x388d510f0f11ba0762e8c7212645ed873c17a204,otabart,24
2026-08-30T18:05:02Z,244,Golden Athena Ring,25,0x7b937e99c1458a485a035a0f06b9d8bf5f842a05,lameak,24
2026-08-30T18:05:02Z,244,Golden Athena Ring,26,0x02764ae21333f5777b44cdded3a654a340176fff,bh3320,22
2026-08-30T18:05:02Z,244,Golden Athena Ring,27,0x4f03ea409e546d9ab7eaa6c9b481bcb99c8547e5,coinpie,20
2026-08-30T18:05:02Z,244,Golden Athena Ring,28,0x381dd397e721c72ce321a1ebaf96ce04f4422ac0,suckmydirtydick,19
2026-08-30T18:05:02Z,244,Golden Athena Ring,29,0xafe00172cf96544d610bf9b70d549a5e89b83f2d,hungryjay,17
2026-08-30T18:05:02Z,244,Golden Athena Ring,30,0xb0d90d52c7389824d4b22c06bcdccd734e3162b7,ezsnipe,16
2026-08-30T18:05:02Z,244,Golden Athena Ring,31,0xd678b718f70389dbdd2d447df23333641e8f7480,yanik,16
2026-08-30T18:05:02Z,244,Golden Athena Ring,32,0x95233e2ec170b4ba0e2208c1ec89f3b87f8b18c7,gambit,16
2026-08-30T18:05:02Z,244,Golden Athena Ring,33,0x9c991a85b090aae221ef8418e3ca29279bf2500a,migs,16
2026-08-30T18:05:02Z,244,Golden Athena Ring,34,0x4366b9a2417631b2647a8d67608638d973fade33,epicser,16
2026-08-30T18:05:02Z,244,Golden Athena Ring,35,0x33973ffb41add93b49227241566d3e5fc9ad904b,schemedream,15
2026-08-30T18:05:02Z,244,Golden Athena Ring,36,0x319d278581e5e5a49ef80e795fe81225d9a15200,icedcoffee,15
2026-08-30T18:05:02Z,244,Golden Athena Ring,37,0x92569bee8c8b9c1df1c283a0409fcc2b2fede157,phalanx,15
2026-08-30T18:05:02Z,244,Golden Athena Ring,38,0x1a5fd36d4b15dd6b5f6eba46c42b1fa697fa4f3a,melbo,13
2026-08-30T18:05:02Z,244,Golden Athena Ring,39,0xeb16cc074e0d3a6c87c0c45a6eced5ef92424b31,wiseadmiral,13
2026-08-30T18:05:02Z,244,Golden Athena Ring,40,0x18db144b2f18b025c1f7ee1d86b422fe864ba477,royven,12
2026-08-30T18:05:02Z,244,Golden Athena Ring,41,0xc577c2f43ffba49d965a8c153f330ba3daad3b73,snake,11
2026-08-30T18:05:02Z,244,Golden Athena Ring,42,0x161f91374506a85ed9063e90c4c217d8697d6471,proofofely,11
2026-08-30T18:05:02Z,244,Golden Athena Ring,43,0xd95d6ce6572622168a97d664c2fb3621f6f7e9e1,crusadertr,10
2026-08-30T18:05:02Z,244,Golden Athena Ring,44,0xce3bc9c7e6b1a4082f9853f6f796e604148b2583,classicj,10
2026-08-30T18:05:02Z,244,Golden Athena Ring,45,0xe90a9bdb63e9ba04a7f3e95140ff803f2f377f5e,vova,10
2026-08-30T18:05:02Z,244,Golden Athena Ring,46,0x4ec977a8e80c4099a44f8ae53a48281448471342,terrestra,9
2026-08-30T18:05:02Z,244,Golden Athena Ring,47,0x0fec947904065bf920e97aae5042ef1e31268e76,matcha,8
2026-08-30T18:05:02Z,244,Golden Athena Ring,48,0x3d385f04852ae078d10e2a420f928f227f3e63f3,kellox,8
2026-08-30T18:05:02Z,244,Golden Athena Ring,49,0xef58ad6d6bcaf054da34948c88e7e91a052dc0fa,kraven,8
2026-08-30T18:05:02Z,244,Golden Athena Ring,50,0x2dad623c8e23645751d0671adb4a02b246285515,fragi,8
2026-08-30T18:05:02Z,244,Golden Athena Ring,51,0x5ab272231e653c2265bdfae58310021bca37152e,tufbeast,8
2026-08-30T18:05:02Z,244,Golden Athena Ring,52,0x397432e390b1916284b47ea19904c0f31e8241bf,umame,7
2026-08-30T18:05:02Z,244,Golden Athena Ring,53,0x23244cc893df1ff2916ee2e492b65bec74b2760c,bunyoo,7
2026-08-30T18:05:02Z,244,Golden Athena Ring,54,0x1494b3e636c533ffd78d467de090102595244d06,anduron,7
2026-08-30T18:05:02Z,244,Golden Athena Ring,55,0xe9b489ff145ac7d8eca36c3b5c29e1be7f2281b9,laggin,7
2026-08-30T18:05:02Z,244,Golden Athena Ring,56,0xb703799d9f485852c9394a8b2cdb39f5590fd65f,gaijin,6
2026-08-30T18:05:02Z,244,Golden Athena Ring,57,0x67369c3e524d370daebc36d9ab3320fafc71eead,roblox,6
2026-08-30T18:05:02Z,244,Golden Athena Ring,58,0x08f4fc19fdee64babf4bda2b0b6e30d3b8683025,aponroflon,6
2026-08-30T18:05:02Z,244,Golden Athena Ring,59,0xd1c76125cb2751750ddb2afded780c6f5b7a3cbc,kace,6
2026-08-30T18:05:02Z,244,Golden Athena Ring,60,0x844d58714aa3fed998f898cbce1b0ddc4550304f,jiren,5
2026-08-30T18:05:02Z,244,Golden Athena Ring,61,0xfff195795e606cbfa76e1c72c7ed6731df91d83d,pan1c,4
2026-08-30T18:05:02Z,244,Golden Athena Ring,62,0x0b2291da8091128352c2464f1072cf4211144744,moritz,4
2026-08-30T18:05:02Z,244,Golden Athena Ring,63,0x2c685f23808bc7b6adda1fd7b6949c5e2db97eb0,bubba,4
2026-08-30T18:05:02Z,244,Golden Athena Ring,64,0x9e3eddb26f9ce62782e544f2a5366c4e2296bce2,og_ayri,4
2026-08-30T18:05:02Z,244,Golden Athena Ring,65,0x89ca1ffe78d575447514790ea0b141c7c44d9332,tice,4
2026-08-30T18:05:02Z,244,Golden Athena Ring,66,0xca73ac7782813b76ba0962babf3c083407dd3e15,aruun,4
2026-08-30T18:05:02Z,244,Golden Athena Ring,67,0x55085ade6c1c39b64cd27099993c5dc933bbed35,bigdogga,4
2026-08-30T18:05:02Z,244,Golden Athena Ring,68,0xf3eaf60c6be58eb9853e71219801c06ad8969f0e,relicguy,4
2026-08-30T18:05:02Z,244,Golden Athena Ring,69,0x6479013c37f56cecc6e77fcfece208645324f5cb,lightning,4
2026-08-30T18:05:02Z,244,Golden Athena Ring,70,0xc1e6ace238f76e7ee3295063fedf6dfd97e176fd,leighjam,3
2026-08-30T18:05:02Z,244,Golden Athena Ring,71,0x4ebc17059cfc143d86fb92ed707805d68142e3ec,ponziscam,3
2026-08-30T18:05:02Z,244,Golden Athena Ring,72,0x5c4eccb4a3a7082a75c01c7608ea35f4350630a6,sedicol,3
2026-08-30T18:05:02Z,244,Golden Athena Ring,73,0xea04f13937031d59bf466c9c79d70a9c41a79a4a,sandsman,3
2026-08-30T18:05:02Z,244,Golden Athena Ring,74,0xd15481578c11b4e5b8f241c412899a0bdd704408,wholistic,3
2026-08-30T18:05:02Z,244,Golden Athena Ring,75,0x8c86b43762e80f15a483dba543a31cd96e48e456,n00b,3
2026-08-30T18:05:02Z,244,Golden Athena Ring,76,0x3eda210ff41e2b2d1658ca5ebe0b80a376c7e0f4,astarta,3
2026-08-30T18:05:02Z,244,Golden Athena Ring,77,0xf343348aef03fea785a6a55f1db870c94f6afb4f,billybob,3
2026-08-30T18:05:02Z,244,Golden Athena Ring,78,0x9b3ef1d5b7472560cf6241949b2485e456aa37a0,bush1do,3
2026-08-30T18:05:02Z,244,Golden Athena Ring,79,0x404965a95046bd5967692745a83231c1137e66e2,adfsjadjkjfsaj,3
2026-08-30T18:05:02Z,244,Golden Athena Ring,80,0x4114d3fa8a699361525340800abe77b875eae626,realenjoy,3
2026-08-30T18:05:02Z,244,Golden Athena Ring,81,0xe910db7af916d287b3d3117abcb5fa9e0932a1c9,knyaz,3
2026-08-30T18:05:02Z,244,Golden Athena Ring,82,0x6ff9be05b6b101881ffd4f483e630e18268fe134,vitlus,3
2026-08-30T18:05:02Z,244,Golden Athena Ring,83,0x867a70d280830fc91f5441449ef37dfa403924a8,eydrian,3
2026-08-30T18:05:02Z,244,Golden Athena Ring,84,0x3e32f9cffb3feb7aef785fd95eba13a1ab5a6c0e,perez,2
2026-08-30T18:05:02Z,244,Golden Athena Ring,85,0x68b474d81009c32ad79e50bd6263a5acc5ad1cd9,vangulia,2
2026-08-30T18:05:02Z,244,Golden Athena Ring,86,0x562ffbc839b608e35646e9de40591b5145bcc6f5,aizcalibur,2
2026-08-30T18:05:02Z,244,Golden Athena Ring,87,0xe4c92dfd2b82ff488ee4e0744e78959f8cc2c24c,jonh94,2
2026-08-30T18:05:02Z,244,Golden Athena Ring,88,0xd9233b0c7017055eb9cca10a95b214ac89fe905a,soroka,2
2026-08-30T18:05:02Z,244,Golden Athena Ring,89,0x56f4c6d5c5c41519a4823e3dae22167dd4544fce,behelit,2
2026-08-30T18:05:02Z,244,Golden Athena Ring,90,0x99278037b2150c577ef1038ceca08db8684bba95,0xfuture,2
2026-08-30T18:05:02Z,244,Golden Athena Ring,91,0x551d5bcbc8f2df0d3ce3b6e8f1e58fe27a68eb7a,kudrry,2
2026-08-30T18:05:02Z,244,Golden Athena Ring,92,0xf4f63d615772dd0a214a04aef7dacce9b7e1d28c,fizzy,2
2026-08-30T18:05:02Z,244,Golden Athena Ring,93,0x0649976f6dd8a2589af8790076f2c08909dd9337,debora,2
2026-08-30T18:05:02Z,244,Golden Athena Ring,94,0x0d1df94f0106ce5bd92138d43c8551cad530c169,vermo,2
2026-08-30T18:05:02Z,244,Golden Athena Ring,95,0xf3143c8e4469a271fa2be6d8775ca2b3bdccf4e2,rmty,2
2026-08-30T18:05:02Z,244,Golden Athena Ring,96,0xe1b2620511e4a989ec1c7ea80ac75555eae12828,soroky,2
2026-08-30T18:05:02Z,244,Golden Athena Ring,97,0x6cdaec838d799cc664dd421324d480b1592c9b5a,lilstaffx,2
2026-08-30T18:05:02Z,244,Golden Athena Ring,98,0xfbfc822ee4989b2b4b9b18e4035ff72335cbb16e,jame7,2
2026-08-30T18:05:02Z,244,Golden Athena Ring,99,0x16e76988594556819213eb2056a45a563debaf95,dirty,2
2026-08-30T18:05:02Z,244,Golden Athena Ring,100,0x7174f8e3a3a2b777911dd6be31d92631a5052ab0,0xkingyo,2
2026-08-30T18:05:02Z,245,Golden Chobo Ring,1,0x69c4cc0147fbc23965896fb18a1ccea92230ed1b,afropengu,316
2026-08-30T18:05:02Z,245,Golden Chobo Ring,2,0x73a9ffdaaf53723f1d08403f613870cddd6e18fc,suspicious,138
2026-08-30T18:05:02Z,245,Golden Chobo Ring,3,0xd678b718f70389dbdd2d447df23333641e8f7480,yanik,126
2026-08-30T18:05:02Z,245,Golden Chobo Ring,4,0xeed7c6b2af48249a040c9e5d59437670889c7e07,lilwassie,108
2026-08-30T18:05:02Z,245,Golden Chobo Ring,5,0x0ee9318275c37f0e635bb7c8a455ade252cecf1f,georgysogood,70
2026-08-30T18:05:02Z,245,Golden Chobo Ring,6,0xbdecab53bb16b74aa1a1715cc4b80db641eac9da,rxch,70
2026-08-30T18:05:02Z,245,Golden Chobo Ring,7,0x2a2376e5e9981c19b15af64d2cdb57c9b94eb1f6,xiskool,68
2026-08-30T18:05:02Z,245,Golden Chobo Ring,8,0x19342b9e3f123e373e24f1eea9bb5a1a935507fa,bigmommymilkers,62
2026-08-30T18:05:02Z,245,Golden Chobo Ring,9,0xbcbcccae5efd1dab247e6428e9e20a9fda8c5abd,oneindigheid,60
2026-08-30T18:05:02Z,245,Golden Chobo Ring,10,0xf00dfac3af2f5b38fe55d50ccf8ffa8c293ea161,dudendy,60
2026-08-30T18:05:02Z,245,Golden Chobo Ring,11,0x9dc70f5472a88f3eefa4d515a6b1ec94d9d30d13,sidlovskyy,58
2026-08-30T18:05:02Z,245,Golden Chobo Ring,12,0x02764ae21333f5777b44cdded3a654a340176fff,bh3320,54
2026-08-30T18:05:02Z,245,Golden Chobo Ring,13,0xac06dbd4f2b1b174dbb3b67449f0f4245f0f3bc3,spanish,52
2026-08-30T18:05:02Z,245,Golden Chobo Ring,14,0xfd0cb86676ba86e3033f1d6d333b342880f336df,677willwin,45
2026-08-30T18:05:02Z,245,Golden Chobo Ring,15,0x3629d88069124258ef6bb99c9080d064f42e7206,grumpy,41
2026-08-30T18:05:02Z,245,Golden Chobo Ring,16,0x0357294131b3d5b23c84dfa8e38d7e54358f8ba8,kaiken888,39
2026-08-30T18:05:02Z,245,Golden Chobo Ring,17,0xbbbfe4cc5c3924f19f6e36e66448b2e3a126b111,cryptologist,35
2026-08-30T18:05:02Z,245,Golden Chobo Ring,18,0xafe00172cf96544d610bf9b70d549a5e89b83f2d,hungryjay,31
2026-08-30T18:05:02Z,245,Golden Chobo Ring,19,0x5d94f14bafdc6920e462abaa8285d680d4dfa069,tofu,29
2026-08-30T18:05:02Z,245,Golden Chobo Ring,20,0x0a42a67154221c44c9eae98eb7f9cbff2d269a0e,cassowary,28
2026-08-30T18:05:02Z,245,Golden Chobo Ring,21,0x388d510f0f11ba0762e8c7212645ed873c17a204,otabart,26
2026-08-30T18:05:02Z,245,Golden Chobo Ring,22,0x90c1ed16e9b16db7d031f573d20bead430feb107,jablko,26
2026-08-30T18:05:02Z,245,Golden Chobo Ring,23,0x7b937e99c1458a485a035a0f06b9d8bf5f842a05,lameak,23
2026-08-30T18:05:02Z,245,Golden Chobo Ring,24,0x7b761e4389daf5581708bfe1a26b5d45cc279f2f,gordongrowth,22
2026-08-30T18:05:02Z,245,Golden Chobo Ring,25,0x4f03ea409e546d9ab7eaa6c9b481bcb99c8547e5,coinpie,19
2026-08-30T18:05:02Z,245,Golden Chobo Ring,26,0xf3143c8e4469a271fa2be6d8775ca2b3bdccf4e2,rmty,18
2026-08-30T18:05:02Z,245,Golden Chobo Ring,27,0x33973ffb41add93b49227241566d3e5fc9ad904b,schemedream,15
2026-08-30T18:05:02Z,245,Golden Chobo Ring,28,0x92569bee8c8b9c1df1c283a0409fcc2b2fede157,phalanx,15
2026-08-30T18:05:02Z,245,Golden Chobo Ring,29,0x8ccb0988036cf9d2ca7b24ed46a57cf25ce6f92d,chosta,15
2026-08-30T18:05:02Z,245,Golden Chobo Ring,30,0xb703799d9f485852c9394a8b2cdb39f5590fd65f,gaijin,14
2026-08-30T18:05:02Z,245,Golden Chobo Ring,31,0xeb16cc074e0d3a6c87c0c45a6eced5ef92424b31,wiseadmiral,14
2026-08-30T18:05:02Z,245,Golden Chobo Ring,32,0x688410dbc8c331f5945eafc659ae721a447ae975,igloo,13
2026-08-30T18:05:02Z,245,Golden Chobo Ring,33,0x9c991a85b090aae221ef8418e3ca29279bf2500a,migs,13
2026-08-30T18:05:02Z,245,Golden Chobo Ring,34,0x319d278581e5e5a49ef80e795fe81225d9a15200,icedcoffee,12
2026-08-30T18:05:02Z,245,Golden Chobo Ring,35,0xc577c2f43ffba49d965a8c153f330ba3daad3b73,snake,12
2026-08-30T18:05:02Z,245,Golden Chobo Ring,36,0xfbfc822ee4989b2b4b9b18e4035ff72335cbb16e,jame7,12
2026-08-30T18:05:02Z,245,Golden Chobo Ring,37,0x18db144b2f18b025c1f7ee1d86b422fe864ba477,royven,11
2026-08-30T18:05:02Z,245,Golden Chobo Ring,38,0xf343348aef03fea785a6a55f1db870c94f6afb4f,billybob,11
2026-08-30T18:05:02Z,245,Golden Chobo Ring,39,0x95233e2ec170b4ba0e2208c1ec89f3b87f8b18c7,gambit,11
2026-08-30T18:05:02Z,245,Golden Chobo Ring,40,0xce3bc9c7e6b1a4082f9853f6f796e604148b2583,classicj,11
2026-08-30T18:05:02Z,245,Golden Chobo Ring,41,0x397432e390b1916284b47ea19904c0f31e8241bf,umame,10
2026-08-30T18:05:02Z,245,Golden Chobo Ring,42,0xd1c76125cb2751750ddb2afded780c6f5b7a3cbc,kace,10
2026-08-30T18:05:02Z,245,Golden Chobo Ring,43,0x1114d62a0148f458040fbf2ddb945560398ca5f0,soma,9
2026-08-30T18:05:02Z,245,Golden Chobo Ring,44,0xb0d90d52c7389824d4b22c06bcdccd734e3162b7,ezsnipe,8
2026-08-30T18:05:02Z,245,Golden Chobo Ring,45,0x381dd397e721c72ce321a1ebaf96ce04f4422ac0,suckmydirtydick,7
2026-08-30T18:05:02Z,245,Golden Chobo Ring,46,0x8c86b43762e80f15a483dba543a31cd96e48e456,n00b,7
2026-08-30T18:05:02Z,245,Golden Chobo Ring,47,0x0d1df94f0106ce5bd92138d43c8551cad530c169,vermo,7
2026-08-30T18:05:02Z,245,Golden Chobo Ring,48,0x161f91374506a85ed9063e90c4c217d8697d6471,proofofely,7
2026-08-30T18:05:02Z,245,Golden Chobo Ring,49,0x5ab272231e653c2265bdfae58310021bca37152e,tufbeast,7
2026-08-30T18:05:02Z,245,Golden Chobo Ring,50,0x67369c3e524d370daebc36d9ab3320fafc71eead,roblox,7
2026-08-30T18:05:02Z,245,Golden Chobo Ring,51,0x4114d3fa8a699361525340800abe77b875eae626,realenjoy,7
2026-08-30T18:05:02Z,245,Golden Chobo Ring,52,0x55085ade6c1c39b64cd27099993c5dc933bbed35,bigdogga,7
2026-08-30T18:05:02Z,245,Golden Chobo Ring,53,0x5d45eb4cb2f45b339b4821e2963fb4ae5e9ccc5e,freewilly,7
2026-08-30T18:05:02Z,245,Golden Chobo Ring,54,0x4ec977a8e80c4099a44f8ae53a48281448471342,terrestra,7
2026-08-30T18:05:02Z,245,Golden Chobo Ring,55,0x6479013c37f56cecc6e77fcfece208645324f5cb,lightning,7
2026-08-30T18:05:02Z,245,Golden Chobo Ring,56,0x3d385f04852ae078d10e2a420f928f227f3e63f3,kellox,6
2026-08-30T18:05:02Z,245,Golden Chobo Ring,57,0xd15481578c11b4e5b8f241c412899a0bdd704408,wholistic,6
2026-08-30T18:05:02Z,245,Golden Chobo Ring,58,0x90bef28cbd710d4acea9efe1ae8457eeda8c65ec,snggamer,5
2026-08-30T18:05:02Z,245,Golden Chobo Ring,59,0xfff195795e606cbfa76e1c72c7ed6731df91d83d,pan1c,5
2026-08-30T18:05:02Z,245,Golden Chobo Ring,60,0x0b2291da8091128352c2464f1072cf4211144744,moritz,5
2026-08-30T18:05:02Z,245,Golden Chobo Ring,61,0x853038c8b98818ee8cb91d8355454c18909e343b,doge,5
2026-08-30T18:05:02Z,245,Golden Chobo Ring,62,0x4366b9a2417631b2647a8d67608638d973fade33,epicser,5
2026-08-30T18:05:02Z,245,Golden Chobo Ring,63,0x92599bdd1ded8d462c58972f6c3badbb39cd06ba,trukreal,5
2026-08-30T18:05:02Z,245,Golden Chobo Ring,64,0xe90a9bdb63e9ba04a7f3e95140ff803f2f377f5e,vova,5
2026-08-30T18:05:02Z,245,Golden Chobo Ring,65,0xd2bb5bcaaaa9d2d77a50598055397916780972ca,sinet,5
2026-08-30T18:05:02Z,245,Golden Chobo Ring,66,0x1a5fd36d4b15dd6b5f6eba46c42b1fa697fa4f3a,melbo,4
2026-08-30T18:05:02Z,245,Golden Chobo Ring,67,0xef58ad6d6bcaf054da34948c88e7e91a052dc0fa,kraven,4
2026-08-30T18:05:02Z,245,Golden Chobo Ring,68,0x2c685f23808bc7b6adda1fd7b6949c5e2db97eb0,bubba,4
2026-08-30T18:05:02Z,245,Golden Chobo Ring,69,0x89ca1ffe78d575447514790ea0b141c7c44d9332,tice,4
2026-08-30T18:05:02Z,245,Golden Chobo Ring,70,0x4ebc17059cfc143d86fb92ed707805d68142e3ec,ponziscam,3
2026-08-30T18:05:02Z,245,Golden Chobo Ring,71,0xea04f13937031d59bf466c9c79d70a9c41a79a4a,sandsman,3
2026-08-30T18:05:02Z,245,Golden Chobo Ring,72,0xeb91cfe8979567c1f9e30bd7de9f2968b7e706f7,5324r2df,3
2026-08-30T18:05:02Z,245,Golden Chobo Ring,73,0x77b56d73521061c92ce7bf006dc77587fa7368c2,beizan,3
2026-08-30T18:05:02Z,245,Golden Chobo Ring,74,0x2d13b12254a7da18b5634c54f74fd73cdd504777,wiseone,3
2026-08-30T18:05:02Z,245,Golden Chobo Ring,75,0x2fab84cc0f5e48d45670ddc3c0e757afafd9a624,visonnie,3
2026-08-30T18:05:02Z,245,Golden Chobo Ring,76,0x19aeb827a7a7a37b156f23bfe6c55a66ed4905eb,barry,3
2026-08-30T18:05:02Z,245,Golden Chobo Ring,77,0x844d58714aa3fed998f898cbce1b0ddc4550304f,jiren,3
2026-08-30T18:05:02Z,245,Golden Chobo Ring,78,0xbe8d1277e96dc6f1c1d560df4468f23690a331ed,perced,3
2026-08-30T18:05:02Z,245,Golden Chobo Ring,79,0xe4eada38870bffd32235e266e6589699d2420ec5,birka,3
2026-08-30T18:05:02Z,245,Golden Chobo Ring,80,0xca73ac7782813b76ba0962babf3c083407dd3e15,aruun,3
2026-08-30T18:05:02Z,245,Golden Chobo Ring,81,0xe9b489ff145ac7d8eca36c3b5c29e1be7f2281b9,laggin,3
2026-08-30T18:05:02Z,245,Golden Chobo Ring,82,0xf3eaf60c6be58eb9853e71219801c06ad8969f0e,relicguy,3
2026-08-30T18:05:02Z,245,Golden Chobo Ring,83,0x8a39e43d0aac1b7bedc81f8100e3603323092f0d,kfay34,3
2026-08-30T18:05:02Z,245,Golden Chobo Ring,84,0xb7f14262c79d2a1e334e93b2509864d4de8ecc76,lazybone,2
2026-08-30T18:05:02Z,245,Golden Chobo Ring,85,0x0fec947904065bf920e97aae5042ef1e31268e76,matcha,2
2026-08-30T18:05:02Z,245,Golden Chobo Ring,86,0xebec21ad1ebcfae69f96b7ca96839e5594fbadd1,therec,2
2026-08-30T18:05:02Z,245,Golden Chobo Ring,87,0xe4c92dfd2b82ff488ee4e0744e78959f8cc2c24c,jonh94,2
2026-08-30T18:05:02Z,245,Golden Chobo Ring,88,0x56f4c6d5c5c41519a4823e3dae22167dd4544fce,behelit,2
2026-08-30T18:05:02Z,245,Golden Chobo Ring,89,0xc3ae9ac69d672368539413235938277ce19fc270,bollin,2
2026-08-30T18:05:02Z,245,Golden Chobo Ring,90,0x0649976f6dd8a2589af8790076f2c08909dd9337,debora,2
2026-08-30T18:05:02Z,245,Golden Chobo Ring,91,0x8ed20f071287100fafca51c94b5d6d0d8340aef9,joseprust,2
2026-08-30T18:05:02Z,245,Golden Chobo Ring,92,0x0dcc95379341d2158cbb13963f317aa4510a5c80,yummytheartist,2
2026-08-30T18:05:02Z,245,Golden Chobo Ring,93,0x469998f2fa8aaa2648fef6fc3902268f315195ef,mrgold,2
2026-08-30T18:05:02Z,245,Golden Chobo Ring,94,0x23244cc893df1ff2916ee2e492b65bec74b2760c,bunyoo,2
2026-08-30T18:05:02Z,245,Golden Chobo Ring,95,0x7174f8e3a3a2b777911dd6be31d92631a5052ab0,0xkingyo,2
2026-08-30T18:05:02Z,245,Golden Chobo Ring,96,0xf3823ea2adaea672583ce9d84c979021f9ed9da4,iamroot,2
2026-08-30T18:05:02Z,245,Golden Chobo Ring,97,0x53c5e9ffb362ec22fc172400bc6209819cb3a301,k1sel,2
2026-08-30T18:05:02Z,245,Golden Chobo Ring,98,0xa34e3742cea47cb04af0fc2b4ae78660ad8666c9,egorerror,2
2026-08-30T18:05:02Z,245,Golden Chobo Ring,99,0x7a10d45c461e81e24796f9c83b584756876d24d7,stakeoor,2
2026-08-30T18:05:02Z,245,Golden Chobo Ring,100,0x49826f26fd526c52c7b18d0f2866b6e158328eec,lilvibe,2
2026-08-30T18:05:02Z,246,Golden Crusader Ring,1,0x69c4cc0147fbc23965896fb18a1ccea92230ed1b,afropengu,306
2026-08-30T18:05:02Z,246,Golden Crusader Ring,2,0x73a9ffdaaf53723f1d08403f613870cddd6e18fc,suspicious,118
2026-08-30T18:05:02Z,246,Golden Crusader Ring,3,0xbdecab53bb16b74aa1a1715cc4b80db641eac9da,rxch,111
2026-08-30T18:05:02Z,246,Golden Crusader Ring,4,0x0ee9318275c37f0e635bb7c8a455ade252cecf1f,georgysogood,61
2026-08-30T18:05:02Z,246,Golden Crusader Ring,5,0x2a2376e5e9981c19b15af64d2cdb57c9b94eb1f6,xiskool,58
2026-08-30T18:05:02Z,246,Golden Crusader Ring,6,0x19342b9e3f123e373e24f1eea9bb5a1a935507fa,bigmommymilkers,58
2026-08-30T18:05:02Z,246,Golden Crusader Ring,7,0x90c1ed16e9b16db7d031f573d20bead430feb107,jablko,57
2026-08-30T18:05:02Z,246,Golden Crusader Ring,8,0xeed7c6b2af48249a040c9e5d59437670889c7e07,lilwassie,57
2026-08-30T18:05:02Z,246,Golden Crusader Ring,9,0xac06dbd4f2b1b174dbb3b67449f0f4245f0f3bc3,spanish,57
2026-08-30T18:05:02Z,246,Golden Crusader Ring,10,0x02764ae21333f5777b44cdded3a654a340176fff,bh3320,55
2026-08-30T18:05:02Z,246,Golden Crusader Ring,11,0xeff6c4dcd2b79f502d5d7cb6e6daf70f2536daef,syta,49
2026-08-30T18:05:02Z,246,Golden Crusader Ring,12,0x388d510f0f11ba0762e8c7212645ed873c17a204,otabart,44
2026-08-30T18:05:02Z,246,Golden Crusader Ring,13,0x9dc70f5472a88f3eefa4d515a6b1ec94d9d30d13,sidlovskyy,40
2026-08-30T18:05:02Z,246,Golden Crusader Ring,14,0xf00dfac3af2f5b38fe55d50ccf8ffa8c293ea161,dudendy,38
2026-08-30T18:05:02Z,246,Golden Crusader Ring,15,0x0a42a67154221c44c9eae98eb7f9cbff2d269a0e,cassowary,35
2026-08-30T18:05:02Z,246,Golden Crusader Ring,16,0xfd0cb86676ba86e3033f1d6d333b342880f336df,677willwin,34
2026-08-30T18:05:02Z,246,Golden Crusader Ring,17,0x3629d88069124258ef6bb99c9080d064f42e7206,grumpy,33
2026-08-30T18:05:02Z,246,Golden Crusader Ring,18,0x8ccb0988036cf9d2ca7b24ed46a57cf25ce6f92d,chosta,33
2026-08-30T18:05:02Z,246,Golden Crusader Ring,19,0xbbbfe4cc5c3924f19f6e36e66448b2e3a126b111,cryptologist,32
2026-08-30T18:05:02Z,246,Golden Crusader Ring,20,0x0357294131b3d5b23c84dfa8e38d7e54358f8ba8,kaiken888,32
2026-08-30T18:05:02Z,246,Golden Crusader Ring,21,0xd678b718f70389dbdd2d447df23333641e8f7480,yanik,30
2026-08-30T18:05:02Z,246,Golden Crusader Ring,22,0x7b937e99c1458a485a035a0f06b9d8bf5f842a05,lameak,30
2026-08-30T18:05:02Z,246,Golden Crusader Ring,23,0xbcbcccae5efd1dab247e6428e9e20a9fda8c5abd,oneindigheid,27
2026-08-30T18:05:02Z,246,Golden Crusader Ring,24,0x4f03ea409e546d9ab7eaa6c9b481bcb99c8547e5,coinpie,27
2026-08-30T18:05:02Z,246,Golden Crusader Ring,25,0x7b761e4389daf5581708bfe1a26b5d45cc279f2f,gordongrowth,26
2026-08-30T18:05:02Z,246,Golden Crusader Ring,26,0x5d94f14bafdc6920e462abaa8285d680d4dfa069,tofu,23
2026-08-30T18:05:02Z,246,Golden Crusader Ring,27,0x688410dbc8c331f5945eafc659ae721a447ae975,igloo,19
2026-08-30T18:05:02Z,246,Golden Crusader Ring,28,0xafe00172cf96544d610bf9b70d549a5e89b83f2d,hungryjay,17
2026-08-30T18:05:02Z,246,Golden Crusader Ring,29,0x95233e2ec170b4ba0e2208c1ec89f3b87f8b18c7,gambit,17
2026-08-30T18:05:02Z,246,Golden Crusader Ring,30,0x5ab272231e653c2265bdfae58310021bca37152e,tufbeast,16
2026-08-30T18:05:02Z,246,Golden Crusader Ring,31,0x92569bee8c8b9c1df1c283a0409fcc2b2fede157,phalanx,15
2026-08-30T18:05:02Z,246,Golden Crusader Ring,32,0x33973ffb41add93b49227241566d3e5fc9ad904b,schemedream,14
2026-08-30T18:05:02Z,246,Golden Crusader Ring,33,0xf3143c8e4469a271fa2be6d8775ca2b3bdccf4e2,rmty,14
2026-08-30T18:05:02Z,246,Golden Crusader Ring,34,0x4366b9a2417631b2647a8d67608638d973fade33,epicser,14
2026-08-30T18:05:02Z,246,Golden Crusader Ring,35,0x99278037b2150c577ef1038ceca08db8684bba95,0xfuture,13
2026-08-30T18:05:02Z,246,Golden Crusader Ring,36,0x319d278581e5e5a49ef80e795fe81225d9a15200,icedcoffee,12
2026-08-30T18:05:02Z,246,Golden Crusader Ring,37,0xeb16cc074e0d3a6c87c0c45a6eced5ef92424b31,wiseadmiral,12
2026-08-30T18:05:02Z,246,Golden Crusader Ring,38,0xf343348aef03fea785a6a55f1db870c94f6afb4f,billybob,11
2026-08-30T18:05:02Z,246,Golden Crusader Ring,39,0xd95d6ce6572622168a97d664c2fb3621f6f7e9e1,crusadertr,10
2026-08-30T18:05:02Z,246,Golden Crusader Ring,40,0xe90a9bdb63e9ba04a7f3e95140ff803f2f377f5e,vova,10
2026-08-30T18:05:02Z,246,Golden Crusader Ring,41,0x67369c3e524d370daebc36d9ab3320fafc71eead,roblox,9
2026-08-30T18:05:02Z,246,Golden Crusader Ring,42,0x9c991a85b090aae221ef8418e3ca29279bf2500a,migs,9
2026-08-30T18:05:02Z,246,Golden Crusader Ring,43,0xb703799d9f485852c9394a8b2cdb39f5590fd65f,gaijin,8
2026-08-30T18:05:02Z,246,Golden Crusader Ring,44,0xd15481578c11b4e5b8f241c412899a0bdd704408,wholistic,8
2026-08-30T18:05:02Z,246,Golden Crusader Ring,45,0xc577c2f43ffba49d965a8c153f330ba3daad3b73,snake,8
2026-08-30T18:05:02Z,246,Golden Crusader Ring,46,0xfbfc822ee4989b2b4b9b18e4035ff72335cbb16e,jame7,7
2026-08-30T18:05:02Z,246,Golden Crusader Ring,47,0x23244cc893df1ff2916ee2e492b65bec74b2760c,bunyoo,7
2026-08-30T18:05:02Z,246,Golden Crusader Ring,48,0x844d58714aa3fed998f898cbce1b0ddc4550304f,jiren,7
2026-08-30T18:05:02Z,246,Golden Crusader Ring,49,0x1114d62a0148f458040fbf2ddb945560398ca5f0,soma,7
2026-08-30T18:05:02Z,246,Golden Crusader Ring,50,0xd1c76125cb2751750ddb2afded780c6f5b7a3cbc,kace,7
2026-08-30T18:05:02Z,246,Golden Crusader Ring,51,0x867a70d280830fc91f5441449ef37dfa403924a8,eydrian,7
2026-08-30T18:05:02Z,246,Golden Crusader Ring,52,0x4ec977a8e80c4099a44f8ae53a48281448471342,terrestra,6
2026-08-30T18:05:02Z,246,Golden Crusader Ring,53,0x3d385f04852ae078d10e2a420f928f227f3e63f3,kellox,5
2026-08-30T18:05:02Z,246,Golden Crusader Ring,54,0xef58ad6d6bcaf054da34948c88e7e91a052dc0fa,kraven,5
2026-08-30T18:05:02Z,246,Golden Crusader Ring,55,0xc3ae9ac69d672368539413235938277ce19fc270,bollin,5
2026-08-30T18:05:02Z,246,Golden Crusader Ring,56,0x3eda210ff41e2b2d1658ca5ebe0b80a376c7e0f4,astarta,5
2026-08-30T18:05:02Z,246,Golden Crusader Ring,57,0xce3bc9c7e6b1a4082f9853f6f796e604148b2583,classicj,5
2026-08-30T18:05:02Z,246,Golden Crusader Ring,58,0x0fec947904065bf920e97aae5042ef1e31268e76,matcha,4
2026-08-30T18:05:02Z,246,Golden Crusader Ring,59,0x0649976f6dd8a2589af8790076f2c08909dd9337,debora,4
2026-08-30T18:05:02Z,246,Golden Crusader Ring,60,0x18db144b2f18b025c1f7ee1d86b422fe864ba477,royven,4
2026-08-30T18:05:02Z,246,Golden Crusader Ring,61,0x89ca1ffe78d575447514790ea0b141c7c44d9332,tice,4
2026-08-30T18:05:02Z,246,Golden Crusader Ring,62,0xb0d90d52c7389824d4b22c06bcdccd734e3162b7,ezsnipe,4
2026-08-30T18:05:02Z,246,Golden Crusader Ring,63,0x7a10d45c461e81e24796f9c83b584756876d24d7,stakeoor,4
2026-08-30T18:05:02Z,246,Golden Crusader Ring,64,0x3c49ca3eda0ce8413f9c433f04322827714c23c3,dmisky,4
2026-08-30T18:05:02Z,246,Golden Crusader Ring,65,0x1494b3e636c533ffd78d467de090102595244d06,anduron,4
2026-08-30T18:05:02Z,246,Golden Crusader Ring,66,0x8a39e43d0aac1b7bedc81f8100e3603323092f0d,kfay34,4
2026-08-30T18:05:02Z,246,Golden Crusader Ring,67,0x6479013c37f56cecc6e77fcfece208645324f5cb,lightning,4
2026-08-30T18:05:02Z,246,Golden Crusader Ring,68,0x381dd397e721c72ce321a1ebaf96ce04f4422ac0,suckmydirtydick,3
2026-08-30T18:05:02Z,246,Golden Crusader Ring,69,0xebec21ad1ebcfae69f96b7ca96839e5594fbadd1,therec,3
2026-08-30T18:05:02Z,246,Golden Crusader Ring,70,0x6e15784a00ceb7dde2a9801f9eb19d6186447d4d,dpuck,3
2026-08-30T18:05:02Z,246,Golden Crusader Ring,71,0x4ebc17059cfc143d86fb92ed707805d68142e3ec,ponziscam,3
2026-08-30T18:05:02Z,246,Golden Crusader Ring,72,0xfff195795e606cbfa76e1c72c7ed6731df91d83d,pan1c,3
2026-08-30T18:05:02Z,246,Golden Crusader Ring,73,0x0d1df94f0106ce5bd92138d43c8551cad530c169,vermo,3
2026-08-30T18:05:02Z,246,Golden Crusader Ring,74,0xe1b2620511e4a989ec1c7ea80ac75555eae12828,soroky,3
2026-08-30T18:05:02Z,246,Golden Crusader Ring,75,0x161f91374506a85ed9063e90c4c217d8697d6471,proofofely,3
2026-08-30T18:05:02Z,246,Golden Crusader Ring,76,0x469998f2fa8aaa2648fef6fc3902268f315195ef,mrgold,3
2026-08-30T18:05:02Z,246,Golden Crusader Ring,77,0x7174f8e3a3a2b777911dd6be31d92631a5052ab0,0xkingyo,3
2026-08-30T18:05:02Z,246,Golden Crusader Ring,78,0x9e3eddb26f9ce62782e544f2a5366c4e2296bce2,og_ayri,3
2026-08-30T18:05:02Z,246,Golden Crusader Ring,79,0xe0bcefccc4d8012e295b761235987ebb2370755d,2357y,3
2026-08-30T18:05:02Z,246,Golden Crusader Ring,80,0x49826f26fd526c52c7b18d0f2866b6e158328eec,lilvibe,3
2026-08-30T18:05:02Z,246,Golden Crusader Ring,81,0x48ee44d5ebc1018e633eb35248e3e45f80517b88,torubtc,3
2026-08-30T18:05:02Z,246,Golden Crusader Ring,82,0xd241569d27278c7dc650aa6808356f21589b7b27,ziirup,3
2026-08-30T18:05:02Z,246,Golden Crusader Ring,83,0x163a31cf31e1b687bbc5f1bcb11c1cbe4c2c5a79,xfun,3
2026-08-30T18:05:02Z,246,Golden Crusader Ring,84,0x55085ade6c1c39b64cd27099993c5dc933bbed35,bigdogga,3
2026-08-30T18:05:02Z,246,Golden Crusader Ring,85,0xd67eb6b6254b48acd89ea84b5d51afc68b7378c1,lancelot,2
2026-08-30T18:05:02Z,246,Golden Crusader Ring,86,0xf0591506ee91c25dbe35c44dc760c462c5d53079,impact,2
2026-08-30T18:05:02Z,246,Golden Crusader Ring,87,0x562ffbc839b608e35646e9de40591b5145bcc6f5,aizcalibur,2
2026-08-30T18:05:02Z,246,Golden Crusader Ring,88,0xe4c92dfd2b82ff488ee4e0744e78959f8cc2c24c,jonh94,2
2026-08-30T18:05:02Z,246,Golden Crusader Ring,89,0xd9233b0c7017055eb9cca10a95b214ac89fe905a,soroka,2
2026-08-30T18:05:02Z,246,Golden Crusader Ring,90,0xea04f13937031d59bf466c9c79d70a9c41a79a4a,sandsman,2
2026-08-30T18:05:02Z,246,Golden Crusader Ring,91,0xd82311e0ddcff7cad1be090763d4f6d7ba1c290a,vims,2
2026-08-30T18:05:02Z,246,Golden Crusader Ring,92,0x9b3ef1d5b7472560cf6241949b2485e456aa37a0,bush1do,2
2026-08-30T18:05:02Z,246,Golden Crusader Ring,93,0xdbd4749050752504d9017484f82a75dff9592cd1,tron,2
2026-08-30T18:05:02Z,246,Golden Crusader Ring,94,0xf3823ea2adaea672583ce9d84c979021f9ed9da4,iamroot,2
2026-08-30T18:05:02Z,246,Golden Crusader Ring,95,0x2fab84cc0f5e48d45670ddc3c0e757afafd9a624,visonnie,2
2026-08-30T18:05:02Z,246,Golden Crusader Ring,96,0x09c96dae4254764a02a211f6203dc9489a572602,favorburn,2
2026-08-30T18:05:02Z,246,Golden Crusader Ring,97,0x885d6144d9960e5c19c91527b86c541befe37451,stakb,2
2026-08-30T18:05:02Z,246,Golden Crusader Ring,98,0x319cd6df9e13e715e411607139172d8f4d4b56c7,balou,2
2026-08-30T18:05:02Z,246,Golden Crusader Ring,99,0x4114d3fa8a699361525340800abe77b875eae626,realenjoy,2
2026-08-30T18:05:02Z,246,Golden Crusader Ring,100,0xb2042611b4987ba8be9efd6cc1165f09e7c694a8,joblessathena,2
2026-08-30T18:05:02Z,247,Golden Foxglove Ring,1,0x69c4cc0147fbc23965896fb18a1ccea92230ed1b,afropengu,342
2026-08-30T18:05:02Z,247,Golden Foxglove Ring,2,0x73a9ffdaaf53723f1d08403f613870cddd6e18fc,suspicious,145
2026-08-30T18:05:02Z,247,Golden Foxglove Ring,3,0xd678b718f70389dbdd2d447df23333641e8f7480,yanik,109
2026-08-30T18:05:02Z,247,Golden Foxglove Ring,4,0xeed7c6b2af48249a040c9e5d59437670889c7e07,lilwassie,68
2026-08-30T18:05:02Z,247,Golden Foxglove Ring,5,0xac06dbd4f2b1b174dbb3b67449f0f4245f0f3bc3,spanish,62
2026-08-30T18:05:02Z,247,Golden Foxglove Ring,6,0x0ee9318275c37f0e635bb7c8a455ade252cecf1f,georgysogood,57
2026-08-30T18:05:02Z,247,Golden Foxglove Ring,7,0x2a2376e5e9981c19b15af64d2cdb57c9b94eb1f6,xiskool,56
2026-08-30T18:05:02Z,247,Golden Foxglove Ring,8,0x02764ae21333f5777b44cdded3a654a340176fff,bh3320,56
2026-08-30T18:05:02Z,247,Golden Foxglove Ring,9,0x19342b9e3f123e373e24f1eea9bb5a1a935507fa,bigmommymilkers,53
2026-08-30T18:05:02Z,247,Golden Foxglove Ring,10,0xbcbcccae5efd1dab247e6428e9e20a9fda8c5abd,oneindigheid,51
2026-08-30T18:05:02Z,247,Golden Foxglove Ring,11,0xf00dfac3af2f5b38fe55d50ccf8ffa8c293ea161,dudendy,50
2026-08-30T18:05:02Z,247,Golden Foxglove Ring,12,0xbdecab53bb16b74aa1a1715cc4b80db641eac9da,rxch,50
2026-08-30T18:05:02Z,247,Golden Foxglove Ring,13,0x9dc70f5472a88f3eefa4d515a6b1ec94d9d30d13,sidlovskyy,49
2026-08-30T18:05:02Z,247,Golden Foxglove Ring,14,0x90c1ed16e9b16db7d031f573d20bead430feb107,jablko,42
2026-08-30T18:05:02Z,247,Golden Foxglove Ring,15,0xd2bb5bcaaaa9d2d77a50598055397916780972ca,sinet,40
2026-08-30T18:05:02Z,247,Golden Foxglove Ring,16,0x0357294131b3d5b23c84dfa8e38d7e54358f8ba8,kaiken888,37
2026-08-30T18:05:02Z,247,Golden Foxglove Ring,17,0x8ccb0988036cf9d2ca7b24ed46a57cf25ce6f92d,chosta,36
2026-08-30T18:05:02Z,247,Golden Foxglove Ring,18,0xafe00172cf96544d610bf9b70d549a5e89b83f2d,hungryjay,33
2026-08-30T18:05:02Z,247,Golden Foxglove Ring,19,0xfd0cb86676ba86e3033f1d6d333b342880f336df,677willwin,33
2026-08-30T18:05:02Z,247,Golden Foxglove Ring,20,0x3629d88069124258ef6bb99c9080d064f42e7206,grumpy,31
2026-08-30T18:05:02Z,247,Golden Foxglove Ring,21,0x388d510f0f11ba0762e8c7212645ed873c17a204,otabart,28
2026-08-30T18:05:02Z,247,Golden Foxglove Ring,22,0x4f03ea409e546d9ab7eaa6c9b481bcb99c8547e5,coinpie,27
2026-08-30T18:05:02Z,247,Golden Foxglove Ring,23,0x7b937e99c1458a485a035a0f06b9d8bf5f842a05,lameak,27
2026-08-30T18:05:02Z,247,Golden Foxglove Ring,24,0x0a42a67154221c44c9eae98eb7f9cbff2d269a0e,cassowary,25
2026-08-30T18:05:02Z,247,Golden Foxglove Ring,25,0x7b761e4389daf5581708bfe1a26b5d45cc279f2f,gordongrowth,20
2026-08-30T18:05:02Z,247,Golden Foxglove Ring,26,0x688410dbc8c331f5945eafc659ae721a447ae975,igloo,19
2026-08-30T18:05:02Z,247,Golden Foxglove Ring,27,0xeff6c4dcd2b79f502d5d7cb6e6daf70f2536daef,syta,19
2026-08-30T18:05:02Z,247,Golden Foxglove Ring,28,0x33973ffb41add93b49227241566d3e5fc9ad904b,schemedream,17
2026-08-30T18:05:02Z,247,Golden Foxglove Ring,29,0xbbbfe4cc5c3924f19f6e36e66448b2e3a126b111,cryptologist,16
2026-08-30T18:05:02Z,247,Golden Foxglove Ring,30,0x5d94f14bafdc6920e462abaa8285d680d4dfa069,tofu,15
2026-08-30T18:05:02Z,247,Golden Foxglove Ring,31,0x92569bee8c8b9c1df1c283a0409fcc2b2fede157,phalanx,15
2026-08-30T18:05:02Z,247,Golden Foxglove Ring,32,0x381dd397e721c72ce321a1ebaf96ce04f4422ac0,suckmydirtydick,14
2026-08-30T18:05:02Z,247,Golden Foxglove Ring,33,0x5ab272231e653c2265bdfae58310021bca37152e,tufbeast,14
2026-08-30T18:05:02Z,247,Golden Foxglove Ring,34,0x3d385f04852ae078d10e2a420f928f227f3e63f3,kellox,13
2026-08-30T18:05:02Z,247,Golden Foxglove Ring,35,0xf343348aef03fea785a6a55f1db870c94f6afb4f,billybob,13
2026-08-30T18:05:02Z,247,Golden Foxglove Ring,36,0x319d278581e5e5a49ef80e795fe81225d9a15200,icedcoffee,12
2026-08-30T18:05:02Z,247,Golden Foxglove Ring,37,0xfbfc822ee4989b2b4b9b18e4035ff72335cbb16e,jame7,11
2026-08-30T18:05:02Z,247,Golden Foxglove Ring,38,0x95233e2ec170b4ba0e2208c1ec89f3b87f8b18c7,gambit,11
2026-08-30T18:05:02Z,247,Golden Foxglove Ring,39,0x9c991a85b090aae221ef8418e3ca29279bf2500a,migs,11
2026-08-30T18:05:02Z,247,Golden Foxglove Ring,40,0x1a5fd36d4b15dd6b5f6eba46c42b1fa697fa4f3a,melbo,10
2026-08-30T18:05:02Z,247,Golden Foxglove Ring,41,0x4366b9a2417631b2647a8d67608638d973fade33,epicser,10
2026-08-30T18:05:02Z,247,Golden Foxglove Ring,42,0xce3bc9c7e6b1a4082f9853f6f796e604148b2583,classicj,10
2026-08-30T18:05:02Z,247,Golden Foxglove Ring,43,0xe90a9bdb63e9ba04a7f3e95140ff803f2f377f5e,vova,10
2026-08-30T18:05:02Z,247,Golden Foxglove Ring,44,0x319cd6df9e13e715e411607139172d8f4d4b56c7,balou,9
2026-08-30T18:05:02Z,247,Golden Foxglove Ring,45,0xeb16cc074e0d3a6c87c0c45a6eced5ef92424b31,wiseadmiral,9
2026-08-30T18:05:02Z,247,Golden Foxglove Ring,46,0x18db144b2f18b025c1f7ee1d86b422fe864ba477,royven,8
2026-08-30T18:05:02Z,247,Golden Foxglove Ring,47,0xc577c2f43ffba49d965a8c153f330ba3daad3b73,snake,8
2026-08-30T18:05:02Z,247,Golden Foxglove Ring,48,0x4f8c2395f105d29dae90531f36c7d1d14e22acb9,phangu,7
2026-08-30T18:05:02Z,247,Golden Foxglove Ring,49,0x4ebc17059cfc143d86fb92ed707805d68142e3ec,ponziscam,6
2026-08-30T18:05:02Z,247,Golden Foxglove Ring,50,0x23244cc893df1ff2916ee2e492b65bec74b2760c,bunyoo,6
2026-08-30T18:05:02Z,247,Golden Foxglove Ring,51,0x67369c3e524d370daebc36d9ab3320fafc71eead,roblox,6
2026-08-30T18:05:02Z,247,Golden Foxglove Ring,52,0x3c49ca3eda0ce8413f9c433f04322827714c23c3,dmisky,6
2026-08-30T18:05:02Z,247,Golden Foxglove Ring,53,0xd1c76125cb2751750ddb2afded780c6f5b7a3cbc,kace,6
2026-08-30T18:05:02Z,247,Golden Foxglove Ring,54,0x4ec977a8e80c4099a44f8ae53a48281448471342,terrestra,6
2026-08-30T18:05:02Z,247,Golden Foxglove Ring,55,0x5c4eccb4a3a7082a75c01c7608ea35f4350630a6,sedicol,5
2026-08-30T18:05:02Z,247,Golden Foxglove Ring,56,0xd15481578c11b4e5b8f241c412899a0bdd704408,wholistic,5
2026-08-30T18:05:02Z,247,Golden Foxglove Ring,57,0xfff195795e606cbfa76e1c72c7ed6731df91d83d,pan1c,5
2026-08-30T18:05:02Z,247,Golden Foxglove Ring,58,0xaed39522670a5d146eb57289cc05b043bbeb0c19,lazyiv,4
2026-08-30T18:05:02Z,247,Golden Foxglove Ring,59,0xef58ad6d6bcaf054da34948c88e7e91a052dc0fa,kraven,4
2026-08-30T18:05:02Z,247,Golden Foxglove Ring,60,0x99278037b2150c577ef1038ceca08db8684bba95,0xfuture,4
2026-08-30T18:05:02Z,247,Golden Foxglove Ring,61,0x0b2291da8091128352c2464f1072cf4211144744,moritz,4
2026-08-30T18:05:02Z,247,Golden Foxglove Ring,62,0xb0d90d52c7389824d4b22c06bcdccd734e3162b7,ezsnipe,4
2026-08-30T18:05:02Z,247,Golden Foxglove Ring,63,0x844d58714aa3fed998f898cbce1b0ddc4550304f,jiren,4
2026-08-30T18:05:02Z,247,Golden Foxglove Ring,64,0x49826f26fd526c52c7b18d0f2866b6e158328eec,lilvibe,4
2026-08-30T18:05:02Z,247,Golden Foxglove Ring,65,0x4114d3fa8a699361525340800abe77b875eae626,realenjoy,4
2026-08-30T18:05:02Z,247,Golden Foxglove Ring,66,0xf3eaf60c6be58eb9853e71219801c06ad8969f0e,relicguy,4
2026-08-30T18:05:02Z,247,Golden Foxglove Ring,67,0x8a39e43d0aac1b7bedc81f8100e3603323092f0d,kfay34,4
2026-08-30T18:05:02Z,247,Golden Foxglove Ring,68,0x6479013c37f56cecc6e77fcfece208645324f5cb,lightning,4
2026-08-30T18:05:02Z,247,Golden Foxglove Ring,69,0x0fec947904065bf920e97aae5042ef1e31268e76,matcha,3
2026-08-30T18:05:02Z,247,Golden Foxglove Ring,70,0x2b22930f9a2258d9ba2d0796b393089ee5086435,garnisho,3
2026-08-30T18:05:02Z,247,Golden Foxglove Ring,71,0xea04f13937031d59bf466c9c79d70a9c41a79a4a,sandsman,3
2026-08-30T18:05:02Z,247,Golden Foxglove Ring,72,0x8c86b43762e80f15a483dba543a31cd96e48e456,n00b,3
2026-08-30T18:05:02Z,247,Golden Foxglove Ring,73,0x790824745300127af8763badd4dba6f84358b548,pablosky48,3
2026-08-30T18:05:02Z,247,Golden Foxglove Ring,74,0x9b3ef1d5b7472560cf6241949b2485e456aa37a0,bush1do,3
2026-08-30T18:05:02Z,247,Golden Foxglove Ring,75,0x2dad623c8e23645751d0671adb4a02b246285515,fragi,3
2026-08-30T18:05:02Z,247,Golden Foxglove Ring,76,0x9e3eddb26f9ce62782e544f2a5366c4e2296bce2,og_ayri,3
2026-08-30T18:05:02Z,247,Golden Foxglove Ring,77,0x89ca1ffe78d575447514790ea0b141c7c44d9332,tice,3
2026-08-30T18:05:02Z,247,Golden Foxglove Ring,78,0x1c436ae0b01bba8295be93afa4154bd0435aba46,kenzaii,3
2026-08-30T18:05:02Z,247,Golden Foxglove Ring,79,0x4c53b2e646a3e01c2b22497753b1560029b5166b,gusine,3
2026-08-30T18:05:02Z,247,Golden Foxglove Ring,80,0xe9b489ff145ac7d8eca36c3b5c29e1be7f2281b9,laggin,3
2026-08-30T18:05:02Z,247,Golden Foxglove Ring,81,0xebec21ad1ebcfae69f96b7ca96839e5594fbadd1,therec,2
2026-08-30T18:05:02Z,247,Golden Foxglove Ring,82,0xe4c92dfd2b82ff488ee4e0744e78959f8cc2c24c,jonh94,2
2026-08-30T18:05:02Z,247,Golden Foxglove Ring,83,0xb703799d9f485852c9394a8b2cdb39f5590fd65f,gaijin,2
2026-08-30T18:05:02Z,247,Golden Foxglove Ring,84,0x40bfc8a6d3283958d3b70dc68049a78038a0f2e3,playaway,2
2026-08-30T18:05:02Z,247,Golden Foxglove Ring,85,0x56f4c6d5c5c41519a4823e3dae22167dd4544fce,behelit,2
2026-08-30T18:05:02Z,247,Golden Foxglove Ring,86,0xc3ae9ac69d672368539413235938277ce19fc270,bollin,2
2026-08-30T18:05:02Z,247,Golden Foxglove Ring,87,0xdb927fb9f66907b2a957b3d0d440110c3a999069,arbitrum,2
2026-08-30T18:05:02Z,247,Golden Foxglove Ring,88,0x8d3b30483efaf6db004e22260ddc9d7d19f1067a,anonymized,2
2026-08-30T18:05:02Z,247,Golden Foxglove Ring,89,0x2c685f23808bc7b6adda1fd7b6949c5e2db97eb0,bubba,2
2026-08-30T18:05:02Z,247,Golden Foxglove Ring,90,0xc9f27e68912aae40bb60c17b5634b3e74bbb16ab,minebuu,2
2026-08-30T18:05:02Z,247,Golden Foxglove Ring,91,0x2fab84cc0f5e48d45670ddc3c0e757afafd9a624,visonnie,2
2026-08-30T18:05:02Z,247,Golden Foxglove Ring,92,0x885d6144d9960e5c19c91527b86c541befe37451,stakb,2
2026-08-30T18:05:02Z,247,Golden Foxglove Ring,93,0x1114d62a0148f458040fbf2ddb945560398ca5f0,soma,2
2026-08-30T18:05:02Z,247,Golden Foxglove Ring,94,0x41f9388a0ff752e3a5f2b9471af350ee5c7857a4,poorman,2
2026-08-30T18:05:02Z,247,Golden Foxglove Ring,95,0xd241569d27278c7dc650aa6808356f21589b7b27,ziirup,2
2026-08-30T18:05:02Z,247,Golden Foxglove Ring,96,0xa8a956a5690cc81bb367da2c2f6f1796be2b3c30,scottco,2
2026-08-30T18:05:02Z,247,Golden Foxglove Ring,97,0xa592221a516dc29a427a57b6951b26962605709c,xxchake,2
2026-08-30T18:05:02Z,247,Golden Foxglove Ring,98,0xbe9f653ed31efe4bad59f3fb431fd9381a597173,scoriox,2
2026-08-30T18:05:02Z,247,Golden Foxglove Ring,99,0xb2042611b4987ba8be9efd6cc1165f09e7c694a8,joblessathena,2
2026-08-30T18:05:02Z,247,Golden Foxglove Ring,100,0x60928ba6d7bdc6459244155fc3f350a116cdf424,mildcapital,2
2026-08-30T18:05:02Z,248,Golden Overseer Ring,1,0x69c4cc0147fbc23965896fb18a1ccea92230ed1b,afropengu,403
2026-08-30T18:05:02Z,248,Golden Overseer Ring,2,0x73a9ffdaaf53723f1d08403f613870cddd6e18fc,suspicious,168
2026-08-30T18:05:02Z,248,Golden Overseer Ring,3,0xd678b718f70389dbdd2d447df23333641e8f7480,yanik,123
2026-08-30T18:05:02Z,248,Golden Overseer Ring,4,0xbdecab53bb16b74aa1a1715cc4b80db641eac9da,rxch,108
2026-08-30T18:05:02Z,248,Golden Overseer Ring,5,0xeed7c6b2af48249a040c9e5d59437670889c7e07,lilwassie,73
2026-08-30T18:05:02Z,248,Golden Overseer Ring,6,0x0ee9318275c37f0e635bb7c8a455ade252cecf1f,georgysogood,65
2026-08-30T18:05:02Z,248,Golden Overseer Ring,7,0x2a2376e5e9981c19b15af64d2cdb57c9b94eb1f6,xiskool,57
2026-08-30T18:05:02Z,248,Golden Overseer Ring,8,0x19342b9e3f123e373e24f1eea9bb5a1a935507fa,bigmommymilkers,55
2026-08-30T18:05:02Z,248,Golden Overseer Ring,9,0xac06dbd4f2b1b174dbb3b67449f0f4245f0f3bc3,spanish,53
2026-08-30T18:05:02Z,248,Golden Overseer Ring,10,0x02764ae21333f5777b44cdded3a654a340176fff,bh3320,53
2026-08-30T18:05:02Z,248,Golden Overseer Ring,11,0xafe00172cf96544d610bf9b70d549a5e89b83f2d,hungryjay,50
2026-08-30T18:05:02Z,248,Golden Overseer Ring,12,0xfd0cb86676ba86e3033f1d6d333b342880f336df,677willwin,49
2026-08-30T18:05:02Z,248,Golden Overseer Ring,13,0xf00dfac3af2f5b38fe55d50ccf8ffa8c293ea161,dudendy,44
2026-08-30T18:05:02Z,248,Golden Overseer Ring,14,0x9dc70f5472a88f3eefa4d515a6b1ec94d9d30d13,sidlovskyy,42
2026-08-30T18:05:02Z,248,Golden Overseer Ring,15,0x90c1ed16e9b16db7d031f573d20bead430feb107,jablko,40
2026-08-30T18:05:02Z,248,Golden Overseer Ring,16,0x388d510f0f11ba0762e8c7212645ed873c17a204,otabart,38
2026-08-30T18:05:02Z,248,Golden Overseer Ring,17,0x3629d88069124258ef6bb99c9080d064f42e7206,grumpy,38
2026-08-30T18:05:02Z,248,Golden Overseer Ring,18,0x5d94f14bafdc6920e462abaa8285d680d4dfa069,tofu,37
2026-08-30T18:05:02Z,248,Golden Overseer Ring,19,0x0357294131b3d5b23c84dfa8e38d7e54358f8ba8,kaiken888,35
2026-08-30T18:05:02Z,248,Golden Overseer Ring,20,0x688410dbc8c331f5945eafc659ae721a447ae975,igloo,32
2026-08-30T18:05:02Z,248,Golden Overseer Ring,21,0x7b937e99c1458a485a035a0f06b9d8bf5f842a05,lameak,30
2026-08-30T18:05:02Z,248,Golden Overseer Ring,22,0xbcbcccae5efd1dab247e6428e9e20a9fda8c5abd,oneindigheid,28
2026-08-30T18:05:02Z,248,Golden Overseer Ring,23,0x0a42a67154221c44c9eae98eb7f9cbff2d269a0e,cassowary,26
2026-08-30T18:05:02Z,248,Golden Overseer Ring,24,0x4f03ea409e546d9ab7eaa6c9b481bcb99c8547e5,coinpie,26
2026-08-30T18:05:02Z,248,Golden Overseer Ring,25,0x8ccb0988036cf9d2ca7b24ed46a57cf25ce6f92d,chosta,26
2026-08-30T18:05:02Z,248,Golden Overseer Ring,26,0xeff6c4dcd2b79f502d5d7cb6e6daf70f2536daef,syta,26
2026-08-30T18:05:02Z,248,Golden Overseer Ring,27,0x7b761e4389daf5581708bfe1a26b5d45cc279f2f,gordongrowth,17
2026-08-30T18:05:02Z,248,Golden Overseer Ring,28,0x33973ffb41add93b49227241566d3e5fc9ad904b,schemedream,16
2026-08-30T18:05:02Z,248,Golden Overseer Ring,29,0xf3143c8e4469a271fa2be6d8775ca2b3bdccf4e2,rmty,16
2026-08-30T18:05:02Z,248,Golden Overseer Ring,30,0x92569bee8c8b9c1df1c283a0409fcc2b2fede157,phalanx,15
2026-08-30T18:05:02Z,248,Golden Overseer Ring,31,0xbbbfe4cc5c3924f19f6e36e66448b2e3a126b111,cryptologist,15
2026-08-30T18:05:02Z,248,Golden Overseer Ring,32,0xf343348aef03fea785a6a55f1db870c94f6afb4f,billybob,13
2026-08-30T18:05:02Z,248,Golden Overseer Ring,33,0x319d278581e5e5a49ef80e795fe81225d9a15200,icedcoffee,12
2026-08-30T18:05:02Z,248,Golden Overseer Ring,34,0x5ab272231e653c2265bdfae58310021bca37152e,tufbeast,12
2026-08-30T18:05:02Z,248,Golden Overseer Ring,35,0xd1c76125cb2751750ddb2afded780c6f5b7a3cbc,kace,12
2026-08-30T18:05:02Z,248,Golden Overseer Ring,36,0x1a5fd36d4b15dd6b5f6eba46c42b1fa697fa4f3a,melbo,11
2026-08-30T18:05:02Z,248,Golden Overseer Ring,37,0x381dd397e721c72ce321a1ebaf96ce04f4422ac0,suckmydirtydick,10
2026-08-30T18:05:02Z,248,Golden Overseer Ring,38,0x844d58714aa3fed998f898cbce1b0ddc4550304f,jiren,10
2026-08-30T18:05:02Z,248,Golden Overseer Ring,39,0x3c49ca3eda0ce8413f9c433f04322827714c23c3,dmisky,10
2026-08-30T18:05:02Z,248,Golden Overseer Ring,40,0xce3bc9c7e6b1a4082f9853f6f796e604148b2583,classicj,10
2026-08-30T18:05:02Z,248,Golden Overseer Ring,41,0xe9b489ff145ac7d8eca36c3b5c29e1be7f2281b9,laggin,10
2026-08-30T18:05:02Z,248,Golden Overseer Ring,42,0xd2bb5bcaaaa9d2d77a50598055397916780972ca,sinet,10
2026-08-30T18:05:02Z,248,Golden Overseer Ring,43,0x9c991a85b090aae221ef8418e3ca29279bf2500a,migs,9
2026-08-30T18:05:02Z,248,Golden Overseer Ring,44,0xeb16cc074e0d3a6c87c0c45a6eced5ef92424b31,wiseadmiral,9
2026-08-30T18:05:02Z,248,Golden Overseer Ring,45,0x4ec977a8e80c4099a44f8ae53a48281448471342,terrestra,9
2026-08-30T18:05:02Z,248,Golden Overseer Ring,46,0x8045784a3a7209a24eb09a5a2bc4f9e6fb67782b,kangboksoon,8
2026-08-30T18:05:02Z,248,Golden Overseer Ring,47,0xfbfc822ee4989b2b4b9b18e4035ff72335cbb16e,jame7,8
2026-08-30T18:05:02Z,248,Golden Overseer Ring,48,0x67369c3e524d370daebc36d9ab3320fafc71eead,roblox,8
2026-08-30T18:05:02Z,248,Golden Overseer Ring,49,0xc577c2f43ffba49d965a8c153f330ba3daad3b73,snake,7
2026-08-30T18:05:02Z,248,Golden Overseer Ring,50,0xff74d06f2a47b772e6f5a61962b103b33e342881,coclette55,7
2026-08-30T18:05:02Z,248,Golden Overseer Ring,51,0x95233e2ec170b4ba0e2208c1ec89f3b87f8b18c7,gambit,7
2026-08-30T18:05:02Z,248,Golden Overseer Ring,52,0xeb63e215113d77f39699d53b20284e73c3d1bb5a,qianw,6
2026-08-30T18:05:02Z,248,Golden Overseer Ring,53,0x3d385f04852ae078d10e2a420f928f227f3e63f3,kellox,6
2026-08-30T18:05:02Z,248,Golden Overseer Ring,54,0xfff195795e606cbfa76e1c72c7ed6731df91d83d,pan1c,6
2026-08-30T18:05:02Z,248,Golden Overseer Ring,55,0x18db144b2f18b025c1f7ee1d86b422fe864ba477,royven,6
2026-08-30T18:05:02Z,248,Golden Overseer Ring,56,0x6479013c37f56cecc6e77fcfece208645324f5cb,lightning,6
2026-08-30T18:05:02Z,248,Golden Overseer Ring,57,0xef58ad6d6bcaf054da34948c88e7e91a052dc0fa,kraven,5
2026-08-30T18:05:02Z,248,Golden Overseer Ring,58,0xc3ae9ac69d672368539413235938277ce19fc270,bollin,5
2026-08-30T18:05:02Z,248,Golden Overseer Ring,59,0x99278037b2150c577ef1038ceca08db8684bba95,0xfuture,5
2026-08-30T18:05:02Z,248,Golden Overseer Ring,60,0x86ed45a7aa5b0c3e9405dbbc3209f1747c074b39,okeyerokey,5
2026-08-30T18:05:02Z,248,Golden Overseer Ring,61,0xb0d90d52c7389824d4b22c06bcdccd734e3162b7,ezsnipe,5
2026-08-30T18:05:02Z,248,Golden Overseer Ring,62,0x885d6144d9960e5c19c91527b86c541befe37451,stakb,5
2026-08-30T18:05:02Z,248,Golden Overseer Ring,63,0xe90a9bdb63e9ba04a7f3e95140ff803f2f377f5e,vova,5
2026-08-30T18:05:02Z,248,Golden Overseer Ring,64,0xf3eaf60c6be58eb9853e71219801c06ad8969f0e,relicguy,5
2026-08-30T18:05:02Z,248,Golden Overseer Ring,65,0x0fec947904065bf920e97aae5042ef1e31268e76,matcha,4
2026-08-30T18:05:02Z,248,Golden Overseer Ring,66,0x562ffbc839b608e35646e9de40591b5145bcc6f5,aizcalibur,4
2026-08-30T18:05:02Z,248,Golden Overseer Ring,67,0xd15481578c11b4e5b8f241c412899a0bdd704408,wholistic,4
2026-08-30T18:05:02Z,248,Golden Overseer Ring,68,0x8c86b43762e80f15a483dba543a31cd96e48e456,n00b,4
2026-08-30T18:05:02Z,248,Golden Overseer Ring,69,0x0649976f6dd8a2589af8790076f2c08909dd9337,debora,4
2026-08-30T18:05:02Z,248,Golden Overseer Ring,70,0x397432e390b1916284b47ea19904c0f31e8241bf,umame,4
2026-08-30T18:05:02Z,248,Golden Overseer Ring,71,0x9b3ef1d5b7472560cf6241949b2485e456aa37a0,bush1do,4
2026-08-30T18:05:02Z,248,Golden Overseer Ring,72,0x161f91374506a85ed9063e90c4c217d8697d6471,proofofely,4
2026-08-30T18:05:02Z,248,Golden Overseer Ring,73,0x89ca1ffe78d575447514790ea0b141c7c44d9332,tice,4
2026-08-30T18:05:02Z,248,Golden Overseer Ring,74,0x1114d62a0148f458040fbf2ddb945560398ca5f0,soma,4
2026-08-30T18:05:02Z,248,Golden Overseer Ring,75,0xe4b1f5eb3da2195f8d41a052229a7eec3c4e6ed8,azoni,4
2026-08-30T18:05:02Z,248,Golden Overseer Ring,76,0x4ebc17059cfc143d86fb92ed707805d68142e3ec,ponziscam,3
2026-08-30T18:05:02Z,248,Golden Overseer Ring,77,0x0d1df94f0106ce5bd92138d43c8551cad530c169,vermo,3
2026-08-30T18:05:02Z,248,Golden Overseer Ring,78,0x0b2291da8091128352c2464f1072cf4211144744,moritz,3
2026-08-30T18:05:02Z,248,Golden Overseer Ring,79,0x3eda210ff41e2b2d1658ca5ebe0b80a376c7e0f4,astarta,3
2026-08-30T18:05:02Z,248,Golden Overseer Ring,80,0x4f8c2395f105d29dae90531f36c7d1d14e22acb9,phangu,3
2026-08-30T18:05:02Z,248,Golden Overseer Ring,81,0x23244cc893df1ff2916ee2e492b65bec74b2760c,bunyoo,3
2026-08-30T18:05:02Z,248,Golden Overseer Ring,82,0x2dad623c8e23645751d0671adb4a02b246285515,fragi,3
2026-08-30T18:05:02Z,248,Golden Overseer Ring,83,0xf3823ea2adaea672583ce9d84c979021f9ed9da4,iamroot,3
2026-08-30T18:05:02Z,248,Golden Overseer Ring,84,0x92599bdd1ded8d462c58972f6c3badbb39cd06ba,trukreal,3
2026-08-30T18:05:02Z,248,Golden Overseer Ring,85,0xb2042611b4987ba8be9efd6cc1165f09e7c694a8,joblessathena,3
2026-08-30T18:05:02Z,248,Golden Overseer Ring,86,0x8a39e43d0aac1b7bedc81f8100e3603323092f0d,kfay34,3
2026-08-30T18:05:02Z,248,Golden Overseer Ring,87,0xd5e897b2618c9da1d02ea9c0a286eb591e5bf64b,monkeylord,2
2026-08-30T18:05:02Z,248,Golden Overseer Ring,88,0x2d7600b629c724e48b625702f70e12d21c3c4c2e,laurens,2
2026-08-30T18:05:02Z,248,Golden Overseer Ring,89,0x2ab7adbf3685c74d2e300c9c0e676b1bf6027ac5,0xn00b,2
2026-08-30T18:05:02Z,248,Golden Overseer Ring,90,0xebec21ad1ebcfae69f96b7ca96839e5594fbadd1,therec,2
2026-08-30T18:05:02Z,248,Golden Overseer Ring,91,0xe4c92dfd2b82ff488ee4e0744e78959f8cc2c24c,jonh94,2
2026-08-30T18:05:02Z,248,Golden Overseer Ring,92,0xea04f13937031d59bf466c9c79d70a9c41a79a4a,sandsman,2
2026-08-30T18:05:02Z,248,Golden Overseer Ring,93,0x551d5bcbc8f2df0d3ce3b6e8f1e58fe27a68eb7a,kudrry,2
2026-08-30T18:05:02Z,248,Golden Overseer Ring,94,0x2cfafb04f72fac80b58edef683d31ac6a6f50446,moneyman,2
2026-08-30T18:05:02Z,248,Golden Overseer Ring,95,0x2d13b12254a7da18b5634c54f74fd73cdd504777,wiseone,2
2026-08-30T18:05:02Z,248,Golden Overseer Ring,96,0x9e3eddb26f9ce62782e544f2a5366c4e2296bce2,og_ayri,2
2026-08-30T18:05:02Z,248,Golden Overseer Ring,97,0xe6b6cbab6c586d64025ffaea1548f3f09dabe6c2,milkshake,2
2026-08-30T18:05:02Z,248,Golden Overseer Ring,98,0x50f3f45b06c27f5d6b6d85b54f66327d272a25bd,emr2006,2
2026-08-30T18:05:02Z,248,Golden Overseer Ring,99,0x0c0a71e32e1954635e2dde143ed9e59fe471fb94,kryy,2
2026-08-30T18:05:02Z,248,Golden Overseer Ring,100,0x49826f26fd526c52c7b18d0f2866b6e158328eec,lilvibe,2
2026-08-30T18:05:02Z,249,Golden Summoner Ring,1,0x69c4cc0147fbc23965896fb18a1ccea92230ed1b,afropengu,270
2026-08-30T18:05:02Z,249,Golden Summoner Ring,2,0x73a9ffdaaf53723f1d08403f613870cddd6e18fc,suspicious,154
2026-08-30T18:05:02Z,249,Golden Summoner Ring,3,0xd678b718f70389dbdd2d447df23333641e8f7480,yanik,149
2026-08-30T18:05:02Z,249,Golden Summoner Ring,4,0xeed7c6b2af48249a040c9e5d59437670889c7e07,lilwassie,79
2026-08-30T18:05:02Z,249,Golden Summoner Ring,5,0x19342b9e3f123e373e24f1eea9bb5a1a935507fa,bigmommymilkers,72
2026-08-30T18:05:02Z,249,Golden Summoner Ring,6,0xbcbcccae5efd1dab247e6428e9e20a9fda8c5abd,oneindigheid,69
2026-08-30T18:05:02Z,249,Golden Summoner Ring,7,0x2a2376e5e9981c19b15af64d2cdb57c9b94eb1f6,xiskool,66
2026-08-30T18:05:02Z,249,Golden Summoner Ring,8,0xac06dbd4f2b1b174dbb3b67449f0f4245f0f3bc3,spanish,63
2026-08-30T18:05:02Z,249,Golden Summoner Ring,9,0xf00dfac3af2f5b38fe55d50ccf8ffa8c293ea161,dudendy,56
2026-08-30T18:05:02Z,249,Golden Summoner Ring,10,0x9dc70f5472a88f3eefa4d515a6b1ec94d9d30d13,sidlovskyy,55
2026-08-30T18:05:02Z,249,Golden Summoner Ring,11,0x02764ae21333f5777b44cdded3a654a340176fff,bh3320,52
2026-08-30T18:05:02Z,249,Golden Summoner Ring,12,0xbdecab53bb16b74aa1a1715cc4b80db641eac9da,rxch,50
2026-08-30T18:05:02Z,249,Golden Summoner Ring,13,0x0ee9318275c37f0e635bb7c8a455ade252cecf1f,georgysogood,48
2026-08-30T18:05:02Z,249,Golden Summoner Ring,14,0x3629d88069124258ef6bb99c9080d064f42e7206,grumpy,43
2026-08-30T18:05:02Z,249,Golden Summoner Ring,15,0x4f03ea409e546d9ab7eaa6c9b481bcb99c8547e5,coinpie,42
2026-08-30T18:05:02Z,249,Golden Summoner Ring,16,0xfd0cb86676ba86e3033f1d6d333b342880f336df,677willwin,41
2026-08-30T18:05:02Z,249,Golden Summoner Ring,17,0x90c1ed16e9b16db7d031f573d20bead430feb107,jablko,40
2026-08-30T18:05:02Z,249,Golden Summoner Ring,18,0x0357294131b3d5b23c84dfa8e38d7e54358f8ba8,kaiken888,39
2026-08-30T18:05:02Z,249,Golden Summoner Ring,19,0x388d510f0f11ba0762e8c7212645ed873c17a204,otabart,37
2026-08-30T18:05:02Z,249,Golden Summoner Ring,20,0x0a42a67154221c44c9eae98eb7f9cbff2d269a0e,cassowary,26
2026-08-30T18:05:02Z,249,Golden Summoner Ring,21,0x5d94f14bafdc6920e462abaa8285d680d4dfa069,tofu,23
2026-08-30T18:05:02Z,249,Golden Summoner Ring,22,0xbbbfe4cc5c3924f19f6e36e66448b2e3a126b111,cryptologist,23
2026-08-30T18:05:02Z,249,Golden Summoner Ring,23,0x8ccb0988036cf9d2ca7b24ed46a57cf25ce6f92d,chosta,22
2026-08-30T18:05:02Z,249,Golden Summoner Ring,24,0x688410dbc8c331f5945eafc659ae721a447ae975,igloo,20
2026-08-30T18:05:02Z,249,Golden Summoner Ring,25,0x33973ffb41add93b49227241566d3e5fc9ad904b,schemedream,18
2026-08-30T18:05:02Z,249,Golden Summoner Ring,26,0x7b761e4389daf5581708bfe1a26b5d45cc279f2f,gordongrowth,18
2026-08-30T18:05:02Z,249,Golden Summoner Ring,27,0x9c991a85b090aae221ef8418e3ca29279bf2500a,migs,18
2026-08-30T18:05:02Z,249,Golden Summoner Ring,28,0xafe00172cf96544d610bf9b70d549a5e89b83f2d,hungryjay,17
2026-08-30T18:05:02Z,249,Golden Summoner Ring,29,0x7b937e99c1458a485a035a0f06b9d8bf5f842a05,lameak,17
2026-08-30T18:05:02Z,249,Golden Summoner Ring,30,0xeff6c4dcd2b79f502d5d7cb6e6daf70f2536daef,syta,17
2026-08-30T18:05:02Z,249,Golden Summoner Ring,31,0x5ab272231e653c2265bdfae58310021bca37152e,tufbeast,16
2026-08-30T18:05:02Z,249,Golden Summoner Ring,32,0x92569bee8c8b9c1df1c283a0409fcc2b2fede157,phalanx,14
2026-08-30T18:05:02Z,249,Golden Summoner Ring,33,0x319d278581e5e5a49ef80e795fe81225d9a15200,icedcoffee,12
2026-08-30T18:05:02Z,249,Golden Summoner Ring,34,0xb703799d9f485852c9394a8b2cdb39f5590fd65f,gaijin,11
2026-08-30T18:05:02Z,249,Golden Summoner Ring,35,0x3d385f04852ae078d10e2a420f928f227f3e63f3,kellox,11
2026-08-30T18:05:02Z,249,Golden Summoner Ring,36,0x18db144b2f18b025c1f7ee1d86b422fe864ba477,royven,11
2026-08-30T18:05:02Z,249,Golden Summoner Ring,37,0x3c49ca3eda0ce8413f9c433f04322827714c23c3,dmisky,11
2026-08-30T18:05:02Z,249,Golden Summoner Ring,38,0xeb16cc074e0d3a6c87c0c45a6eced5ef92424b31,wiseadmiral,11
2026-08-30T18:05:02Z,249,Golden Summoner Ring,39,0xd2bb5bcaaaa9d2d77a50598055397916780972ca,sinet,11
2026-08-30T18:05:02Z,249,Golden Summoner Ring,40,0xf3143c8e4469a271fa2be6d8775ca2b3bdccf4e2,rmty,9
2026-08-30T18:05:02Z,249,Golden Summoner Ring,41,0x86ed45a7aa5b0c3e9405dbbc3209f1747c074b39,okeyerokey,9
2026-08-30T18:05:02Z,249,Golden Summoner Ring,42,0x8045784a3a7209a24eb09a5a2bc4f9e6fb67782b,kangboksoon,8
2026-08-30T18:05:02Z,249,Golden Summoner Ring,43,0x4366b9a2417631b2647a8d67608638d973fade33,epicser,8
2026-08-30T18:05:02Z,249,Golden Summoner Ring,44,0xce3bc9c7e6b1a4082f9853f6f796e604148b2583,classicj,8
2026-08-30T18:05:02Z,249,Golden Summoner Ring,45,0xd15481578c11b4e5b8f241c412899a0bdd704408,wholistic,7
2026-08-30T18:05:02Z,249,Golden Summoner Ring,46,0x3eda210ff41e2b2d1658ca5ebe0b80a376c7e0f4,astarta,7
2026-08-30T18:05:02Z,249,Golden Summoner Ring,47,0xc577c2f43ffba49d965a8c153f330ba3daad3b73,snake,7
2026-08-30T18:05:02Z,249,Golden Summoner Ring,48,0x161f91374506a85ed9063e90c4c217d8697d6471,proofofely,7
2026-08-30T18:05:02Z,249,Golden Summoner Ring,49,0xb0d90d52c7389824d4b22c06bcdccd734e3162b7,ezsnipe,7
2026-08-30T18:05:02Z,249,Golden Summoner Ring,50,0x867a70d280830fc91f5441449ef37dfa403924a8,eydrian,7
2026-08-30T18:05:02Z,249,Golden Summoner Ring,51,0x381dd397e721c72ce321a1ebaf96ce04f4422ac0,suckmydirtydick,6
2026-08-30T18:05:02Z,249,Golden Summoner Ring,52,0x99278037b2150c577ef1038ceca08db8684bba95,0xfuture,6
2026-08-30T18:05:02Z,249,Golden Summoner Ring,53,0xf343348aef03fea785a6a55f1db870c94f6afb4f,billybob,6
2026-08-30T18:05:02Z,249,Golden Summoner Ring,54,0x67369c3e524d370daebc36d9ab3320fafc71eead,roblox,6
2026-08-30T18:05:02Z,249,Golden Summoner Ring,55,0x08f4fc19fdee64babf4bda2b0b6e30d3b8683025,aponroflon,6
2026-08-30T18:05:02Z,249,Golden Summoner Ring,56,0x95233e2ec170b4ba0e2208c1ec89f3b87f8b18c7,gambit,6
2026-08-30T18:05:02Z,249,Golden Summoner Ring,57,0xd1c76125cb2751750ddb2afded780c6f5b7a3cbc,kace,6
2026-08-30T18:05:02Z,249,Golden Summoner Ring,58,0x6479013c37f56cecc6e77fcfece208645324f5cb,lightning,6
2026-08-30T18:05:02Z,249,Golden Summoner Ring,59,0x1a5fd36d4b15dd6b5f6eba46c42b1fa697fa4f3a,melbo,5
2026-08-30T18:05:02Z,249,Golden Summoner Ring,60,0xef58ad6d6bcaf054da34948c88e7e91a052dc0fa,kraven,5
2026-08-30T18:05:02Z,249,Golden Summoner Ring,61,0x23244cc893df1ff2916ee2e492b65bec74b2760c,bunyoo,5
2026-08-30T18:05:02Z,249,Golden Summoner Ring,62,0x2dad623c8e23645751d0671adb4a02b246285515,fragi,5
2026-08-30T18:05:02Z,249,Golden Summoner Ring,63,0xc9f27e68912aae40bb60c17b5634b3e74bbb16ab,minebuu,5
2026-08-30T18:05:02Z,249,Golden Summoner Ring,64,0xf6182bb74c82ddeaf96c43cc60eccfb070bc0b57,cryptogrit,5
2026-08-30T18:05:02Z,249,Golden Summoner Ring,65,0x1114d62a0148f458040fbf2ddb945560398ca5f0,soma,5
2026-08-30T18:05:02Z,249,Golden Summoner Ring,66,0xe90a9bdb63e9ba04a7f3e95140ff803f2f377f5e,vova,5
2026-08-30T18:05:02Z,249,Golden Summoner Ring,67,0xc3ae9ac69d672368539413235938277ce19fc270,bollin,4
2026-08-30T18:05:02Z,249,Golden Summoner Ring,68,0x8c86b43762e80f15a483dba543a31cd96e48e456,n00b,4
2026-08-30T18:05:02Z,249,Golden Summoner Ring,69,0x0d1df94f0106ce5bd92138d43c8551cad530c169,vermo,4
2026-08-30T18:05:02Z,249,Golden Summoner Ring,70,0x853038c8b98818ee8cb91d8355454c18909e343b,doge,4
2026-08-30T18:05:02Z,249,Golden Summoner Ring,71,0xdbd4749050752504d9017484f82a75dff9592cd1,tron,4
2026-08-30T18:05:02Z,249,Golden Summoner Ring,72,0x77b56d73521061c92ce7bf006dc77587fa7368c2,beizan,4
2026-08-30T18:05:02Z,249,Golden Summoner Ring,73,0x89ca1ffe78d575447514790ea0b141c7c44d9332,tice,4
2026-08-30T18:05:02Z,249,Golden Summoner Ring,74,0x0fec947904065bf920e97aae5042ef1e31268e76,matcha,3
2026-08-30T18:05:02Z,249,Golden Summoner Ring,75,0x4ebc17059cfc143d86fb92ed707805d68142e3ec,ponziscam,3
2026-08-30T18:05:02Z,249,Golden Summoner Ring,76,0xfff195795e606cbfa76e1c72c7ed6731df91d83d,pan1c,3
2026-08-30T18:05:02Z,249,Golden Summoner Ring,77,0x0b2291da8091128352c2464f1072cf4211144744,moritz,3
2026-08-30T18:05:02Z,249,Golden Summoner Ring,78,0x2d13b12254a7da18b5634c54f74fd73cdd504777,wiseone,3
2026-08-30T18:05:02Z,249,Golden Summoner Ring,79,0x9e3eddb26f9ce62782e544f2a5366c4e2296bce2,og_ayri,3
2026-08-30T18:05:02Z,249,Golden Summoner Ring,80,0x598da7a9442f75387c0b3495656f000120ff0eea,demon87,3
2026-08-30T18:05:02Z,249,Golden Summoner Ring,81,0x844d58714aa3fed998f898cbce1b0ddc4550304f,jiren,3
2026-08-30T18:05:02Z,249,Golden Summoner Ring,82,0x49826f26fd526c52c7b18d0f2866b6e158328eec,lilvibe,3
2026-08-30T18:05:02Z,249,Golden Summoner Ring,83,0xd241569d27278c7dc650aa6808356f21589b7b27,ziirup,3
2026-08-30T18:05:02Z,249,Golden Summoner Ring,84,0xdff0b31e34a4c0282ac3db35466e091b43c3053e,becks,3
2026-08-30T18:05:02Z,249,Golden Summoner Ring,85,0xf3eaf60c6be58eb9853e71219801c06ad8969f0e,relicguy,3
2026-08-30T18:05:02Z,249,Golden Summoner Ring,86,0xd5e897b2618c9da1d02ea9c0a286eb591e5bf64b,monkeylord,2
2026-08-30T18:05:02Z,249,Golden Summoner Ring,87,0x2d893c9f463c94593bc12b65273c5b9f9aa4a113,cubbix,2
2026-08-30T18:05:02Z,249,Golden Summoner Ring,88,0x562ffbc839b608e35646e9de40591b5145bcc6f5,aizcalibur,2
2026-08-30T18:05:02Z,249,Golden Summoner Ring,89,0xe4c92dfd2b82ff488ee4e0744e78959f8cc2c24c,jonh94,2
2026-08-30T18:05:02Z,249,Golden Summoner Ring,90,0xd9233b0c7017055eb9cca10a95b214ac89fe905a,soroka,2
2026-08-30T18:05:02Z,249,Golden Summoner Ring,91,0x7a94e1c024600556a31ef90ceb5357231c4f5f2e,twoseven5,2
2026-08-30T18:05:02Z,249,Golden Summoner Ring,92,0x11fafc463c9a9d5cfc54441e501f93b93a205fe7,alinasser,2
2026-08-30T18:05:02Z,249,Golden Summoner Ring,93,0x5c4eccb4a3a7082a75c01c7608ea35f4350630a6,sedicol,2
2026-08-30T18:05:02Z,249,Golden Summoner Ring,94,0xea04f13937031d59bf466c9c79d70a9c41a79a4a,sandsman,2
2026-08-30T18:05:02Z,249,Golden Summoner Ring,95,0xb70d8072d659492c3848bfe7e286b625621b4877,albaniaman,2
2026-08-30T18:05:02Z,249,Golden Summoner Ring,96,0x08a2d01e6e306911ea7032077cf0bf924a1092ea,lemz,2
2026-08-30T18:05:02Z,249,Golden Summoner Ring,97,0x0649976f6dd8a2589af8790076f2c08909dd9337,debora,2
2026-08-30T18:05:02Z,249,Golden Summoner Ring,98,0x9b3ef1d5b7472560cf6241949b2485e456aa37a0,bush1do,2
2026-08-30T18:05:02Z,249,Golden Summoner Ring,99,0x469998f2fa8aaa2648fef6fc3902268f315195ef,mrgold,2
2026-08-30T18:05:02Z,249,Golden Summoner Ring,100,0x16e76988594556819213eb2056a45a563debaf95,dirty,2
2026-08-31T18:05:02Z,134,Chobo Silver Ring,1,0xd678b718f70389dbdd2d447df23333641e8f7480,yanik,680
2026-08-31T18:05:02Z,134,Chobo Silver Ring,2,0x9dc70f5472a88f3eefa4d515a6b1ec94d9d30d13,sidlovskyy,425
2026-08-31T18:05:02Z,134,Chobo Silver Ring,3,0xf00dfac3af2f5b38fe55d50ccf8ffa8c293ea161,dudendy,390
2026-08-31T18:05:02Z,134,Chobo Silver Ring,4,0x73a9ffdaaf53723f1d08403f613870cddd6e18fc,suspicious,360
2026-08-31T18:05:02Z,134,Chobo Silver Ring,5,0xe90a9bdb63e9ba04a7f3e95140ff803f2f377f5e,vova,225
2026-08-31T18:05:02Z,134,Chobo Silver Ring,6,0x2a2376e5e9981c19b15af64d2cdb57c9b94eb1f6,xiskool,210
2026-08-31T18:05:02Z,134,Chobo Silver Ring,7,0x4e16f03fafc94af2d0b79d2d15d3d54f7c9f04fa,recluseham,168
2026-08-31T18:05:02Z,134,Chobo Silver Ring,8,0x0ee9318275c37f0e635bb7c8a455ade252cecf1f,georgysogood,166
2026-08-31T18:05:02Z,134,Chobo Silver Ring,9,0xeed7c6b2af48249a040c9e5d59437670889c7e07,lilwassie,160
2026-08-31T18:05:02Z,134,Chobo Silver Ring,10,0x95233e2ec170b4ba0e2208c1ec89f3b87f8b18c7,gambit,134
2026-08-31T18:05:02Z,134,Chobo Silver Ring,11,0x2ab7adbf3685c74d2e300c9c0e676b1bf6027ac5,0xn00b,126
2026-08-31T18:05:02Z,134,Chobo Silver Ring,12,0x3eda210ff41e2b2d1658ca5ebe0b80a376c7e0f4,astarta,104
2026-08-31T18:05:02Z,134,Chobo Silver Ring,13,0x161f91374506a85ed9063e90c4c217d8697d6471,proofofely,100
2026-08-31T18:05:02Z,134,Chobo Silver Ring,14,0xe4b1f5eb3da2195f8d41a052229a7eec3c4e6ed8,azoni,98
2026-08-31T18:05:02Z,134,Chobo Silver Ring,15,0x23244cc893df1ff2916ee2e492b65bec74b2760c,bunyoo,96
2026-08-31T18:05:02Z,134,Chobo Silver Ring,16,0x0a42a67154221c44c9eae98eb7f9cbff2d269a0e,cassowary,96
2026-08-31T18:05:02Z,134,Chobo Silver Ring,17,0xbdecab53bb16b74aa1a1715cc4b80db641eac9da,rxch,95
2026-08-31T18:05:02Z,134,Chobo Silver Ring,18,0xac06dbd4f2b1b174dbb3b67449f0f4245f0f3bc3,spanish,88
2026-08-31T18:05:02Z,134,Chobo Silver Ring,19,0x95f92440789e364f3a167069b899c84b02f92254,axion,86
2026-08-31T18:05:02Z,134,Chobo Silver Ring,20,0x388d510f0f11ba0762e8c7212645ed873c17a204,otabart,84
2026-08-31T18:05:02Z,134,Chobo Silver Ring,21,0xb0f42c12dd7e28f0deafe74fdf603782c430f896,stellarhobbes,84
2026-08-31T18:05:02Z,134,Chobo Silver Ring,22,0xcf29253e7c1e908d4091c9be85522893c77f0fc8,ciri,75
2026-08-31T18:05:02Z,134,Chobo Silver Ring,23,0x55085ade6c1c39b64cd27099993c5dc933bbed35,bigdogga,74
2026-08-31T18:05:02Z,134,Chobo Silver Ring,24,0x02764ae21333f5777b44cdded3a654a340176fff,bh3320,69
2026-08-31T18:05:02Z,134,Chobo Silver Ring,25,0x65a934bd2113318315e7f4c8f6108b92e2be9292,hetfield,58
2026-08-31T18:05:02Z,134,Chobo Silver Ring,26,0xce3bc9c7e6b1a4082f9853f6f796e604148b2583,classicj,58
2026-08-31T18:05:02Z,134,Chobo Silver Ring,27,0x3d385f04852ae078d10e2a420f928f227f3e63f3,kellox,56
2026-08-31T18:05:02Z,134,Chobo Silver Ring,28,0x19342b9e3f123e373e24f1eea9bb5a1a935507fa,bigmommymilkers,56
2026-08-31T18:05:02Z,134,Chobo Silver Ring,29,0x69c4cc0147fbc23965896fb18a1ccea92230ed1b,afropengu,55
2026-08-31T18:05:02Z,134,Chobo Silver Ring,30,0x469998f2fa8aaa2648fef6fc3902268f315195ef,mrgold,54
2026-08-31T18:05:02Z,134,Chobo Silver Ring,31,0xb2042611b4987ba8be9efd6cc1165f09e7c694a8,joblessathena,53
2026-08-31T18:05:02Z,134,Chobo Silver Ring,32,0xafe00172cf96544d610bf9b70d549a5e89b83f2d,hungryjay,52
2026-08-31T18:05:02Z,134,Chobo Silver Ring,33,0x9b3ef1d5b7472560cf6241949b2485e456aa37a0,bush1do,50
2026-08-31T18:05:02Z,134,Chobo Silver Ring,34,0x0b2291da8091128352c2464f1072cf4211144744,moritz,47
2026-08-31T18:05:02Z,134,Chobo Silver Ring,35,0x4ec977a8e80c4099a44f8ae53a48281448471342,terrestra,46
2026-08-31T18:05:02Z,134,Chobo Silver Ring,36,0x688410dbc8c331f5945eafc659ae721a447ae975,igloo,44
2026-08-31T18:05:02Z,134,Chobo Silver Ring,37,0xbddef3e050261365464e40d086b91f5100b13108,thattonton,44
2026-08-31T18:05:02Z,134,Chobo Silver Ring,38,0x9c991a85b090aae221ef8418e3ca29279bf2500a,migs,43
2026-08-31T18:05:02Z,134,Chobo Silver Ring,39,0x7b924f8164ff2311680a0431f05e6bcde6a3f954,det0n,41
2026-08-31T18:05:02Z,134,Chobo Silver Ring,40,0x4f03ea409e546d9ab7eaa6c9b481bcb99c8547e5,coinpie,39
2026-08-31T18:05:02Z,134,Chobo Silver Ring,41,0xa8a956a5690cc81bb367da2c2f6f1796be2b3c30,scottco,38
2026-08-31T18:05:02Z,134,Chobo Silver Ring,42,0x32cb224f344a9aa22c5d2e699f24d3928e6ca06f,d3r0,38
2026-08-31T18:05:02Z,134,Chobo Silver Ring,43,0x8298dfc90c0119379f265b4dad6e9f0e8359a80e,userbased,37
2026-08-31T18:05:02Z,134,Chobo Silver Ring,44,0xbbdca17d69518306b61d26b54b5a6c61e6c0bba1,9stx6,37
2026-08-31T18:05:02Z,134,Chobo Silver Ring,45,0xa134a3dfa4cb010873db8012d5b360d97ba80c28,winner,37
2026-08-31T18:05:02Z,134,Chobo Silver Ring,46,0x9ce44e274bce511788c6ac81eafdb71fe920d4ee,deanoxbt,36
2026-08-31T18:05:02Z,134,Chobo Silver Ring,47,0x0c0a71e32e1954635e2dde143ed9e59fe471fb94,kryy,35
2026-08-31T18:05:02Z,134,Chobo Silver Ring,48,0x1114d62a0148f458040fbf2ddb945560398ca5f0,soma,35
2026-08-31T18:05:02Z,134,Chobo Silver Ring,49,0x6a31fe60046a9da9867bccbe48378893906099f5,airmangataos,35
2026-08-31T18:05:02Z,134,Chobo Silver Ring,50,0x33973ffb41add93b49227241566d3e5fc9ad904b,schemedream,34
2026-08-31T18:05:02Z,134,Chobo Silver Ring,51,0xc3ae9ac69d672368539413235938277ce19fc270,bollin,34
2026-08-31T18:05:02Z,134,Chobo Silver Ring,52,0xa592221a516dc29a427a57b6951b26962605709c,xxchake,34
2026-08-31T18:05:02Z,134,Chobo Silver Ring,53,0x0cc677b008149e08e468fe7da539e5dd24eb05dd,yashiw,33
2026-08-31T18:05:02Z,134,Chobo Silver Ring,54,0xe9a0904b53c6e9d7285440142ea3f0c96b69fcfa,karabas666,33
2026-08-31T18:05:02Z,134,Chobo Silver Ring,55,0x908c7c7f0266da791bae52b9ecac8c34ca73d9f4,mangas,33
2026-08-31T18:05:02Z,134,Chobo Silver Ring,56,0x6f8b27fe779070967417cc02447b231b5c14b843,souvx,32
2026-08-31T18:05:02Z,134,Chobo Silver Ring,57,0xe6b6cbab6c586d64025ffaea1548f3f09dabe6c2,milkshake,32
2026-08-31T18:05:02Z,134,Chobo Silver Ring,58,0x90bef28cbd710d4acea9efe1ae8457eeda8c65ec,snggamer,30
2026-08-31T18:05:02Z,134,Chobo Silver Ring,59,0x9271e9969b98083d53bcf3c82ecf2a87b717500d,fefer,30
2026-08-31T18:05:02Z,134,Chobo Silver Ring,60,0xfc32e5cfbea49a2f1d21936eec0a7722a6c2d4a7,tacolauncher,30
2026-08-31T18:05:02Z,134,Chobo Silver Ring,61,0x88cfbbebdd22210c007be8acc0d2a86cd25018f3,praniuk,30
2026-08-31T18:05:02Z,134,Chobo Silver Ring,62,0xb0d90d52c7389824d4b22c06bcdccd734e3162b7,ezsnipe,29
2026-08-31T18:05:02Z,134,Chobo Silver Ring,63,0x663ac0e621bd9bbd47100768d3ce98f0e25a7b21,skoheels,29
2026-08-31T18:05:02Z,134,Chobo Silver Ring,64,0xdd1722d7f70a5786da9e14bab66a373ee00878f2,abolfazlkk,29
2026-08-31T18:05:02Z,134,Chobo Silver Ring,65,0x5f90cae78f02a95633e596c1841c6ef41fb431b2,pechou,29
2026-08-31T18:05:02Z,134,Chobo Silver Ring,66,0x40bfc8a6d3283958d3b70dc68049a78038a0f2e3,playaway,28
2026-08-31T18:05:02Z,134,Chobo Silver Ring,67,0xef58ad6d6bcaf054da34948c88e7e91a052dc0fa,kraven,27
2026-08-31T18:05:02Z,134,Chobo Silver Ring,68,0x01082d01888902fdad71578bf989d342b71151ec,lowbank,27
2026-08-31T18:05:02Z,134,Chobo Silver Ring,69,0xb29f073a9e2946d805714c9030b191ee6afed445,hitagi,27
2026-08-31T18:05:02Z,134,Chobo Silver Ring,70,0x25fb85df6ac78c8b63e5e2b10e31fa36e72c2d38,bigpenis,26
2026-08-31T18:05:02Z,134,Chobo Silver Ring,71,0xaed39522670a5d146eb57289cc05b043bbeb0c19,lazyiv,25
2026-08-31T18:05:02Z,134,Chobo Silver Ring,72,0xb4c3602689229297d255974e90ce4954d9380104,bkbk,25
2026-08-31T18:05:02Z,134,Chobo Silver Ring,73,0x60ce92f21269cd871a7910e28f0c59a82c05388a,sinon,24
2026-08-31T18:05:02Z,134,Chobo Silver Ring,74,0x5f018c6e9b3b0d9c23e144bc5b2f4d82fc9b3650,jjangbang,24
2026-08-31T18:05:02Z,134,Chobo Silver Ring,75,0x378f0bda88d7255f95afef6029799df500a6cc66,lamperouge,24
2026-08-31T18:05:02Z,134,Chobo Silver Ring,76,0x4ebc17059cfc143d86fb92ed707805d68142e3ec,ponziscam,24
2026-08-31T18:05:02Z,134,Chobo Silver Ring,77,0x49aa7176ee7ce63c8e9d543c172ec1fda0770477,pronya,24
2026-08-31T18:05:02Z,134,Chobo Silver Ring,78,0x13fe8fe08a0d824cd44b8d13f813891b6532f59e,morror,24
2026-08-31T18:05:02Z,134,Chobo Silver Ring,79,0x7b761e4389daf5581708bfe1a26b5d45cc279f2f,gordongrowth,24
2026-08-31T18:05:02Z,134,Chobo Silver Ring,80,0x7e6cb1e3f70e681c2f31d52adc2b1d09d6edf232,resuka,24
2026-08-31T18:05:02Z,134,Chobo Silver Ring,81,0x5168a8f95a5bce4f4918884b2db51132d8f3bbf1,neveli,24
2026-08-31T18:05:02Z,134,Chobo Silver Ring,82,0x36ef5b58dad1c055002c26c9c5a6787d09645edf,gibar,24
2026-08-31T18:05:02Z,134,Chobo Silver Ring,83,0xd82311e0ddcff7cad1be090763d4f6d7ba1c290a,vims,23
2026-08-31T18:05:02Z,134,Chobo Silver Ring,84,0xdcf62adfc2193b3997947424583654689bcfd391,tekmeneth,23
2026-08-31T18:05:02Z,134,Chobo Silver Ring,85,0xff6bddba3937f03b495b4efb304194d2cbc488ca,lizardmafia,23
2026-08-31T18:05:02Z,134,Chobo Silver Ring,86,0x78b3c75839e125935d0322202f67eda979d0d6e8,sa1lar,23
2026-08-31T18:05:02Z,134,Chobo Silver Ring,87,0xfb4f086ba201a8f32805eb82a431a1dacc3f08b2,obivan,23
2026-08-31T18:05:02Z,134,Chobo Silver Ring,88,0x28b88b45c3309fa9940cd8c0c0212636ca364417,forfree,21
2026-08-31T18:05:02Z,134,Chobo Silver Ring,89,0x7528c1732168ace7027b18ec184d8cd6984f9eac,druid,21
2026-08-31T18:05:02Z,134,Chobo Silver Ring,90,0xc34c29733dcf130f75090464ced47275d88e3419,basedcamp,20
2026-08-31T18:05:02Z,134,Chobo Silver Ring,91,0x5f28eb5481eb2b2ef39d6d072fabad1026d52e69,wegowego,20
2026-08-31T18:05:02Z,134,Chobo Silver Ring,92,0x8ed20f071287100fafca51c94b5d6d0d8340aef9,joseprust,20
2026-08-31T18:05:02Z,134,Chobo Silver Ring,93,0x53c5e9ffb362ec22fc172400bc6209819cb3a301,k1sel,20
2026-08-31T18:05:02Z,134,Chobo Silver Ring,94,0x9a49c905c2cca8115d330572b494c6602aba6e1e,supportprime,20
2026-08-31T18:05:02Z,134,Chobo Silver Ring,95,0x1fa2d99af8af14a397129728bb7fbcc192d14196,axaxa,20
2026-08-31T18:05:02Z,134,Chobo Silver Ring,96,0xbcbcccae5efd1dab247e6428e9e20a9fda8c5abd,oneindigheid,19
2026-08-31T18:05:02Z,134,Chobo Silver Ring,97,0x86ddd23ac3d0c0330bd5fab2948a63b6b6cfa3bc,andpeu_kpyt,19
2026-08-31T18:05:02Z,134,Chobo Silver Ring,98,0x844d58714aa3fed998f898cbce1b0ddc4550304f,jiren,19
2026-08-31T18:05:02Z,134,Chobo Silver Ring,99,0xb5c3d6cf8c3a79166f33cc50f3e5eaee6c8a3d2e,knight,19
2026-08-31T18:05:02Z,134,Chobo Silver Ring,100,0x726f5883c555c2f0c3f6e4c07bdc0645c86c5a72,scandal,19
2026-08-31T18:05:02Z,135,Crusader Silver Ring,1,0xd678b718f70389dbdd2d447df23333641e8f7480,yanik,686
2026-08-31T18:05:02Z,135,Crusader Silver Ring,2,0xf00dfac3af2f5b38fe55d50ccf8ffa8c293ea161,dudendy,476
2026-08-31T18:05:02Z,135,Crusader Silver Ring,3,0x9dc70f5472a88f3eefa4d515a6b1ec94d9d30d13,sidlovskyy,456
2026-08-31T18:05:02Z,135,Crusader Silver Ring,4,0x73a9ffdaaf53723f1d08403f613870cddd6e18fc,suspicious,338
2026-08-31T18:05:02Z,135,Crusader Silver Ring,5,0x2a2376e5e9981c19b15af64d2cdb57c9b94eb1f6,xiskool,236
2026-08-31T18:05:02Z,135,Crusader Silver Ring,6,0x0ee9318275c37f0e635bb7c8a455ade252cecf1f,georgysogood,177
2026-08-31T18:05:02Z,135,Crusader Silver Ring,7,0x0c0a71e32e1954635e2dde143ed9e59fe471fb94,kryy,168
2026-08-31T18:05:02Z,135,Crusader Silver Ring,8,0x3eda210ff41e2b2d1658ca5ebe0b80a376c7e0f4,astarta,138
2026-08-31T18:05:02Z,135,Crusader Silver Ring,9,0x4e16f03fafc94af2d0b79d2d15d3d54f7c9f04fa,recluseham,137
2026-08-31T18:05:02Z,135,Crusader Silver Ring,10,0x23244cc893df1ff2916ee2e492b65bec74b2760c,bunyoo,127
2026-08-31T18:05:02Z,135,Crusader Silver Ring,11,0x95233e2ec170b4ba0e2208c1ec89f3b87f8b18c7,gambit,124
2026-08-31T18:05:02Z,135,Crusader Silver Ring,12,0x0b2291da8091128352c2464f1072cf4211144744,moritz,120
2026-08-31T18:05:02Z,135,Crusader Silver Ring,13,0x2ab7adbf3685c74d2e300c9c0e676b1bf6027ac5,0xn00b,114
2026-08-31T18:05:02Z,135,Crusader Silver Ring,14,0x95f92440789e364f3a167069b899c84b02f92254,axion,106
2026-08-31T18:05:02Z,135,Crusader Silver Ring,15,0xbdecab53bb16b74aa1a1715cc4b80db641eac9da,rxch,95
2026-08-31T18:05:02Z,135,Crusader Silver Ring,16,0x0a42a67154221c44c9eae98eb7f9cbff2d269a0e,cassowary,81
2026-08-31T18:05:02Z,135,Crusader Silver Ring,17,0x02764ae21333f5777b44cdded3a654a340176fff,bh3320,75
2026-08-31T18:05:02Z,135,Crusader Silver Ring,18,0x95f3c63ee60f5efc58bc6672b1a12314d67a6881,pro_mint,73
2026-08-31T18:05:02Z,135,Crusader Silver Ring,19,0xce3bc9c7e6b1a4082f9853f6f796e604148b2583,classicj,71
2026-08-31T18:05:02Z,135,Crusader Silver Ring,20,0x388d510f0f11ba0762e8c7212645ed873c17a204,otabart,70
2026-08-31T18:05:02Z,135,Crusader Silver Ring,21,0xb2042611b4987ba8be9efd6cc1165f09e7c694a8,joblessathena,70
2026-08-31T18:05:02Z,135,Crusader Silver Ring,22,0x6a31fe60046a9da9867bccbe48378893906099f5,airmangataos,68
2026-08-31T18:05:02Z,135,Crusader Silver Ring,23,0xcf29253e7c1e908d4091c9be85522893c77f0fc8,ciri,67
2026-08-31T18:05:02Z,135,Crusader Silver Ring,24,0x9b3ef1d5b7472560cf6241949b2485e456aa37a0,bush1do,66
2026-08-31T18:05:02Z,135,Crusader Silver Ring,25,0xa8a956a5690cc81bb367da2c2f6f1796be2b3c30,scottco,63
2026-08-31T18:05:02Z,135,Crusader Silver Ring,26,0x19342b9e3f123e373e24f1eea9bb5a1a935507fa,bigmommymilkers,63
2026-08-31T18:05:02Z,135,Crusader Silver Ring,27,0xe4b1f5eb3da2195f8d41a052229a7eec3c4e6ed8,azoni,58
2026-08-31T18:05:02Z,135,Crusader Silver Ring,28,0xbddef3e050261365464e40d086b91f5100b13108,thattonton,57
2026-08-31T18:05:02Z,135,Crusader Silver Ring,29,0x469998f2fa8aaa2648fef6fc3902268f315195ef,mrgold,54
2026-08-31T18:05:02Z,135,Crusader Silver Ring,30,0xac06dbd4f2b1b174dbb3b67449f0f4245f0f3bc3,spanish,54
2026-08-31T18:05:02Z,135,Crusader Silver Ring,31,0x9c991a85b090aae221ef8418e3ca29279bf2500a,migs,54
2026-08-31T18:05:02Z,135,Crusader Silver Ring,32,0xb0d90d52c7389824d4b22c06bcdccd734e3162b7,ezsnipe,48
2026-08-31T18:05:02Z,135,Crusader Silver Ring,33,0xafe00172cf96544d610bf9b70d549a5e89b83f2d,hungryjay,44
2026-08-31T18:05:02Z,135,Crusader Silver Ring,34,0xeed7c6b2af48249a040c9e5d59437670889c7e07,lilwassie,42
2026-08-31T18:05:02Z,135,Crusader Silver Ring,35,0xfbfc822ee4989b2b4b9b18e4035ff72335cbb16e,jame7,41
2026-08-31T18:05:02Z,135,Crusader Silver Ring,36,0xa134a3dfa4cb010873db8012d5b360d97ba80c28,winner,40
2026-08-31T18:05:02Z,135,Crusader Silver Ring,37,0x7b924f8164ff2311680a0431f05e6bcde6a3f954,det0n,39
2026-08-31T18:05:02Z,135,Crusader Silver Ring,38,0x4f03ea409e546d9ab7eaa6c9b481bcb99c8547e5,coinpie,39
2026-08-31T18:05:02Z,135,Crusader Silver Ring,39,0xe90a9bdb63e9ba04a7f3e95140ff803f2f377f5e,vova,39
2026-08-31T18:05:02Z,135,Crusader Silver Ring,40,0xc3ae9ac69d672368539413235938277ce19fc270,bollin,38
2026-08-31T18:05:02Z,135,Crusader Silver Ring,41,0x69c4cc0147fbc23965896fb18a1ccea92230ed1b,afropengu,37
2026-08-31T18:05:02Z,135,Crusader Silver Ring,42,0x32cb224f344a9aa22c5d2e699f24d3928e6ca06f,d3r0,37
2026-08-31T18:05:02Z,135,Crusader Silver Ring,43,0x3d385f04852ae078d10e2a420f928f227f3e63f3,kellox,36
2026-08-31T18:05:02Z,135,Crusader Silver Ring,44,0xb0f42c12dd7e28f0deafe74fdf603782c430f896,stellarhobbes,36
2026-08-31T18:05:02Z,135,Crusader Silver Ring,45,0xbbdca17d69518306b61d26b54b5a6c61e6c0bba1,9stx6,36
2026-08-31T18:05:02Z,135,Crusader Silver Ring,46,0x55085ade6c1c39b64cd27099993c5dc933bbed35,bigdogga,36
2026-08-31T18:05:02Z,135,Crusader Silver Ring,47,0xef58ad6d6bcaf054da34948c88e7e91a052dc0fa,kraven,35
2026-08-31T18:05:02Z,135,Crusader Silver Ring,48,0x688410dbc8c331f5945eafc659ae721a447ae975,igloo,34
2026-08-31T18:05:02Z,135,Crusader Silver Ring,49,0x5e269213f74f3f53ed7b57e352860cf7493624f0,jesset,34
2026-08-31T18:05:02Z,135,Crusader Silver Ring,50,0xff6bddba3937f03b495b4efb304194d2cbc488ca,lizardmafia,33
2026-08-31T18:05:02Z,135,Crusader Silver Ring,51,0x33973ffb41add93b49227241566d3e5fc9ad904b,schemedream,32
2026-08-31T18:05:02Z,135,Crusader Silver Ring,52,0xd82311e0ddcff7cad1be090763d4f6d7ba1c290a,vims,32
2026-08-31T18:05:02Z,135,Crusader Silver Ring,53,0x161f91374506a85ed9063e90c4c217d8697d6471,proofofely,32
2026-08-31T18:05:02Z,135,Crusader Silver Ring,54,0xbbbfe4cc5c3924f19f6e36e66448b2e3a126b111,cryptologist,31
2026-08-31T18:05:02Z,135,Crusader Silver Ring,55,0x162a7c95e2e5a208748a6c024f0699e8eeb74dc4,wexovskiy,31
2026-08-31T18:05:02Z,135,Crusader Silver Ring,56,0x7dabaae6e27f981de192fc58bd4c8daf7b073c30,belik,31
2026-08-31T18:05:02Z,135,Crusader Silver Ring,57,0x4ebc17059cfc143d86fb92ed707805d68142e3ec,ponziscam,30
2026-08-31T18:05:02Z,135,Crusader Silver Ring,58,0x5168a8f95a5bce4f4918884b2db51132d8f3bbf1,neveli,30
2026-08-31T18:05:02Z,135,Crusader Silver Ring,59,0x6f8b27fe779070967417cc02447b231b5c14b843,souvx,28
2026-08-31T18:05:02Z,135,Crusader Silver Ring,60,0xfc32e5cfbea49a2f1d21936eec0a7722a6c2d4a7,tacolauncher,27
2026-08-31T18:05:02Z,135,Crusader Silver Ring,61,0x01082d01888902fdad71578bf989d342b71151ec,lowbank,27
2026-08-31T18:05:02Z,135,Crusader Silver Ring,62,0x1af6bc98104d0613fa61ccd0e1c80cf535aa3aee,cekpet,27
2026-08-31T18:05:02Z,135,Crusader Silver Ring,63,0x25fb85df6ac78c8b63e5e2b10e31fa36e72c2d38,bigpenis,27
2026-08-31T18:05:02Z,135,Crusader Silver Ring,64,0x6d91474e416efdb1dd7a0ed68c8892c3b18b08a8,ylooz,27
2026-08-31T18:05:02Z,135,Crusader Silver Ring,65,0x5f28eb5481eb2b2ef39d6d072fabad1026d52e69,wegowego,26
2026-08-31T18:05:02Z,135,Crusader Silver Ring,66,0x4c53b2e646a3e01c2b22497753b1560029b5166b,gusine,26
2026-08-31T18:05:02Z,135,Crusader Silver Ring,67,0x92569bee8c8b9c1df1c283a0409fcc2b2fede157,phalanx,25
2026-08-31T18:05:02Z,135,Crusader Silver Ring,68,0x13fe8fe08a0d824cd44b8d13f813891b6532f59e,morror,25
2026-08-31T18:05:02Z,135,Crusader Silver Ring,69,0x09c96dae4254764a02a211f6203dc9489a572602,favorburn,25
2026-08-31T18:05:02Z,135,Crusader Silver Ring,70,0x5bb347443887e595820f74f028e837c3766f5923,0xitero,25
2026-08-31T18:05:02Z,135,Crusader Silver Ring,71,0x8c86b43762e80f15a483dba543a31cd96e48e456,n00b,24
2026-08-31T18:05:02Z,135,Crusader Silver Ring,72,0x130eab55f6941f66d4806532d9242cf969b4f036,frontdown,24
2026-08-31T18:05:02Z,135,Crusader Silver Ring,73,0xfa22eafe991cd1166ee4b5ba8236e1eba9105a54,grimreaper,24
2026-08-31T18:05:02Z,135,Crusader Silver Ring,74,0x61fe29db8881f4e0014d5bcac507a8940243bf11,kronovi,24
2026-08-31T18:05:02Z,135,Crusader Silver Ring,75,0xe5ec5ac7505d5fe893a58e0f2d4bb597d07f439d,bell_kraner,24
2026-08-31T18:05:02Z,135,Crusader Silver Ring,76,0xdcf62adfc2193b3997947424583654689bcfd391,tekmeneth,24
2026-08-31T18:05:02Z,135,Crusader Silver Ring,77,0x7e6cb1e3f70e681c2f31d52adc2b1d09d6edf232,resuka,24
2026-08-31T18:05:02Z,135,Crusader Silver Ring,78,0x58f8cecd8e442b14527531f436c9b27fb8f3f301,cmeptb,24
2026-08-31T18:05:02Z,135,Crusader Silver Ring,79,0xa8f0e3e52e0515f5605fb0632532667e494e7ca6,michmich,24
2026-08-31T18:05:02Z,135,Crusader Silver Ring,80,0x5f90cae78f02a95633e596c1841c6ef41fb431b2,pechou,24
2026-08-31T18:05:02Z,135,Crusader Silver Ring,81,0x2c685f23808bc7b6adda1fd7b6949c5e2db97eb0,bubba,23
2026-08-31T18:05:02Z,135,Crusader Silver Ring,82,0x3c49ca3eda0ce8413f9c433f04322827714c23c3,dmisky,23
2026-08-31T18:05:02Z,135,Crusader Silver Ring,83,0xfb4f086ba201a8f32805eb82a431a1dacc3f08b2,obivan,23
2026-08-31T18:05:02Z,135,Crusader Silver Ring,84,0x633a05cc1ee8deb99caa0f6f143c1662796beed0,volo,22
2026-08-31T18:05:02Z,135,Crusader Silver Ring,85,0x8ed20f071287100fafca51c94b5d6d0d8340aef9,joseprust,22
2026-08-31T18:05:02Z,135,Crusader Silver Ring,86,0xbd27b0379726a5628487edbc63a648f48f0e2e60,berhelit,22
2026-08-31T18:05:02Z,135,Crusader Silver Ring,87,0x92ecebfdc8eb148f78e120c08bfe85701554ab96,carlo,22
2026-08-31T18:05:02Z,135,Crusader Silver Ring,88,0xea04f13937031d59bf466c9c79d70a9c41a79a4a,sandsman,21
2026-08-31T18:05:02Z,135,Crusader Silver Ring,89,0xb4c3602689229297d255974e90ce4954d9380104,bkbk,21
2026-08-31T18:05:02Z,135,Crusader Silver Ring,90,0x7c597496f8c2e2ea4be50125c60b91a43fcf8db8,gromwtf,21
2026-08-31T18:05:02Z,135,Crusader Silver Ring,91,0xe510f33bf4792fcca24daa4ede08e4f228950a25,duub,21
2026-08-31T18:05:02Z,135,Crusader Silver Ring,92,0xd369f09014646bfc80d977a0daa62b5940b264b4,qqws,21
2026-08-31T18:05:02Z,135,Crusader Silver Ring,93,0x17e327bb2fdb1a17d9a369e3dd985406ec3824ca,gracieabrams,21
2026-08-31T18:05:02Z,135,Crusader Silver Ring,94,0x549300f79fb33ba2e77344e58b064ede194ef99a,okeydokey,21
2026-08-31T18:05:02Z,135,Crusader Silver Ring,95,0x4046cebd55d5a295dadab5e185980d98b823a300,gigachadpeng,21
2026-08-31T18:05:02Z,135,Crusader Silver Ring,96,0x83becb55eff583800cf1a9a2c03dd4b0fa4d7351,apix,21
2026-08-31T18:05:02Z,135,Crusader Silver Ring,97,0x07484b5b823bb4ec3f1a7ae7eb5e3fffb7bbe09c,agema,21
2026-08-31T18:05:02Z,135,Crusader Silver Ring,98,0x5f018c6e9b3b0d9c23e144bc5b2f4d82fc9b3650,jjangbang,20
2026-08-31T18:05:02Z,135,Crusader Silver Ring,99,0x9271e9969b98083d53bcf3c82ecf2a87b717500d,fefer,20
2026-08-31T18:05:02Z,135,Crusader Silver Ring,100,0x8298dfc90c0119379f265b4dad6e9f0e8359a80e,userbased,20
2026-08-31T18:05:02Z,136,Overseer Silver Ring,1,0xd678b718f70389dbdd2d447df23333641e8f7480,yanik,542
2026-08-31T18:05:02Z,136,Overseer Silver Ring,2,0x9dc70f5472a88f3eefa4d515a6b1ec94d9d30d13,sidlovskyy,440
2026-08-31T18:05:02Z,136,Overseer Silver Ring,3,0xf00dfac3af2f5b38fe55d50ccf8ffa8c293ea161,dudendy,389
2026-08-31T18:05:02Z,136,Overseer Silver Ring,4,0x73a9ffdaaf53723f1d08403f613870cddd6e18fc,suspicious,371
2026-08-31T18:05:02Z,136,Overseer Silver Ring,5,0x2a2376e5e9981c19b15af64d2cdb57c9b94eb1f6,xiskool,196
2026-08-31T18:05:02Z,136,Overseer Silver Ring,6,0x2ab7adbf3685c74d2e300c9c0e676b1bf6027ac5,0xn00b,139
2026-08-31T18:05:02Z,136,Overseer Silver Ring,7,0x3eda210ff41e2b2d1658ca5ebe0b80a376c7e0f4,astarta,139
2026-08-31T18:05:02Z,136,Overseer Silver Ring,8,0xac06dbd4f2b1b174dbb3b67449f0f4245f0f3bc3,spanish,126
2026-08-31T18:05:02Z,136,Overseer Silver Ring,9,0x0ee9318275c37f0e635bb7c8a455ade252cecf1f,georgysogood,123
2026-08-31T18:05:02Z,136,Overseer Silver Ring,10,0x4e16f03fafc94af2d0b79d2d15d3d54f7c9f04fa,recluseham,105
2026-08-31T18:05:02Z,136,Overseer Silver Ring,11,0x161f91374506a85ed9063e90c4c217d8697d6471,proofofely,101
2026-08-31T18:05:02Z,136,Overseer Silver Ring,12,0x95233e2ec170b4ba0e2208c1ec89f3b87f8b18c7,gambit,99
2026-08-31T18:05:02Z,136,Overseer Silver Ring,13,0x95f92440789e364f3a167069b899c84b02f92254,axion,94
2026-08-31T18:05:02Z,136,Overseer Silver Ring,14,0xbdecab53bb16b74aa1a1715cc4b80db641eac9da,rxch,92
2026-08-31T18:05:02Z,136,Overseer Silver Ring,15,0x388d510f0f11ba0762e8c7212645ed873c17a204,otabart,90
2026-08-31T18:05:02Z,136,Overseer Silver Ring,16,0xe90a9bdb63e9ba04a7f3e95140ff803f2f377f5e,vova,89
2026-08-31T18:05:02Z,136,Overseer Silver Ring,17,0x69c4cc0147fbc23965896fb18a1ccea92230ed1b,afropengu,84
2026-08-31T18:05:02Z,136,Overseer Silver Ring,18,0xeed7c6b2af48249a040c9e5d59437670889c7e07,lilwassie,76
2026-08-31T18:05:02Z,136,Overseer Silver Ring,19,0xf2f7e708ef447f9a445120ea0dcf5b4b5d19ac1b,dom1nus,74
2026-08-31T18:05:02Z,136,Overseer Silver Ring,20,0xe4b1f5eb3da2195f8d41a052229a7eec3c4e6ed8,azoni,72
2026-08-31T18:05:02Z,136,Overseer Silver Ring,21,0xa8a956a5690cc81bb367da2c2f6f1796be2b3c30,scottco,70
2026-08-31T18:05:02Z,136,Overseer Silver Ring,22,0x0b2291da8091128352c2464f1072cf4211144744,moritz,69
2026-08-31T18:05:02Z,136,Overseer Silver Ring,23,0xce3bc9c7e6b1a4082f9853f6f796e604148b2583,classicj,69
2026-08-31T18:05:02Z,136,Overseer Silver Ring,24,0x02764ae21333f5777b44cdded3a654a340176fff,bh3320,68
2026-08-31T18:05:02Z,136,Overseer Silver Ring,25,0xb2042611b4987ba8be9efd6cc1165f09e7c694a8,joblessathena,68
2026-08-31T18:05:02Z,136,Overseer Silver Ring,26,0xb0f42c12dd7e28f0deafe74fdf603782c430f896,stellarhobbes,65
2026-08-31T18:05:02Z,136,Overseer Silver Ring,27,0x19342b9e3f123e373e24f1eea9bb5a1a935507fa,bigmommymilkers,62
2026-08-31T18:05:02Z,136,Overseer Silver Ring,28,0x469998f2fa8aaa2648fef6fc3902268f315195ef,mrgold,60
2026-08-31T18:05:02Z,136,Overseer Silver Ring,29,0x3d385f04852ae078d10e2a420f928f227f3e63f3,kellox,55
2026-08-31T18:05:02Z,136,Overseer Silver Ring,30,0x23244cc893df1ff2916ee2e492b65bec74b2760c,bunyoo,50
2026-08-31T18:05:02Z,136,Overseer Silver Ring,31,0x9b3ef1d5b7472560cf6241949b2485e456aa37a0,bush1do,49
2026-08-31T18:05:02Z,136,Overseer Silver Ring,32,0x6a31fe60046a9da9867bccbe48378893906099f5,airmangataos,49
2026-08-31T18:05:02Z,136,Overseer Silver Ring,33,0x4f03ea409e546d9ab7eaa6c9b481bcb99c8547e5,coinpie,45
2026-08-31T18:05:02Z,136,Overseer Silver Ring,34,0xff6bddba3937f03b495b4efb304194d2cbc488ca,lizardmafia,43
2026-08-31T18:05:02Z,136,Overseer Silver Ring,35,0x1114d62a0148f458040fbf2ddb945560398ca5f0,soma,41
2026-08-31T18:05:02Z,136,Overseer Silver Ring,36,0xdd1722d7f70a5786da9e14bab66a373ee00878f2,abolfazlkk,40
2026-08-31T18:05:02Z,136,Overseer Silver Ring,37,0xc3ae9ac69d672368539413235938277ce19fc270,bollin,39
2026-08-31T18:05:02Z,136,Overseer Silver Ring,38,0xcf29253e7c1e908d4091c9be85522893c77f0fc8,ciri,38
2026-08-31T18:05:02Z,136,Overseer Silver Ring,39,0xafe00172cf96544d610bf9b70d549a5e89b83f2d,hungryjay,36
2026-08-31T18:05:02Z,136,Overseer Silver Ring,40,0xef58ad6d6bcaf054da34948c88e7e91a052dc0fa,kraven,36
2026-08-31T18:05:02Z,136,Overseer Silver Ring,41,0x33973ffb41add93b49227241566d3e5fc9ad904b,schemedream,34
2026-08-31T18:05:02Z,136,Overseer Silver Ring,42,0x0a42a67154221c44c9eae98eb7f9cbff2d269a0e,cassowary,33
2026-08-31T18:05:02Z,136,Overseer Silver Ring,43,0x5168a8f95a5bce4f4918884b2db51132d8f3bbf1,neveli,33
2026-08-31T18:05:02Z,136,Overseer Silver Ring,44,0x55085ade6c1c39b64cd27099993c5dc933bbed35,bigdogga,33
2026-08-31T18:05:02Z,136,Overseer Silver Ring,45,0xd82311e0ddcff7cad1be090763d4f6d7ba1c290a,vims,31
2026-08-31T18:05:02Z,136,Overseer Silver Ring,46,0xaed39522670a5d146eb57289cc05b043bbeb0c19,lazyiv,30
2026-08-31T18:05:02Z,136,Overseer Silver Ring,47,0x4ebc17059cfc143d86fb92ed707805d68142e3ec,ponziscam,30
2026-08-31T18:05:02Z,136,Overseer Silver Ring,48,0xfa22eafe991cd1166ee4b5ba8236e1eba9105a54,grimreaper,30
2026-08-31T18:05:02Z,136,Overseer Silver Ring,49,0xd4394678ec0e7501cb250bba925fa7d07197fd69,dithfucius,30
2026-08-31T18:05:02Z,136,Overseer Silver Ring,50,0xb0d90d52c7389824d4b22c06bcdccd734e3162b7,ezsnipe,30
2026-08-31T18:05:02Z,136,Overseer Silver Ring,51,0x28b88b45c3309fa9940cd8c0c0212636ca364417,forfree,30
2026-08-31T18:05:02Z,136,Overseer Silver Ring,52,0xc705cca98c6af9a24d72bb9d0a0077c315217ed3,leleta,30
2026-08-31T18:05:02Z,136,Overseer Silver Ring,53,0x688410dbc8c331f5945eafc659ae721a447ae975,igloo,28
2026-08-31T18:05:02Z,136,Overseer Silver Ring,54,0x32cb224f344a9aa22c5d2e699f24d3928e6ca06f,d3r0,28
2026-08-31T18:05:02Z,136,Overseer Silver Ring,55,0x90bef28cbd710d4acea9efe1ae8457eeda8c65ec,snggamer,27
2026-08-31T18:05:02Z,136,Overseer Silver Ring,56,0x6f8b27fe779070967417cc02447b231b5c14b843,souvx,27
2026-08-31T18:05:02Z,136,Overseer Silver Ring,57,0x7a10d45c461e81e24796f9c83b584756876d24d7,stakeoor,27
2026-08-31T18:05:02Z,136,Overseer Silver Ring,58,0x162a7c95e2e5a208748a6c024f0699e8eeb74dc4,wexovskiy,27
2026-08-31T18:05:02Z,136,Overseer Silver Ring,59,0xeff6c4dcd2b79f502d5d7cb6e6daf70f2536daef,syta,27
2026-08-31T18:05:02Z,136,Overseer Silver Ring,60,0xd785a78da50d2bdf3f2f3a699a0efe6da4fca2cd,kontolodon,26
2026-08-31T18:05:02Z,136,Overseer Silver Ring,61,0x7c2f30cfd0f35b78438711cb7395ba12406e00fe,nickcoolzzz,26
2026-08-31T18:05:02Z,136,Overseer Silver Ring,62,0x25fb85df6ac78c8b63e5e2b10e31fa36e72c2d38,bigpenis,26
2026-08-31T18:05:02Z,136,Overseer Silver Ring,63,0xb29f073a9e2946d805714c9030b191ee6afed445,hitagi,26
2026-08-31T18:05:02Z,136,Overseer Silver Ring,64,0xd2bb5bcaaaa9d2d77a50598055397916780972ca,sinet,26
2026-08-31T18:05:02Z,136,Overseer Silver Ring,65,0x92569bee8c8b9c1df1c283a0409fcc2b2fede157,phalanx,25
2026-08-31T18:05:02Z,136,Overseer Silver Ring,66,0x60ce92f21269cd871a7910e28f0c59a82c05388a,sinon,24
2026-08-31T18:05:02Z,136,Overseer Silver Ring,67,0x7e6cb1e3f70e681c2f31d52adc2b1d09d6edf232,resuka,24
2026-08-31T18:05:02Z,136,Overseer Silver Ring,68,0x9ce44e274bce511788c6ac81eafdb71fe920d4ee,deanoxbt,24
2026-08-31T18:05:02Z,136,Overseer Silver Ring,69,0x9a49c905c2cca8115d330572b494c6602aba6e1e,supportprime,24
2026-08-31T18:05:02Z,136,Overseer Silver Ring,70,0x13fe8fe08a0d824cd44b8d13f813891b6532f59e,morror,23
2026-08-31T18:05:02Z,136,Overseer Silver Ring,71,0x36ef5b58dad1c055002c26c9c5a6787d09645edf,gibar,23
2026-08-31T18:05:02Z,136,Overseer Silver Ring,72,0xbda687405273093167bf658f65473b44c23b3f70,slayton,23
2026-08-31T18:05:02Z,136,Overseer Silver Ring,73,0xbddef3e050261365464e40d086b91f5100b13108,thattonton,23
2026-08-31T18:05:02Z,136,Overseer Silver Ring,74,0xfb4f086ba201a8f32805eb82a431a1dacc3f08b2,obivan,23
2026-08-31T18:05:02Z,136,Overseer Silver Ring,75,0xa036d0393a2c8073e6bb63170086e7dbeb1d04b1,okdk,23
2026-08-31T18:05:02Z,136,Overseer Silver Ring,76,0xa1da340729cff1782c83d5cfba586b4451c011ec,tozdelagaro,22
2026-08-31T18:05:02Z,136,Overseer Silver Ring,77,0x7b924f8164ff2311680a0431f05e6bcde6a3f954,det0n,22
2026-08-31T18:05:02Z,136,Overseer Silver Ring,78,0xa96401339fd8a6bed6c22b96620e7ad29a04f1e9,lavr1k,22
2026-08-31T18:05:02Z,136,Overseer Silver Ring,79,0xe6b6cbab6c586d64025ffaea1548f3f09dabe6c2,milkshake,22
2026-08-31T18:05:02Z,136,Overseer Silver Ring,80,0x41141ada36dbf8d069369c3c5d0a34970f3eaf2a,nastyuha,22
2026-08-31T18:05:02Z,136,Overseer Silver Ring,81,0xe9a0904b53c6e9d7285440142ea3f0c96b69fcfa,karabas666,21
2026-08-31T18:05:02Z,136,Overseer Silver Ring,82,0xd15481578c11b4e5b8f241c412899a0bdd704408,wholistic,21
2026-08-31T18:05:02Z,136,Overseer Silver Ring,83,0x130eab55f6941f66d4806532d9242cf969b4f036,frontdown,21
2026-08-31T18:05:02Z,136,Overseer Silver Ring,84,0xbbdca17d69518306b61d26b54b5a6c61e6c0bba1,9stx6,21
2026-08-31T18:05:02Z,136,Overseer Silver Ring,85,0xa8f0e3e52e0515f5605fb0632532667e494e7ca6,michmich,21
2026-08-31T18:05:02Z,136,Overseer Silver Ring,86,0x01082d01888902fdad71578bf989d342b71151ec,lowbank,21
2026-08-31T18:05:02Z,136,Overseer Silver Ring,87,0x7528c1732168ace7027b18ec184d8cd6984f9eac,druid,21
2026-08-31T18:05:02Z,136,Overseer Silver Ring,88,0xfc32e5cfbea49a2f1d21936eec0a7722a6c2d4a7,tacolauncher,20
2026-08-31T18:05:02Z,136,Overseer Silver Ring,89,0xfbfc822ee4989b2b4b9b18e4035ff72335cbb16e,jame7,20
2026-08-31T18:05:02Z,136,Overseer Silver Ring,90,0x726f5883c555c2f0c3f6e4c07bdc0645c86c5a72,scandal,20
2026-08-31T18:05:02Z,136,Overseer Silver Ring,91,0x9271e9969b98083d53bcf3c82ecf2a87b717500d,fefer,19
2026-08-31T18:05:02Z,136,Overseer Silver Ring,92,0x40bfc8a6d3283958d3b70dc68049a78038a0f2e3,playaway,19
2026-08-31T18:05:02Z,136,Overseer Silver Ring,93,0x22241868ad341e77e2bc9142816000f43641e280,zoro,19
2026-08-31T18:05:02Z,136,Overseer Silver Ring,94,0x61fe29db8881f4e0014d5bcac507a8940243bf11,kronovi,19
2026-08-31T18:05:02Z,136,Overseer Silver Ring,95,0x15c0c948d3ea9a67b05319f40871de7bf5003db3,przyborleonedw,19
2026-08-31T18:05:02Z,136,Overseer Silver Ring,96,0x08f4fc19fdee64babf4bda2b0b6e30d3b8683025,aponroflon,19
2026-08-31T18:05:02Z,136,Overseer Silver Ring,97,0x2700043667f8f02edda9fd599c54ff6de0c257a7,kalikula,19
2026-08-31T18:05:02Z,136,Overseer Silver Ring,98,0x88656e17cd2af1f05006d7a49d2cf7f5a806e337,lilstovetop,19
2026-08-31T18:05:02Z,136,Overseer Silver Ring,99,0xbb07b59c07b5be89c6cab7e00328505a75b29f76,archetype,18
2026-08-31T18:05:02Z,136,Overseer Silver Ring,100,0x190e541e5b614eb6393f1f997a6092f48efecc4e,smo69,18
2026-08-31T18:05:02Z,137,Athena Silver Ring,1,0xd678b718f70389dbdd2d447df23333641e8f7480,yanik,505
2026-08-31T18:05:02Z,137,Athena Silver Ring,2,0x9dc70f5472a88f3eefa4d515a6b1ec94d9d30d13,sidlovskyy,396
2026-08-31T18:05:02Z,137,Athena Silver Ring,3,0xf00dfac3af2f5b38fe55d50ccf8ffa8c293ea161,dudendy,387
2026-08-31T18:05:02Z,137,Athena Silver Ring,4,0x73a9ffdaaf53723f1d08403f613870cddd6e18fc,suspicious,352
2026-08-31T18:05:02Z,137,Athena Silver Ring,5,0x0c0a71e32e1954635e2dde143ed9e59fe471fb94,kryy,206
2026-08-31T18:05:02Z,137,Athena Silver Ring,6,0x2a2376e5e9981c19b15af64d2cdb57c9b94eb1f6,xiskool,197
2026-08-31T18:05:02Z,137,Athena Silver Ring,7,0x95233e2ec170b4ba0e2208c1ec89f3b87f8b18c7,gambit,172
2026-08-31T18:05:02Z,137,Athena Silver Ring,8,0x0a42a67154221c44c9eae98eb7f9cbff2d269a0e,cassowary,117
2026-08-31T18:05:02Z,137,Athena Silver Ring,9,0x0ee9318275c37f0e635bb7c8a455ade252cecf1f,georgysogood,115
2026-08-31T18:05:02Z,137,Athena Silver Ring,10,0x95f92440789e364f3a167069b899c84b02f92254,axion,113
2026-08-31T18:05:02Z,137,Athena Silver Ring,11,0xb0f42c12dd7e28f0deafe74fdf603782c430f896,stellarhobbes,111
2026-08-31T18:05:02Z,137,Athena Silver Ring,12,0x4e16f03fafc94af2d0b79d2d15d3d54f7c9f04fa,recluseham,109
2026-08-31T18:05:02Z,137,Athena Silver Ring,13,0xe4b1f5eb3da2195f8d41a052229a7eec3c4e6ed8,azoni,106
2026-08-31T18:05:02Z,137,Athena Silver Ring,14,0x0b2291da8091128352c2464f1072cf4211144744,moritz,101
2026-08-31T18:05:02Z,137,Athena Silver Ring,15,0xd2bb5bcaaaa9d2d77a50598055397916780972ca,sinet,97
2026-08-31T18:05:02Z,137,Athena Silver Ring,16,0x2ab7adbf3685c74d2e300c9c0e676b1bf6027ac5,0xn00b,96
2026-08-31T18:05:02Z,137,Athena Silver Ring,17,0xbdecab53bb16b74aa1a1715cc4b80db641eac9da,rxch,95
2026-08-31T18:05:02Z,137,Athena Silver Ring,18,0x23244cc893df1ff2916ee2e492b65bec74b2760c,bunyoo,89
2026-08-31T18:05:02Z,137,Athena Silver Ring,19,0x388d510f0f11ba0762e8c7212645ed873c17a204,otabart,83
2026-08-31T18:05:02Z,137,Athena Silver Ring,20,0x3eda210ff41e2b2d1658ca5ebe0b80a376c7e0f4,astarta,81
2026-08-31T18:05:02Z,137,Athena Silver Ring,21,0xac06dbd4f2b1b174dbb3b67449f0f4245f0f3bc3,spanish,78
2026-08-31T18:05:02Z,137,Athena Silver Ring,22,0xcf29253e7c1e908d4091c9be85522893c77f0fc8,ciri,77
2026-08-31T18:05:02Z,137,Athena Silver Ring,23,0x69c4cc0147fbc23965896fb18a1ccea92230ed1b,afropengu,75
2026-08-31T18:05:02Z,137,Athena Silver Ring,24,0x02764ae21333f5777b44cdded3a654a340176fff,bh3320,74
2026-08-31T18:05:02Z,137,Athena Silver Ring,25,0xa8a956a5690cc81bb367da2c2f6f1796be2b3c30,scottco,72
2026-08-31T18:05:02Z,137,Athena Silver Ring,26,0x688410dbc8c331f5945eafc659ae721a447ae975,igloo,67
2026-08-31T18:05:02Z,137,Athena Silver Ring,27,0x9b3ef1d5b7472560cf6241949b2485e456aa37a0,bush1do,67
2026-08-31T18:05:02Z,137,Athena Silver Ring,28,0xb2042611b4987ba8be9efd6cc1165f09e7c694a8,joblessathena,67
2026-08-31T18:05:02Z,137,Athena Silver Ring,29,0xbddef3e050261365464e40d086b91f5100b13108,thattonton,65
2026-08-31T18:05:02Z,137,Athena Silver Ring,30,0x3d385f04852ae078d10e2a420f928f227f3e63f3,kellox,61
2026-08-31T18:05:02Z,137,Athena Silver Ring,31,0x6a31fe60046a9da9867bccbe48378893906099f5,airmangataos,57
2026-08-31T18:05:02Z,137,Athena Silver Ring,32,0xce3bc9c7e6b1a4082f9853f6f796e604148b2583,classicj,57
2026-08-31T18:05:02Z,137,Athena Silver Ring,33,0x469998f2fa8aaa2648fef6fc3902268f315195ef,mrgold,53
2026-08-31T18:05:02Z,137,Athena Silver Ring,34,0xeed7c6b2af48249a040c9e5d59437670889c7e07,lilwassie,52
2026-08-31T18:05:02Z,137,Athena Silver Ring,35,0xf5826d91cb7f5fa32f98d82a0268550b4d6e22ee,gojo_,51
2026-08-31T18:05:02Z,137,Athena Silver Ring,36,0x19342b9e3f123e373e24f1eea9bb5a1a935507fa,bigmommymilkers,49
2026-08-31T18:05:02Z,137,Athena Silver Ring,37,0x7b924f8164ff2311680a0431f05e6bcde6a3f954,det0n,46
2026-08-31T18:05:02Z,137,Athena Silver Ring,38,0xb0d90d52c7389824d4b22c06bcdccd734e3162b7,ezsnipe,46
2026-08-31T18:05:02Z,137,Athena Silver Ring,39,0x33973ffb41add93b49227241566d3e5fc9ad904b,schemedream,42
2026-08-31T18:05:02Z,137,Athena Silver Ring,40,0x90c1ed16e9b16db7d031f573d20bead430feb107,jablko,40
2026-08-31T18:05:02Z,137,Athena Silver Ring,41,0x0cc677b008149e08e468fe7da539e5dd24eb05dd,yashiw,39
2026-08-31T18:05:02Z,137,Athena Silver Ring,42,0xc3ae9ac69d672368539413235938277ce19fc270,bollin,38
2026-08-31T18:05:02Z,137,Athena Silver Ring,43,0xbbbfe4cc5c3924f19f6e36e66448b2e3a126b111,cryptologist,38
2026-08-31T18:05:02Z,137,Athena Silver Ring,44,0x6cdaec838d799cc664dd421324d480b1592c9b5a,lilstaffx,37
2026-08-31T18:05:02Z,137,Athena Silver Ring,45,0x40bfc8a6d3283958d3b70dc68049a78038a0f2e3,playaway,35
2026-08-31T18:05:02Z,137,Athena Silver Ring,46,0xfa22eafe991cd1166ee4b5ba8236e1eba9105a54,grimreaper,35
2026-08-31T18:05:02Z,137,Athena Silver Ring,47,0x55085ade6c1c39b64cd27099993c5dc933bbed35,bigdogga,34
2026-08-31T18:05:02Z,137,Athena Silver Ring,48,0x83becb55eff583800cf1a9a2c03dd4b0fa4d7351,apix,33
2026-08-31T18:05:02Z,137,Athena Silver Ring,49,0xe9a0904b53c6e9d7285440142ea3f0c96b69fcfa,karabas666,32
2026-08-31T18:05:02Z,137,Athena Silver Ring,50,0x7a10d45c461e81e24796f9c83b584756876d24d7,stakeoor,32
2026-08-31T18:05:02Z,137,Athena Silver Ring,51,0xff6bddba3937f03b495b4efb304194d2cbc488ca,lizardmafia,31
2026-08-31T18:05:02Z,137,Athena Silver Ring,52,0x07484b5b823bb4ec3f1a7ae7eb5e3fffb7bbe09c,agema,31
2026-08-31T18:05:02Z,137,Athena Silver Ring,53,0x4ebc17059cfc143d86fb92ed707805d68142e3ec,ponziscam,30
2026-08-31T18:05:02Z,137,Athena Silver Ring,54,0xd4394678ec0e7501cb250bba925fa7d07197fd69,dithfucius,30
2026-08-31T18:05:02Z,137,Athena Silver Ring,55,0x4f03ea409e546d9ab7eaa6c9b481bcb99c8547e5,coinpie,30
2026-08-31T18:05:02Z,137,Athena Silver Ring,56,0x5168a8f95a5bce4f4918884b2db51132d8f3bbf1,neveli,30
2026-08-31T18:05:02Z,137,Athena Silver Ring,57,0xd1c76125cb2751750ddb2afded780c6f5b7a3cbc,kace,30
2026-08-31T18:05:02Z,137,Athena Silver Ring,58,0x378f0bda88d7255f95afef6029799df500a6cc66,lamperouge,28
2026-08-31T18:05:02Z,137,Athena Silver Ring,59,0x381dd397e721c72ce321a1ebaf96ce04f4422ac0,suckmydirtydick,27
2026-08-31T18:05:02Z,137,Athena Silver Ring,60,0x5f018c6e9b3b0d9c23e144bc5b2f4d82fc9b3650,jjangbang,27
2026-08-31T18:05:02Z,137,Athena Silver Ring,61,0xfc32e5cfbea49a2f1d21936eec0a7722a6c2d4a7,tacolauncher,27
2026-08-31T18:05:02Z,137,Athena Silver Ring,62,0x161f91374506a85ed9063e90c4c217d8697d6471,proofofely,27
2026-08-31T18:05:02Z,137,Athena Silver Ring,63,0x48eae6c83bdc1effef0bde8491e43c28d41b80f4,oleole,27
2026-08-31T18:05:02Z,137,Athena Silver Ring,64,0xf03b88d187431fd4486ee15cd17a1b75b107b9c2,freeroll4,27
2026-08-31T18:05:02Z,137,Athena Silver Ring,65,0xfb4f086ba201a8f32805eb82a431a1dacc3f08b2,obivan,27
2026-08-31T18:05:02Z,137,Athena Silver Ring,66,0x297b3eff8fccbbc35b111bd0a09b7a99a26ba965,ferentano,27
2026-08-31T18:05:02Z,137,Athena Silver Ring,67,0x92569bee8c8b9c1df1c283a0409fcc2b2fede157,phalanx,26
2026-08-31T18:05:02Z,137,Athena Silver Ring,68,0x9271e9969b98083d53bcf3c82ecf2a87b717500d,fefer,25
2026-08-31T18:05:02Z,137,Athena Silver Ring,69,0xef58ad6d6bcaf054da34948c88e7e91a052dc0fa,kraven,25
2026-08-31T18:05:02Z,137,Athena Silver Ring,70,0xdcf62adfc2193b3997947424583654689bcfd391,tekmeneth,25
2026-08-31T18:05:02Z,137,Athena Silver Ring,71,0x549300f79fb33ba2e77344e58b064ede194ef99a,okeydokey,25
2026-08-31T18:05:02Z,137,Athena Silver Ring,72,0x25fb85df6ac78c8b63e5e2b10e31fa36e72c2d38,bigpenis,25
2026-08-31T18:05:02Z,137,Athena Silver Ring,73,0x424188d8a6dc563a8a996a88c8317ba982e6c9e6,sdrnk,24
2026-08-31T18:05:02Z,137,Athena Silver Ring,74,0xff028938094ce190ffb53a2b98330896e5a64b4c,whocaresq,24
2026-08-31T18:05:02Z,137,Athena Silver Ring,75,0x5a1c08126a6e9cb6d492a61baa83111c1e16e2ef,shaggy8627,24
2026-08-31T18:05:02Z,137,Athena Silver Ring,76,0x13fe8fe08a0d824cd44b8d13f813891b6532f59e,morror,24
2026-08-31T18:05:02Z,137,Athena Silver Ring,77,0x7e6cb1e3f70e681c2f31d52adc2b1d09d6edf232,resuka,24
2026-08-31T18:05:02Z,137,Athena Silver Ring,78,0xa1da340729cff1782c83d5cfba586b4451c011ec,tozdelagaro,23
2026-08-31T18:05:02Z,137,Athena Silver Ring,79,0xd82311e0ddcff7cad1be090763d4f6d7ba1c290a,vims,23
2026-08-31T18:05:02Z,137,Athena Silver Ring,80,0x162a7c95e2e5a208748a6c024f0699e8eeb74dc4,wexovskiy,23
2026-08-31T18:05:02Z,137,Athena Silver Ring,81,0x95f3c63ee60f5efc58bc6672b1a12314d67a6881,pro_mint,23
2026-08-31T18:05:02Z,137,Athena Silver Ring,82,0x4a8e0f4bbadf070fdb2610dd2353ccbe22514554,rengokuk,23
2026-08-31T18:05:02Z,137,Athena Silver Ring,83,0x4ec977a8e80c4099a44f8ae53a48281448471342,terrestra,23
2026-08-31T18:05:02Z,137,Athena Silver Ring,84,0x80bc8e8581f8f5ee286696352a7f4ca69bbca05c,communityevo,23
2026-08-31T18:05:02Z,137,Athena Silver Ring,85,0xc415a02bba63fae3eafb9400d8cff3a157a3b93d,naruto,22
2026-08-31T18:05:02Z,137,Athena Silver Ring,86,0x0d1df94f0106ce5bd92138d43c8551cad530c169,vermo,22
2026-08-31T18:05:02Z,137,Athena Silver Ring,87,0xfbfc822ee4989b2b4b9b18e4035ff72335cbb16e,jame7,22
2026-08-31T18:05:02Z,137,Athena Silver Ring,88,0x9a49c905c2cca8115d330572b494c6602aba6e1e,supportprime,22
2026-08-31T18:05:02Z,137,Athena Silver Ring,89,0x5f90cae78f02a95633e596c1841c6ef41fb431b2,pechou,22
2026-08-31T18:05:02Z,137,Athena Silver Ring,90,0xd15481578c11b4e5b8f241c412899a0bdd704408,wholistic,21
2026-08-31T18:05:02Z,137,Athena Silver Ring,91,0x999eba5d7ad0e1a53ea600c384356a288381d09e,dbmafia,21
2026-08-31T18:05:02Z,137,Athena Silver Ring,92,0xe6b6cbab6c586d64025ffaea1548f3f09dabe6c2,milkshake,21
2026-08-31T18:05:02Z,137,Athena Silver Ring,93,0xeebea836b281e2edef370c5f157944d66b31c800,addas11,21
2026-08-31T18:05:02Z,137,Athena Silver Ring,94,0x9ce44e274bce511788c6ac81eafdb71fe920d4ee,deanoxbt,21
2026-08-31T18:05:02Z,137,Athena Silver Ring,95,0x28b88b45c3309fa9940cd8c0c0212636ca364417,forfree,21
2026-08-31T18:05:02Z,137,Athena Silver Ring,96,0xa134a3dfa4cb010873db8012d5b360d97ba80c28,winner,21
2026-08-31T18:05:02Z,137,Athena Silver Ring,97,0xbd27b0379726a5628487edbc63a648f48f0e2e60,berhelit,21
2026-08-31T18:05:02Z,137,Athena Silver Ring,98,0xf5c2430fafa3b3b0f30e6f6a25b0b003ae94a40d,trickey,21
2026-08-31T18:05:02Z,137,Athena Silver Ring,99,0x5847046390615895540cab8ac069d99051f92fed,wisetwo,20
2026-08-31T18:05:02Z,137,Athena Silver Ring,100,0x03274357ecf3f8680dfe3f004b1b1571c7326c6f,escobardio,20
2026-08-31T18:05:02Z,138,Archon Silver Ring,1,0xd678b718f70389dbdd2d447df23333641e8f7480,yanik,470
2026-08-31T18:05:02Z,138,Archon Silver Ring,2,0x73a9ffdaaf53723f1d08403f613870cddd6e18fc,suspicious,434
2026-08-31T18:05:02Z,138,Archon Silver Ring,3,0x9dc70f5472a88f3eefa4d515a6b1ec94d9d30d13,sidlovskyy,414
2026-08-31T18:05:02Z,138,Archon Silver Ring,4,0xf00dfac3af2f5b38fe55d50ccf8ffa8c293ea161,dudendy,393
2026-08-31T18:05:02Z,138,Archon Silver Ring,5,0x2a2376e5e9981c19b15af64d2cdb57c9b94eb1f6,xiskool,223
2026-08-31T18:05:02Z,138,Archon Silver Ring,6,0x4e16f03fafc94af2d0b79d2d15d3d54f7c9f04fa,recluseham,177
2026-08-31T18:05:02Z,138,Archon Silver Ring,7,0x0c0a71e32e1954635e2dde143ed9e59fe471fb94,kryy,174
2026-08-31T18:05:02Z,138,Archon Silver Ring,8,0x95233e2ec170b4ba0e2208c1ec89f3b87f8b18c7,gambit,149
2026-08-31T18:05:02Z,138,Archon Silver Ring,9,0x2ab7adbf3685c74d2e300c9c0e676b1bf6027ac5,0xn00b,113
2026-08-31T18:05:02Z,138,Archon Silver Ring,10,0x0a42a67154221c44c9eae98eb7f9cbff2d269a0e,cassowary,113
2026-08-31T18:05:02Z,138,Archon Silver Ring,11,0x95f92440789e364f3a167069b899c84b02f92254,axion,112
2026-08-31T18:05:02Z,138,Archon Silver Ring,12,0x3eda210ff41e2b2d1658ca5ebe0b80a376c7e0f4,astarta,108
2026-08-31T18:05:02Z,138,Archon Silver Ring,13,0x0ee9318275c37f0e635bb7c8a455ade252cecf1f,georgysogood,100
2026-08-31T18:05:02Z,138,Archon Silver Ring,14,0xbdecab53bb16b74aa1a1715cc4b80db641eac9da,rxch,95
2026-08-31T18:05:02Z,138,Archon Silver Ring,15,0x388d510f0f11ba0762e8c7212645ed873c17a204,otabart,94
2026-08-31T18:05:02Z,138,Archon Silver Ring,16,0x161f91374506a85ed9063e90c4c217d8697d6471,proofofely,88
2026-08-31T18:05:02Z,138,Archon Silver Ring,17,0xb0d90d52c7389824d4b22c06bcdccd734e3162b7,ezsnipe,86
2026-08-31T18:05:02Z,138,Archon Silver Ring,18,0xb2042611b4987ba8be9efd6cc1165f09e7c694a8,joblessathena,83
2026-08-31T18:05:02Z,138,Archon Silver Ring,19,0x6a31fe60046a9da9867bccbe48378893906099f5,airmangataos,82
2026-08-31T18:05:02Z,138,Archon Silver Ring,20,0x469998f2fa8aaa2648fef6fc3902268f315195ef,mrgold,79
2026-08-31T18:05:02Z,138,Archon Silver Ring,21,0x23244cc893df1ff2916ee2e492b65bec74b2760c,bunyoo,79
2026-08-31T18:05:02Z,138,Archon Silver Ring,22,0xb0f42c12dd7e28f0deafe74fdf603782c430f896,stellarhobbes,75
2026-08-31T18:05:02Z,138,Archon Silver Ring,23,0xeed7c6b2af48249a040c9e5d59437670889c7e07,lilwassie,75
2026-08-31T18:05:02Z,138,Archon Silver Ring,24,0xce3bc9c7e6b1a4082f9853f6f796e604148b2583,classicj,71
2026-08-31T18:05:02Z,138,Archon Silver Ring,25,0x69c4cc0147fbc23965896fb18a1ccea92230ed1b,afropengu,68
2026-08-31T18:05:02Z,138,Archon Silver Ring,26,0xe4b1f5eb3da2195f8d41a052229a7eec3c4e6ed8,azoni,63
2026-08-31T18:05:02Z,138,Archon Silver Ring,27,0xcf29253e7c1e908d4091c9be85522893c77f0fc8,ciri,61
2026-08-31T18:05:02Z,138,Archon Silver Ring,28,0x9b3ef1d5b7472560cf6241949b2485e456aa37a0,bush1do,61
2026-08-31T18:05:02Z,138,Archon Silver Ring,29,0x36ef5b58dad1c055002c26c9c5a6787d09645edf,gibar,60
2026-08-31T18:05:02Z,138,Archon Silver Ring,30,0xd2bb5bcaaaa9d2d77a50598055397916780972ca,sinet,60
2026-08-31T18:05:02Z,138,Archon Silver Ring,31,0x19342b9e3f123e373e24f1eea9bb5a1a935507fa,bigmommymilkers,56
2026-08-31T18:05:02Z,138,Archon Silver Ring,32,0xac06dbd4f2b1b174dbb3b67449f0f4245f0f3bc3,spanish,55
2026-08-31T18:05:02Z,138,Archon Silver Ring,33,0x0b2291da8091128352c2464f1072cf4211144744,moritz,54
2026-08-31T18:05:02Z,138,Archon Silver Ring,34,0x90c1ed16e9b16db7d031f573d20bead430feb107,jablko,51
2026-08-31T18:05:02Z,138,Archon Silver Ring,35,0x7b924f8164ff2311680a0431f05e6bcde6a3f954,det0n,50
2026-08-31T18:05:02Z,138,Archon Silver Ring,36,0xbddef3e050261365464e40d086b91f5100b13108,thattonton,49
2026-08-31T18:05:02Z,138,Archon Silver Ring,37,0xb604a0af13954499cdc4100eeebcfaa28d6d3985,moonshine_,46
2026-08-31T18:05:02Z,138,Archon Silver Ring,38,0xe90a9bdb63e9ba04a7f3e95140ff803f2f377f5e,vova,46
2026-08-31T18:05:02Z,138,Archon Silver Ring,39,0xa8a956a5690cc81bb367da2c2f6f1796be2b3c30,scottco,44
2026-08-31T18:05:02Z,138,Archon Silver Ring,40,0x28b88b45c3309fa9940cd8c0c0212636ca364417,forfree,42
2026-08-31T18:05:02Z,138,Archon Silver Ring,41,0x55085ade6c1c39b64cd27099993c5dc933bbed35,bigdogga,41
2026-08-31T18:05:02Z,138,Archon Silver Ring,42,0x688410dbc8c331f5945eafc659ae721a447ae975,igloo,40
2026-08-31T18:05:02Z,138,Archon Silver Ring,43,0xef58ad6d6bcaf054da34948c88e7e91a052dc0fa,kraven,39
2026-08-31T18:05:02Z,138,Archon Silver Ring,44,0xbbdca17d69518306b61d26b54b5a6c61e6c0bba1,9stx6,39
2026-08-31T18:05:02Z,138,Archon Silver Ring,45,0x32cb224f344a9aa22c5d2e699f24d3928e6ca06f,d3r0,36
2026-08-31T18:05:02Z,138,Archon Silver Ring,46,0xa3103de676b55442b3c32884b1596b80d4d42cf2,loxik,33
2026-08-31T18:05:02Z,138,Archon Silver Ring,47,0x1114d62a0148f458040fbf2ddb945560398ca5f0,soma,33
2026-08-31T18:05:02Z,138,Archon Silver Ring,48,0x53c5e9ffb362ec22fc172400bc6209819cb3a301,k1sel,32
2026-08-31T18:05:02Z,138,Archon Silver Ring,49,0x01082d01888902fdad71578bf989d342b71151ec,lowbank,32
2026-08-31T18:05:02Z,138,Archon Silver Ring,50,0x3d385f04852ae078d10e2a420f928f227f3e63f3,kellox,31
2026-08-31T18:05:02Z,138,Archon Silver Ring,51,0x4ebc17059cfc143d86fb92ed707805d68142e3ec,ponziscam,30
2026-08-31T18:05:02Z,138,Archon Silver Ring,52,0xfc32e5cfbea49a2f1d21936eec0a7722a6c2d4a7,tacolauncher,30
2026-08-31T18:05:02Z,138,Archon Silver Ring,53,0x4f03ea409e546d9ab7eaa6c9b481bcb99c8547e5,coinpie,30
2026-08-31T18:05:02Z,138,Archon Silver Ring,54,0x9ce44e274bce511788c6ac81eafdb71fe920d4ee,deanoxbt,30
2026-08-31T18:05:02Z,138,Archon Silver Ring,55,0x8ccb0988036cf9d2ca7b24ed46a57cf25ce6f92d,chosta,30
2026-08-31T18:05:02Z,138,Archon Silver Ring,56,0xff6bddba3937f03b495b4efb304194d2cbc488ca,lizardmafia,30
2026-08-31T18:05:02Z,138,Archon Silver Ring,57,0xa65244b636a0a5d17e33db1a7d9b5b40fc8b6b8e,moustache,29
2026-08-31T18:05:02Z,138,Archon Silver Ring,58,0xd82311e0ddcff7cad1be090763d4f6d7ba1c290a,vims,29
2026-08-31T18:05:02Z,138,Archon Silver Ring,59,0x13fe8fe08a0d824cd44b8d13f813891b6532f59e,morror,29
2026-08-31T18:05:02Z,138,Archon Silver Ring,60,0x4c53b2e646a3e01c2b22497753b1560029b5166b,gusine,29
2026-08-31T18:05:02Z,138,Archon Silver Ring,61,0xfa4f36238d8d0533ec8f8b5ec747a96ee1b053e0,frodo,28
2026-08-31T18:05:02Z,138,Archon Silver Ring,62,0x190e541e5b614eb6393f1f997a6092f48efecc4e,smo69,27
2026-08-31T18:05:02Z,138,Archon Silver Ring,63,0xfa22eafe991cd1166ee4b5ba8236e1eba9105a54,grimreaper,27
2026-08-31T18:05:02Z,138,Archon Silver Ring,64,0xeebea836b281e2edef370c5f157944d66b31c800,addas11,27
2026-08-31T18:05:02Z,138,Archon Silver Ring,65,0xfb8b5790a0fe64729cdf21263d5538b09921d336,method,27
2026-08-31T18:05:02Z,138,Archon Silver Ring,66,0x5bb347443887e595820f74f028e837c3766f5923,0xitero,27
2026-08-31T18:05:02Z,138,Archon Silver Ring,67,0x9271e9969b98083d53bcf3c82ecf2a87b717500d,fefer,26
2026-08-31T18:05:02Z,138,Archon Silver Ring,68,0x6f8b27fe779070967417cc02447b231b5c14b843,souvx,26
2026-08-31T18:05:02Z,138,Archon Silver Ring,69,0xfb3a7ef01adf1275dd190612752a218c4d74c551,turtlemafia,25
2026-08-31T18:05:02Z,138,Archon Silver Ring,70,0x9c991a85b090aae221ef8418e3ca29279bf2500a,migs,25
2026-08-31T18:05:02Z,138,Archon Silver Ring,71,0x25fb85df6ac78c8b63e5e2b10e31fa36e72c2d38,bigpenis,25
2026-08-31T18:05:02Z,138,Archon Silver Ring,72,0x40bfc8a6d3283958d3b70dc68049a78038a0f2e3,playaway,24
2026-08-31T18:05:02Z,138,Archon Silver Ring,73,0xd4394678ec0e7501cb250bba925fa7d07197fd69,dithfucius,24
2026-08-31T18:05:02Z,138,Archon Silver Ring,74,0xa96401339fd8a6bed6c22b96620e7ad29a04f1e9,lavr1k,24
2026-08-31T18:05:02Z,138,Archon Silver Ring,75,0x92569bee8c8b9c1df1c283a0409fcc2b2fede157,phalanx,24
2026-08-31T18:05:02Z,138,Archon Silver Ring,76,0x42fea3f88a8bc29309a55ba3ebaed3667a06248f,salaga_lida,24
2026-08-31T18:05:02Z,138,Archon Silver Ring,77,0x7e6cb1e3f70e681c2f31d52adc2b1d09d6edf232,resuka,24
2026-08-31T18:05:02Z,138,Archon Silver Ring,78,0xb7a4d02f0d2c634b2bb5d1c83df8b5539baa79e8,velynet,24
2026-08-31T18:05:02Z,138,Archon Silver Ring,79,0x549300f79fb33ba2e77344e58b064ede194ef99a,okeydokey,24
2026-08-31T18:05:02Z,138,Archon Silver Ring,80,0x7528c1732168ace7027b18ec184d8cd6984f9eac,druid,24
2026-08-31T18:05:02Z,138,Archon Silver Ring,81,0xc34c29733dcf130f75090464ced47275d88e3419,basedcamp,23
2026-08-31T18:05:02Z,138,Archon Silver Ring,82,0xa134a3dfa4cb010873db8012d5b360d97ba80c28,winner,23
2026-08-31T18:05:02Z,138,Archon Silver Ring,83,0x844d58714aa3fed998f898cbce1b0ddc4550304f,jiren,22
2026-08-31T18:05:02Z,138,Archon Silver Ring,84,0x162a7c95e2e5a208748a6c024f0699e8eeb74dc4,wexovskiy,22
2026-08-31T18:05:02Z,138,Archon Silver Ring,85,0x663ac0e621bd9bbd47100768d3ce98f0e25a7b21,skoheels,22
2026-08-31T18:05:02Z,138,Archon Silver Ring,86,0x908c7c7f0266da791bae52b9ecac8c34ca73d9f4,mangas,22
2026-08-31T18:05:02Z,138,Archon Silver Ring,87,0x80bc8e8581f8f5ee286696352a7f4ca69bbca05c,communityevo,22
2026-08-31T18:05:02Z,138,Archon Silver Ring,88,0xc415a02bba63fae3eafb9400d8cff3a157a3b93d,naruto,21
2026-08-31T18:05:02Z,138,Archon Silver Ring,89,0x5d94f14bafdc6920e462abaa8285d680d4dfa069,tofu,21
2026-08-31T18:05:02Z,138,Archon Silver Ring,90,0x999eba5d7ad0e1a53ea600c384356a288381d09e,dbmafia,21
2026-08-31T18:05:02Z,138,Archon Silver Ring,91,0x88d62fbb7aa5d418b1886085dc949567500b569d,alebaner,21
2026-08-31T18:05:02Z,138,Archon Silver Ring,92,0x55a5144bf3ef42be03e893619f196b5e541beaea,artofbeing,21
2026-08-31T18:05:02Z,138,Archon Silver Ring,93,0x48eae6c83bdc1effef0bde8491e43c28d41b80f4,oleole,21
2026-08-31T18:05:02Z,138,Archon Silver Ring,94,0xfb4f086ba201a8f32805eb82a431a1dacc3f08b2,obivan,21
2026-08-31T18:05:02Z,138,Archon Silver Ring,95,0x7ec307fa89a4ecc72139a4d169d5d8fcaeceb951,honeyrat,20
2026-08-31T18:05:02Z,138,Archon Silver Ring,96,0x130eab55f6941f66d4806532d9242cf969b4f036,frontdown,20
2026-08-31T18:05:02Z,138,Archon Silver Ring,97,0x5847046390615895540cab8ac069d99051f92fed,wisetwo,20
2026-08-31T18:05:02Z,138,Archon Silver Ring,98,0xb4c3602689229297d255974e90ce4954d9380104,bkbk,20
2026-08-31T18:05:02Z,138,Archon Silver Ring,99,0x319937150f931d5bda6b3679305453a8c45e55d0,tszunami,20
2026-08-31T18:05:02Z,138,Archon Silver Ring,100,0x3629d88069124258ef6bb99c9080d064f42e7206,grumpy,20
2026-08-31T18:05:02Z,139,Foxglove Silver Ring,1,0xd678b718f70389dbdd2d447df23333641e8f7480,yanik,571
2026-08-31T18:05:02Z,139,Foxglove Silver Ring,2,0x9dc70f5472a88f3eefa4d515a6b1ec94d9d30d13,sidlovskyy,385
2026-08-31T18:05:02Z,139,Foxglove Silver Ring,3,0x73a9ffdaaf53723f1d08403f613870cddd6e18fc,suspicious,378
2026-08-31T18:05:02Z,139,Foxglove Silver Ring,4,0xf00dfac3af2f5b38fe55d50ccf8ffa8c293ea161,dudendy,365
2026-08-31T18:05:02Z,139,Foxglove Silver Ring,5,0x2a2376e5e9981c19b15af64d2cdb57c9b94eb1f6,xiskool,208
2026-08-31T18:05:02Z,139,Foxglove Silver Ring,6,0x95233e2ec170b4ba0e2208c1ec89f3b87f8b18c7,gambit,199
2026-08-31T18:05:02Z,139,Foxglove Silver Ring,7,0x90c1ed16e9b16db7d031f573d20bead430feb107,jablko,148
2026-08-31T18:05:02Z,139,Foxglove Silver Ring,8,0x0ee9318275c37f0e635bb7c8a455ade252cecf1f,georgysogood,131
2026-08-31T18:05:02Z,139,Foxglove Silver Ring,9,0x4e16f03fafc94af2d0b79d2d15d3d54f7c9f04fa,recluseham,128
2026-08-31T18:05:02Z,139,Foxglove Silver Ring,10,0x0b2291da8091128352c2464f1072cf4211144744,moritz,113
2026-08-31T18:05:02Z,139,Foxglove Silver Ring,11,0x3eda210ff41e2b2d1658ca5ebe0b80a376c7e0f4,astarta,112
2026-08-31T18:05:02Z,139,Foxglove Silver Ring,12,0x2ab7adbf3685c74d2e300c9c0e676b1bf6027ac5,0xn00b,105
2026-08-31T18:05:02Z,139,Foxglove Silver Ring,13,0xac06dbd4f2b1b174dbb3b67449f0f4245f0f3bc3,spanish,104
2026-08-31T18:05:02Z,139,Foxglove Silver Ring,14,0xd2bb5bcaaaa9d2d77a50598055397916780972ca,sinet,102
2026-08-31T18:05:02Z,139,Foxglove Silver Ring,15,0xeed7c6b2af48249a040c9e5d59437670889c7e07,lilwassie,97
2026-08-31T18:05:02Z,139,Foxglove Silver Ring,16,0xbdecab53bb16b74aa1a1715cc4b80db641eac9da,rxch,95
2026-08-31T18:05:02Z,139,Foxglove Silver Ring,17,0x95f92440789e364f3a167069b899c84b02f92254,axion,86
2026-08-31T18:05:02Z,139,Foxglove Silver Ring,18,0x388d510f0f11ba0762e8c7212645ed873c17a204,otabart,82
2026-08-31T18:05:02Z,139,Foxglove Silver Ring,19,0xce3bc9c7e6b1a4082f9853f6f796e604148b2583,classicj,76
2026-08-31T18:05:02Z,139,Foxglove Silver Ring,20,0xa8a956a5690cc81bb367da2c2f6f1796be2b3c30,scottco,73
2026-08-31T18:05:02Z,139,Foxglove Silver Ring,21,0xe4b1f5eb3da2195f8d41a052229a7eec3c4e6ed8,azoni,72
2026-08-31T18:05:02Z,139,Foxglove Silver Ring,22,0x69c4cc0147fbc23965896fb18a1ccea92230ed1b,afropengu,69
2026-08-31T18:05:02Z,139,Foxglove Silver Ring,23,0x6a31fe60046a9da9867bccbe48378893906099f5,airmangataos,65
2026-08-31T18:05:02Z,139,Foxglove Silver Ring,24,0x0c0a71e32e1954635e2dde143ed9e59fe471fb94,kryy,64
2026-08-31T18:05:02Z,139,Foxglove Silver Ring,25,0x9b3ef1d5b7472560cf6241949b2485e456aa37a0,bush1do,63
2026-08-31T18:05:02Z,139,Foxglove Silver Ring,26,0x23244cc893df1ff2916ee2e492b65bec74b2760c,bunyoo,63
2026-08-31T18:05:02Z,139,Foxglove Silver Ring,27,0x19342b9e3f123e373e24f1eea9bb5a1a935507fa,bigmommymilkers,57
2026-08-31T18:05:02Z,139,Foxglove Silver Ring,28,0x55085ade6c1c39b64cd27099993c5dc933bbed35,bigdogga,57
2026-08-31T18:05:02Z,139,Foxglove Silver Ring,29,0xb0f42c12dd7e28f0deafe74fdf603782c430f896,stellarhobbes,56
2026-08-31T18:05:02Z,139,Foxglove Silver Ring,30,0x161f91374506a85ed9063e90c4c217d8697d6471,proofofely,54
2026-08-31T18:05:02Z,139,Foxglove Silver Ring,31,0xcf29253e7c1e908d4091c9be85522893c77f0fc8,ciri,53
2026-08-31T18:05:02Z,139,Foxglove Silver Ring,32,0x3d385f04852ae078d10e2a420f928f227f3e63f3,kellox,53
2026-08-31T18:05:02Z,139,Foxglove Silver Ring,33,0x469998f2fa8aaa2648fef6fc3902268f315195ef,mrgold,53
2026-08-31T18:05:02Z,139,Foxglove Silver Ring,34,0xef58ad6d6bcaf054da34948c88e7e91a052dc0fa,kraven,52
2026-08-31T18:05:02Z,139,Foxglove Silver Ring,35,0x688410dbc8c331f5945eafc659ae721a447ae975,igloo,50
2026-08-31T18:05:02Z,139,Foxglove Silver Ring,36,0xb0d90d52c7389824d4b22c06bcdccd734e3162b7,ezsnipe,47
2026-08-31T18:05:02Z,139,Foxglove Silver Ring,37,0x32cb224f344a9aa22c5d2e699f24d3928e6ca06f,d3r0,46
2026-08-31T18:05:02Z,139,Foxglove Silver Ring,38,0x4f03ea409e546d9ab7eaa6c9b481bcb99c8547e5,coinpie,45
2026-08-31T18:05:02Z,139,Foxglove Silver Ring,39,0x0a42a67154221c44c9eae98eb7f9cbff2d269a0e,cassowary,40
2026-08-31T18:05:02Z,139,Foxglove Silver Ring,40,0x02764ae21333f5777b44cdded3a654a340176fff,bh3320,40
2026-08-31T18:05:02Z,139,Foxglove Silver Ring,41,0xe90a9bdb63e9ba04a7f3e95140ff803f2f377f5e,vova,40
2026-08-31T18:05:02Z,139,Foxglove Silver Ring,42,0x8298dfc90c0119379f265b4dad6e9f0e8359a80e,userbased,39
2026-08-31T18:05:02Z,139,Foxglove Silver Ring,43,0x7b924f8164ff2311680a0431f05e6bcde6a3f954,det0n,39
2026-08-31T18:05:02Z,139,Foxglove Silver Ring,44,0xbbdca17d69518306b61d26b54b5a6c61e6c0bba1,9stx6,39
2026-08-31T18:05:02Z,139,Foxglove Silver Ring,45,0x5168a8f95a5bce4f4918884b2db51132d8f3bbf1,neveli,39
2026-08-31T18:05:02Z,139,Foxglove Silver Ring,46,0xa134a3dfa4cb010873db8012d5b360d97ba80c28,winner,36
2026-08-31T18:05:02Z,139,Foxglove Silver Ring,47,0x663ac0e621bd9bbd47100768d3ce98f0e25a7b21,skoheels,36
2026-08-31T18:05:02Z,139,Foxglove Silver Ring,48,0xfb4f086ba201a8f32805eb82a431a1dacc3f08b2,obivan,35
2026-08-31T18:05:02Z,139,Foxglove Silver Ring,49,0xfa22eafe991cd1166ee4b5ba8236e1eba9105a54,grimreaper,34
2026-08-31T18:05:02Z,139,Foxglove Silver Ring,50,0x15c0c948d3ea9a67b05319f40871de7bf5003db3,przyborleonedw,33
2026-08-31T18:05:02Z,139,Foxglove Silver Ring,51,0x6d91474e416efdb1dd7a0ed68c8892c3b18b08a8,ylooz,33
2026-08-31T18:05:02Z,139,Foxglove Silver Ring,52,0xbddef3e050261365464e40d086b91f5100b13108,thattonton,32
2026-08-31T18:05:02Z,139,Foxglove Silver Ring,53,0xd82311e0ddcff7cad1be090763d4f6d7ba1c290a,vims,31
2026-08-31T18:05:02Z,139,Foxglove Silver Ring,54,0xfbfc822ee4989b2b4b9b18e4035ff72335cbb16e,jame7,31
2026-08-31T18:05:02Z,139,Foxglove Silver Ring,55,0xe6b6cbab6c586d64025ffaea1548f3f09dabe6c2,milkshake,31
2026-08-31T18:05:02Z,139,Foxglove Silver Ring,56,0x4a8e0f4bbadf070fdb2610dd2353ccbe22514554,rengokuk,31
2026-08-31T18:05:02Z,139,Foxglove Silver Ring,57,0x92f482f7b5009349ec3da50b193596b825335414,absgigachads,30
2026-08-31T18:05:02Z,139,Foxglove Silver Ring,58,0x4ebc17059cfc143d86fb92ed707805d68142e3ec,ponziscam,30
2026-08-31T18:05:02Z,139,Foxglove Silver Ring,59,0xfc32e5cfbea49a2f1d21936eec0a7722a6c2d4a7,tacolauncher,30
2026-08-31T18:05:02Z,139,Foxglove Silver Ring,60,0x88d62fbb7aa5d418b1886085dc949567500b569d,alebaner,30
2026-08-31T18:05:02Z,139,Foxglove Silver Ring,61,0xa96401339fd8a6bed6c22b96620e7ad29a04f1e9,lavr1k,30
2026-08-31T18:05:02Z,139,Foxglove Silver Ring,62,0xb29f073a9e2946d805714c9030b191ee6afed445,hitagi,30
2026-08-31T18:05:02Z,139,Foxglove Silver Ring,63,0x98c715b1a9d24727b59cae2119c747b896132647,sebax11,29
2026-08-31T18:05:02Z,139,Foxglove Silver Ring,64,0xa3103de676b55442b3c32884b1596b80d4d42cf2,loxik,29
2026-08-31T18:05:02Z,139,Foxglove Silver Ring,65,0xff6bddba3937f03b495b4efb304194d2cbc488ca,lizardmafia,29
2026-08-31T18:05:02Z,139,Foxglove Silver Ring,66,0xb2042611b4987ba8be9efd6cc1165f09e7c694a8,joblessathena,28
2026-08-31T18:05:02Z,139,Foxglove Silver Ring,67,0x381dd397e721c72ce321a1ebaf96ce04f4422ac0,suckmydirtydick,27
2026-08-31T18:05:02Z,139,Foxglove Silver Ring,68,0x0cc677b008149e08e468fe7da539e5dd24eb05dd,yashiw,27
2026-08-31T18:05:02Z,139,Foxglove Silver Ring,69,0xbbbfe4cc5c3924f19f6e36e66448b2e3a126b111,cryptologist,27
2026-08-31T18:05:02Z,139,Foxglove Silver Ring,70,0x13fe8fe08a0d824cd44b8d13f813891b6532f59e,morror,27
2026-08-31T18:05:02Z,139,Foxglove Silver Ring,71,0xd369f09014646bfc80d977a0daa62b5940b264b4,qqws,27
2026-08-31T18:05:02Z,139,Foxglove Silver Ring,72,0x7b2c23d8d3436cdd063b66529e5d8445834831eb,coreplay6,27
2026-08-31T18:05:02Z,139,Foxglove Silver Ring,73,0x25fb85df6ac78c8b63e5e2b10e31fa36e72c2d38,bigpenis,27
2026-08-31T18:05:02Z,139,Foxglove Silver Ring,74,0x297b3eff8fccbbc35b111bd0a09b7a99a26ba965,ferentano,27
2026-08-31T18:05:02Z,139,Foxglove Silver Ring,75,0x57b53296a33bc749d8451a47fa36edd698e4fee1,flaera,26
2026-08-31T18:05:02Z,139,Foxglove Silver Ring,76,0xd41d44c7a6c48b4854fce7af3a276dbd3b85d937,clock,26
2026-08-31T18:05:02Z,139,Foxglove Silver Ring,77,0xc34c29733dcf130f75090464ced47275d88e3419,basedcamp,25
2026-08-31T18:05:02Z,139,Foxglove Silver Ring,78,0xc415a02bba63fae3eafb9400d8cff3a157a3b93d,naruto,25
2026-08-31T18:05:02Z,139,Foxglove Silver Ring,79,0xc3ae9ac69d672368539413235938277ce19fc270,bollin,25
2026-08-31T18:05:02Z,139,Foxglove Silver Ring,80,0x130eab55f6941f66d4806532d9242cf969b4f036,frontdown,25
2026-08-31T18:05:02Z,139,Foxglove Silver Ring,81,0x319d278581e5e5a49ef80e795fe81225d9a15200,icedcoffee,25
2026-08-31T18:05:02Z,139,Foxglove Silver Ring,82,0x92599bdd1ded8d462c58972f6c3badbb39cd06ba,trukreal,25
2026-08-31T18:05:02Z,139,Foxglove Silver Ring,83,0xac851e69e6ff9805632a09c74e6b3e436f3156ac,yoda378,25
2026-08-31T18:05:02Z,139,Foxglove Silver Ring,84,0x07484b5b823bb4ec3f1a7ae7eb5e3fffb7bbe09c,agema,25
2026-08-31T18:05:02Z,139,Foxglove Silver Ring,85,0x5bb347443887e595820f74f028e837c3766f5923,0xitero,25
2026-08-31T18:05:02Z,139,Foxglove Silver Ring,86,0xa1da340729cff1782c83d5cfba586b4451c011ec,tozdelagaro,24
2026-08-31T18:05:02Z,139,Foxglove Silver Ring,87,0x7e6cb1e3f70e681c2f31d52adc2b1d09d6edf232,resuka,24
2026-08-31T18:05:02Z,139,Foxglove Silver Ring,88,0xcd74ad8e56d74e7a88a5eaa5a3571f82ee9a3176,bangmachine,23
2026-08-31T18:05:02Z,139,Foxglove Silver Ring,89,0x378f0bda88d7255f95afef6029799df500a6cc66,lamperouge,23
2026-08-31T18:05:02Z,139,Foxglove Silver Ring,90,0x92569bee8c8b9c1df1c283a0409fcc2b2fede157,phalanx,23
2026-08-31T18:05:02Z,139,Foxglove Silver Ring,91,0x83becb55eff583800cf1a9a2c03dd4b0fa4d7351,apix,23
2026-08-31T18:05:02Z,139,Foxglove Silver Ring,92,0x01082d01888902fdad71578bf989d342b71151ec,lowbank,23
2026-08-31T18:05:02Z,139,Foxglove Silver Ring,93,0xeff6c4dcd2b79f502d5d7cb6e6daf70f2536daef,syta,23
2026-08-31T18:05:02Z,139,Foxglove Silver Ring,94,0xfb8b5790a0fe64729cdf21263d5538b09921d336,method,23
2026-08-31T18:05:02Z,139,Foxglove Silver Ring,95,0xdb927fb9f66907b2a957b3d0d440110c3a999069,arbitrum,22
2026-08-31T18:05:02Z,139,Foxglove Silver Ring,96,0xe614c47b2b04e2a7a6d660844ffc965d6b86d2f6,gem4ik,22
2026-08-31T18:05:02Z,139,Foxglove Silver Ring,97,0x48eae6c83bdc1effef0bde8491e43c28d41b80f4,oleole,22
2026-08-31T18:05:02Z,139,Foxglove Silver Ring,98,0x28b88b45c3309fa9940cd8c0c0212636ca364417,forfree,22
2026-08-31T18:05:02Z,139,Foxglove Silver Ring,99,0x1114d62a0148f458040fbf2ddb945560398ca5f0,soma,22
2026-08-31T18:05:02Z,139,Foxglove Silver Ring,100,0x29186806bb803be9c9adc182efea0ba8aa09abda,lylythabeast6,22
2026-08-31T18:05:02Z,140,Summoner Silver Ring,1,0xd678b718f70389dbdd2d447df23333641e8f7480,yanik,642
2026-08-31T18:05:02Z,140,Summoner Silver Ring,2,0xf00dfac3af2f5b38fe55d50ccf8ffa8c293ea161,dudendy,421
2026-08-31T18:05:02Z,140,Summoner Silver Ring,3,0x9dc70f5472a88f3eefa4d515a6b1ec94d9d30d13,sidlovskyy,403
2026-08-31T18:05:02Z,140,Summoner Silver Ring,4,0x73a9ffdaaf53723f1d08403f613870cddd6e18fc,suspicious,336
2026-08-31T18:05:02Z,140,Summoner Silver Ring,5,0x4e16f03fafc94af2d0b79d2d15d3d54f7c9f04fa,recluseham,187
2026-08-31T18:05:02Z,140,Summoner Silver Ring,6,0xac06dbd4f2b1b174dbb3b67449f0f4245f0f3bc3,spanish,164
2026-08-31T18:05:02Z,140,Summoner Silver Ring,7,0x0c0a71e32e1954635e2dde143ed9e59fe471fb94,kryy,156
2026-08-31T18:05:02Z,140,Summoner Silver Ring,8,0x2a2376e5e9981c19b15af64d2cdb57c9b94eb1f6,xiskool,155
2026-08-31T18:05:02Z,140,Summoner Silver Ring,9,0x95233e2ec170b4ba0e2208c1ec89f3b87f8b18c7,gambit,145
2026-08-31T18:05:02Z,140,Summoner Silver Ring,10,0x2ab7adbf3685c74d2e300c9c0e676b1bf6027ac5,0xn00b,126
2026-08-31T18:05:02Z,140,Summoner Silver Ring,11,0x0ee9318275c37f0e635bb7c8a455ade252cecf1f,georgysogood,100
2026-08-31T18:05:02Z,140,Summoner Silver Ring,12,0x02764ae21333f5777b44cdded3a654a340176fff,bh3320,98
2026-08-31T18:05:02Z,140,Summoner Silver Ring,13,0xbdecab53bb16b74aa1a1715cc4b80db641eac9da,rxch,95
2026-08-31T18:05:02Z,140,Summoner Silver Ring,14,0x388d510f0f11ba0762e8c7212645ed873c17a204,otabart,93
2026-08-31T18:05:02Z,140,Summoner Silver Ring,15,0x95f92440789e364f3a167069b899c84b02f92254,axion,91
2026-08-31T18:05:02Z,140,Summoner Silver Ring,16,0xce3bc9c7e6b1a4082f9853f6f796e604148b2583,classicj,90
2026-08-31T18:05:02Z,140,Summoner Silver Ring,17,0x69c4cc0147fbc23965896fb18a1ccea92230ed1b,afropengu,81
2026-08-31T18:05:02Z,140,Summoner Silver Ring,18,0xd2bb5bcaaaa9d2d77a50598055397916780972ca,sinet,81
2026-08-31T18:05:02Z,140,Summoner Silver Ring,19,0x0b2291da8091128352c2464f1072cf4211144744,moritz,80
2026-08-31T18:05:02Z,140,Summoner Silver Ring,20,0x0a42a67154221c44c9eae98eb7f9cbff2d269a0e,cassowary,79
2026-08-31T18:05:02Z,140,Summoner Silver Ring,21,0x3eda210ff41e2b2d1658ca5ebe0b80a376c7e0f4,astarta,78
2026-08-31T18:05:02Z,140,Summoner Silver Ring,22,0xb2042611b4987ba8be9efd6cc1165f09e7c694a8,joblessathena,75
2026-08-31T18:05:02Z,140,Summoner Silver Ring,23,0x6a31fe60046a9da9867bccbe48378893906099f5,airmangataos,73
2026-08-31T18:05:02Z,140,Summoner Silver Ring,24,0xe90a9bdb63e9ba04a7f3e95140ff803f2f377f5e,vova,69
2026-08-31T18:05:02Z,140,Summoner Silver Ring,25,0xeed7c6b2af48249a040c9e5d59437670889c7e07,lilwassie,66
2026-08-31T18:05:02Z,140,Summoner Silver Ring,26,0x688410dbc8c331f5945eafc659ae721a447ae975,igloo,65
2026-08-31T18:05:02Z,140,Summoner Silver Ring,27,0xbddef3e050261365464e40d086b91f5100b13108,thattonton,60
2026-08-31T18:05:02Z,140,Summoner Silver Ring,28,0x469998f2fa8aaa2648fef6fc3902268f315195ef,mrgold,59
2026-08-31T18:05:02Z,140,Summoner Silver Ring,29,0x23244cc893df1ff2916ee2e492b65bec74b2760c,bunyoo,59
2026-08-31T18:05:02Z,140,Summoner Silver Ring,30,0x9b3ef1d5b7472560cf6241949b2485e456aa37a0,bush1do,57
2026-08-31T18:05:02Z,140,Summoner Silver Ring,31,0x3d385f04852ae078d10e2a420f928f227f3e63f3,kellox,56
2026-08-31T18:05:02Z,140,Summoner Silver Ring,32,0x3c49ca3eda0ce8413f9c433f04322827714c23c3,dmisky,56
2026-08-31T18:05:02Z,140,Summoner Silver Ring,33,0x4f03ea409e546d9ab7eaa6c9b481bcb99c8547e5,coinpie,54
2026-08-31T18:05:02Z,140,Summoner Silver Ring,34,0x90c1ed16e9b16db7d031f573d20bead430feb107,jablko,53
2026-08-31T18:05:02Z,140,Summoner Silver Ring,35,0x8ccb0988036cf9d2ca7b24ed46a57cf25ce6f92d,chosta,53
2026-08-31T18:05:02Z,140,Summoner Silver Ring,36,0x19342b9e3f123e373e24f1eea9bb5a1a935507fa,bigmommymilkers,52
2026-08-31T18:05:02Z,140,Summoner Silver Ring,37,0x55085ade6c1c39b64cd27099993c5dc933bbed35,bigdogga,50
2026-08-31T18:05:02Z,140,Summoner Silver Ring,38,0xa8a956a5690cc81bb367da2c2f6f1796be2b3c30,scottco,48
2026-08-31T18:05:02Z,140,Summoner Silver Ring,39,0x17e327bb2fdb1a17d9a369e3dd985406ec3824ca,gracieabrams,41
2026-08-31T18:05:02Z,140,Summoner Silver Ring,40,0x2700043667f8f02edda9fd599c54ff6de0c257a7,kalikula,41
2026-08-31T18:05:02Z,140,Summoner Silver Ring,41,0x9c991a85b090aae221ef8418e3ca29279bf2500a,migs,40
2026-08-31T18:05:02Z,140,Summoner Silver Ring,42,0x5c71dc613419169afb7715038d41dde06ca4f9ab,hidrxxx,39
2026-08-31T18:05:02Z,140,Summoner Silver Ring,43,0xe4b1f5eb3da2195f8d41a052229a7eec3c4e6ed8,azoni,39
2026-08-31T18:05:02Z,140,Summoner Silver Ring,44,0xa036d0393a2c8073e6bb63170086e7dbeb1d04b1,okdk,39
2026-08-31T18:05:02Z,140,Summoner Silver Ring,45,0xcf29253e7c1e908d4091c9be85522893c77f0fc8,ciri,38
2026-08-31T18:05:02Z,140,Summoner Silver Ring,46,0x13fe8fe08a0d824cd44b8d13f813891b6532f59e,morror,38
2026-08-31T18:05:02Z,140,Summoner Silver Ring,47,0xff6bddba3937f03b495b4efb304194d2cbc488ca,lizardmafia,38
2026-08-31T18:05:02Z,140,Summoner Silver Ring,48,0x9a49c905c2cca8115d330572b494c6602aba6e1e,supportprime,38
2026-08-31T18:05:02Z,140,Summoner Silver Ring,49,0xfb4f086ba201a8f32805eb82a431a1dacc3f08b2,obivan,35
2026-08-31T18:05:02Z,140,Summoner Silver Ring,50,0xb0f42c12dd7e28f0deafe74fdf603782c430f896,stellarhobbes,34
2026-08-31T18:05:02Z,140,Summoner Silver Ring,51,0xc3ae9ac69d672368539413235938277ce19fc270,bollin,34
2026-08-31T18:05:02Z,140,Summoner Silver Ring,52,0xbbdca17d69518306b61d26b54b5a6c61e6c0bba1,9stx6,34
2026-08-31T18:05:02Z,140,Summoner Silver Ring,53,0x549300f79fb33ba2e77344e58b064ede194ef99a,okeydokey,31
2026-08-31T18:05:02Z,140,Summoner Silver Ring,54,0x4ebc17059cfc143d86fb92ed707805d68142e3ec,ponziscam,30
2026-08-31T18:05:02Z,140,Summoner Silver Ring,55,0x6f8b27fe779070967417cc02447b231b5c14b843,souvx,30
2026-08-31T18:05:02Z,140,Summoner Silver Ring,56,0xb4c3602689229297d255974e90ce4954d9380104,bkbk,30
2026-08-31T18:05:02Z,140,Summoner Silver Ring,57,0xfa22eafe991cd1166ee4b5ba8236e1eba9105a54,grimreaper,30
2026-08-31T18:05:02Z,140,Summoner Silver Ring,58,0xa134a3dfa4cb010873db8012d5b360d97ba80c28,winner,30
2026-08-31T18:05:02Z,140,Summoner Silver Ring,59,0x1114d62a0148f458040fbf2ddb945560398ca5f0,soma,30
2026-08-31T18:05:02Z,140,Summoner Silver Ring,60,0xafe00172cf96544d610bf9b70d549a5e89b83f2d,hungryjay,29
2026-08-31T18:05:02Z,140,Summoner Silver Ring,61,0xb29f073a9e2946d805714c9030b191ee6afed445,hitagi,29
2026-08-31T18:05:02Z,140,Summoner Silver Ring,62,0x999eba5d7ad0e1a53ea600c384356a288381d09e,dbmafia,28
2026-08-31T18:05:02Z,140,Summoner Silver Ring,63,0x32cb224f344a9aa22c5d2e699f24d3928e6ca06f,d3r0,28
2026-08-31T18:05:02Z,140,Summoner Silver Ring,64,0x60ce92f21269cd871a7910e28f0c59a82c05388a,sinon,27
2026-08-31T18:05:02Z,140,Summoner Silver Ring,65,0x22241868ad341e77e2bc9142816000f43641e280,zoro,27
2026-08-31T18:05:02Z,140,Summoner Silver Ring,66,0xe614c47b2b04e2a7a6d660844ffc965d6b86d2f6,gem4ik,27
2026-08-31T18:05:02Z,140,Summoner Silver Ring,67,0x5168a8f95a5bce4f4918884b2db51132d8f3bbf1,neveli,27
2026-08-31T18:05:02Z,140,Summoner Silver Ring,68,0x130eab55f6941f66d4806532d9242cf969b4f036,frontdown,26
2026-08-31T18:05:02Z,140,Summoner Silver Ring,69,0x161f91374506a85ed9063e90c4c217d8697d6471,proofofely,26
2026-08-31T18:05:02Z,140,Summoner Silver Ring,70,0x844d58714aa3fed998f898cbce1b0ddc4550304f,jiren,26
2026-08-31T18:05:02Z,140,Summoner Silver Ring,71,0x4c53b2e646a3e01c2b22497753b1560029b5166b,gusine,26
2026-08-31T18:05:02Z,140,Summoner Silver Ring,72,0xfbfc822ee4989b2b4b9b18e4035ff72335cbb16e,jame7,25
2026-08-31T18:05:02Z,140,Summoner Silver Ring,73,0x28b88b45c3309fa9940cd8c0c0212636ca364417,forfree,25
2026-08-31T18:05:02Z,140,Summoner Silver Ring,74,0x25fb85df6ac78c8b63e5e2b10e31fa36e72c2d38,bigpenis,25
2026-08-31T18:05:02Z,140,Summoner Silver Ring,75,0xfc32e5cfbea49a2f1d21936eec0a7722a6c2d4a7,tacolauncher,24
2026-08-31T18:05:02Z,140,Summoner Silver Ring,76,0xe510f33bf4792fcca24daa4ede08e4f228950a25,duub,24
2026-08-31T18:05:02Z,140,Summoner Silver Ring,77,0x15c0c948d3ea9a67b05319f40871de7bf5003db3,przyborleonedw,24
2026-08-31T18:05:02Z,140,Summoner Silver Ring,78,0x7e6cb1e3f70e681c2f31d52adc2b1d09d6edf232,resuka,24
2026-08-31T18:05:02Z,140,Summoner Silver Ring,79,0x9ce44e274bce511788c6ac81eafdb71fe920d4ee,deanoxbt,24
2026-08-31T18:05:02Z,140,Summoner Silver Ring,80,0x663ac0e621bd9bbd47100768d3ce98f0e25a7b21,skoheels,24
2026-08-31T18:05:02Z,140,Summoner Silver Ring,81,0xeff6c4dcd2b79f502d5d7cb6e6daf70f2536daef,syta,24
2026-08-31T18:05:02Z,140,Summoner Silver Ring,82,0x7528c1732168ace7027b18ec184d8cd6984f9eac,druid,24
2026-08-31T18:05:02Z,140,Summoner Silver Ring,83,0xb0d90d52c7389824d4b22c06bcdccd734e3162b7,ezsnipe,23
2026-08-31T18:05:02Z,140,Summoner Silver Ring,84,0x83becb55eff583800cf1a9a2c03dd4b0fa4d7351,apix,23
2026-08-31T18:05:02Z,140,Summoner Silver Ring,85,0xf4e5fe848287a6be3c9b19bc735f16c1a3d799f3,ericargent,22
2026-08-31T18:05:02Z,140,Summoner Silver Ring,86,0xdcf62adfc2193b3997947424583654689bcfd391,tekmeneth,22
2026-08-31T18:05:02Z,140,Summoner Silver Ring,87,0xb7a4d02f0d2c634b2bb5d1c83df8b5539baa79e8,velynet,22
2026-08-31T18:05:02Z,140,Summoner Silver Ring,88,0x07484b5b823bb4ec3f1a7ae7eb5e3fffb7bbe09c,agema,22
2026-08-31T18:05:02Z,140,Summoner Silver Ring,89,0x908c7c7f0266da791bae52b9ecac8c34ca73d9f4,mangas,22
2026-08-31T18:05:02Z,140,Summoner Silver Ring,90,0x5f90cae78f02a95633e596c1841c6ef41fb431b2,pechou,22
2026-08-31T18:05:02Z,140,Summoner Silver Ring,91,0x0faebef50879f4488e75ea7d2b122794f5473d1f,noobnopls,21
2026-08-31T18:05:02Z,140,Summoner Silver Ring,92,0x9271e9969b98083d53bcf3c82ecf2a87b717500d,fefer,21
2026-08-31T18:05:02Z,140,Summoner Silver Ring,93,0x33973ffb41add93b49227241566d3e5fc9ad904b,schemedream,21
2026-08-31T18:05:02Z,140,Summoner Silver Ring,94,0xe5ec5ac7505d5fe893a58e0f2d4bb597d07f439d,bell_kraner,21
2026-08-31T18:05:02Z,140,Summoner Silver Ring,95,0x2b23160efeecef48d78175e9dc8c5a7b16a42fce,luter,21
2026-08-31T18:05:02Z,140,Summoner Silver Ring,96,0xfb8b5790a0fe64729cdf21263d5538b09921d336,method,21
2026-08-31T18:05:02Z,140,Summoner Silver Ring,97,0xd82311e0ddcff7cad1be090763d4f6d7ba1c290a,vims,20
2026-08-31T18:05:02Z,140,Summoner Silver Ring,98,0x92569bee8c8b9c1df1c283a0409fcc2b2fede157,phalanx,20
2026-08-31T18:05:02Z,140,Summoner Silver Ring,99,0x0c66182a8e638475b0b14150a33b2f1a787e4d27,lazymasta,20
2026-08-31T18:05:02Z,140,Summoner Silver Ring,100,0x36ef5b58dad1c055002c26c9c5a6787d09645edf,gibar,20
2026-08-31T18:05:02Z,243,Golden Archon Ring,1,0x69c4cc0147fbc23965896fb18a1ccea92230ed1b,afropengu,276
2026-08-31T18:05:02Z,243,Golden Archon Ring,2,0xd678b718f70389dbdd2d447df23333641e8f7480,yanik,145
2026-08-31T18:05:02Z,243,Golden Archon Ring,3,0x73a9ffdaaf53723f1d08403f613870cddd6e18fc,suspicious,126
2026-08-31T18:05:02Z,243,Golden Archon Ring,4,0x90c1ed16e9b16db7d031f573d20bead430feb107,jablko,88
2026-08-31T18:05:02Z,243,Golden Archon Ring,5,0x0ee9318275c37f0e635bb7c8a455ade252cecf1f,georgysogood,67
2026-08-31T18:05:02Z,243,Golden Archon Ring,6,0x2a2376e5e9981c19b15af64d2cdb57c9b94eb1f6,xiskool,63
2026-08-31T18:05:02Z,243,Golden Archon Ring,7,0xfd0cb86676ba86e3033f1d6d333b342880f336df,677willwin,61
2026-08-31T18:05:02Z,243,Golden Archon Ring,8,0xeed7c6b2af48249a040c9e5d59437670889c7e07,lilwassie,57
2026-08-31T18:05:02Z,243,Golden Archon Ring,9,0xac06dbd4f2b1b174dbb3b67449f0f4245f0f3bc3,spanish,57
2026-08-31T18:05:02Z,243,Golden Archon Ring,10,0x19342b9e3f123e373e24f1eea9bb5a1a935507fa,bigmommymilkers,56
2026-08-31T18:05:02Z,243,Golden Archon Ring,11,0xbdecab53bb16b74aa1a1715cc4b80db641eac9da,rxch,54
2026-08-31T18:05:02Z,243,Golden Archon Ring,12,0x02764ae21333f5777b44cdded3a654a340176fff,bh3320,52
2026-08-31T18:05:02Z,243,Golden Archon Ring,13,0x9dc70f5472a88f3eefa4d515a6b1ec94d9d30d13,sidlovskyy,48
2026-08-31T18:05:02Z,243,Golden Archon Ring,14,0xf00dfac3af2f5b38fe55d50ccf8ffa8c293ea161,dudendy,46
2026-08-31T18:05:02Z,243,Golden Archon Ring,15,0x0a42a67154221c44c9eae98eb7f9cbff2d269a0e,cassowary,42
2026-08-31T18:05:02Z,243,Golden Archon Ring,16,0x4f03ea409e546d9ab7eaa6c9b481bcb99c8547e5,coinpie,37
2026-08-31T18:05:02Z,243,Golden Archon Ring,17,0x0357294131b3d5b23c84dfa8e38d7e54358f8ba8,kaiken888,36
2026-08-31T18:05:02Z,243,Golden Archon Ring,18,0xbcbcccae5efd1dab247e6428e9e20a9fda8c5abd,oneindigheid,34
2026-08-31T18:05:02Z,243,Golden Archon Ring,19,0x388d510f0f11ba0762e8c7212645ed873c17a204,otabart,33
2026-08-31T18:05:02Z,243,Golden Archon Ring,20,0x7b937e99c1458a485a035a0f06b9d8bf5f842a05,lameak,32
2026-08-31T18:05:02Z,243,Golden Archon Ring,21,0x688410dbc8c331f5945eafc659ae721a447ae975,igloo,29
2026-08-31T18:05:02Z,243,Golden Archon Ring,22,0x3629d88069124258ef6bb99c9080d064f42e7206,grumpy,27
2026-08-31T18:05:02Z,243,Golden Archon Ring,23,0xbbbfe4cc5c3924f19f6e36e66448b2e3a126b111,cryptologist,27
2026-08-31T18:05:02Z,243,Golden Archon Ring,24,0x95233e2ec170b4ba0e2208c1ec89f3b87f8b18c7,gambit,25
2026-08-31T18:05:02Z,243,Golden Archon Ring,25,0x8ccb0988036cf9d2ca7b24ed46a57cf25ce6f92d,chosta,23
2026-08-31T18:05:02Z,243,Golden Archon Ring,26,0x5d94f14bafdc6920e462abaa8285d680d4dfa069,tofu,22
2026-08-31T18:05:02Z,243,Golden Archon Ring,27,0x7b761e4389daf5581708bfe1a26b5d45cc279f2f,gordongrowth,19
2026-08-31T18:05:02Z,243,Golden Archon Ring,28,0x319d278581e5e5a49ef80e795fe81225d9a15200,icedcoffee,18
2026-08-31T18:05:02Z,243,Golden Archon Ring,29,0xf3143c8e4469a271fa2be6d8775ca2b3bdccf4e2,rmty,15
2026-08-31T18:05:02Z,243,Golden Archon Ring,30,0x92569bee8c8b9c1df1c283a0409fcc2b2fede157,phalanx,15
2026-08-31T18:05:02Z,243,Golden Archon Ring,31,0x381dd397e721c72ce321a1ebaf96ce04f4422ac0,suckmydirtydick,14
2026-08-31T18:05:02Z,243,Golden Archon Ring,32,0xafe00172cf96544d610bf9b70d549a5e89b83f2d,hungryjay,14
2026-08-31T18:05:02Z,243,Golden Archon Ring,33,0x33973ffb41add93b49227241566d3e5fc9ad904b,schemedream,14
2026-08-31T18:05:02Z,243,Golden Archon Ring,34,0x5ab272231e653c2265bdfae58310021bca37152e,tufbeast,13
2026-08-31T18:05:02Z,243,Golden Archon Ring,35,0xeb16cc074e0d3a6c87c0c45a6eced5ef92424b31,wiseadmiral,12
2026-08-31T18:05:02Z,243,Golden Archon Ring,36,0x3d385f04852ae078d10e2a420f928f227f3e63f3,kellox,11
2026-08-31T18:05:02Z,243,Golden Archon Ring,37,0xc3ae9ac69d672368539413235938277ce19fc270,bollin,11
2026-08-31T18:05:02Z,243,Golden Archon Ring,38,0x18db144b2f18b025c1f7ee1d86b422fe864ba477,royven,11
2026-08-31T18:05:02Z,243,Golden Archon Ring,39,0x99278037b2150c577ef1038ceca08db8684bba95,0xfuture,9
2026-08-31T18:05:02Z,243,Golden Archon Ring,40,0xd1c76125cb2751750ddb2afded780c6f5b7a3cbc,kace,9
2026-08-31T18:05:02Z,243,Golden Archon Ring,41,0xb0d90d52c7389824d4b22c06bcdccd734e3162b7,ezsnipe,8
2026-08-31T18:05:02Z,243,Golden Archon Ring,42,0x9c991a85b090aae221ef8418e3ca29279bf2500a,migs,8
2026-08-31T18:05:02Z,243,Golden Archon Ring,43,0xc577c2f43ffba49d965a8c153f330ba3daad3b73,snake,7
2026-08-31T18:05:02Z,243,Golden Archon Ring,44,0x4366b9a2417631b2647a8d67608638d973fade33,epicser,7
2026-08-31T18:05:02Z,243,Golden Archon Ring,45,0xce3bc9c7e6b1a4082f9853f6f796e604148b2583,classicj,7
2026-08-31T18:05:02Z,243,Golden Archon Ring,46,0x4ec977a8e80c4099a44f8ae53a48281448471342,terrestra,7
2026-08-31T18:05:02Z,243,Golden Archon Ring,47,0x0fec947904065bf920e97aae5042ef1e31268e76,matcha,6
2026-08-31T18:05:02Z,243,Golden Archon Ring,48,0xd15481578c11b4e5b8f241c412899a0bdd704408,wholistic,6
2026-08-31T18:05:02Z,243,Golden Archon Ring,49,0xf343348aef03fea785a6a55f1db870c94f6afb4f,billybob,6
2026-08-31T18:05:02Z,243,Golden Archon Ring,50,0x744c7acf2cb51547e5574b4a40ad67604e0aed2d,keil,6
2026-08-31T18:05:02Z,243,Golden Archon Ring,51,0x67369c3e524d370daebc36d9ab3320fafc71eead,roblox,6
2026-08-31T18:05:02Z,243,Golden Archon Ring,52,0x60928ba6d7bdc6459244155fc3f350a116cdf424,mildcapital,6
2026-08-31T18:05:02Z,243,Golden Archon Ring,53,0xf3eaf60c6be58eb9853e71219801c06ad8969f0e,relicguy,6
2026-08-31T18:05:02Z,243,Golden Archon Ring,54,0x6479013c37f56cecc6e77fcfece208645324f5cb,lightning,6
2026-08-31T18:05:02Z,243,Golden Archon Ring,55,0x1a5fd36d4b15dd6b5f6eba46c42b1fa697fa4f3a,melbo,5
2026-08-31T18:05:02Z,243,Golden Archon Ring,56,0x0b2291da8091128352c2464f1072cf4211144744,moritz,5
2026-08-31T18:05:02Z,243,Golden Archon Ring,57,0x3eda210ff41e2b2d1658ca5ebe0b80a376c7e0f4,astarta,5
2026-08-31T18:05:02Z,243,Golden Archon Ring,58,0x9b3ef1d5b7472560cf6241949b2485e456aa37a0,bush1do,5
2026-08-31T18:05:02Z,243,Golden Archon Ring,59,0x161f91374506a85ed9063e90c4c217d8697d6471,proofofely,5
2026-08-31T18:05:02Z,243,Golden Archon Ring,60,0x2c685f23808bc7b6adda1fd7b6949c5e2db97eb0,bubba,5
2026-08-31T18:05:02Z,243,Golden Archon Ring,61,0x7a10d45c461e81e24796f9c83b584756876d24d7,stakeoor,5
2026-08-31T18:05:02Z,243,Golden Archon Ring,62,0x844d58714aa3fed998f898cbce1b0ddc4550304f,jiren,5
2026-08-31T18:05:02Z,243,Golden Archon Ring,63,0xca73ac7782813b76ba0962babf3c083407dd3e15,aruun,5
2026-08-31T18:05:02Z,243,Golden Archon Ring,64,0xe90a9bdb63e9ba04a7f3e95140ff803f2f377f5e,vova,5
2026-08-31T18:05:02Z,243,Golden Archon Ring,65,0x867a70d280830fc91f5441449ef37dfa403924a8,eydrian,5
2026-08-31T18:05:02Z,243,Golden Archon Ring,66,0xef58ad6d6bcaf054da34948c88e7e91a052dc0fa,kraven,4
2026-08-31T18:05:02Z,243,Golden Archon Ring,67,0xfff195795e606cbfa76e1c72c7ed6731df91d83d,pan1c,4
2026-08-31T18:05:02Z,243,Golden Archon Ring,68,0x8c86b43762e80f15a483dba543a31cd96e48e456,n00b,4
2026-08-31T18:05:02Z,243,Golden Archon Ring,69,0xf1555fc668883d57b7146c50bbb8777ca85ef929,pudgy7590,4
2026-08-31T18:05:02Z,243,Golden Archon Ring,70,0x9e3eddb26f9ce62782e544f2a5366c4e2296bce2,og_ayri,4
2026-08-31T18:05:02Z,243,Golden Archon Ring,71,0x89ca1ffe78d575447514790ea0b141c7c44d9332,tice,4
2026-08-31T18:05:02Z,243,Golden Archon Ring,72,0x1114d62a0148f458040fbf2ddb945560398ca5f0,soma,4
2026-08-31T18:05:02Z,243,Golden Archon Ring,73,0x1494b3e636c533ffd78d467de090102595244d06,anduron,4
2026-08-31T18:05:02Z,243,Golden Archon Ring,74,0x8a39e43d0aac1b7bedc81f8100e3603323092f0d,kfay34,4
2026-08-31T18:05:02Z,243,Golden Archon Ring,75,0x562ffbc839b608e35646e9de40591b5145bcc6f5,aizcalibur,3
2026-08-31T18:05:02Z,243,Golden Archon Ring,76,0xb703799d9f485852c9394a8b2cdb39f5590fd65f,gaijin,3
2026-08-31T18:05:02Z,243,Golden Archon Ring,77,0x4ebc17059cfc143d86fb92ed707805d68142e3ec,ponziscam,3
2026-08-31T18:05:02Z,243,Golden Archon Ring,78,0x22b1b83ed37b2f6e73d11c5ab4603b64edc7aafc,genius,3
2026-08-31T18:05:02Z,243,Golden Archon Ring,79,0x0649976f6dd8a2589af8790076f2c08909dd9337,debora,3
2026-08-31T18:05:02Z,243,Golden Archon Ring,80,0x0d1df94f0106ce5bd92138d43c8551cad530c169,vermo,3
2026-08-31T18:05:02Z,243,Golden Archon Ring,81,0xdbd4749050752504d9017484f82a75dff9592cd1,tron,3
2026-08-31T18:05:02Z,243,Golden Archon Ring,82,0xd241569d27278c7dc650aa6808356f21589b7b27,ziirup,3
2026-08-31T18:05:02Z,243,Golden Archon Ring,83,0xe910db7af916d287b3d3117abcb5fa9e0932a1c9,knyaz,3
2026-08-31T18:05:02Z,243,Golden Archon Ring,84,0xe9b489ff145ac7d8eca36c3b5c29e1be7f2281b9,laggin,3
2026-08-31T18:05:02Z,243,Golden Archon Ring,85,0xebec21ad1ebcfae69f96b7ca96839e5594fbadd1,therec,2
2026-08-31T18:05:02Z,243,Golden Archon Ring,86,0xe4c92dfd2b82ff488ee4e0744e78959f8cc2c24c,jonh94,2
2026-08-31T18:05:02Z,243,Golden Archon Ring,87,0x5c4eccb4a3a7082a75c01c7608ea35f4350630a6,sedicol,2
2026-08-31T18:05:02Z,243,Golden Archon Ring,88,0xea04f13937031d59bf466c9c79d70a9c41a79a4a,sandsman,2
2026-08-31T18:05:02Z,243,Golden Archon Ring,89,0x36d5de1a88210bfc655dedf66b08b0d96c615d39,kuntosan,2
2026-08-31T18:05:02Z,243,Golden Archon Ring,90,0x551d5bcbc8f2df0d3ce3b6e8f1e58fe27a68eb7a,kudrry,2
2026-08-31T18:05:02Z,243,Golden Archon Ring,91,0x94692aeb630122b221b2950c2fef4f4f4a5fdf78,rubiks,2
2026-08-31T18:05:02Z,243,Golden Archon Ring,92,0x08a2d01e6e306911ea7032077cf0bf924a1092ea,lemz,2
2026-08-31T18:05:02Z,243,Golden Archon Ring,93,0x8ed20f071287100fafca51c94b5d6d0d8340aef9,joseprust,2
2026-08-31T18:05:02Z,243,Golden Archon Ring,94,0xeb91cfe8979567c1f9e30bd7de9f2968b7e706f7,5324r2df,2
2026-08-31T18:05:02Z,243,Golden Archon Ring,95,0x7174f8e3a3a2b777911dd6be31d92631a5052ab0,0xkingyo,2
2026-08-31T18:05:02Z,243,Golden Archon Ring,96,0x2364ba6f0d907507a9e669033d9dad99b227cc01,weather,2
2026-08-31T18:05:02Z,243,Golden Archon Ring,97,0x32129ebc0288e2c4e8d109164a968992395f8548,cb11,2
2026-08-31T18:05:02Z,243,Golden Archon Ring,98,0x549300f79fb33ba2e77344e58b064ede194ef99a,okeydokey,2
2026-08-31T18:05:02Z,243,Golden Archon Ring,99,0x92599bdd1ded8d462c58972f6c3badbb39cd06ba,trukreal,2
2026-08-31T18:05:02Z,243,Golden Archon Ring,100,0xbe9f653ed31efe4bad59f3fb431fd9381a597173,scoriox,2
2026-08-31T18:05:02Z,244,Golden Athena Ring,1,0x69c4cc0147fbc23965896fb18a1ccea92230ed1b,afropengu,421
2026-08-31T18:05:02Z,244,Golden Athena Ring,2,0x73a9ffdaaf53723f1d08403f613870cddd6e18fc,suspicious,123
2026-08-31T18:05:02Z,244,Golden Athena Ring,3,0xf00dfac3af2f5b38fe55d50ccf8ffa8c293ea161,dudendy,74
2026-08-31T18:05:02Z,244,Golden Athena Ring,4,0x2a2376e5e9981c19b15af64d2cdb57c9b94eb1f6,xiskool,66
2026-08-31T18:05:02Z,244,Golden Athena Ring,5,0x0ee9318275c37f0e635bb7c8a455ade252cecf1f,georgysogood,65
2026-08-31T18:05:02Z,244,Golden Athena Ring,6,0x19342b9e3f123e373e24f1eea9bb5a1a935507fa,bigmommymilkers,63
2026-08-31T18:05:02Z,244,Golden Athena Ring,7,0xeed7c6b2af48249a040c9e5d59437670889c7e07,lilwassie,54
2026-08-31T18:05:02Z,244,Golden Athena Ring,8,0xc3ae9ac69d672368539413235938277ce19fc270,bollin,52
2026-08-31T18:05:02Z,244,Golden Athena Ring,9,0x9dc70f5472a88f3eefa4d515a6b1ec94d9d30d13,sidlovskyy,51
2026-08-31T18:05:02Z,244,Golden Athena Ring,10,0xbdecab53bb16b74aa1a1715cc4b80db641eac9da,rxch,50
2026-08-31T18:05:02Z,244,Golden Athena Ring,11,0xac06dbd4f2b1b174dbb3b67449f0f4245f0f3bc3,spanish,47
2026-08-31T18:05:02Z,244,Golden Athena Ring,12,0x0357294131b3d5b23c84dfa8e38d7e54358f8ba8,kaiken888,43
2026-08-31T18:05:02Z,244,Golden Athena Ring,13,0xbcbcccae5efd1dab247e6428e9e20a9fda8c5abd,oneindigheid,42
2026-08-31T18:05:02Z,244,Golden Athena Ring,14,0x3629d88069124258ef6bb99c9080d064f42e7206,grumpy,39
2026-08-31T18:05:02Z,244,Golden Athena Ring,15,0x5d94f14bafdc6920e462abaa8285d680d4dfa069,tofu,36
2026-08-31T18:05:02Z,244,Golden Athena Ring,16,0x90c1ed16e9b16db7d031f573d20bead430feb107,jablko,36
2026-08-31T18:05:02Z,244,Golden Athena Ring,17,0x0a42a67154221c44c9eae98eb7f9cbff2d269a0e,cassowary,36
2026-08-31T18:05:02Z,244,Golden Athena Ring,18,0xfd0cb86676ba86e3033f1d6d333b342880f336df,677willwin,34
2026-08-31T18:05:02Z,244,Golden Athena Ring,19,0x688410dbc8c331f5945eafc659ae721a447ae975,igloo,32
2026-08-31T18:05:02Z,244,Golden Athena Ring,20,0x02764ae21333f5777b44cdded3a654a340176fff,bh3320,30
2026-08-31T18:05:02Z,244,Golden Athena Ring,21,0xeff6c4dcd2b79f502d5d7cb6e6daf70f2536daef,syta,30
2026-08-31T18:05:02Z,244,Golden Athena Ring,22,0xbbbfe4cc5c3924f19f6e36e66448b2e3a126b111,cryptologist,26
2026-08-31T18:05:02Z,244,Golden Athena Ring,23,0x7b761e4389daf5581708bfe1a26b5d45cc279f2f,gordongrowth,26
2026-08-31T18:05:02Z,244,Golden Athena Ring,24,0x388d510f0f11ba0762e8c7212645ed873c17a204,otabart,24
2026-08-31T18:05:02Z,244,Golden Athena Ring,25,0x7b937e99c1458a485a035a0f06b9d8bf5f842a05,lameak,24
2026-08-31T18:05:02Z,244,Golden Athena Ring,26,0x8ccb0988036cf9d2ca7b24ed46a57cf25ce6f92d,chosta,23
2026-08-31T18:05:02Z,244,Golden Athena Ring,27,0x4f03ea409e546d9ab7eaa6c9b481bcb99c8547e5,coinpie,20
2026-08-31T18:05:02Z,244,Golden Athena Ring,28,0x381dd397e721c72ce321a1ebaf96ce04f4422ac0,suckmydirtydick,19
2026-08-31T18:05:02Z,244,Golden Athena Ring,29,0xd678b718f70389dbdd2d447df23333641e8f7480,yanik,18
2026-08-31T18:05:02Z,244,Golden Athena Ring,30,0xb0d90d52c7389824d4b22c06bcdccd734e3162b7,ezsnipe,16
2026-08-31T18:05:02Z,244,Golden Athena Ring,31,0x95233e2ec170b4ba0e2208c1ec89f3b87f8b18c7,gambit,16
2026-08-31T18:05:02Z,244,Golden Athena Ring,32,0x9c991a85b090aae221ef8418e3ca29279bf2500a,migs,16
2026-08-31T18:05:02Z,244,Golden Athena Ring,33,0x4366b9a2417631b2647a8d67608638d973fade33,epicser,16
2026-08-31T18:05:02Z,244,Golden Athena Ring,34,0x1a5fd36d4b15dd6b5f6eba46c42b1fa697fa4f3a,melbo,15
2026-08-31T18:05:02Z,244,Golden Athena Ring,35,0x33973ffb41add93b49227241566d3e5fc9ad904b,schemedream,15
2026-08-31T18:05:02Z,244,Golden Athena Ring,36,0x92569bee8c8b9c1df1c283a0409fcc2b2fede157,phalanx,15
2026-08-31T18:05:02Z,244,Golden Athena Ring,37,0xafe00172cf96544d610bf9b70d549a5e89b83f2d,hungryjay,14
2026-08-31T18:05:02Z,244,Golden Athena Ring,38,0x18db144b2f18b025c1f7ee1d86b422fe864ba477,royven,14
2026-08-31T18:05:02Z,244,Golden Athena Ring,39,0xeb16cc074e0d3a6c87c0c45a6eced5ef92424b31,wiseadmiral,13
2026-08-31T18:05:02Z,244,Golden Athena Ring,40,0x319d278581e5e5a49ef80e795fe81225d9a15200,icedcoffee,12
2026-08-31T18:05:02Z,244,Golden Athena Ring,41,0xc577c2f43ffba49d965a8c153f330ba3daad3b73,snake,11
2026-08-31T18:05:02Z,244,Golden Athena Ring,42,0x161f91374506a85ed9063e90c4c217d8697d6471,proofofely,11
2026-08-31T18:05:02Z,244,Golden Athena Ring,43,0xd95d6ce6572622168a97d664c2fb3621f6f7e9e1,crusadertr,10
2026-08-31T18:05:02Z,244,Golden Athena Ring,44,0xce3bc9c7e6b1a4082f9853f6f796e604148b2583,classicj,10
2026-08-31T18:05:02Z,244,Golden Athena Ring,45,0xe90a9bdb63e9ba04a7f3e95140ff803f2f377f5e,vova,10
2026-08-31T18:05:02Z,244,Golden Athena Ring,46,0x3d385f04852ae078d10e2a420f928f227f3e63f3,kellox,9
2026-08-31T18:05:02Z,244,Golden Athena Ring,47,0x4ec977a8e80c4099a44f8ae53a48281448471342,terrestra,9
2026-08-31T18:05:02Z,244,Golden Athena Ring,48,0x0fec947904065bf920e97aae5042ef1e31268e76,matcha,8
2026-08-31T18:05:02Z,244,Golden Athena Ring,49,0xef58ad6d6bcaf054da34948c88e7e91a052dc0fa,kraven,8
2026-08-31T18:05:02Z,244,Golden Athena Ring,50,0x2dad623c8e23645751d0671adb4a02b246285515,fragi,8
2026-08-31T18:05:02Z,244,Golden Athena Ring,51,0x5ab272231e653c2265bdfae58310021bca37152e,tufbeast,8
2026-08-31T18:05:02Z,244,Golden Athena Ring,52,0x23244cc893df1ff2916ee2e492b65bec74b2760c,bunyoo,7
2026-08-31T18:05:02Z,244,Golden Athena Ring,53,0x1494b3e636c533ffd78d467de090102595244d06,anduron,7
2026-08-31T18:05:02Z,244,Golden Athena Ring,54,0xe9b489ff145ac7d8eca36c3b5c29e1be7f2281b9,laggin,7
2026-08-31T18:05:02Z,244,Golden Athena Ring,55,0xf3eaf60c6be58eb9853e71219801c06ad8969f0e,relicguy,7
2026-08-31T18:05:02Z,244,Golden Athena Ring,56,0xb703799d9f485852c9394a8b2cdb39f5590fd65f,gaijin,6
2026-08-31T18:05:02Z,244,Golden Athena Ring,57,0x67369c3e524d370daebc36d9ab3320fafc71eead,roblox,6
2026-08-31T18:05:02Z,244,Golden Athena Ring,58,0x08f4fc19fdee64babf4bda2b0b6e30d3b8683025,aponroflon,6
2026-08-31T18:05:02Z,244,Golden Athena Ring,59,0xd1c76125cb2751750ddb2afded780c6f5b7a3cbc,kace,6
2026-08-31T18:05:02Z,244,Golden Athena Ring,60,0x7174f8e3a3a2b777911dd6be31d92631a5052ab0,0xkingyo,5
2026-08-31T18:05:02Z,244,Golden Athena Ring,61,0x844d58714aa3fed998f898cbce1b0ddc4550304f,jiren,5
2026-08-31T18:05:02Z,244,Golden Athena Ring,62,0xfff195795e606cbfa76e1c72c7ed6731df91d83d,pan1c,4
2026-08-31T18:05:02Z,244,Golden Athena Ring,63,0x0b2291da8091128352c2464f1072cf4211144744,moritz,4
2026-08-31T18:05:02Z,244,Golden Athena Ring,64,0x2c685f23808bc7b6adda1fd7b6949c5e2db97eb0,bubba,4
2026-08-31T18:05:02Z,244,Golden Athena Ring,65,0x9e3eddb26f9ce62782e544f2a5366c4e2296bce2,og_ayri,4
2026-08-31T18:05:02Z,244,Golden Athena Ring,66,0x89ca1ffe78d575447514790ea0b141c7c44d9332,tice,4
2026-08-31T18:05:02Z,244,Golden Athena Ring,67,0xca73ac7782813b76ba0962babf3c083407dd3e15,aruun,4
2026-08-31T18:05:02Z,244,Golden Athena Ring,68,0x55085ade6c1c39b64cd27099993c5dc933bbed35,bigdogga,4
2026-08-31T18:05:02Z,244,Golden Athena Ring,69,0xe4b1f5eb3da2195f8d41a052229a7eec3c4e6ed8,azoni,4
2026-08-31T18:05:02Z,244,Golden Athena Ring,70,0x633a05cc1ee8deb99caa0f6f143c1662796beed0,volo,3
2026-08-31T18:05:02Z,244,Golden Athena Ring,71,0xc1e6ace238f76e7ee3295063fedf6dfd97e176fd,leighjam,3
2026-08-31T18:05:02Z,244,Golden Athena Ring,72,0x4ebc17059cfc143d86fb92ed707805d68142e3ec,ponziscam,3
2026-08-31T18:05:02Z,244,Golden Athena Ring,73,0x5c4eccb4a3a7082a75c01c7608ea35f4350630a6,sedicol,3
2026-08-31T18:05:02Z,244,Golden Athena Ring,74,0xea04f13937031d59bf466c9c79d70a9c41a79a4a,sandsman,3
2026-08-31T18:05:02Z,244,Golden Athena Ring,75,0xd15481578c11b4e5b8f241c412899a0bdd704408,wholistic,3
2026-08-31T18:05:02Z,244,Golden Athena Ring,76,0x99278037b2150c577ef1038ceca08db8684bba95,0xfuture,3
2026-08-31T18:05:02Z,244,Golden Athena Ring,77,0x8c86b43762e80f15a483dba543a31cd96e48e456,n00b,3
2026-08-31T18:05:02Z,244,Golden Athena Ring,78,0x758c43e2325e9926d1d5633c132151a62e5f50cf,monkey215,3
2026-08-31T18:05:02Z,244,Golden Athena Ring,79,0x3eda210ff41e2b2d1658ca5ebe0b80a376c7e0f4,astarta,3
2026-08-31T18:05:02Z,244,Golden Athena Ring,80,0xf343348aef03fea785a6a55f1db870c94f6afb4f,billybob,3
2026-08-31T18:05:02Z,244,Golden Athena Ring,81,0x9b3ef1d5b7472560cf6241949b2485e456aa37a0,bush1do,3
2026-08-31T18:05:02Z,244,Golden Athena Ring,82,0x404965a95046bd5967692745a83231c1137e66e2,adfsjadjkjfsaj,3
2026-08-31T18:05:02Z,244,Golden Athena Ring,83,0xfbfc822ee4989b2b4b9b18e4035ff72335cbb16e,jame7,3
2026-08-31T18:05:02Z,244,Golden Athena Ring,84,0x4114d3fa8a699361525340800abe77b875eae626,realenjoy,3
2026-08-31T18:05:02Z,244,Golden Athena Ring,85,0xe910db7af916d287b3d3117abcb5fa9e0932a1c9,knyaz,3
2026-08-31T18:05:02Z,244,Golden Athena Ring,86,0x867a70d280830fc91f5441449ef37dfa403924a8,eydrian,3
2026-08-31T18:05:02Z,244,Golden Athena Ring,87,0x3e32f9cffb3feb7aef785fd95eba13a1ab5a6c0e,perez,2
2026-08-31T18:05:02Z,244,Golden Athena Ring,88,0x562ffbc839b608e35646e9de40591b5145bcc6f5,aizcalibur,2
2026-08-31T18:05:02Z,244,Golden Athena Ring,89,0xe4c92dfd2b82ff488ee4e0744e78959f8cc2c24c,jonh94,2
2026-08-31T18:05:02Z,244,Golden Athena Ring,90,0xd9233b0c7017055eb9cca10a95b214ac89fe905a,soroka,2
2026-08-31T18:05:02Z,244,Golden Athena Ring,91,0x56f4c6d5c5c41519a4823e3dae22167dd4544fce,behelit,2
2026-08-31T18:05:02Z,244,Golden Athena Ring,92,0x36d5de1a88210bfc655dedf66b08b0d96c615d39,kuntosan,2
2026-08-31T18:05:02Z,244,Golden Athena Ring,93,0x551d5bcbc8f2df0d3ce3b6e8f1e58fe27a68eb7a,kudrry,2
2026-08-31T18:05:02Z,244,Golden Athena Ring,94,0xf4f63d615772dd0a214a04aef7dacce9b7e1d28c,fizzy,2
2026-08-31T18:05:02Z,244,Golden Athena Ring,95,0x0649976f6dd8a2589af8790076f2c08909dd9337,debora,2
2026-08-31T18:05:02Z,244,Golden Athena Ring,96,0x0d1df94f0106ce5bd92138d43c8551cad530c169,vermo,2
2026-08-31T18:05:02Z,244,Golden Athena Ring,97,0xf3143c8e4469a271fa2be6d8775ca2b3bdccf4e2,rmty,2
2026-08-31T18:05:02Z,244,Golden Athena Ring,98,0xe1b2620511e4a989ec1c7ea80ac75555eae12828,soroky,2
2026-08-31T18:05:02Z,244,Golden Athena Ring,99,0x6cdaec838d799cc664dd421324d480b1592c9b5a,lilstaffx,2
2026-08-31T18:05:02Z,244,Golden Athena Ring,100,0x16e76988594556819213eb2056a45a563debaf95,dirty,2
2026-08-31T18:05:02Z,245,Golden Chobo Ring,1,0x69c4cc0147fbc23965896fb18a1ccea92230ed1b,afropengu,316
2026-08-31T18:05:02Z,245,Golden Chobo Ring,2,0x73a9ffdaaf53723f1d08403f613870cddd6e18fc,suspicious,150
2026-08-31T18:05:02Z,245,Golden Chobo Ring,3,0xd678b718f70389dbdd2d447df23333641e8f7480,yanik,128
2026-08-31T18:05:02Z,245,Golden Chobo Ring,4,0xeed7c6b2af48249a040c9e5d59437670889c7e07,lilwassie,108
2026-08-31T18:05:02Z,245,Golden Chobo Ring,5,0x0ee9318275c37f0e635bb7c8a455ade252cecf1f,georgysogood,70
2026-08-31T18:05:02Z,245,Golden Chobo Ring,6,0xbdecab53bb16b74aa1a1715cc4b80db641eac9da,rxch,70
2026-08-31T18:05:02Z,245,Golden Chobo Ring,7,0x2a2376e5e9981c19b15af64d2cdb57c9b94eb1f6,xiskool,69
2026-08-31T18:05:02Z,245,Golden Chobo Ring,8,0xf00dfac3af2f5b38fe55d50ccf8ffa8c293ea161,dudendy,62
2026-08-31T18:05:02Z,245,Golden Chobo Ring,9,0x19342b9e3f123e373e24f1eea9bb5a1a935507fa,bigmommymilkers,62
2026-08-31T18:05:02Z,245,Golden Chobo Ring,10,0x9dc70f5472a88f3eefa4d515a6b1ec94d9d30d13,sidlovskyy,58
2026-08-31T18:05:02Z,245,Golden Chobo Ring,11,0xac06dbd4f2b1b174dbb3b67449f0f4245f0f3bc3,spanish,54
2026-08-31T18:05:02Z,245,Golden Chobo Ring,12,0x02764ae21333f5777b44cdded3a654a340176fff,bh3320,54
2026-08-31T18:05:02Z,245,Golden Chobo Ring,13,0xfd0cb86676ba86e3033f1d6d333b342880f336df,677willwin,47
2026-08-31T18:05:02Z,245,Golden Chobo Ring,14,0xbcbcccae5efd1dab247e6428e9e20a9fda8c5abd,oneindigheid,45
2026-08-31T18:05:02Z,245,Golden Chobo Ring,15,0x3629d88069124258ef6bb99c9080d064f42e7206,grumpy,41
2026-08-31T18:05:02Z,245,Golden Chobo Ring,16,0x0357294131b3d5b23c84dfa8e38d7e54358f8ba8,kaiken888,39
2026-08-31T18:05:02Z,245,Golden Chobo Ring,17,0xbbbfe4cc5c3924f19f6e36e66448b2e3a126b111,cryptologist,35
2026-08-31T18:05:02Z,245,Golden Chobo Ring,18,0xafe00172cf96544d610bf9b70d549a5e89b83f2d,hungryjay,31
2026-08-31T18:05:02Z,245,Golden Chobo Ring,19,0x5d94f14bafdc6920e462abaa8285d680d4dfa069,tofu,29
2026-08-31T18:05:02Z,245,Golden Chobo Ring,20,0x0a42a67154221c44c9eae98eb7f9cbff2d269a0e,cassowary,29
2026-08-31T18:05:02Z,245,Golden Chobo Ring,21,0x388d510f0f11ba0762e8c7212645ed873c17a204,otabart,27
2026-08-31T18:05:02Z,245,Golden Chobo Ring,22,0x90c1ed16e9b16db7d031f573d20bead430feb107,jablko,26
2026-08-31T18:05:02Z,245,Golden Chobo Ring,23,0x7b937e99c1458a485a035a0f06b9d8bf5f842a05,lameak,23
2026-08-31T18:05:02Z,245,Golden Chobo Ring,24,0x7b761e4389daf5581708bfe1a26b5d45cc279f2f,gordongrowth,22
2026-08-31T18:05:02Z,245,Golden Chobo Ring,25,0x4f03ea409e546d9ab7eaa6c9b481bcb99c8547e5,coinpie,19
2026-08-31T18:05:02Z,245,Golden Chobo Ring,26,0xf3143c8e4469a271fa2be6d8775ca2b3bdccf4e2,rmty,18
2026-08-31T18:05:02Z,245,Golden Chobo Ring,27,0x33973ffb41add93b49227241566d3e5fc9ad904b,schemedream,15
2026-08-31T18:05:02Z,245,Golden Chobo Ring,28,0x92569bee8c8b9c1df1c283a0409fcc2b2fede157,phalanx,15
2026-08-31T18:05:02Z,245,Golden Chobo Ring,29,0x8ccb0988036cf9d2ca7b24ed46a57cf25ce6f92d,chosta,15
2026-08-31T18:05:02Z,245,Golden Chobo Ring,30,0xb703799d9f485852c9394a8b2cdb39f5590fd65f,gaijin,14
2026-08-31T18:05:02Z,245,Golden Chobo Ring,31,0x18db144b2f18b025c1f7ee1d86b422fe864ba477,royven,14
2026-08-31T18:05:02Z,245,Golden Chobo Ring,32,0xeb16cc074e0d3a6c87c0c45a6eced5ef92424b31,wiseadmiral,14
2026-08-31T18:05:02Z,245,Golden Chobo Ring,33,0x688410dbc8c331f5945eafc659ae721a447ae975,igloo,13
2026-08-31T18:05:02Z,245,Golden Chobo Ring,34,0xc577c2f43ffba49d965a8c153f330ba3daad3b73,snake,13
2026-08-31T18:05:02Z,245,Golden Chobo Ring,35,0x9c991a85b090aae221ef8418e3ca29279bf2500a,migs,13
2026-08-31T18:05:02Z,245,Golden Chobo Ring,36,0x319d278581e5e5a49ef80e795fe81225d9a15200,icedcoffee,12
2026-08-31T18:05:02Z,245,Golden Chobo Ring,37,0xfbfc822ee4989b2b4b9b18e4035ff72335cbb16e,jame7,12
2026-08-31T18:05:02Z,245,Golden Chobo Ring,38,0xf343348aef03fea785a6a55f1db870c94f6afb4f,billybob,11
2026-08-31T18:05:02Z,245,Golden Chobo Ring,39,0x95233e2ec170b4ba0e2208c1ec89f3b87f8b18c7,gambit,11
2026-08-31T18:05:02Z,245,Golden Chobo Ring,40,0xce3bc9c7e6b1a4082f9853f6f796e604148b2583,classicj,11
2026-08-31T18:05:02Z,245,Golden Chobo Ring,41,0x381dd397e721c72ce321a1ebaf96ce04f4422ac0,suckmydirtydick,10
2026-08-31T18:05:02Z,245,Golden Chobo Ring,42,0xd1c76125cb2751750ddb2afded780c6f5b7a3cbc,kace,10
2026-08-31T18:05:02Z,245,Golden Chobo Ring,43,0x1114d62a0148f458040fbf2ddb945560398ca5f0,soma,9
2026-08-31T18:05:02Z,245,Golden Chobo Ring,44,0x8c86b43762e80f15a483dba543a31cd96e48e456,n00b,8
2026-08-31T18:05:02Z,245,Golden Chobo Ring,45,0xb0d90d52c7389824d4b22c06bcdccd734e3162b7,ezsnipe,8
2026-08-31T18:05:02Z,245,Golden Chobo Ring,46,0x5ab272231e653c2265bdfae58310021bca37152e,tufbeast,8
2026-08-31T18:05:02Z,245,Golden Chobo Ring,47,0x6479013c37f56cecc6e77fcfece208645324f5cb,lightning,8
2026-08-31T18:05:02Z,245,Golden Chobo Ring,48,0x3d385f04852ae078d10e2a420f928f227f3e63f3,kellox,7
2026-08-31T18:05:02Z,245,Golden Chobo Ring,49,0x0d1df94f0106ce5bd92138d43c8551cad530c169,vermo,7
2026-08-31T18:05:02Z,245,Golden Chobo Ring,50,0x161f91374506a85ed9063e90c4c217d8697d6471,proofofely,7
2026-08-31T18:05:02Z,245,Golden Chobo Ring,51,0x67369c3e524d370daebc36d9ab3320fafc71eead,roblox,7
2026-08-31T18:05:02Z,245,Golden Chobo Ring,52,0x4114d3fa8a699361525340800abe77b875eae626,realenjoy,7
2026-08-31T18:05:02Z,245,Golden Chobo Ring,53,0x55085ade6c1c39b64cd27099993c5dc933bbed35,bigdogga,7
2026-08-31T18:05:02Z,245,Golden Chobo Ring,54,0x5d45eb4cb2f45b339b4821e2963fb4ae5e9ccc5e,freewilly,7
2026-08-31T18:05:02Z,245,Golden Chobo Ring,55,0x4ec977a8e80c4099a44f8ae53a48281448471342,terrestra,7
2026-08-31T18:05:02Z,245,Golden Chobo Ring,56,0x1a5fd36d4b15dd6b5f6eba46c42b1fa697fa4f3a,melbo,6
2026-08-31T18:05:02Z,245,Golden Chobo Ring,57,0xd15481578c11b4e5b8f241c412899a0bdd704408,wholistic,6
2026-08-31T18:05:02Z,245,Golden Chobo Ring,58,0x90bef28cbd710d4acea9efe1ae8457eeda8c65ec,snggamer,5
2026-08-31T18:05:02Z,245,Golden Chobo Ring,59,0xfff195795e606cbfa76e1c72c7ed6731df91d83d,pan1c,5
2026-08-31T18:05:02Z,245,Golden Chobo Ring,60,0x0b2291da8091128352c2464f1072cf4211144744,moritz,5
2026-08-31T18:05:02Z,245,Golden Chobo Ring,61,0x853038c8b98818ee8cb91d8355454c18909e343b,doge,5
2026-08-31T18:05:02Z,245,Golden Chobo Ring,62,0x4366b9a2417631b2647a8d67608638d973fade33,epicser,5
2026-08-31T18:05:02Z,245,Golden Chobo Ring,63,0x92599bdd1ded8d462c58972f6c3badbb39cd06ba,trukreal,5
2026-08-31T18:05:02Z,245,Golden Chobo Ring,64,0xe90a9bdb63e9ba04a7f3e95140ff803f2f377f5e,vova,5
2026-08-31T18:05:02Z,245,Golden Chobo Ring,65,0xd2bb5bcaaaa9d2d77a50598055397916780972ca,sinet,5
2026-08-31T18:05:02Z,245,Golden Chobo Ring,66,0xef58ad6d6bcaf054da34948c88e7e91a052dc0fa,kraven,4
2026-08-31T18:05:02Z,245,Golden Chobo Ring,67,0x2c685f23808bc7b6adda1fd7b6949c5e2db97eb0,bubba,4
2026-08-31T18:05:02Z,245,Golden Chobo Ring,68,0x89ca1ffe78d575447514790ea0b141c7c44d9332,tice,4
2026-08-31T18:05:02Z,245,Golden Chobo Ring,69,0xf3eaf60c6be58eb9853e71219801c06ad8969f0e,relicguy,4
2026-08-31T18:05:02Z,245,Golden Chobo Ring,70,0x4ebc17059cfc143d86fb92ed707805d68142e3ec,ponziscam,3
2026-08-31T18:05:02Z,245,Golden Chobo Ring,71,0xea04f13937031d59bf466c9c79d70a9c41a79a4a,sandsman,3
2026-08-31T18:05:02Z,245,Golden Chobo Ring,72,0xeb91cfe8979567c1f9e30bd7de9f2968b7e706f7,5324r2df,3
2026-08-31T18:05:02Z,245,Golden Chobo Ring,73,0x77b56d73521061c92ce7bf006dc77587fa7368c2,beizan,3
2026-08-31T18:05:02Z,245,Golden Chobo Ring,74,0x7174f8e3a3a2b777911dd6be31d92631a5052ab0,0xkingyo,3
2026-08-31T18:05:02Z,245,Golden Chobo Ring,75,0x2d13b12254a7da18b5634c54f74fd73cdd504777,wiseone,3
2026-08-31T18:05:02Z,245,Golden Chobo Ring,76,0x2fab84cc0f5e48d45670ddc3c0e757afafd9a624,visonnie,3
2026-08-31T18:05:02Z,245,Golden Chobo Ring,77,0x19aeb827a7a7a37b156f23bfe6c55a66ed4905eb,barry,3
2026-08-31T18:05:02Z,245,Golden Chobo Ring,78,0x844d58714aa3fed998f898cbce1b0ddc4550304f,jiren,3
2026-08-31T18:05:02Z,245,Golden Chobo Ring,79,0xd41d44c7a6c48b4854fce7af3a276dbd3b85d937,clock,3
2026-08-31T18:05:02Z,245,Golden Chobo Ring,80,0xbe8d1277e96dc6f1c1d560df4468f23690a331ed,perced,3
2026-08-31T18:05:02Z,245,Golden Chobo Ring,81,0xe4eada38870bffd32235e266e6589699d2420ec5,birka,3
2026-08-31T18:05:02Z,245,Golden Chobo Ring,82,0xca73ac7782813b76ba0962babf3c083407dd3e15,aruun,3
2026-08-31T18:05:02Z,245,Golden Chobo Ring,83,0xe9b489ff145ac7d8eca36c3b5c29e1be7f2281b9,laggin,3
2026-08-31T18:05:02Z,245,Golden Chobo Ring,84,0x8a39e43d0aac1b7bedc81f8100e3603323092f0d,kfay34,3
2026-08-31T18:05:02Z,245,Golden Chobo Ring,85,0xb7f14262c79d2a1e334e93b2509864d4de8ecc76,lazybone,2
2026-08-31T18:05:02Z,245,Golden Chobo Ring,86,0x0fec947904065bf920e97aae5042ef1e31268e76,matcha,2
2026-08-31T18:05:02Z,245,Golden Chobo Ring,87,0xebec21ad1ebcfae69f96b7ca96839e5594fbadd1,therec,2
2026-08-31T18:05:02Z,245,Golden Chobo Ring,88,0xe4c92dfd2b82ff488ee4e0744e78959f8cc2c24c,jonh94,2
2026-08-31T18:05:02Z,245,Golden Chobo Ring,89,0x56f4c6d5c5c41519a4823e3dae22167dd4544fce,behelit,2
2026-08-31T18:05:02Z,245,Golden Chobo Ring,90,0xc3ae9ac69d672368539413235938277ce19fc270,bollin,2
2026-08-31T18:05:02Z,245,Golden Chobo Ring,91,0x0649976f6dd8a2589af8790076f2c08909dd9337,debora,2
2026-08-31T18:05:02Z,245,Golden Chobo Ring,92,0x8ed20f071287100fafca51c94b5d6d0d8340aef9,joseprust,2
2026-08-31T18:05:02Z,245,Golden Chobo Ring,93,0x0dcc95379341d2158cbb13963f317aa4510a5c80,yummytheartist,2
2026-08-31T18:05:02Z,245,Golden Chobo Ring,94,0x3eda210ff41e2b2d1658ca5ebe0b80a376c7e0f4,astarta,2
2026-08-31T18:05:02Z,245,Golden Chobo Ring,95,0x469998f2fa8aaa2648fef6fc3902268f315195ef,mrgold,2
2026-08-31T18:05:02Z,245,Golden Chobo Ring,96,0x23244cc893df1ff2916ee2e492b65bec74b2760c,bunyoo,2
2026-08-31T18:05:02Z,245,Golden Chobo Ring,97,0x53c5e9ffb362ec22fc172400bc6209819cb3a301,k1sel,2
2026-08-31T18:05:02Z,245,Golden Chobo Ring,98,0xa34e3742cea47cb04af0fc2b4ae78660ad8666c9,egorerror,2
2026-08-31T18:05:02Z,245,Golden Chobo Ring,99,0x7a10d45c461e81e24796f9c83b584756876d24d7,stakeoor,2
2026-08-31T18:05:02Z,245,Golden Chobo Ring,100,0x49826f26fd526c52c7b18d0f2866b6e158328eec,lilvibe,2
2026-08-31T18:05:02Z,246,Golden Crusader Ring,1,0x69c4cc0147fbc23965896fb18a1ccea92230ed1b,afropengu,308
2026-08-31T18:05:02Z,246,Golden Crusader Ring,2,0x73a9ffdaaf53723f1d08403f613870cddd6e18fc,suspicious,118
2026-08-31T18:05:02Z,246,Golden Crusader Ring,3,0xbdecab53bb16b74aa1a1715cc4b80db641eac9da,rxch,111
2026-08-31T18:05:02Z,246,Golden Crusader Ring,4,0x0ee9318275c37f0e635bb7c8a455ade252cecf1f,georgysogood,61
2026-08-31T18:05:02Z,246,Golden Crusader Ring,5,0x2a2376e5e9981c19b15af64d2cdb57c9b94eb1f6,xiskool,60
2026-08-31T18:05:02Z,246,Golden Crusader Ring,6,0x19342b9e3f123e373e24f1eea9bb5a1a935507fa,bigmommymilkers,58
2026-08-31T18:05:02Z,246,Golden Crusader Ring,7,0x90c1ed16e9b16db7d031f573d20bead430feb107,jablko,57
2026-08-31T18:05:02Z,246,Golden Crusader Ring,8,0xeed7c6b2af48249a040c9e5d59437670889c7e07,lilwassie,57
2026-08-31T18:05:02Z,246,Golden Crusader Ring,9,0xac06dbd4f2b1b174dbb3b67449f0f4245f0f3bc3,spanish,57
2026-08-31T18:05:02Z,246,Golden Crusader Ring,10,0xeff6c4dcd2b79f502d5d7cb6e6daf70f2536daef,syta,49
2026-08-31T18:05:02Z,246,Golden Crusader Ring,11,0x388d510f0f11ba0762e8c7212645ed873c17a204,otabart,44
2026-08-31T18:05:02Z,246,Golden Crusader Ring,12,0x02764ae21333f5777b44cdded3a654a340176fff,bh3320,43
2026-08-31T18:05:02Z,246,Golden Crusader Ring,13,0x9dc70f5472a88f3eefa4d515a6b1ec94d9d30d13,sidlovskyy,40
2026-08-31T18:05:02Z,246,Golden Crusader Ring,14,0xf00dfac3af2f5b38fe55d50ccf8ffa8c293ea161,dudendy,38
2026-08-31T18:05:02Z,246,Golden Crusader Ring,15,0x0a42a67154221c44c9eae98eb7f9cbff2d269a0e,cassowary,36
2026-08-31T18:05:02Z,246,Golden Crusader Ring,16,0xfd0cb86676ba86e3033f1d6d333b342880f336df,677willwin,34
2026-08-31T18:05:02Z,246,Golden Crusader Ring,17,0x3629d88069124258ef6bb99c9080d064f42e7206,grumpy,33
2026-08-31T18:05:02Z,246,Golden Crusader Ring,18,0x8ccb0988036cf9d2ca7b24ed46a57cf25ce6f92d,chosta,33
2026-08-31T18:05:02Z,246,Golden Crusader Ring,19,0xbbbfe4cc5c3924f19f6e36e66448b2e3a126b111,cryptologist,32
2026-08-31T18:05:02Z,246,Golden Crusader Ring,20,0x0357294131b3d5b23c84dfa8e38d7e54358f8ba8,kaiken888,32
2026-08-31T18:05:02Z,246,Golden Crusader Ring,21,0xd678b718f70389dbdd2d447df23333641e8f7480,yanik,30
2026-08-31T18:05:02Z,246,Golden Crusader Ring,22,0x7b937e99c1458a485a035a0f06b9d8bf5f842a05,lameak,30
2026-08-31T18:05:02Z,246,Golden Crusader Ring,23,0x4f03ea409e546d9ab7eaa6c9b481bcb99c8547e5,coinpie,27
2026-08-31T18:05:02Z,246,Golden Crusader Ring,24,0x7b761e4389daf5581708bfe1a26b5d45cc279f2f,gordongrowth,26
2026-08-31T18:05:02Z,246,Golden Crusader Ring,25,0x5d94f14bafdc6920e462abaa8285d680d4dfa069,tofu,23
2026-08-31T18:05:02Z,246,Golden Crusader Ring,26,0x688410dbc8c331f5945eafc659ae721a447ae975,igloo,19
2026-08-31T18:05:02Z,246,Golden Crusader Ring,27,0xafe00172cf96544d610bf9b70d549a5e89b83f2d,hungryjay,17
2026-08-31T18:05:02Z,246,Golden Crusader Ring,28,0x5ab272231e653c2265bdfae58310021bca37152e,tufbeast,17
2026-08-31T18:05:02Z,246,Golden Crusader Ring,29,0x95233e2ec170b4ba0e2208c1ec89f3b87f8b18c7,gambit,17
2026-08-31T18:05:02Z,246,Golden Crusader Ring,30,0x99278037b2150c577ef1038ceca08db8684bba95,0xfuture,15
2026-08-31T18:05:02Z,246,Golden Crusader Ring,31,0x92569bee8c8b9c1df1c283a0409fcc2b2fede157,phalanx,15
2026-08-31T18:05:02Z,246,Golden Crusader Ring,32,0x33973ffb41add93b49227241566d3e5fc9ad904b,schemedream,14
2026-08-31T18:05:02Z,246,Golden Crusader Ring,33,0xf3143c8e4469a271fa2be6d8775ca2b3bdccf4e2,rmty,14
2026-08-31T18:05:02Z,246,Golden Crusader Ring,34,0x4366b9a2417631b2647a8d67608638d973fade33,epicser,14
2026-08-31T18:05:02Z,246,Golden Crusader Ring,35,0x319d278581e5e5a49ef80e795fe81225d9a15200,icedcoffee,12
2026-08-31T18:05:02Z,246,Golden Crusader Ring,36,0xeb16cc074e0d3a6c87c0c45a6eced5ef92424b31,wiseadmiral,12
2026-08-31T18:05:02Z,246,Golden Crusader Ring,37,0xf343348aef03fea785a6a55f1db870c94f6afb4f,billybob,11
2026-08-31T18:05:02Z,246,Golden Crusader Ring,38,0xd95d6ce6572622168a97d664c2fb3621f6f7e9e1,crusadertr,10
2026-08-31T18:05:02Z,246,Golden Crusader Ring,39,0xe90a9bdb63e9ba04a7f3e95140ff803f2f377f5e,vova,10
2026-08-31T18:05:02Z,246,Golden Crusader Ring,40,0x67369c3e524d370daebc36d9ab3320fafc71eead,roblox,9
2026-08-31T18:05:02Z,246,Golden Crusader Ring,41,0x9c991a85b090aae221ef8418e3ca29279bf2500a,migs,9
2026-08-31T18:05:02Z,246,Golden Crusader Ring,42,0xb703799d9f485852c9394a8b2cdb39f5590fd65f,gaijin,8
2026-08-31T18:05:02Z,246,Golden Crusader Ring,43,0xd15481578c11b4e5b8f241c412899a0bdd704408,wholistic,8
2026-08-31T18:05:02Z,246,Golden Crusader Ring,44,0xc577c2f43ffba49d965a8c153f330ba3daad3b73,snake,8
2026-08-31T18:05:02Z,246,Golden Crusader Ring,45,0xbcbcccae5efd1dab247e6428e9e20a9fda8c5abd,oneindigheid,7
2026-08-31T18:05:02Z,246,Golden Crusader Ring,46,0x23244cc893df1ff2916ee2e492b65bec74b2760c,bunyoo,7
2026-08-31T18:05:02Z,246,Golden Crusader Ring,47,0x844d58714aa3fed998f898cbce1b0ddc4550304f,jiren,7
2026-08-31T18:05:02Z,246,Golden Crusader Ring,48,0x1114d62a0148f458040fbf2ddb945560398ca5f0,soma,7
2026-08-31T18:05:02Z,246,Golden Crusader Ring,49,0xd1c76125cb2751750ddb2afded780c6f5b7a3cbc,kace,7
2026-08-31T18:05:02Z,246,Golden Crusader Ring,50,0x867a70d280830fc91f5441449ef37dfa403924a8,eydrian,7
2026-08-31T18:05:02Z,246,Golden Crusader Ring,51,0x4ec977a8e80c4099a44f8ae53a48281448471342,terrestra,6
2026-08-31T18:05:02Z,246,Golden Crusader Ring,52,0x6479013c37f56cecc6e77fcfece208645324f5cb,lightning,6
2026-08-31T18:05:02Z,246,Golden Crusader Ring,53,0x3d385f04852ae078d10e2a420f928f227f3e63f3,kellox,5
2026-08-31T18:05:02Z,246,Golden Crusader Ring,54,0xef58ad6d6bcaf054da34948c88e7e91a052dc0fa,kraven,5
2026-08-31T18:05:02Z,246,Golden Crusader Ring,55,0xc3ae9ac69d672368539413235938277ce19fc270,bollin,5
2026-08-31T18:05:02Z,246,Golden Crusader Ring,56,0x0649976f6dd8a2589af8790076f2c08909dd9337,debora,5
2026-08-31T18:05:02Z,246,Golden Crusader Ring,57,0x18db144b2f18b025c1f7ee1d86b422fe864ba477,royven,5
2026-08-31T18:05:02Z,246,Golden Crusader Ring,58,0x3eda210ff41e2b2d1658ca5ebe0b80a376c7e0f4,astarta,5
2026-08-31T18:05:02Z,246,Golden Crusader Ring,59,0x7174f8e3a3a2b777911dd6be31d92631a5052ab0,0xkingyo,5
2026-08-31T18:05:02Z,246,Golden Crusader Ring,60,0xce3bc9c7e6b1a4082f9853f6f796e604148b2583,classicj,5
2026-08-31T18:05:02Z,246,Golden Crusader Ring,61,0x381dd397e721c72ce321a1ebaf96ce04f4422ac0,suckmydirtydick,4
2026-08-31T18:05:02Z,246,Golden Crusader Ring,62,0x0fec947904065bf920e97aae5042ef1e31268e76,matcha,4
2026-08-31T18:05:02Z,246,Golden Crusader Ring,63,0x89ca1ffe78d575447514790ea0b141c7c44d9332,tice,4
2026-08-31T18:05:02Z,246,Golden Crusader Ring,64,0xb0d90d52c7389824d4b22c06bcdccd734e3162b7,ezsnipe,4
2026-08-31T18:05:02Z,246,Golden Crusader Ring,65,0x7a10d45c461e81e24796f9c83b584756876d24d7,stakeoor,4
2026-08-31T18:05:02Z,246,Golden Crusader Ring,66,0x1494b3e636c533ffd78d467de090102595244d06,anduron,4
2026-08-31T18:05:02Z,246,Golden Crusader Ring,67,0x8a39e43d0aac1b7bedc81f8100e3603323092f0d,kfay34,4
2026-08-31T18:05:02Z,246,Golden Crusader Ring,68,0xebec21ad1ebcfae69f96b7ca96839e5594fbadd1,therec,3
2026-08-31T18:05:02Z,246,Golden Crusader Ring,69,0x6e15784a00ceb7dde2a9801f9eb19d6186447d4d,dpuck,3
2026-08-31T18:05:02Z,246,Golden Crusader Ring,70,0x4ebc17059cfc143d86fb92ed707805d68142e3ec,ponziscam,3
2026-08-31T18:05:02Z,246,Golden Crusader Ring,71,0xfff195795e606cbfa76e1c72c7ed6731df91d83d,pan1c,3
2026-08-31T18:05:02Z,246,Golden Crusader Ring,72,0x0d1df94f0106ce5bd92138d43c8551cad530c169,vermo,3
2026-08-31T18:05:02Z,246,Golden Crusader Ring,73,0xe1b2620511e4a989ec1c7ea80ac75555eae12828,soroky,3
2026-08-31T18:05:02Z,246,Golden Crusader Ring,74,0x161f91374506a85ed9063e90c4c217d8697d6471,proofofely,3
2026-08-31T18:05:02Z,246,Golden Crusader Ring,75,0x469998f2fa8aaa2648fef6fc3902268f315195ef,mrgold,3
2026-08-31T18:05:02Z,246,Golden Crusader Ring,76,0x9e3eddb26f9ce62782e544f2a5366c4e2296bce2,og_ayri,3
2026-08-31T18:05:02Z,246,Golden Crusader Ring,77,0xe0bcefccc4d8012e295b761235987ebb2370755d,2357y,3
2026-08-31T18:05:02Z,246,Golden Crusader Ring,78,0x48ee44d5ebc1018e633eb35248e3e45f80517b88,torubtc,3
2026-08-31T18:05:02Z,246,Golden Crusader Ring,79,0xd241569d27278c7dc650aa6808356f21589b7b27,ziirup,3
2026-08-31T18:05:02Z,246,Golden Crusader Ring,80,0x163a31cf31e1b687bbc5f1bcb11c1cbe4c2c5a79,xfun,3
2026-08-31T18:05:02Z,246,Golden Crusader Ring,81,0x974685d392a48cbd0ec8384c3878cbcdcc47fd23,ulthior,3
2026-08-31T18:05:02Z,246,Golden Crusader Ring,82,0x55085ade6c1c39b64cd27099993c5dc933bbed35,bigdogga,3
2026-08-31T18:05:02Z,246,Golden Crusader Ring,83,0xf3eaf60c6be58eb9853e71219801c06ad8969f0e,relicguy,3
2026-08-31T18:05:02Z,246,Golden Crusader Ring,84,0xd67eb6b6254b48acd89ea84b5d51afc68b7378c1,lancelot,2
2026-08-31T18:05:02Z,246,Golden Crusader Ring,85,0xf0591506ee91c25dbe35c44dc760c462c5d53079,impact,2
2026-08-31T18:05:02Z,246,Golden Crusader Ring,86,0x562ffbc839b608e35646e9de40591b5145bcc6f5,aizcalibur,2
2026-08-31T18:05:02Z,246,Golden Crusader Ring,87,0xe4c92dfd2b82ff488ee4e0744e78959f8cc2c24c,jonh94,2
2026-08-31T18:05:02Z,246,Golden Crusader Ring,88,0xd9233b0c7017055eb9cca10a95b214ac89fe905a,soroka,2
2026-08-31T18:05:02Z,246,Golden Crusader Ring,89,0x1a5fd36d4b15dd6b5f6eba46c42b1fa697fa4f3a,melbo,2
2026-08-31T18:05:02Z,246,Golden Crusader Ring,90,0xea04f13937031d59bf466c9c79d70a9c41a79a4a,sandsman,2
2026-08-31T18:05:02Z,246,Golden Crusader Ring,91,0xd82311e0ddcff7cad1be090763d4f6d7ba1c290a,vims,2
2026-08-31T18:05:02Z,246,Golden Crusader Ring,92,0x9b3ef1d5b7472560cf6241949b2485e456aa37a0,bush1do,2
2026-08-31T18:05:02Z,246,Golden Crusader Ring,93,0xdbd4749050752504d9017484f82a75dff9592cd1,tron,2
2026-08-31T18:05:02Z,246,Golden Crusader Ring,94,0xf3823ea2adaea672583ce9d84c979021f9ed9da4,iamroot,2
2026-08-31T18:05:02Z,246,Golden Crusader Ring,95,0x2fab84cc0f5e48d45670ddc3c0e757afafd9a624,visonnie,2
2026-08-31T18:05:02Z,246,Golden Crusader Ring,96,0x09c96dae4254764a02a211f6203dc9489a572602,favorburn,2
2026-08-31T18:05:02Z,246,Golden Crusader Ring,97,0x885d6144d9960e5c19c91527b86c541befe37451,stakb,2
2026-08-31T18:05:02Z,246,Golden Crusader Ring,98,0x319cd6df9e13e715e411607139172d8f4d4b56c7,balou,2
2026-08-31T18:05:02Z,246,Golden Crusader Ring,99,0x30d786a24f0a1296db15db36a7cb410c86f46901,jannikfades,2
2026-08-31T18:05:02Z,246,Golden Crusader Ring,100,0x4114d3fa8a699361525340800abe77b875eae626,realenjoy,2
2026-08-31T18:05:02Z,247,Golden Foxglove Ring,1,0x69c4cc0147fbc23965896fb18a1ccea92230ed1b,afropengu,343
2026-08-31T18:05:02Z,247,Golden Foxglove Ring,2,0x73a9ffdaaf53723f1d08403f613870cddd6e18fc,suspicious,150
2026-08-31T18:05:02Z,247,Golden Foxglove Ring,3,0xd678b718f70389dbdd2d447df23333641e8f7480,yanik,109
2026-08-31T18:05:02Z,247,Golden Foxglove Ring,4,0xeed7c6b2af48249a040c9e5d59437670889c7e07,lilwassie,68
2026-08-31T18:05:02Z,247,Golden Foxglove Ring,5,0xac06dbd4f2b1b174dbb3b67449f0f4245f0f3bc3,spanish,62
2026-08-31T18:05:02Z,247,Golden Foxglove Ring,6,0x0ee9318275c37f0e635bb7c8a455ade252cecf1f,georgysogood,57
2026-08-31T18:05:02Z,247,Golden Foxglove Ring,7,0x2a2376e5e9981c19b15af64d2cdb57c9b94eb1f6,xiskool,57
2026-08-31T18:05:02Z,247,Golden Foxglove Ring,8,0x02764ae21333f5777b44cdded3a654a340176fff,bh3320,57
2026-08-31T18:05:02Z,247,Golden Foxglove Ring,9,0x19342b9e3f123e373e24f1eea9bb5a1a935507fa,bigmommymilkers,53
2026-08-31T18:05:02Z,247,Golden Foxglove Ring,10,0xf00dfac3af2f5b38fe55d50ccf8ffa8c293ea161,dudendy,52
2026-08-31T18:05:02Z,247,Golden Foxglove Ring,11,0xbdecab53bb16b74aa1a1715cc4b80db641eac9da,rxch,50
2026-08-31T18:05:02Z,247,Golden Foxglove Ring,12,0x9dc70f5472a88f3eefa4d515a6b1ec94d9d30d13,sidlovskyy,49
2026-08-31T18:05:02Z,247,Golden Foxglove Ring,13,0x90c1ed16e9b16db7d031f573d20bead430feb107,jablko,42
2026-08-31T18:05:02Z,247,Golden Foxglove Ring,14,0xd2bb5bcaaaa9d2d77a50598055397916780972ca,sinet,40
2026-08-31T18:05:02Z,247,Golden Foxglove Ring,15,0x8ccb0988036cf9d2ca7b24ed46a57cf25ce6f92d,chosta,39
2026-08-31T18:05:02Z,247,Golden Foxglove Ring,16,0x0357294131b3d5b23c84dfa8e38d7e54358f8ba8,kaiken888,37
2026-08-31T18:05:02Z,247,Golden Foxglove Ring,17,0xbcbcccae5efd1dab247e6428e9e20a9fda8c5abd,oneindigheid,36
2026-08-31T18:05:02Z,247,Golden Foxglove Ring,18,0xfd0cb86676ba86e3033f1d6d333b342880f336df,677willwin,34
2026-08-31T18:05:02Z,247,Golden Foxglove Ring,19,0xafe00172cf96544d610bf9b70d549a5e89b83f2d,hungryjay,33
2026-08-31T18:05:02Z,247,Golden Foxglove Ring,20,0x3629d88069124258ef6bb99c9080d064f42e7206,grumpy,31
2026-08-31T18:05:02Z,247,Golden Foxglove Ring,21,0x388d510f0f11ba0762e8c7212645ed873c17a204,otabart,29
2026-08-31T18:05:02Z,247,Golden Foxglove Ring,22,0x4f03ea409e546d9ab7eaa6c9b481bcb99c8547e5,coinpie,28
2026-08-31T18:05:02Z,247,Golden Foxglove Ring,23,0x7b937e99c1458a485a035a0f06b9d8bf5f842a05,lameak,27
2026-08-31T18:05:02Z,247,Golden Foxglove Ring,24,0x0a42a67154221c44c9eae98eb7f9cbff2d269a0e,cassowary,25
2026-08-31T18:05:02Z,247,Golden Foxglove Ring,25,0x688410dbc8c331f5945eafc659ae721a447ae975,igloo,20
2026-08-31T18:05:02Z,247,Golden Foxglove Ring,26,0x7b761e4389daf5581708bfe1a26b5d45cc279f2f,gordongrowth,20
2026-08-31T18:05:02Z,247,Golden Foxglove Ring,27,0xeff6c4dcd2b79f502d5d7cb6e6daf70f2536daef,syta,19
2026-08-31T18:05:02Z,247,Golden Foxglove Ring,28,0x33973ffb41add93b49227241566d3e5fc9ad904b,schemedream,17
2026-08-31T18:05:02Z,247,Golden Foxglove Ring,29,0xbbbfe4cc5c3924f19f6e36e66448b2e3a126b111,cryptologist,16
2026-08-31T18:05:02Z,247,Golden Foxglove Ring,30,0x5ab272231e653c2265bdfae58310021bca37152e,tufbeast,16
2026-08-31T18:05:02Z,247,Golden Foxglove Ring,31,0x5d94f14bafdc6920e462abaa8285d680d4dfa069,tofu,15
2026-08-31T18:05:02Z,247,Golden Foxglove Ring,32,0x92569bee8c8b9c1df1c283a0409fcc2b2fede157,phalanx,15
2026-08-31T18:05:02Z,247,Golden Foxglove Ring,33,0x381dd397e721c72ce321a1ebaf96ce04f4422ac0,suckmydirtydick,14
2026-08-31T18:05:02Z,247,Golden Foxglove Ring,34,0xf343348aef03fea785a6a55f1db870c94f6afb4f,billybob,13
2026-08-31T18:05:02Z,247,Golden Foxglove Ring,35,0x319d278581e5e5a49ef80e795fe81225d9a15200,icedcoffee,12
2026-08-31T18:05:02Z,247,Golden Foxglove Ring,36,0xfbfc822ee4989b2b4b9b18e4035ff72335cbb16e,jame7,11
2026-08-31T18:05:02Z,247,Golden Foxglove Ring,37,0x95233e2ec170b4ba0e2208c1ec89f3b87f8b18c7,gambit,11
2026-08-31T18:05:02Z,247,Golden Foxglove Ring,38,0x9c991a85b090aae221ef8418e3ca29279bf2500a,migs,11
2026-08-31T18:05:02Z,247,Golden Foxglove Ring,39,0x1a5fd36d4b15dd6b5f6eba46c42b1fa697fa4f3a,melbo,10
2026-08-31T18:05:02Z,247,Golden Foxglove Ring,40,0x18db144b2f18b025c1f7ee1d86b422fe864ba477,royven,10
2026-08-31T18:05:02Z,247,Golden Foxglove Ring,41,0x4366b9a2417631b2647a8d67608638d973fade33,epicser,10
2026-08-31T18:05:02Z,247,Golden Foxglove Ring,42,0xce3bc9c7e6b1a4082f9853f6f796e604148b2583,classicj,10
2026-08-31T18:05:02Z,247,Golden Foxglove Ring,43,0xe90a9bdb63e9ba04a7f3e95140ff803f2f377f5e,vova,10
2026-08-31T18:05:02Z,247,Golden Foxglove Ring,44,0xc577c2f43ffba49d965a8c153f330ba3daad3b73,snake,9
2026-08-31T18:05:02Z,247,Golden Foxglove Ring,45,0x319cd6df9e13e715e411607139172d8f4d4b56c7,balou,9
2026-08-31T18:05:02Z,247,Golden Foxglove Ring,46,0x3c49ca3eda0ce8413f9c433f04322827714c23c3,dmisky,9
2026-08-31T18:05:02Z,247,Golden Foxglove Ring,47,0xeb16cc074e0d3a6c87c0c45a6eced5ef92424b31,wiseadmiral,9
2026-08-31T18:05:02Z,247,Golden Foxglove Ring,48,0x4f8c2395f105d29dae90531f36c7d1d14e22acb9,phangu,7
2026-08-31T18:05:02Z,247,Golden Foxglove Ring,49,0x4ebc17059cfc143d86fb92ed707805d68142e3ec,ponziscam,6
2026-08-31T18:05:02Z,247,Golden Foxglove Ring,50,0x23244cc893df1ff2916ee2e492b65bec74b2760c,bunyoo,6
2026-08-31T18:05:02Z,247,Golden Foxglove Ring,51,0x67369c3e524d370daebc36d9ab3320fafc71eead,roblox,6
2026-08-31T18:05:02Z,247,Golden Foxglove Ring,52,0xd1c76125cb2751750ddb2afded780c6f5b7a3cbc,kace,6
2026-08-31T18:05:02Z,247,Golden Foxglove Ring,53,0x4ec977a8e80c4099a44f8ae53a48281448471342,terrestra,6
2026-08-31T18:05:02Z,247,Golden Foxglove Ring,54,0xf3eaf60c6be58eb9853e71219801c06ad8969f0e,relicguy,6
2026-08-31T18:05:02Z,247,Golden Foxglove Ring,55,0x5c4eccb4a3a7082a75c01c7608ea35f4350630a6,sedicol,5
2026-08-31T18:05:02Z,247,Golden Foxglove Ring,56,0xd15481578c11b4e5b8f241c412899a0bdd704408,wholistic,5
2026-08-31T18:05:02Z,247,Golden Foxglove Ring,57,0xfff195795e606cbfa76e1c72c7ed6731df91d83d,pan1c,5
2026-08-31T18:05:02Z,247,Golden Foxglove Ring,58,0x8c86b43762e80f15a483dba543a31cd96e48e456,n00b,5
2026-08-31T18:05:02Z,247,Golden Foxglove Ring,59,0x6479013c37f56cecc6e77fcfece208645324f5cb,lightning,5
2026-08-31T18:05:02Z,247,Golden Foxglove Ring,60,0xaed39522670a5d146eb57289cc05b043bbeb0c19,lazyiv,4
2026-08-31T18:05:02Z,247,Golden Foxglove Ring,61,0x3d385f04852ae078d10e2a420f928f227f3e63f3,kellox,4
2026-08-31T18:05:02Z,247,Golden Foxglove Ring,62,0xef58ad6d6bcaf054da34948c88e7e91a052dc0fa,kraven,4
2026-08-31T18:05:02Z,247,Golden Foxglove Ring,63,0x99278037b2150c577ef1038ceca08db8684bba95,0xfuture,4
2026-08-31T18:05:02Z,247,Golden Foxglove Ring,64,0x0b2291da8091128352c2464f1072cf4211144744,moritz,4
2026-08-31T18:05:02Z,247,Golden Foxglove Ring,65,0xb0d90d52c7389824d4b22c06bcdccd734e3162b7,ezsnipe,4
2026-08-31T18:05:02Z,247,Golden Foxglove Ring,66,0x844d58714aa3fed998f898cbce1b0ddc4550304f,jiren,4
2026-08-31T18:05:02Z,247,Golden Foxglove Ring,67,0x49826f26fd526c52c7b18d0f2866b6e158328eec,lilvibe,4
2026-08-31T18:05:02Z,247,Golden Foxglove Ring,68,0x4114d3fa8a699361525340800abe77b875eae626,realenjoy,4
2026-08-31T18:05:02Z,247,Golden Foxglove Ring,69,0x8a39e43d0aac1b7bedc81f8100e3603323092f0d,kfay34,4
2026-08-31T18:05:02Z,247,Golden Foxglove Ring,70,0x0fec947904065bf920e97aae5042ef1e31268e76,matcha,3
2026-08-31T18:05:02Z,247,Golden Foxglove Ring,71,0x2b22930f9a2258d9ba2d0796b393089ee5086435,garnisho,3
2026-08-31T18:05:02Z,247,Golden Foxglove Ring,72,0xea04f13937031d59bf466c9c79d70a9c41a79a4a,sandsman,3
2026-08-31T18:05:02Z,247,Golden Foxglove Ring,73,0x790824745300127af8763badd4dba6f84358b548,pablosky48,3
2026-08-31T18:05:02Z,247,Golden Foxglove Ring,74,0x9b3ef1d5b7472560cf6241949b2485e456aa37a0,bush1do,3
2026-08-31T18:05:02Z,247,Golden Foxglove Ring,75,0x2dad623c8e23645751d0671adb4a02b246285515,fragi,3
2026-08-31T18:05:02Z,247,Golden Foxglove Ring,76,0x9e3eddb26f9ce62782e544f2a5366c4e2296bce2,og_ayri,3
2026-08-31T18:05:02Z,247,Golden Foxglove Ring,77,0x89ca1ffe78d575447514790ea0b141c7c44d9332,tice,3
2026-08-31T18:05:02Z,247,Golden Foxglove Ring,78,0x1c436ae0b01bba8295be93afa4154bd0435aba46,kenzaii,3
2026-08-31T18:05:02Z,247,Golden Foxglove Ring,79,0x30d786a24f0a1296db15db36a7cb410c86f46901,jannikfades,3
2026-08-31T18:05:02Z,247,Golden Foxglove Ring,80,0x4c53b2e646a3e01c2b22497753b1560029b5166b,gusine,3
2026-08-31T18:05:02Z,247,Golden Foxglove Ring,81,0xe9b489ff145ac7d8eca36c3b5c29e1be7f2281b9,laggin,3
2026-08-31T18:05:02Z,247,Golden Foxglove Ring,82,0xebec21ad1ebcfae69f96b7ca96839e5594fbadd1,therec,2
2026-08-31T18:05:02Z,247,Golden Foxglove Ring,83,0xe4c92dfd2b82ff488ee4e0744e78959f8cc2c24c,jonh94,2
2026-08-31T18:05:02Z,247,Golden Foxglove Ring,84,0xb703799d9f485852c9394a8b2cdb39f5590fd65f,gaijin,2
2026-08-31T18:05:02Z,247,Golden Foxglove Ring,85,0x40bfc8a6d3283958d3b70dc68049a78038a0f2e3,playaway,2
2026-08-31T18:05:02Z,247,Golden Foxglove Ring,86,0x56f4c6d5c5c41519a4823e3dae22167dd4544fce,behelit,2
2026-08-31T18:05:02Z,247,Golden Foxglove Ring,87,0x36d5de1a88210bfc655dedf66b08b0d96c615d39,kuntosan,2
2026-08-31T18:05:02Z,247,Golden Foxglove Ring,88,0xc3ae9ac69d672368539413235938277ce19fc270,bollin,2
2026-08-31T18:05:02Z,247,Golden Foxglove Ring,89,0xdb927fb9f66907b2a957b3d0d440110c3a999069,arbitrum,2
2026-08-31T18:05:02Z,247,Golden Foxglove Ring,90,0x3eda210ff41e2b2d1658ca5ebe0b80a376c7e0f4,astarta,2
2026-08-31T18:05:02Z,247,Golden Foxglove Ring,91,0x8d3b30483efaf6db004e22260ddc9d7d19f1067a,anonymized,2
2026-08-31T18:05:02Z,247,Golden Foxglove Ring,92,0x2c685f23808bc7b6adda1fd7b6949c5e2db97eb0,bubba,2
2026-08-31T18:05:02Z,247,Golden Foxglove Ring,93,0xc9f27e68912aae40bb60c17b5634b3e74bbb16ab,minebuu,2
2026-08-31T18:05:02Z,247,Golden Foxglove Ring,94,0x2fab84cc0f5e48d45670ddc3c0e757afafd9a624,visonnie,2
2026-08-31T18:05:02Z,247,Golden Foxglove Ring,95,0xd41d44c7a6c48b4854fce7af3a276dbd3b85d937,clock,2
2026-08-31T18:05:02Z,247,Golden Foxglove Ring,96,0x885d6144d9960e5c19c91527b86c541befe37451,stakb,2
2026-08-31T18:05:02Z,247,Golden Foxglove Ring,97,0x1114d62a0148f458040fbf2ddb945560398ca5f0,soma,2
2026-08-31T18:05:02Z,247,Golden Foxglove Ring,98,0x41f9388a0ff752e3a5f2b9471af350ee5c7857a4,poorman,2
2026-08-31T18:05:02Z,247,Golden Foxglove Ring,99,0xd241569d27278c7dc650aa6808356f21589b7b27,ziirup,2
2026-08-31T18:05:02Z,247,Golden Foxglove Ring,100,0xa8a956a5690cc81bb367da2c2f6f1796be2b3c30,scottco,2
2026-08-31T18:05:02Z,248,Golden Overseer Ring,1,0x69c4cc0147fbc23965896fb18a1ccea92230ed1b,afropengu,378
2026-08-31T18:05:02Z,248,Golden Overseer Ring,2,0x73a9ffdaaf53723f1d08403f613870cddd6e18fc,suspicious,148
2026-08-31T18:05:02Z,248,Golden Overseer Ring,3,0xd678b718f70389dbdd2d447df23333641e8f7480,yanik,124
2026-08-31T18:05:02Z,248,Golden Overseer Ring,4,0xbdecab53bb16b74aa1a1715cc4b80db641eac9da,rxch,108
2026-08-31T18:05:02Z,248,Golden Overseer Ring,5,0xeed7c6b2af48249a040c9e5d59437670889c7e07,lilwassie,73
2026-08-31T18:05:02Z,248,Golden Overseer Ring,6,0x0ee9318275c37f0e635bb7c8a455ade252cecf1f,georgysogood,65
2026-08-31T18:05:02Z,248,Golden Overseer Ring,7,0x02764ae21333f5777b44cdded3a654a340176fff,bh3320,63
2026-08-31T18:05:02Z,248,Golden Overseer Ring,8,0x2a2376e5e9981c19b15af64d2cdb57c9b94eb1f6,xiskool,58
2026-08-31T18:05:02Z,248,Golden Overseer Ring,9,0x19342b9e3f123e373e24f1eea9bb5a1a935507fa,bigmommymilkers,55
2026-08-31T18:05:02Z,248,Golden Overseer Ring,10,0xac06dbd4f2b1b174dbb3b67449f0f4245f0f3bc3,spanish,54
2026-08-31T18:05:02Z,248,Golden Overseer Ring,11,0xafe00172cf96544d610bf9b70d549a5e89b83f2d,hungryjay,50
2026-08-31T18:05:02Z,248,Golden Overseer Ring,12,0xfd0cb86676ba86e3033f1d6d333b342880f336df,677willwin,50
2026-08-31T18:05:02Z,248,Golden Overseer Ring,13,0xf00dfac3af2f5b38fe55d50ccf8ffa8c293ea161,dudendy,45
2026-08-31T18:05:02Z,248,Golden Overseer Ring,14,0x9dc70f5472a88f3eefa4d515a6b1ec94d9d30d13,sidlovskyy,42
2026-08-31T18:05:02Z,248,Golden Overseer Ring,15,0x3629d88069124258ef6bb99c9080d064f42e7206,grumpy,39
2026-08-31T18:05:02Z,248,Golden Overseer Ring,16,0x388d510f0f11ba0762e8c7212645ed873c17a204,otabart,38
2026-08-31T18:05:02Z,248,Golden Overseer Ring,17,0x5d94f14bafdc6920e462abaa8285d680d4dfa069,tofu,37
2026-08-31T18:05:02Z,248,Golden Overseer Ring,18,0x90c1ed16e9b16db7d031f573d20bead430feb107,jablko,37
2026-08-31T18:05:02Z,248,Golden Overseer Ring,19,0x0357294131b3d5b23c84dfa8e38d7e54358f8ba8,kaiken888,35
2026-08-31T18:05:02Z,248,Golden Overseer Ring,20,0x688410dbc8c331f5945eafc659ae721a447ae975,igloo,34
2026-08-31T18:05:02Z,248,Golden Overseer Ring,21,0x7b937e99c1458a485a035a0f06b9d8bf5f842a05,lameak,30
2026-08-31T18:05:02Z,248,Golden Overseer Ring,22,0x0a42a67154221c44c9eae98eb7f9cbff2d269a0e,cassowary,27
2026-08-31T18:05:02Z,248,Golden Overseer Ring,23,0x4f03ea409e546d9ab7eaa6c9b481bcb99c8547e5,coinpie,26
2026-08-31T18:05:02Z,248,Golden Overseer Ring,24,0xeff6c4dcd2b79f502d5d7cb6e6daf70f2536daef,syta,26
2026-08-31T18:05:02Z,248,Golden Overseer Ring,25,0x8ccb0988036cf9d2ca7b24ed46a57cf25ce6f92d,chosta,23
2026-08-31T18:05:02Z,248,Golden Overseer Ring,26,0xbcbcccae5efd1dab247e6428e9e20a9fda8c5abd,oneindigheid,19
2026-08-31T18:05:02Z,248,Golden Overseer Ring,27,0x7b761e4389daf5581708bfe1a26b5d45cc279f2f,gordongrowth,17
2026-08-31T18:05:02Z,248,Golden Overseer Ring,28,0x33973ffb41add93b49227241566d3e5fc9ad904b,schemedream,16
2026-08-31T18:05:02Z,248,Golden Overseer Ring,29,0xf3143c8e4469a271fa2be6d8775ca2b3bdccf4e2,rmty,16
2026-08-31T18:05:02Z,248,Golden Overseer Ring,30,0x92569bee8c8b9c1df1c283a0409fcc2b2fede157,phalanx,15
2026-08-31T18:05:02Z,248,Golden Overseer Ring,31,0xbbbfe4cc5c3924f19f6e36e66448b2e3a126b111,cryptologist,15
2026-08-31T18:05:02Z,248,Golden Overseer Ring,32,0xf343348aef03fea785a6a55f1db870c94f6afb4f,billybob,13
2026-08-31T18:05:02Z,248,Golden Overseer Ring,33,0x319d278581e5e5a49ef80e795fe81225d9a15200,icedcoffee,12
2026-08-31T18:05:02Z,248,Golden Overseer Ring,34,0x5ab272231e653c2265bdfae58310021bca37152e,tufbeast,12
2026-08-31T18:05:02Z,248,Golden Overseer Ring,35,0xd1c76125cb2751750ddb2afded780c6f5b7a3cbc,kace,12
2026-08-31T18:05:02Z,248,Golden Overseer Ring,36,0x1a5fd36d4b15dd6b5f6eba46c42b1fa697fa4f3a,melbo,11
2026-08-31T18:05:02Z,248,Golden Overseer Ring,37,0x3c49ca3eda0ce8413f9c433f04322827714c23c3,dmisky,11
2026-08-31T18:05:02Z,248,Golden Overseer Ring,38,0xe9b489ff145ac7d8eca36c3b5c29e1be7f2281b9,laggin,11
2026-08-31T18:05:02Z,248,Golden Overseer Ring,39,0x381dd397e721c72ce321a1ebaf96ce04f4422ac0,suckmydirtydick,10
2026-08-31T18:05:02Z,248,Golden Overseer Ring,40,0x844d58714aa3fed998f898cbce1b0ddc4550304f,jiren,10
2026-08-31T18:05:02Z,248,Golden Overseer Ring,41,0xce3bc9c7e6b1a4082f9853f6f796e604148b2583,classicj,10
2026-08-31T18:05:02Z,248,Golden Overseer Ring,42,0x9c991a85b090aae221ef8418e3ca29279bf2500a,migs,9
2026-08-31T18:05:02Z,248,Golden Overseer Ring,43,0xeb16cc074e0d3a6c87c0c45a6eced5ef92424b31,wiseadmiral,9
2026-08-31T18:05:02Z,248,Golden Overseer Ring,44,0x4ec977a8e80c4099a44f8ae53a48281448471342,terrestra,9
2026-08-31T18:05:02Z,248,Golden Overseer Ring,45,0x8045784a3a7209a24eb09a5a2bc4f9e6fb67782b,kangboksoon,8
2026-08-31T18:05:02Z,248,Golden Overseer Ring,46,0xfbfc822ee4989b2b4b9b18e4035ff72335cbb16e,jame7,8
2026-08-31T18:05:02Z,248,Golden Overseer Ring,47,0x67369c3e524d370daebc36d9ab3320fafc71eead,roblox,8
2026-08-31T18:05:02Z,248,Golden Overseer Ring,48,0x6479013c37f56cecc6e77fcfece208645324f5cb,lightning,8
2026-08-31T18:05:02Z,248,Golden Overseer Ring,49,0x3d385f04852ae078d10e2a420f928f227f3e63f3,kellox,7
2026-08-31T18:05:02Z,248,Golden Overseer Ring,50,0x18db144b2f18b025c1f7ee1d86b422fe864ba477,royven,7
2026-08-31T18:05:02Z,248,Golden Overseer Ring,51,0xff74d06f2a47b772e6f5a61962b103b33e342881,coclette55,7
2026-08-31T18:05:02Z,248,Golden Overseer Ring,52,0x95233e2ec170b4ba0e2208c1ec89f3b87f8b18c7,gambit,7
2026-08-31T18:05:02Z,248,Golden Overseer Ring,53,0xeb63e215113d77f39699d53b20284e73c3d1bb5a,qianw,6
2026-08-31T18:05:02Z,248,Golden Overseer Ring,54,0xfff195795e606cbfa76e1c72c7ed6731df91d83d,pan1c,6
2026-08-31T18:05:02Z,248,Golden Overseer Ring,55,0xc577c2f43ffba49d965a8c153f330ba3daad3b73,snake,6
2026-08-31T18:05:02Z,248,Golden Overseer Ring,56,0xef58ad6d6bcaf054da34948c88e7e91a052dc0fa,kraven,5
2026-08-31T18:05:02Z,248,Golden Overseer Ring,57,0xc3ae9ac69d672368539413235938277ce19fc270,bollin,5
2026-08-31T18:05:02Z,248,Golden Overseer Ring,58,0x99278037b2150c577ef1038ceca08db8684bba95,0xfuture,5
2026-08-31T18:05:02Z,248,Golden Overseer Ring,59,0x8c86b43762e80f15a483dba543a31cd96e48e456,n00b,5
2026-08-31T18:05:02Z,248,Golden Overseer Ring,60,0x0649976f6dd8a2589af8790076f2c08909dd9337,debora,5
2026-08-31T18:05:02Z,248,Golden Overseer Ring,61,0x86ed45a7aa5b0c3e9405dbbc3209f1747c074b39,okeyerokey,5
2026-08-31T18:05:02Z,248,Golden Overseer Ring,62,0xb0d90d52c7389824d4b22c06bcdccd734e3162b7,ezsnipe,5
2026-08-31T18:05:02Z,248,Golden Overseer Ring,63,0x885d6144d9960e5c19c91527b86c541befe37451,stakb,5
2026-08-31T18:05:02Z,248,Golden Overseer Ring,64,0xe90a9bdb63e9ba04a7f3e95140ff803f2f377f5e,vova,5
2026-08-31T18:05:02Z,248,Golden Overseer Ring,65,0xf3eaf60c6be58eb9853e71219801c06ad8969f0e,relicguy,5
2026-08-31T18:05:02Z,248,Golden Overseer Ring,66,0x0fec947904065bf920e97aae5042ef1e31268e76,matcha,4
2026-08-31T18:05:02Z,248,Golden Overseer Ring,67,0x562ffbc839b608e35646e9de40591b5145bcc6f5,aizcalibur,4
2026-08-31T18:05:02Z,248,Golden Overseer Ring,68,0xd15481578c11b4e5b8f241c412899a0bdd704408,wholistic,4
2026-08-31T18:05:02Z,248,Golden Overseer Ring,69,0x9b3ef1d5b7472560cf6241949b2485e456aa37a0,bush1do,4
2026-08-31T18:05:02Z,248,Golden Overseer Ring,70,0x161f91374506a85ed9063e90c4c217d8697d6471,proofofely,4
2026-08-31T18:05:02Z,248,Golden Overseer Ring,71,0x89ca1ffe78d575447514790ea0b141c7c44d9332,tice,4
2026-08-31T18:05:02Z,248,Golden Overseer Ring,72,0x1114d62a0148f458040fbf2ddb945560398ca5f0,soma,4
2026-08-31T18:05:02Z,248,Golden Overseer Ring,73,0x30d786a24f0a1296db15db36a7cb410c86f46901,jannikfades,4
2026-08-31T18:05:02Z,248,Golden Overseer Ring,74,0xe4b1f5eb3da2195f8d41a052229a7eec3c4e6ed8,azoni,4
2026-08-31T18:05:02Z,248,Golden Overseer Ring,75,0x4ebc17059cfc143d86fb92ed707805d68142e3ec,ponziscam,3
2026-08-31T18:05:02Z,248,Golden Overseer Ring,76,0x0d1df94f0106ce5bd92138d43c8551cad530c169,vermo,3
2026-08-31T18:05:02Z,248,Golden Overseer Ring,77,0x0b2291da8091128352c2464f1072cf4211144744,moritz,3
2026-08-31T18:05:02Z,248,Golden Overseer Ring,78,0x3eda210ff41e2b2d1658ca5ebe0b80a376c7e0f4,astarta,3
2026-08-31T18:05:02Z,248,Golden Overseer Ring,79,0x4f8c2395f105d29dae90531f36c7d1d14e22acb9,phangu,3
2026-08-31T18:05:02Z,248,Golden Overseer Ring,80,0x23244cc893df1ff2916ee2e492b65bec74b2760c,bunyoo,3
2026-08-31T18:05:02Z,248,Golden Overseer Ring,81,0x2dad623c8e23645751d0671adb4a02b246285515,fragi,3
2026-08-31T18:05:02Z,248,Golden Overseer Ring,82,0x92599bdd1ded8d462c58972f6c3badbb39cd06ba,trukreal,3
2026-08-31T18:05:02Z,248,Golden Overseer Ring,83,0xb2042611b4987ba8be9efd6cc1165f09e7c694a8,joblessathena,3
2026-08-31T18:05:02Z,248,Golden Overseer Ring,84,0x8a39e43d0aac1b7bedc81f8100e3603323092f0d,kfay34,3
2026-08-31T18:05:02Z,248,Golden Overseer Ring,85,0xd5e897b2618c9da1d02ea9c0a286eb591e5bf64b,monkeylord,2
2026-08-31T18:05:02Z,248,Golden Overseer Ring,86,0x2d7600b629c724e48b625702f70e12d21c3c4c2e,laurens,2
2026-08-31T18:05:02Z,248,Golden Overseer Ring,87,0x2ab7adbf3685c74d2e300c9c0e676b1bf6027ac5,0xn00b,2
2026-08-31T18:05:02Z,248,Golden Overseer Ring,88,0xebec21ad1ebcfae69f96b7ca96839e5594fbadd1,therec,2
2026-08-31T18:05:02Z,248,Golden Overseer Ring,89,0xe4c92dfd2b82ff488ee4e0744e78959f8cc2c24c,jonh94,2
2026-08-31T18:05:02Z,248,Golden Overseer Ring,90,0xea04f13937031d59bf466c9c79d70a9c41a79a4a,sandsman,2
2026-08-31T18:05:02Z,248,Golden Overseer Ring,91,0x36d5de1a88210bfc655dedf66b08b0d96c615d39,kuntosan,2
2026-08-31T18:05:02Z,248,Golden Overseer Ring,92,0x551d5bcbc8f2df0d3ce3b6e8f1e58fe27a68eb7a,kudrry,2
2026-08-31T18:05:02Z,248,Golden Overseer Ring,93,0x2cfafb04f72fac80b58edef683d31ac6a6f50446,moneyman,2
2026-08-31T18:05:02Z,248,Golden Overseer Ring,94,0x2d13b12254a7da18b5634c54f74fd73cdd504777,wiseone,2
2026-08-31T18:05:02Z,248,Golden Overseer Ring,95,0x9e3eddb26f9ce62782e544f2a5366c4e2296bce2,og_ayri,2
2026-08-31T18:05:02Z,248,Golden Overseer Ring,96,0xe6b6cbab6c586d64025ffaea1548f3f09dabe6c2,milkshake,2
2026-08-31T18:05:02Z,248,Golden Overseer Ring,97,0x50f3f45b06c27f5d6b6d85b54f66327d272a25bd,emr2006,2
2026-08-31T18:05:02Z,248,Golden Overseer Ring,98,0x0c0a71e32e1954635e2dde143ed9e59fe471fb94,kryy,2
2026-08-31T18:05:02Z,248,Golden Overseer Ring,99,0xd241569d27278c7dc650aa6808356f21589b7b27,ziirup,2
2026-08-31T18:05:02Z,248,Golden Overseer Ring,100,0x163a31cf31e1b687bbc5f1bcb11c1cbe4c2c5a79,xfun,2
2026-08-31T18:05:02Z,249,Golden Summoner Ring,1,0x69c4cc0147fbc23965896fb18a1ccea92230ed1b,afropengu,271
2026-08-31T18:05:02Z,249,Golden Summoner Ring,2,0x73a9ffdaaf53723f1d08403f613870cddd6e18fc,suspicious,155
2026-08-31T18:05:02Z,249,Golden Summoner Ring,3,0xd678b718f70389dbdd2d447df23333641e8f7480,yanik,150
2026-08-31T18:05:02Z,249,Golden Summoner Ring,4,0xeed7c6b2af48249a040c9e5d59437670889c7e07,lilwassie,79
2026-08-31T18:05:02Z,249,Golden Summoner Ring,5,0x19342b9e3f123e373e24f1eea9bb5a1a935507fa,bigmommymilkers,72
2026-08-31T18:05:02Z,249,Golden Summoner Ring,6,0xac06dbd4f2b1b174dbb3b67449f0f4245f0f3bc3,spanish,62
2026-08-31T18:05:02Z,249,Golden Summoner Ring,7,0xf00dfac3af2f5b38fe55d50ccf8ffa8c293ea161,dudendy,57
2026-08-31T18:05:02Z,249,Golden Summoner Ring,8,0xbcbcccae5efd1dab247e6428e9e20a9fda8c5abd,oneindigheid,55
2026-08-31T18:05:02Z,249,Golden Summoner Ring,9,0x9dc70f5472a88f3eefa4d515a6b1ec94d9d30d13,sidlovskyy,55
2026-08-31T18:05:02Z,249,Golden Summoner Ring,10,0x2a2376e5e9981c19b15af64d2cdb57c9b94eb1f6,xiskool,54
2026-08-31T18:05:02Z,249,Golden Summoner Ring,11,0x02764ae21333f5777b44cdded3a654a340176fff,bh3320,52
2026-08-31T18:05:02Z,249,Golden Summoner Ring,12,0xbdecab53bb16b74aa1a1715cc4b80db641eac9da,rxch,50
2026-08-31T18:05:02Z,249,Golden Summoner Ring,13,0x0ee9318275c37f0e635bb7c8a455ade252cecf1f,georgysogood,48
2026-08-31T18:05:02Z,249,Golden Summoner Ring,14,0x3629d88069124258ef6bb99c9080d064f42e7206,grumpy,44
2026-08-31T18:05:02Z,249,Golden Summoner Ring,15,0x4f03ea409e546d9ab7eaa6c9b481bcb99c8547e5,coinpie,43
2026-08-31T18:05:02Z,249,Golden Summoner Ring,16,0xfd0cb86676ba86e3033f1d6d333b342880f336df,677willwin,42
2026-08-31T18:05:02Z,249,Golden Summoner Ring,17,0x90c1ed16e9b16db7d031f573d20bead430feb107,jablko,40
2026-08-31T18:05:02Z,249,Golden Summoner Ring,18,0x0357294131b3d5b23c84dfa8e38d7e54358f8ba8,kaiken888,39
2026-08-31T18:05:02Z,249,Golden Summoner Ring,19,0x388d510f0f11ba0762e8c7212645ed873c17a204,otabart,37
2026-08-31T18:05:02Z,249,Golden Summoner Ring,20,0x0a42a67154221c44c9eae98eb7f9cbff2d269a0e,cassowary,27
2026-08-31T18:05:02Z,249,Golden Summoner Ring,21,0x5d94f14bafdc6920e462abaa8285d680d4dfa069,tofu,23
2026-08-31T18:05:02Z,249,Golden Summoner Ring,22,0xbbbfe4cc5c3924f19f6e36e66448b2e3a126b111,cryptologist,23
2026-08-31T18:05:02Z,249,Golden Summoner Ring,23,0x8ccb0988036cf9d2ca7b24ed46a57cf25ce6f92d,chosta,23
2026-08-31T18:05:02Z,249,Golden Summoner Ring,24,0x688410dbc8c331f5945eafc659ae721a447ae975,igloo,20
2026-08-31T18:05:02Z,249,Golden Summoner Ring,25,0x33973ffb41add93b49227241566d3e5fc9ad904b,schemedream,18
2026-08-31T18:05:02Z,249,Golden Summoner Ring,26,0x7b761e4389daf5581708bfe1a26b5d45cc279f2f,gordongrowth,18
2026-08-31T18:05:02Z,249,Golden Summoner Ring,27,0x9c991a85b090aae221ef8418e3ca29279bf2500a,migs,18
2026-08-31T18:05:02Z,249,Golden Summoner Ring,28,0xafe00172cf96544d610bf9b70d549a5e89b83f2d,hungryjay,17
2026-08-31T18:05:02Z,249,Golden Summoner Ring,29,0x7b937e99c1458a485a035a0f06b9d8bf5f842a05,lameak,17
2026-08-31T18:05:02Z,249,Golden Summoner Ring,30,0xeff6c4dcd2b79f502d5d7cb6e6daf70f2536daef,syta,17
2026-08-31T18:05:02Z,249,Golden Summoner Ring,31,0x5ab272231e653c2265bdfae58310021bca37152e,tufbeast,16
2026-08-31T18:05:02Z,249,Golden Summoner Ring,32,0x92569bee8c8b9c1df1c283a0409fcc2b2fede157,phalanx,14
2026-08-31T18:05:02Z,249,Golden Summoner Ring,33,0x3d385f04852ae078d10e2a420f928f227f3e63f3,kellox,12
2026-08-31T18:05:02Z,249,Golden Summoner Ring,34,0x319d278581e5e5a49ef80e795fe81225d9a15200,icedcoffee,12
2026-08-31T18:05:02Z,249,Golden Summoner Ring,35,0xb703799d9f485852c9394a8b2cdb39f5590fd65f,gaijin,11
2026-08-31T18:05:02Z,249,Golden Summoner Ring,36,0x18db144b2f18b025c1f7ee1d86b422fe864ba477,royven,11
2026-08-31T18:05:02Z,249,Golden Summoner Ring,37,0x3c49ca3eda0ce8413f9c433f04322827714c23c3,dmisky,11
2026-08-31T18:05:02Z,249,Golden Summoner Ring,38,0xeb16cc074e0d3a6c87c0c45a6eced5ef92424b31,wiseadmiral,11
2026-08-31T18:05:02Z,249,Golden Summoner Ring,39,0xd2bb5bcaaaa9d2d77a50598055397916780972ca,sinet,11
2026-08-31T18:05:02Z,249,Golden Summoner Ring,40,0xf3143c8e4469a271fa2be6d8775ca2b3bdccf4e2,rmty,9
2026-08-31T18:05:02Z,249,Golden Summoner Ring,41,0x86ed45a7aa5b0c3e9405dbbc3209f1747c074b39,okeyerokey,9
2026-08-31T18:05:02Z,249,Golden Summoner Ring,42,0x8045784a3a7209a24eb09a5a2bc4f9e6fb67782b,kangboksoon,8
2026-08-31T18:05:02Z,249,Golden Summoner Ring,43,0x4366b9a2417631b2647a8d67608638d973fade33,epicser,8
2026-08-31T18:05:02Z,249,Golden Summoner Ring,44,0xce3bc9c7e6b1a4082f9853f6f796e604148b2583,classicj,8
2026-08-31T18:05:02Z,249,Golden Summoner Ring,45,0xd15481578c11b4e5b8f241c412899a0bdd704408,wholistic,7
2026-08-31T18:05:02Z,249,Golden Summoner Ring,46,0x3eda210ff41e2b2d1658ca5ebe0b80a376c7e0f4,astarta,7
2026-08-31T18:05:02Z,249,Golden Summoner Ring,47,0x161f91374506a85ed9063e90c4c217d8697d6471,proofofely,7
2026-08-31T18:05:02Z,249,Golden Summoner Ring,48,0xb0d90d52c7389824d4b22c06bcdccd734e3162b7,ezsnipe,7
2026-08-31T18:05:02Z,249,Golden Summoner Ring,49,0x867a70d280830fc91f5441449ef37dfa403924a8,eydrian,7
2026-08-31T18:05:02Z,249,Golden Summoner Ring,50,0x381dd397e721c72ce321a1ebaf96ce04f4422ac0,suckmydirtydick,6
2026-08-31T18:05:02Z,249,Golden Summoner Ring,51,0x1a5fd36d4b15dd6b5f6eba46c42b1fa697fa4f3a,melbo,6
2026-08-31T18:05:02Z,249,Golden Summoner Ring,52,0x99278037b2150c577ef1038ceca08db8684bba95,0xfuture,6
2026-08-31T18:05:02Z,249,Golden Summoner Ring,53,0xf343348aef03fea785a6a55f1db870c94f6afb4f,billybob,6
2026-08-31T18:05:02Z,249,Golden Summoner Ring,54,0xc577c2f43ffba49d965a8c153f330ba3daad3b73,snake,6
2026-08-31T18:05:02Z,249,Golden Summoner Ring,55,0x67369c3e524d370daebc36d9ab3320fafc71eead,roblox,6
2026-08-31T18:05:02Z,249,Golden Summoner Ring,56,0x08f4fc19fdee64babf4bda2b0b6e30d3b8683025,aponroflon,6
2026-08-31T18:05:02Z,249,Golden Summoner Ring,57,0x95233e2ec170b4ba0e2208c1ec89f3b87f8b18c7,gambit,6
2026-08-31T18:05:02Z,249,Golden Summoner Ring,58,0xd1c76125cb2751750ddb2afded780c6f5b7a3cbc,kace,6
2026-08-31T18:05:02Z,249,Golden Summoner Ring,59,0x6479013c37f56cecc6e77fcfece208645324f5cb,lightning,6
2026-08-31T18:05:02Z,249,Golden Summoner Ring,60,0xef58ad6d6bcaf054da34948c88e7e91a052dc0fa,kraven,5
2026-08-31T18:05:02Z,249,Golden Summoner Ring,61,0x23244cc893df1ff2916ee2e492b65bec74b2760c,bunyoo,5
2026-08-31T18:05:02Z,249,Golden Summoner Ring,62,0x77b56d73521061c92ce7bf006dc77587fa7368c2,beizan,5
2026-08-31T18:05:02Z,249,Golden Summoner Ring,63,0x2dad623c8e23645751d0671adb4a02b246285515,fragi,5
2026-08-31T18:05:02Z,249,Golden Summoner Ring,64,0xc9f27e68912aae40bb60c17b5634b3e74bbb16ab,minebuu,5
2026-08-31T18:05:02Z,249,Golden Summoner Ring,65,0xf6182bb74c82ddeaf96c43cc60eccfb070bc0b57,cryptogrit,5
2026-08-31T18:05:02Z,249,Golden Summoner Ring,66,0x1114d62a0148f458040fbf2ddb945560398ca5f0,soma,5
2026-08-31T18:05:02Z,249,Golden Summoner Ring,67,0xe90a9bdb63e9ba04a7f3e95140ff803f2f377f5e,vova,5
2026-08-31T18:05:02Z,249,Golden Summoner Ring,68,0xf3eaf60c6be58eb9853e71219801c06ad8969f0e,relicguy,5
2026-08-31T18:05:02Z,249,Golden Summoner Ring,69,0xc3ae9ac69d672368539413235938277ce19fc270,bollin,4
2026-08-31T18:05:02Z,249,Golden Summoner Ring,70,0x8c86b43762e80f15a483dba543a31cd96e48e456,n00b,4
2026-08-31T18:05:02Z,249,Golden Summoner Ring,71,0x0d1df94f0106ce5bd92138d43c8551cad530c169,vermo,4
2026-08-31T18:05:02Z,249,Golden Summoner Ring,72,0xdbd4749050752504d9017484f82a75dff9592cd1,tron,4
2026-08-31T18:05:02Z,249,Golden Summoner Ring,73,0x7174f8e3a3a2b777911dd6be31d92631a5052ab0,0xkingyo,4
2026-08-31T18:05:02Z,249,Golden Summoner Ring,74,0x89ca1ffe78d575447514790ea0b141c7c44d9332,tice,4
2026-08-31T18:05:02Z,249,Golden Summoner Ring,75,0x0fec947904065bf920e97aae5042ef1e31268e76,matcha,3
2026-08-31T18:05:02Z,249,Golden Summoner Ring,76,0x4ebc17059cfc143d86fb92ed707805d68142e3ec,ponziscam,3
2026-08-31T18:05:02Z,249,Golden Summoner Ring,77,0xfff195795e606cbfa76e1c72c7ed6731df91d83d,pan1c,3
2026-08-31T18:05:02Z,249,Golden Summoner Ring,78,0x0649976f6dd8a2589af8790076f2c08909dd9337,debora,3
2026-08-31T18:05:02Z,249,Golden Summoner Ring,79,0x0b2291da8091128352c2464f1072cf4211144744,moritz,3
2026-08-31T18:05:02Z,249,Golden Summoner Ring,80,0x2d13b12254a7da18b5634c54f74fd73cdd504777,wiseone,3
2026-08-31T18:05:02Z,249,Golden Summoner Ring,81,0x9e3eddb26f9ce62782e544f2a5366c4e2296bce2,og_ayri,3
2026-08-31T18:05:02Z,249,Golden Summoner Ring,82,0x598da7a9442f75387c0b3495656f000120ff0eea,demon87,3
2026-08-31T18:05:02Z,249,Golden Summoner Ring,83,0x844d58714aa3fed998f898cbce1b0ddc4550304f,jiren,3
2026-08-31T18:05:02Z,249,Golden Summoner Ring,84,0x49826f26fd526c52c7b18d0f2866b6e158328eec,lilvibe,3
2026-08-31T18:05:02Z,249,Golden Summoner Ring,85,0xd241569d27278c7dc650aa6808356f21589b7b27,ziirup,3
2026-08-31T18:05:02Z,249,Golden Summoner Ring,86,0xdff0b31e34a4c0282ac3db35466e091b43c3053e,becks,3
2026-08-31T18:05:02Z,249,Golden Summoner Ring,87,0xd5e897b2618c9da1d02ea9c0a286eb591e5bf64b,monkeylord,2
2026-08-31T18:05:02Z,249,Golden Summoner Ring,88,0x2d893c9f463c94593bc12b65273c5b9f9aa4a113,cubbix,2
2026-08-31T18:05:02Z,249,Golden Summoner Ring,89,0x562ffbc839b608e35646e9de40591b5145bcc6f5,aizcalibur,2
2026-08-31T18:05:02Z,249,Golden Summoner Ring,90,0xe4c92dfd2b82ff488ee4e0744e78959f8cc2c24c,jonh94,2
2026-08-31T18:05:02Z,249,Golden Summoner Ring,91,0xd9233b0c7017055eb9cca10a95b214ac89fe905a,soroka,2
2026-08-31T18:05:02Z,249,Golden Summoner Ring,92,0x7a94e1c024600556a31ef90ceb5357231c4f5f2e,twoseven5,2
2026-08-31T18:05:02Z,249,Golden Summoner Ring,93,0x11fafc463c9a9d5cfc54441e501f93b93a205fe7,alinasser,2
2026-08-31T18:05:02Z,249,Golden Summoner Ring,94,0x5c4eccb4a3a7082a75c01c7608ea35f4350630a6,sedicol,2
2026-08-31T18:05:02Z,249,Golden Summoner Ring,95,0xea04f13937031d59bf466c9c79d70a9c41a79a4a,sandsman,2
2026-08-31T18:05:02Z,249,Golden Summoner Ring,96,0xb70d8072d659492c3848bfe7e286b625621b4877,albaniaman,2
2026-08-31T18:05:02Z,249,Golden Summoner Ring,97,0x08a2d01e6e306911ea7032077cf0bf924a1092ea,lemz,2
2026-08-31T18:05:02Z,249,Golden Summoner Ring,98,0x9b3ef1d5b7472560cf6241949b2485e456aa37a0,bush1do,2
2026-08-31T18:05:02Z,249,Golden Summoner Ring,99,0x469998f2fa8aaa2648fef6fc3902268f315195ef,mrgold,2
2026-08-31T18:05:02Z,249,Golden Summoner Ring,100,0x16e76988594556819213eb2056a45a563debaf95,dirty,2
2026-09-01T18:05:03Z,134,Chobo Silver Ring,1,0xd678b718f70389dbdd2d447df23333641e8f7480,yanik,683
2026-09-01T18:05:03Z,134,Chobo Silver Ring,2,0x9dc70f5472a88f3eefa4d515a6b1ec94d9d30d13,sidlovskyy,425
2026-09-01T18:05:03Z,134,Chobo Silver Ring,3,0xf00dfac3af2f5b38fe55d50ccf8ffa8c293ea161,dudendy,390
2026-09-01T18:05:03Z,134,Chobo Silver Ring,4,0x73a9ffdaaf53723f1d08403f613870cddd6e18fc,suspicious,360
2026-09-01T18:05:03Z,134,Chobo Silver Ring,5,0xe90a9bdb63e9ba04a7f3e95140ff803f2f377f5e,vova,225
2026-09-01T18:05:03Z,134,Chobo Silver Ring,6,0x2a2376e5e9981c19b15af64d2cdb57c9b94eb1f6,xiskool,210
2026-09-01T18:05:03Z,134,Chobo Silver Ring,7,0x0ee9318275c37f0e635bb7c8a455ade252cecf1f,georgysogood,172
2026-09-01T18:05:03Z,134,Chobo Silver Ring,8,0x4e16f03fafc94af2d0b79d2d15d3d54f7c9f04fa,recluseham,168
2026-09-01T18:05:03Z,134,Chobo Silver Ring,9,0xeed7c6b2af48249a040c9e5d59437670889c7e07,lilwassie,163
2026-09-01T18:05:03Z,134,Chobo Silver Ring,10,0x95233e2ec170b4ba0e2208c1ec89f3b87f8b18c7,gambit,134
2026-09-01T18:05:03Z,134,Chobo Silver Ring,11,0x2ab7adbf3685c74d2e300c9c0e676b1bf6027ac5,0xn00b,129
2026-09-01T18:05:03Z,134,Chobo Silver Ring,12,0x3eda210ff41e2b2d1658ca5ebe0b80a376c7e0f4,astarta,104
2026-09-01T18:05:03Z,134,Chobo Silver Ring,13,0xe4b1f5eb3da2195f8d41a052229a7eec3c4e6ed8,azoni,101
2026-09-01T18:05:03Z,134,Chobo Silver Ring,14,0x161f91374506a85ed9063e90c4c217d8697d6471,proofofely,100
2026-09-01T18:05:03Z,134,Chobo Silver Ring,15,0x23244cc893df1ff2916ee2e492b65bec74b2760c,bunyoo,96
2026-09-01T18:05:03Z,134,Chobo Silver Ring,16,0xbdecab53bb16b74aa1a1715cc4b80db641eac9da,rxch,95
2026-09-01T18:05:03Z,134,Chobo Silver Ring,17,0xac06dbd4f2b1b174dbb3b67449f0f4245f0f3bc3,spanish,91
2026-09-01T18:05:03Z,134,Chobo Silver Ring,18,0x95f92440789e364f3a167069b899c84b02f92254,axion,86
2026-09-01T18:05:03Z,134,Chobo Silver Ring,19,0x388d510f0f11ba0762e8c7212645ed873c17a204,otabart,84
2026-09-01T18:05:03Z,134,Chobo Silver Ring,20,0xb0f42c12dd7e28f0deafe74fdf603782c430f896,stellarhobbes,84
2026-09-01T18:05:03Z,134,Chobo Silver Ring,21,0x0a42a67154221c44c9eae98eb7f9cbff2d269a0e,cassowary,84
2026-09-01T18:05:03Z,134,Chobo Silver Ring,22,0x55085ade6c1c39b64cd27099993c5dc933bbed35,bigdogga,74
2026-09-01T18:05:03Z,134,Chobo Silver Ring,23,0x02764ae21333f5777b44cdded3a654a340176fff,bh3320,69
2026-09-01T18:05:03Z,134,Chobo Silver Ring,24,0x69c4cc0147fbc23965896fb18a1ccea92230ed1b,afropengu,61
2026-09-01T18:05:03Z,134,Chobo Silver Ring,25,0xce3bc9c7e6b1a4082f9853f6f796e604148b2583,classicj,58
2026-09-01T18:05:03Z,134,Chobo Silver Ring,26,0x3d385f04852ae078d10e2a420f928f227f3e63f3,kellox,56
2026-09-01T18:05:03Z,134,Chobo Silver Ring,27,0x469998f2fa8aaa2648fef6fc3902268f315195ef,mrgold,54
2026-09-01T18:05:03Z,134,Chobo Silver Ring,28,0x19342b9e3f123e373e24f1eea9bb5a1a935507fa,bigmommymilkers,54
2026-09-01T18:05:03Z,134,Chobo Silver Ring,29,0xb2042611b4987ba8be9efd6cc1165f09e7c694a8,joblessathena,53
2026-09-01T18:05:03Z,134,Chobo Silver Ring,30,0xafe00172cf96544d610bf9b70d549a5e89b83f2d,hungryjay,52
2026-09-01T18:05:03Z,134,Chobo Silver Ring,31,0x9b3ef1d5b7472560cf6241949b2485e456aa37a0,bush1do,50
2026-09-01T18:05:03Z,134,Chobo Silver Ring,32,0x0b2291da8091128352c2464f1072cf4211144744,moritz,47
2026-09-01T18:05:03Z,134,Chobo Silver Ring,33,0x65a934bd2113318315e7f4c8f6108b92e2be9292,hetfield,46
2026-09-01T18:05:03Z,134,Chobo Silver Ring,34,0x4ec977a8e80c4099a44f8ae53a48281448471342,terrestra,46
2026-09-01T18:05:03Z,134,Chobo Silver Ring,35,0x688410dbc8c331f5945eafc659ae721a447ae975,igloo,44
2026-09-01T18:05:03Z,134,Chobo Silver Ring,36,0x7e6cb1e3f70e681c2f31d52adc2b1d09d6edf232,resuka,44
2026-09-01T18:05:03Z,134,Chobo Silver Ring,37,0xbddef3e050261365464e40d086b91f5100b13108,thattonton,44
2026-09-01T18:05:03Z,134,Chobo Silver Ring,38,0x9c991a85b090aae221ef8418e3ca29279bf2500a,migs,43
2026-09-01T18:05:03Z,134,Chobo Silver Ring,39,0x7b924f8164ff2311680a0431f05e6bcde6a3f954,det0n,41
2026-09-01T18:05:03Z,134,Chobo Silver Ring,40,0xcf29253e7c1e908d4091c9be85522893c77f0fc8,ciri,40
2026-09-01T18:05:03Z,134,Chobo Silver Ring,41,0x4f03ea409e546d9ab7eaa6c9b481bcb99c8547e5,coinpie,39
2026-09-01T18:05:03Z,134,Chobo Silver Ring,42,0xa8a956a5690cc81bb367da2c2f6f1796be2b3c30,scottco,38
2026-09-01T18:05:03Z,134,Chobo Silver Ring,43,0x32cb224f344a9aa22c5d2e699f24d3928e6ca06f,d3r0,38
2026-09-01T18:05:03Z,134,Chobo Silver Ring,44,0x8298dfc90c0119379f265b4dad6e9f0e8359a80e,userbased,37
2026-09-01T18:05:03Z,134,Chobo Silver Ring,45,0xbbdca17d69518306b61d26b54b5a6c61e6c0bba1,9stx6,37
2026-09-01T18:05:03Z,134,Chobo Silver Ring,46,0xa134a3dfa4cb010873db8012d5b360d97ba80c28,winner,37
2026-09-01T18:05:03Z,134,Chobo Silver Ring,47,0x9ce44e274bce511788c6ac81eafdb71fe920d4ee,deanoxbt,36
2026-09-01T18:05:03Z,134,Chobo Silver Ring,48,0x1114d62a0148f458040fbf2ddb945560398ca5f0,soma,35
2026-09-01T18:05:03Z,134,Chobo Silver Ring,49,0x6a31fe60046a9da9867bccbe48378893906099f5,airmangataos,35
2026-09-01T18:05:03Z,134,Chobo Silver Ring,50,0x33973ffb41add93b49227241566d3e5fc9ad904b,schemedream,34
2026-09-01T18:05:03Z,134,Chobo Silver Ring,51,0xc3ae9ac69d672368539413235938277ce19fc270,bollin,34
2026-09-01T18:05:03Z,134,Chobo Silver Ring,52,0x0cc677b008149e08e468fe7da539e5dd24eb05dd,yashiw,33
2026-09-01T18:05:03Z,134,Chobo Silver Ring,53,0xe9a0904b53c6e9d7285440142ea3f0c96b69fcfa,karabas666,33
2026-09-01T18:05:03Z,134,Chobo Silver Ring,54,0x908c7c7f0266da791bae52b9ecac8c34ca73d9f4,mangas,33
2026-09-01T18:05:03Z,134,Chobo Silver Ring,55,0x6f8b27fe779070967417cc02447b231b5c14b843,souvx,32
2026-09-01T18:05:03Z,134,Chobo Silver Ring,56,0xe6b6cbab6c586d64025ffaea1548f3f09dabe6c2,milkshake,32
2026-09-01T18:05:03Z,134,Chobo Silver Ring,57,0x90bef28cbd710d4acea9efe1ae8457eeda8c65ec,snggamer,30
2026-09-01T18:05:03Z,134,Chobo Silver Ring,58,0x9271e9969b98083d53bcf3c82ecf2a87b717500d,fefer,30
2026-09-01T18:05:03Z,134,Chobo Silver Ring,59,0xfc32e5cfbea49a2f1d21936eec0a7722a6c2d4a7,tacolauncher,30
2026-09-01T18:05:03Z,134,Chobo Silver Ring,60,0x88cfbbebdd22210c007be8acc0d2a86cd25018f3,praniuk,30
2026-09-01T18:05:03Z,134,Chobo Silver Ring,61,0xb0d90d52c7389824d4b22c06bcdccd734e3162b7,ezsnipe,29
2026-09-01T18:05:03Z,134,Chobo Silver Ring,62,0x663ac0e621bd9bbd47100768d3ce98f0e25a7b21,skoheels,29
2026-09-01T18:05:03Z,134,Chobo Silver Ring,63,0xdd1722d7f70a5786da9e14bab66a373ee00878f2,abolfazlkk,29
2026-09-01T18:05:03Z,134,Chobo Silver Ring,64,0x5f90cae78f02a95633e596c1841c6ef41fb431b2,pechou,29
2026-09-01T18:05:03Z,134,Chobo Silver Ring,65,0x40bfc8a6d3283958d3b70dc68049a78038a0f2e3,playaway,28
2026-09-01T18:05:03Z,134,Chobo Silver Ring,66,0xfbc69d3a79e76a4b003b5411200c8bd2fca8b57d,skaffatar,28
2026-09-01T18:05:03Z,134,Chobo Silver Ring,67,0x01082d01888902fdad71578bf989d342b71151ec,lowbank,27
2026-09-01T18:05:03Z,134,Chobo Silver Ring,68,0xb29f073a9e2946d805714c9030b191ee6afed445,hitagi,27
2026-09-01T18:05:03Z,134,Chobo Silver Ring,69,0x25fb85df6ac78c8b63e5e2b10e31fa36e72c2d38,bigpenis,26
2026-09-01T18:05:03Z,134,Chobo Silver Ring,70,0xaed39522670a5d146eb57289cc05b043bbeb0c19,lazyiv,25
2026-09-01T18:05:03Z,134,Chobo Silver Ring,71,0xb4c3602689229297d255974e90ce4954d9380104,bkbk,25
2026-09-01T18:05:03Z,134,Chobo Silver Ring,72,0xa592221a516dc29a427a57b6951b26962605709c,xxchake,25
2026-09-01T18:05:03Z,134,Chobo Silver Ring,73,0x5f018c6e9b3b0d9c23e144bc5b2f4d82fc9b3650,jjangbang,24
2026-09-01T18:05:03Z,134,Chobo Silver Ring,74,0x378f0bda88d7255f95afef6029799df500a6cc66,lamperouge,24
2026-09-01T18:05:03Z,134,Chobo Silver Ring,75,0x4ebc17059cfc143d86fb92ed707805d68142e3ec,ponziscam,24
2026-09-01T18:05:03Z,134,Chobo Silver Ring,76,0x49aa7176ee7ce63c8e9d543c172ec1fda0770477,pronya,24
2026-09-01T18:05:03Z,134,Chobo Silver Ring,77,0x13fe8fe08a0d824cd44b8d13f813891b6532f59e,morror,24
2026-09-01T18:05:03Z,134,Chobo Silver Ring,78,0x7b761e4389daf5581708bfe1a26b5d45cc279f2f,gordongrowth,24
2026-09-01T18:05:03Z,134,Chobo Silver Ring,79,0xe9492cb0f3ad2401d909e0fa545cddd81eb5f141,mishkaaa,24
2026-09-01T18:05:03Z,134,Chobo Silver Ring,80,0x5168a8f95a5bce4f4918884b2db51132d8f3bbf1,neveli,24
2026-09-01T18:05:03Z,134,Chobo Silver Ring,81,0x36ef5b58dad1c055002c26c9c5a6787d09645edf,gibar,24
2026-09-01T18:05:03Z,134,Chobo Silver Ring,82,0xd82311e0ddcff7cad1be090763d4f6d7ba1c290a,vims,23
2026-09-01T18:05:03Z,134,Chobo Silver Ring,83,0xdcf62adfc2193b3997947424583654689bcfd391,tekmeneth,23
2026-09-01T18:05:03Z,134,Chobo Silver Ring,84,0x0c0a71e32e1954635e2dde143ed9e59fe471fb94,kryy,23
2026-09-01T18:05:03Z,134,Chobo Silver Ring,85,0xff6bddba3937f03b495b4efb304194d2cbc488ca,lizardmafia,23
2026-09-01T18:05:03Z,134,Chobo Silver Ring,86,0x78b3c75839e125935d0322202f67eda979d0d6e8,sa1lar,23
2026-09-01T18:05:03Z,134,Chobo Silver Ring,87,0xfb4f086ba201a8f32805eb82a431a1dacc3f08b2,obivan,23
2026-09-01T18:05:03Z,134,Chobo Silver Ring,88,0x7528c1732168ace7027b18ec184d8cd6984f9eac,druid,21
2026-09-01T18:05:03Z,134,Chobo Silver Ring,89,0xc34c29733dcf130f75090464ced47275d88e3419,basedcamp,20
2026-09-01T18:05:03Z,134,Chobo Silver Ring,90,0x5f28eb5481eb2b2ef39d6d072fabad1026d52e69,wegowego,20
2026-09-01T18:05:03Z,134,Chobo Silver Ring,91,0x8ed20f071287100fafca51c94b5d6d0d8340aef9,joseprust,20
2026-09-01T18:05:03Z,134,Chobo Silver Ring,92,0x53c5e9ffb362ec22fc172400bc6209819cb3a301,k1sel,20
2026-09-01T18:05:03Z,134,Chobo Silver Ring,93,0x9a49c905c2cca8115d330572b494c6602aba6e1e,supportprime,20
2026-09-01T18:05:03Z,134,Chobo Silver Ring,94,0x1fa2d99af8af14a397129728bb7fbcc192d14196,axaxa,20
2026-09-01T18:05:03Z,134,Chobo Silver Ring,95,0xbcbcccae5efd1dab247e6428e9e20a9fda8c5abd,oneindigheid,19
2026-09-01T18:05:03Z,134,Chobo Silver Ring,96,0x86ddd23ac3d0c0330bd5fab2948a63b6b6cfa3bc,andpeu_kpyt,19
2026-09-01T18:05:03Z,134,Chobo Silver Ring,97,0x844d58714aa3fed998f898cbce1b0ddc4550304f,jiren,19
2026-09-01T18:05:03Z,134,Chobo Silver Ring,98,0xb5c3d6cf8c3a79166f33cc50f3e5eaee6c8a3d2e,knight,19
2026-09-01T18:05:03Z,134,Chobo Silver Ring,99,0x92599bdd1ded8d462c58972f6c3badbb39cd06ba,trukreal,19
2026-09-01T18:05:03Z,134,Chobo Silver Ring,100,0x726f5883c555c2f0c3f6e4c07bdc0645c86c5a72,scandal,19
2026-09-01T18:05:03Z,135,Crusader Silver Ring,1,0xd678b718f70389dbdd2d447df23333641e8f7480,yanik,686
2026-09-01T18:05:03Z,135,Crusader Silver Ring,2,0x9dc70f5472a88f3eefa4d515a6b1ec94d9d30d13,sidlovskyy,456
2026-09-01T18:05:03Z,135,Crusader Silver Ring,3,0xf00dfac3af2f5b38fe55d50ccf8ffa8c293ea161,dudendy,436
2026-09-01T18:05:03Z,135,Crusader Silver Ring,4,0x73a9ffdaaf53723f1d08403f613870cddd6e18fc,suspicious,338
2026-09-01T18:05:03Z,135,Crusader Silver Ring,5,0x2a2376e5e9981c19b15af64d2cdb57c9b94eb1f6,xiskool,236
2026-09-01T18:05:03Z,135,Crusader Silver Ring,6,0x0ee9318275c37f0e635bb7c8a455ade252cecf1f,georgysogood,177
2026-09-01T18:05:03Z,135,Crusader Silver Ring,7,0x0c0a71e32e1954635e2dde143ed9e59fe471fb94,kryy,168
2026-09-01T18:05:03Z,135,Crusader Silver Ring,8,0x3eda210ff41e2b2d1658ca5ebe0b80a376c7e0f4,astarta,138
2026-09-01T18:05:03Z,135,Crusader Silver Ring,9,0x23244cc893df1ff2916ee2e492b65bec74b2760c,bunyoo,127
2026-09-01T18:05:03Z,135,Crusader Silver Ring,10,0x95233e2ec170b4ba0e2208c1ec89f3b87f8b18c7,gambit,124
2026-09-01T18:05:03Z,135,Crusader Silver Ring,11,0x0b2291da8091128352c2464f1072cf4211144744,moritz,120
2026-09-01T18:05:03Z,135,Crusader Silver Ring,12,0x4e16f03fafc94af2d0b79d2d15d3d54f7c9f04fa,recluseham,111
2026-09-01T18:05:03Z,135,Crusader Silver Ring,13,0x95f92440789e364f3a167069b899c84b02f92254,axion,106
2026-09-01T18:05:03Z,135,Crusader Silver Ring,14,0x2ab7adbf3685c74d2e300c9c0e676b1bf6027ac5,0xn00b,102
2026-09-01T18:05:03Z,135,Crusader Silver Ring,15,0xbdecab53bb16b74aa1a1715cc4b80db641eac9da,rxch,95
2026-09-01T18:05:03Z,135,Crusader Silver Ring,16,0x0a42a67154221c44c9eae98eb7f9cbff2d269a0e,cassowary,84
2026-09-01T18:05:03Z,135,Crusader Silver Ring,17,0x02764ae21333f5777b44cdded3a654a340176fff,bh3320,75
2026-09-01T18:05:03Z,135,Crusader Silver Ring,18,0x95f3c63ee60f5efc58bc6672b1a12314d67a6881,pro_mint,73
2026-09-01T18:05:03Z,135,Crusader Silver Ring,19,0xce3bc9c7e6b1a4082f9853f6f796e604148b2583,classicj,71
2026-09-01T18:05:03Z,135,Crusader Silver Ring,20,0xb2042611b4987ba8be9efd6cc1165f09e7c694a8,joblessathena,70
2026-09-01T18:05:03Z,135,Crusader Silver Ring,21,0x6a31fe60046a9da9867bccbe48378893906099f5,airmangataos,68
2026-09-01T18:05:03Z,135,Crusader Silver Ring,22,0x9b3ef1d5b7472560cf6241949b2485e456aa37a0,bush1do,66
2026-09-01T18:05:03Z,135,Crusader Silver Ring,23,0xa8a956a5690cc81bb367da2c2f6f1796be2b3c30,scottco,63
2026-09-01T18:05:03Z,135,Crusader Silver Ring,24,0x388d510f0f11ba0762e8c7212645ed873c17a204,otabart,61
2026-09-01T18:05:03Z,135,Crusader Silver Ring,25,0xe4b1f5eb3da2195f8d41a052229a7eec3c4e6ed8,azoni,58
2026-09-01T18:05:03Z,135,Crusader Silver Ring,26,0x19342b9e3f123e373e24f1eea9bb5a1a935507fa,bigmommymilkers,57
2026-09-01T18:05:03Z,135,Crusader Silver Ring,27,0xbddef3e050261365464e40d086b91f5100b13108,thattonton,57
2026-09-01T18:05:03Z,135,Crusader Silver Ring,28,0x469998f2fa8aaa2648fef6fc3902268f315195ef,mrgold,54
2026-09-01T18:05:03Z,135,Crusader Silver Ring,29,0xac06dbd4f2b1b174dbb3b67449f0f4245f0f3bc3,spanish,54
2026-09-01T18:05:03Z,135,Crusader Silver Ring,30,0x9c991a85b090aae221ef8418e3ca29279bf2500a,migs,54
2026-09-01T18:05:03Z,135,Crusader Silver Ring,31,0xb0d90d52c7389824d4b22c06bcdccd734e3162b7,ezsnipe,48
2026-09-01T18:05:03Z,135,Crusader Silver Ring,32,0x7e6cb1e3f70e681c2f31d52adc2b1d09d6edf232,resuka,44
2026-09-01T18:05:03Z,135,Crusader Silver Ring,33,0xcf29253e7c1e908d4091c9be85522893c77f0fc8,ciri,40
2026-09-01T18:05:03Z,135,Crusader Silver Ring,34,0x69c4cc0147fbc23965896fb18a1ccea92230ed1b,afropengu,40
2026-09-01T18:05:03Z,135,Crusader Silver Ring,35,0xa134a3dfa4cb010873db8012d5b360d97ba80c28,winner,40
2026-09-01T18:05:03Z,135,Crusader Silver Ring,36,0x7b924f8164ff2311680a0431f05e6bcde6a3f954,det0n,39
2026-09-01T18:05:03Z,135,Crusader Silver Ring,37,0x4f03ea409e546d9ab7eaa6c9b481bcb99c8547e5,coinpie,39
2026-09-01T18:05:03Z,135,Crusader Silver Ring,38,0xe90a9bdb63e9ba04a7f3e95140ff803f2f377f5e,vova,39
2026-09-01T18:05:03Z,135,Crusader Silver Ring,39,0xc3ae9ac69d672368539413235938277ce19fc270,bollin,38
2026-09-01T18:05:03Z,135,Crusader Silver Ring,40,0x32cb224f344a9aa22c5d2e699f24d3928e6ca06f,d3r0,37
2026-09-01T18:05:03Z,135,Crusader Silver Ring,41,0x3d385f04852ae078d10e2a420f928f227f3e63f3,kellox,36
2026-09-01T18:05:03Z,135,Crusader Silver Ring,42,0xb0f42c12dd7e28f0deafe74fdf603782c430f896,stellarhobbes,36
2026-09-01T18:05:03Z,135,Crusader Silver Ring,43,0xbbdca17d69518306b61d26b54b5a6c61e6c0bba1,9stx6,36
2026-09-01T18:05:03Z,135,Crusader Silver Ring,44,0xeff6c4dcd2b79f502d5d7cb6e6daf70f2536daef,syta,36
2026-09-01T18:05:03Z,135,Crusader Silver Ring,45,0x55085ade6c1c39b64cd27099993c5dc933bbed35,bigdogga,36
2026-09-01T18:05:03Z,135,Crusader Silver Ring,46,0xef58ad6d6bcaf054da34948c88e7e91a052dc0fa,kraven,35
2026-09-01T18:05:03Z,135,Crusader Silver Ring,47,0x5e269213f74f3f53ed7b57e352860cf7493624f0,jesset,33
2026-09-01T18:05:03Z,135,Crusader Silver Ring,48,0xff6bddba3937f03b495b4efb304194d2cbc488ca,lizardmafia,33
2026-09-01T18:05:03Z,135,Crusader Silver Ring,49,0xafe00172cf96544d610bf9b70d549a5e89b83f2d,hungryjay,32
2026-09-01T18:05:03Z,135,Crusader Silver Ring,50,0x33973ffb41add93b49227241566d3e5fc9ad904b,schemedream,32
2026-09-01T18:05:03Z,135,Crusader Silver Ring,51,0xd82311e0ddcff7cad1be090763d4f6d7ba1c290a,vims,32
2026-09-01T18:05:03Z,135,Crusader Silver Ring,52,0x161f91374506a85ed9063e90c4c217d8697d6471,proofofely,32
2026-09-01T18:05:03Z,135,Crusader Silver Ring,53,0x7dabaae6e27f981de192fc58bd4c8daf7b073c30,belik,32
2026-09-01T18:05:03Z,135,Crusader Silver Ring,54,0x688410dbc8c331f5945eafc659ae721a447ae975,igloo,31
2026-09-01T18:05:03Z,135,Crusader Silver Ring,55,0xbbbfe4cc5c3924f19f6e36e66448b2e3a126b111,cryptologist,31
2026-09-01T18:05:03Z,135,Crusader Silver Ring,56,0x162a7c95e2e5a208748a6c024f0699e8eeb74dc4,wexovskiy,31
2026-09-01T18:05:03Z,135,Crusader Silver Ring,57,0x4ebc17059cfc143d86fb92ed707805d68142e3ec,ponziscam,30
2026-09-01T18:05:03Z,135,Crusader Silver Ring,58,0xeed7c6b2af48249a040c9e5d59437670889c7e07,lilwassie,30
2026-09-01T18:05:03Z,135,Crusader Silver Ring,59,0x5168a8f95a5bce4f4918884b2db51132d8f3bbf1,neveli,30
2026-09-01T18:05:03Z,135,Crusader Silver Ring,60,0x6f8b27fe779070967417cc02447b231b5c14b843,souvx,28
2026-09-01T18:05:03Z,135,Crusader Silver Ring,61,0x25fb85df6ac78c8b63e5e2b10e31fa36e72c2d38,bigpenis,28
2026-09-01T18:05:03Z,135,Crusader Silver Ring,62,0xfc32e5cfbea49a2f1d21936eec0a7722a6c2d4a7,tacolauncher,27
2026-09-01T18:05:03Z,135,Crusader Silver Ring,63,0x4c53b2e646a3e01c2b22497753b1560029b5166b,gusine,27
2026-09-01T18:05:03Z,135,Crusader Silver Ring,64,0x01082d01888902fdad71578bf989d342b71151ec,lowbank,27
2026-09-01T18:05:03Z,135,Crusader Silver Ring,65,0x6d91474e416efdb1dd7a0ed68c8892c3b18b08a8,ylooz,27
2026-09-01T18:05:03Z,135,Crusader Silver Ring,66,0x5f28eb5481eb2b2ef39d6d072fabad1026d52e69,wegowego,26
2026-09-01T18:05:03Z,135,Crusader Silver Ring,67,0x92569bee8c8b9c1df1c283a0409fcc2b2fede157,phalanx,25
2026-09-01T18:05:03Z,135,Crusader Silver Ring,68,0x13fe8fe08a0d824cd44b8d13f813891b6532f59e,morror,25
2026-09-01T18:05:03Z,135,Crusader Silver Ring,69,0x09c96dae4254764a02a211f6203dc9489a572602,favorburn,25
2026-09-01T18:05:03Z,135,Crusader Silver Ring,70,0xbd27b0379726a5628487edbc63a648f48f0e2e60,berhelit,25
2026-09-01T18:05:03Z,135,Crusader Silver Ring,71,0x5bb347443887e595820f74f028e837c3766f5923,0xitero,25
2026-09-01T18:05:03Z,135,Crusader Silver Ring,72,0xea04f13937031d59bf466c9c79d70a9c41a79a4a,sandsman,24
2026-09-01T18:05:03Z,135,Crusader Silver Ring,73,0x8c86b43762e80f15a483dba543a31cd96e48e456,n00b,24
2026-09-01T18:05:03Z,135,Crusader Silver Ring,74,0x130eab55f6941f66d4806532d9242cf969b4f036,frontdown,24
2026-09-01T18:05:03Z,135,Crusader Silver Ring,75,0xfa22eafe991cd1166ee4b5ba8236e1eba9105a54,grimreaper,24
2026-09-01T18:05:03Z,135,Crusader Silver Ring,76,0x61fe29db8881f4e0014d5bcac507a8940243bf11,kronovi,24
2026-09-01T18:05:03Z,135,Crusader Silver Ring,77,0xe5ec5ac7505d5fe893a58e0f2d4bb597d07f439d,bell_kraner,24
2026-09-01T18:05:03Z,135,Crusader Silver Ring,78,0xdcf62adfc2193b3997947424583654689bcfd391,tekmeneth,24
2026-09-01T18:05:03Z,135,Crusader Silver Ring,79,0x17e327bb2fdb1a17d9a369e3dd985406ec3824ca,gracieabrams,24
2026-09-01T18:05:03Z,135,Crusader Silver Ring,80,0x58f8cecd8e442b14527531f436c9b27fb8f3f301,cmeptb,24
2026-09-01T18:05:03Z,135,Crusader Silver Ring,81,0xa8f0e3e52e0515f5605fb0632532667e494e7ca6,michmich,24
2026-09-01T18:05:03Z,135,Crusader Silver Ring,82,0x5f90cae78f02a95633e596c1841c6ef41fb431b2,pechou,24
2026-09-01T18:05:03Z,135,Crusader Silver Ring,83,0x3c49ca3eda0ce8413f9c433f04322827714c23c3,dmisky,23
2026-09-01T18:05:03Z,135,Crusader Silver Ring,84,0xfb4f086ba201a8f32805eb82a431a1dacc3f08b2,obivan,23
2026-09-01T18:05:03Z,135,Crusader Silver Ring,85,0x633a05cc1ee8deb99caa0f6f143c1662796beed0,volo,22
2026-09-01T18:05:03Z,135,Crusader Silver Ring,86,0x8ed20f071287100fafca51c94b5d6d0d8340aef9,joseprust,22
2026-09-01T18:05:03Z,135,Crusader Silver Ring,87,0x92ecebfdc8eb148f78e120c08bfe85701554ab96,carlo,22
2026-09-01T18:05:03Z,135,Crusader Silver Ring,88,0xb4c3602689229297d255974e90ce4954d9380104,bkbk,21
2026-09-01T18:05:03Z,135,Crusader Silver Ring,89,0x7c597496f8c2e2ea4be50125c60b91a43fcf8db8,gromwtf,21
2026-09-01T18:05:03Z,135,Crusader Silver Ring,90,0xe510f33bf4792fcca24daa4ede08e4f228950a25,duub,21
2026-09-01T18:05:03Z,135,Crusader Silver Ring,91,0xd369f09014646bfc80d977a0daa62b5940b264b4,qqws,21
2026-09-01T18:05:03Z,135,Crusader Silver Ring,92,0xfbc69d3a79e76a4b003b5411200c8bd2fca8b57d,skaffatar,21
2026-09-01T18:05:03Z,135,Crusader Silver Ring,93,0x549300f79fb33ba2e77344e58b064ede194ef99a,okeydokey,21
2026-09-01T18:05:03Z,135,Crusader Silver Ring,94,0x4046cebd55d5a295dadab5e185980d98b823a300,gigachadpeng,21
2026-09-01T18:05:03Z,135,Crusader Silver Ring,95,0x83becb55eff583800cf1a9a2c03dd4b0fa4d7351,apix,21
2026-09-01T18:05:03Z,135,Crusader Silver Ring,96,0x07484b5b823bb4ec3f1a7ae7eb5e3fffb7bbe09c,agema,21
2026-09-01T18:05:03Z,135,Crusader Silver Ring,97,0x5f018c6e9b3b0d9c23e144bc5b2f4d82fc9b3650,jjangbang,20
2026-09-01T18:05:03Z,135,Crusader Silver Ring,98,0x9271e9969b98083d53bcf3c82ecf2a87b717500d,fefer,20
2026-09-01T18:05:03Z,135,Crusader Silver Ring,99,0x8298dfc90c0119379f265b4dad6e9f0e8359a80e,userbased,20
2026-09-01T18:05:03Z,135,Crusader Silver Ring,100,0xd4394678ec0e7501cb250bba925fa7d07197fd69,dithfucius,20
2026-09-01T18:05:03Z,136,Overseer Silver Ring,1,0xd678b718f70389dbdd2d447df23333641e8f7480,yanik,542
2026-09-01T18:05:03Z,136,Overseer Silver Ring,2,0x9dc70f5472a88f3eefa4d515a6b1ec94d9d30d13,sidlovskyy,440
2026-09-01T18:05:03Z,136,Overseer Silver Ring,3,0xf00dfac3af2f5b38fe55d50ccf8ffa8c293ea161,dudendy,389
2026-09-01T18:05:03Z,136,Overseer Silver Ring,4,0x73a9ffdaaf53723f1d08403f613870cddd6e18fc,suspicious,371
2026-09-01T18:05:03Z,136,Overseer Silver Ring,5,0x2a2376e5e9981c19b15af64d2cdb57c9b94eb1f6,xiskool,196
2026-09-01T18:05:03Z,136,Overseer Silver Ring,6,0x2ab7adbf3685c74d2e300c9c0e676b1bf6027ac5,0xn00b,142
2026-09-01T18:05:03Z,136,Overseer Silver Ring,7,0x3eda210ff41e2b2d1658ca5ebe0b80a376c7e0f4,astarta,127
2026-09-01T18:05:03Z,136,Overseer Silver Ring,8,0xac06dbd4f2b1b174dbb3b67449f0f4245f0f3bc3,spanish,126
2026-09-01T18:05:03Z,136,Overseer Silver Ring,9,0x0ee9318275c37f0e635bb7c8a455ade252cecf1f,georgysogood,123
2026-09-01T18:05:03Z,136,Overseer Silver Ring,10,0x4e16f03fafc94af2d0b79d2d15d3d54f7c9f04fa,recluseham,105
2026-09-01T18:05:03Z,136,Overseer Silver Ring,11,0x161f91374506a85ed9063e90c4c217d8697d6471,proofofely,101
2026-09-01T18:05:03Z,136,Overseer Silver Ring,12,0x95233e2ec170b4ba0e2208c1ec89f3b87f8b18c7,gambit,99
2026-09-01T18:05:03Z,136,Overseer Silver Ring,13,0x95f92440789e364f3a167069b899c84b02f92254,axion,94
2026-09-01T18:05:03Z,136,Overseer Silver Ring,14,0x388d510f0f11ba0762e8c7212645ed873c17a204,otabart,93
2026-09-01T18:05:03Z,136,Overseer Silver Ring,15,0xbdecab53bb16b74aa1a1715cc4b80db641eac9da,rxch,92
2026-09-01T18:05:03Z,136,Overseer Silver Ring,16,0xe90a9bdb63e9ba04a7f3e95140ff803f2f377f5e,vova,89
2026-09-01T18:05:03Z,136,Overseer Silver Ring,17,0x69c4cc0147fbc23965896fb18a1ccea92230ed1b,afropengu,84
2026-09-01T18:05:03Z,136,Overseer Silver Ring,18,0xeed7c6b2af48249a040c9e5d59437670889c7e07,lilwassie,79
2026-09-01T18:05:03Z,136,Overseer Silver Ring,19,0xe4b1f5eb3da2195f8d41a052229a7eec3c4e6ed8,azoni,72
2026-09-01T18:05:03Z,136,Overseer Silver Ring,20,0xb0f42c12dd7e28f0deafe74fdf603782c430f896,stellarhobbes,71
2026-09-01T18:05:03Z,136,Overseer Silver Ring,21,0xa8a956a5690cc81bb367da2c2f6f1796be2b3c30,scottco,70
2026-09-01T18:05:03Z,136,Overseer Silver Ring,22,0x0b2291da8091128352c2464f1072cf4211144744,moritz,69
2026-09-01T18:05:03Z,136,Overseer Silver Ring,23,0xce3bc9c7e6b1a4082f9853f6f796e604148b2583,classicj,69
2026-09-01T18:05:03Z,136,Overseer Silver Ring,24,0x02764ae21333f5777b44cdded3a654a340176fff,bh3320,68
2026-09-01T18:05:03Z,136,Overseer Silver Ring,25,0xb2042611b4987ba8be9efd6cc1165f09e7c694a8,joblessathena,68
2026-09-01T18:05:03Z,136,Overseer Silver Ring,26,0xf2f7e708ef447f9a445120ea0dcf5b4b5d19ac1b,dom1nus,62
2026-09-01T18:05:03Z,136,Overseer Silver Ring,27,0x19342b9e3f123e373e24f1eea9bb5a1a935507fa,bigmommymilkers,62
2026-09-01T18:05:03Z,136,Overseer Silver Ring,28,0x469998f2fa8aaa2648fef6fc3902268f315195ef,mrgold,60
2026-09-01T18:05:03Z,136,Overseer Silver Ring,29,0x23244cc893df1ff2916ee2e492b65bec74b2760c,bunyoo,50
2026-09-01T18:05:03Z,136,Overseer Silver Ring,30,0x9b3ef1d5b7472560cf6241949b2485e456aa37a0,bush1do,49
2026-09-01T18:05:03Z,136,Overseer Silver Ring,31,0x6a31fe60046a9da9867bccbe48378893906099f5,airmangataos,49
2026-09-01T18:05:03Z,136,Overseer Silver Ring,32,0x4f03ea409e546d9ab7eaa6c9b481bcb99c8547e5,coinpie,48
2026-09-01T18:05:03Z,136,Overseer Silver Ring,33,0x7e6cb1e3f70e681c2f31d52adc2b1d09d6edf232,resuka,44
2026-09-01T18:05:03Z,136,Overseer Silver Ring,34,0x3d385f04852ae078d10e2a420f928f227f3e63f3,kellox,43
2026-09-01T18:05:03Z,136,Overseer Silver Ring,35,0xff6bddba3937f03b495b4efb304194d2cbc488ca,lizardmafia,43
2026-09-01T18:05:03Z,136,Overseer Silver Ring,36,0x1114d62a0148f458040fbf2ddb945560398ca5f0,soma,41
2026-09-01T18:05:03Z,136,Overseer Silver Ring,37,0xdd1722d7f70a5786da9e14bab66a373ee00878f2,abolfazlkk,40
2026-09-01T18:05:03Z,136,Overseer Silver Ring,38,0xef58ad6d6bcaf054da34948c88e7e91a052dc0fa,kraven,39
2026-09-01T18:05:03Z,136,Overseer Silver Ring,39,0xc3ae9ac69d672368539413235938277ce19fc270,bollin,39
2026-09-01T18:05:03Z,136,Overseer Silver Ring,40,0xafe00172cf96544d610bf9b70d549a5e89b83f2d,hungryjay,36
2026-09-01T18:05:03Z,136,Overseer Silver Ring,41,0x33973ffb41add93b49227241566d3e5fc9ad904b,schemedream,34
2026-09-01T18:05:03Z,136,Overseer Silver Ring,42,0x0a42a67154221c44c9eae98eb7f9cbff2d269a0e,cassowary,33
2026-09-01T18:05:03Z,136,Overseer Silver Ring,43,0x5168a8f95a5bce4f4918884b2db51132d8f3bbf1,neveli,33
2026-09-01T18:05:03Z,136,Overseer Silver Ring,44,0x55085ade6c1c39b64cd27099993c5dc933bbed35,bigdogga,33
2026-09-01T18:05:03Z,136,Overseer Silver Ring,45,0xd82311e0ddcff7cad1be090763d4f6d7ba1c290a,vims,31
2026-09-01T18:05:03Z,136,Overseer Silver Ring,46,0xaed39522670a5d146eb57289cc05b043bbeb0c19,lazyiv,30
2026-09-01T18:05:03Z,136,Overseer Silver Ring,47,0x4ebc17059cfc143d86fb92ed707805d68142e3ec,ponziscam,30
2026-09-01T18:05:03Z,136,Overseer Silver Ring,48,0xfa22eafe991cd1166ee4b5ba8236e1eba9105a54,grimreaper,30
2026-09-01T18:05:03Z,136,Overseer Silver Ring,49,0xd4394678ec0e7501cb250bba925fa7d07197fd69,dithfucius,30
2026-09-01T18:05:03Z,136,Overseer Silver Ring,50,0xb0d90d52c7389824d4b22c06bcdccd734e3162b7,ezsnipe,30
2026-09-01T18:05:03Z,136,Overseer Silver Ring,51,0xc705cca98c6af9a24d72bb9d0a0077c315217ed3,leleta,30
2026-09-01T18:05:03Z,136,Overseer Silver Ring,52,0x688410dbc8c331f5945eafc659ae721a447ae975,igloo,28
2026-09-01T18:05:03Z,136,Overseer Silver Ring,53,0x32cb224f344a9aa22c5d2e699f24d3928e6ca06f,d3r0,28
2026-09-01T18:05:03Z,136,Overseer Silver Ring,54,0x90bef28cbd710d4acea9efe1ae8457eeda8c65ec,snggamer,27
2026-09-01T18:05:03Z,136,Overseer Silver Ring,55,0x6f8b27fe779070967417cc02447b231b5c14b843,souvx,27
2026-09-01T18:05:03Z,136,Overseer Silver Ring,56,0x7a10d45c461e81e24796f9c83b584756876d24d7,stakeoor,27
2026-09-01T18:05:03Z,136,Overseer Silver Ring,57,0x162a7c95e2e5a208748a6c024f0699e8eeb74dc4,wexovskiy,27
2026-09-01T18:05:03Z,136,Overseer Silver Ring,58,0xeff6c4dcd2b79f502d5d7cb6e6daf70f2536daef,syta,27
2026-09-01T18:05:03Z,136,Overseer Silver Ring,59,0xd785a78da50d2bdf3f2f3a699a0efe6da4fca2cd,kontolodon,26
2026-09-01T18:05:03Z,136,Overseer Silver Ring,60,0x7c2f30cfd0f35b78438711cb7395ba12406e00fe,nickcoolzzz,26
2026-09-01T18:05:03Z,136,Overseer Silver Ring,61,0xbda687405273093167bf658f65473b44c23b3f70,slayton,26
2026-09-01T18:05:03Z,136,Overseer Silver Ring,62,0x25fb85df6ac78c8b63e5e2b10e31fa36e72c2d38,bigpenis,26
2026-09-01T18:05:03Z,136,Overseer Silver Ring,63,0xb29f073a9e2946d805714c9030b191ee6afed445,hitagi,26
2026-09-01T18:05:03Z,136,Overseer Silver Ring,64,0xd2bb5bcaaaa9d2d77a50598055397916780972ca,sinet,26
2026-09-01T18:05:03Z,136,Overseer Silver Ring,65,0x92569bee8c8b9c1df1c283a0409fcc2b2fede157,phalanx,25
2026-09-01T18:05:03Z,136,Overseer Silver Ring,66,0x60ce92f21269cd871a7910e28f0c59a82c05388a,sinon,24
2026-09-01T18:05:03Z,136,Overseer Silver Ring,67,0x9ce44e274bce511788c6ac81eafdb71fe920d4ee,deanoxbt,24
2026-09-01T18:05:03Z,136,Overseer Silver Ring,68,0x9a49c905c2cca8115d330572b494c6602aba6e1e,supportprime,24
2026-09-01T18:05:03Z,136,Overseer Silver Ring,69,0x13fe8fe08a0d824cd44b8d13f813891b6532f59e,morror,23
2026-09-01T18:05:03Z,136,Overseer Silver Ring,70,0x36ef5b58dad1c055002c26c9c5a6787d09645edf,gibar,23
2026-09-01T18:05:03Z,136,Overseer Silver Ring,71,0xbddef3e050261365464e40d086b91f5100b13108,thattonton,23
2026-09-01T18:05:03Z,136,Overseer Silver Ring,72,0xfb4f086ba201a8f32805eb82a431a1dacc3f08b2,obivan,23
2026-09-01T18:05:03Z,136,Overseer Silver Ring,73,0xa1da340729cff1782c83d5cfba586b4451c011ec,tozdelagaro,22
2026-09-01T18:05:03Z,136,Overseer Silver Ring,74,0x7b924f8164ff2311680a0431f05e6bcde6a3f954,det0n,22
2026-09-01T18:05:03Z,136,Overseer Silver Ring,75,0xa96401339fd8a6bed6c22b96620e7ad29a04f1e9,lavr1k,22
2026-09-01T18:05:03Z,136,Overseer Silver Ring,76,0xe6b6cbab6c586d64025ffaea1548f3f09dabe6c2,milkshake,22
2026-09-01T18:05:03Z,136,Overseer Silver Ring,77,0x41141ada36dbf8d069369c3c5d0a34970f3eaf2a,nastyuha,22
2026-09-01T18:05:03Z,136,Overseer Silver Ring,78,0xe9a0904b53c6e9d7285440142ea3f0c96b69fcfa,karabas666,21
2026-09-01T18:05:03Z,136,Overseer Silver Ring,79,0xd15481578c11b4e5b8f241c412899a0bdd704408,wholistic,21
2026-09-01T18:05:03Z,136,Overseer Silver Ring,80,0x130eab55f6941f66d4806532d9242cf969b4f036,frontdown,21
2026-09-01T18:05:03Z,136,Overseer Silver Ring,81,0xbbdca17d69518306b61d26b54b5a6c61e6c0bba1,9stx6,21
2026-09-01T18:05:03Z,136,Overseer Silver Ring,82,0xa8f0e3e52e0515f5605fb0632532667e494e7ca6,michmich,21
2026-09-01T18:05:03Z,136,Overseer Silver Ring,83,0x01082d01888902fdad71578bf989d342b71151ec,lowbank,21
2026-09-01T18:05:03Z,136,Overseer Silver Ring,84,0x7528c1732168ace7027b18ec184d8cd6984f9eac,druid,21
2026-09-01T18:05:03Z,136,Overseer Silver Ring,85,0xcf29253e7c1e908d4091c9be85522893c77f0fc8,ciri,20
2026-09-01T18:05:03Z,136,Overseer Silver Ring,86,0xfc32e5cfbea49a2f1d21936eec0a7722a6c2d4a7,tacolauncher,20
2026-09-01T18:05:03Z,136,Overseer Silver Ring,87,0xfbfc822ee4989b2b4b9b18e4035ff72335cbb16e,jame7,20
2026-09-01T18:05:03Z,136,Overseer Silver Ring,88,0x726f5883c555c2f0c3f6e4c07bdc0645c86c5a72,scandal,20
2026-09-01T18:05:03Z,136,Overseer Silver Ring,89,0x9271e9969b98083d53bcf3c82ecf2a87b717500d,fefer,19
2026-09-01T18:05:03Z,136,Overseer Silver Ring,90,0x40bfc8a6d3283958d3b70dc68049a78038a0f2e3,playaway,19
2026-09-01T18:05:03Z,136,Overseer Silver Ring,91,0x22241868ad341e77e2bc9142816000f43641e280,zoro,19
2026-09-01T18:05:03Z,136,Overseer Silver Ring,92,0x61fe29db8881f4e0014d5bcac507a8940243bf11,kronovi,19
2026-09-01T18:05:03Z,136,Overseer Silver Ring,93,0x15c0c948d3ea9a67b05319f40871de7bf5003db3,przyborleonedw,19
2026-09-01T18:05:03Z,136,Overseer Silver Ring,94,0x08f4fc19fdee64babf4bda2b0b6e30d3b8683025,aponroflon,19
2026-09-01T18:05:03Z,136,Overseer Silver Ring,95,0x2700043667f8f02edda9fd599c54ff6de0c257a7,kalikula,19
2026-09-01T18:05:03Z,136,Overseer Silver Ring,96,0x88656e17cd2af1f05006d7a49d2cf7f5a806e337,lilstovetop,19
2026-09-01T18:05:03Z,136,Overseer Silver Ring,97,0xbb07b59c07b5be89c6cab7e00328505a75b29f76,archetype,18
2026-09-01T18:05:03Z,136,Overseer Silver Ring,98,0x190e541e5b614eb6393f1f997a6092f48efecc4e,smo69,18
2026-09-01T18:05:03Z,136,Overseer Silver Ring,99,0x42101047e28d46a2a1f337f0f02d0ea2c0cdae2b,ronin,18
2026-09-01T18:05:03Z,136,Overseer Silver Ring,100,0x97957d9162764799de0298f9e7ec07a0bc65ca5c,tits,18
2026-09-01T18:05:03Z,137,Athena Silver Ring,1,0xd678b718f70389dbdd2d447df23333641e8f7480,yanik,505
2026-09-01T18:05:03Z,137,Athena Silver Ring,2,0x9dc70f5472a88f3eefa4d515a6b1ec94d9d30d13,sidlovskyy,399
2026-09-01T18:05:03Z,137,Athena Silver Ring,3,0xf00dfac3af2f5b38fe55d50ccf8ffa8c293ea161,dudendy,355
2026-09-01T18:05:03Z,137,Athena Silver Ring,4,0x73a9ffdaaf53723f1d08403f613870cddd6e18fc,suspicious,352
2026-09-01T18:05:03Z,137,Athena Silver Ring,5,0x0c0a71e32e1954635e2dde143ed9e59fe471fb94,kryy,202
2026-09-01T18:05:03Z,137,Athena Silver Ring,6,0x2a2376e5e9981c19b15af64d2cdb57c9b94eb1f6,xiskool,174
2026-09-01T18:05:03Z,137,Athena Silver Ring,7,0x95233e2ec170b4ba0e2208c1ec89f3b87f8b18c7,gambit,172
2026-09-01T18:05:03Z,137,Athena Silver Ring,8,0x0ee9318275c37f0e635bb7c8a455ade252cecf1f,georgysogood,115
2026-09-01T18:05:03Z,137,Athena Silver Ring,9,0x95f92440789e364f3a167069b899c84b02f92254,axion,113
2026-09-01T18:05:03Z,137,Athena Silver Ring,10,0x4e16f03fafc94af2d0b79d2d15d3d54f7c9f04fa,recluseham,109
2026-09-01T18:05:03Z,137,Athena Silver Ring,11,0xe4b1f5eb3da2195f8d41a052229a7eec3c4e6ed8,azoni,106
2026-09-01T18:05:03Z,137,Athena Silver Ring,12,0x2ab7adbf3685c74d2e300c9c0e676b1bf6027ac5,0xn00b,102
2026-09-01T18:05:03Z,137,Athena Silver Ring,13,0x0b2291da8091128352c2464f1072cf4211144744,moritz,101
2026-09-01T18:05:03Z,137,Athena Silver Ring,14,0xb0f42c12dd7e28f0deafe74fdf603782c430f896,stellarhobbes,99
2026-09-01T18:05:03Z,137,Athena Silver Ring,15,0xd2bb5bcaaaa9d2d77a50598055397916780972ca,sinet,97
2026-09-01T18:05:03Z,137,Athena Silver Ring,16,0x0a42a67154221c44c9eae98eb7f9cbff2d269a0e,cassowary,96
2026-09-01T18:05:03Z,137,Athena Silver Ring,17,0xbdecab53bb16b74aa1a1715cc4b80db641eac9da,rxch,95
2026-09-01T18:05:03Z,137,Athena Silver Ring,18,0x23244cc893df1ff2916ee2e492b65bec74b2760c,bunyoo,89
2026-09-01T18:05:03Z,137,Athena Silver Ring,19,0x388d510f0f11ba0762e8c7212645ed873c17a204,otabart,83
2026-09-01T18:05:03Z,137,Athena Silver Ring,20,0x3eda210ff41e2b2d1658ca5ebe0b80a376c7e0f4,astarta,81
2026-09-01T18:05:03Z,137,Athena Silver Ring,21,0xac06dbd4f2b1b174dbb3b67449f0f4245f0f3bc3,spanish,81
2026-09-01T18:05:03Z,137,Athena Silver Ring,22,0x69c4cc0147fbc23965896fb18a1ccea92230ed1b,afropengu,75
2026-09-01T18:05:03Z,137,Athena Silver Ring,23,0x02764ae21333f5777b44cdded3a654a340176fff,bh3320,74
2026-09-01T18:05:03Z,137,Athena Silver Ring,24,0xa8a956a5690cc81bb367da2c2f6f1796be2b3c30,scottco,72
2026-09-01T18:05:03Z,137,Athena Silver Ring,25,0x688410dbc8c331f5945eafc659ae721a447ae975,igloo,67
2026-09-01T18:05:03Z,137,Athena Silver Ring,26,0x9b3ef1d5b7472560cf6241949b2485e456aa37a0,bush1do,67
2026-09-01T18:05:03Z,137,Athena Silver Ring,27,0xb2042611b4987ba8be9efd6cc1165f09e7c694a8,joblessathena,67
2026-09-01T18:05:03Z,137,Athena Silver Ring,28,0xbddef3e050261365464e40d086b91f5100b13108,thattonton,65
2026-09-01T18:05:03Z,137,Athena Silver Ring,29,0x3d385f04852ae078d10e2a420f928f227f3e63f3,kellox,61
2026-09-01T18:05:03Z,137,Athena Silver Ring,30,0x6a31fe60046a9da9867bccbe48378893906099f5,airmangataos,57
2026-09-01T18:05:03Z,137,Athena Silver Ring,31,0xce3bc9c7e6b1a4082f9853f6f796e604148b2583,classicj,57
2026-09-01T18:05:03Z,137,Athena Silver Ring,32,0x469998f2fa8aaa2648fef6fc3902268f315195ef,mrgold,53
2026-09-01T18:05:03Z,137,Athena Silver Ring,33,0xeed7c6b2af48249a040c9e5d59437670889c7e07,lilwassie,52
2026-09-01T18:05:03Z,137,Athena Silver Ring,34,0xf5826d91cb7f5fa32f98d82a0268550b4d6e22ee,gojo_,51
2026-09-01T18:05:03Z,137,Athena Silver Ring,35,0x19342b9e3f123e373e24f1eea9bb5a1a935507fa,bigmommymilkers,49
2026-09-01T18:05:03Z,137,Athena Silver Ring,36,0xb0d90d52c7389824d4b22c06bcdccd734e3162b7,ezsnipe,46
2026-09-01T18:05:03Z,137,Athena Silver Ring,37,0x7e6cb1e3f70e681c2f31d52adc2b1d09d6edf232,resuka,44
2026-09-01T18:05:03Z,137,Athena Silver Ring,38,0x33973ffb41add93b49227241566d3e5fc9ad904b,schemedream,42
2026-09-01T18:05:03Z,137,Athena Silver Ring,39,0xcf29253e7c1e908d4091c9be85522893c77f0fc8,ciri,40
2026-09-01T18:05:03Z,137,Athena Silver Ring,40,0x90c1ed16e9b16db7d031f573d20bead430feb107,jablko,40
2026-09-01T18:05:03Z,137,Athena Silver Ring,41,0x0cc677b008149e08e468fe7da539e5dd24eb05dd,yashiw,39
2026-09-01T18:05:03Z,137,Athena Silver Ring,42,0xc3ae9ac69d672368539413235938277ce19fc270,bollin,38
2026-09-01T18:05:03Z,137,Athena Silver Ring,43,0x6cdaec838d799cc664dd421324d480b1592c9b5a,lilstaffx,37
2026-09-01T18:05:03Z,137,Athena Silver Ring,44,0xbbbfe4cc5c3924f19f6e36e66448b2e3a126b111,cryptologist,37
2026-09-01T18:05:03Z,137,Athena Silver Ring,45,0x40bfc8a6d3283958d3b70dc68049a78038a0f2e3,playaway,35
2026-09-01T18:05:03Z,137,Athena Silver Ring,46,0xfa22eafe991cd1166ee4b5ba8236e1eba9105a54,grimreaper,35
2026-09-01T18:05:03Z,137,Athena Silver Ring,47,0x7b924f8164ff2311680a0431f05e6bcde6a3f954,det0n,34
2026-09-01T18:05:03Z,137,Athena Silver Ring,48,0x55085ade6c1c39b64cd27099993c5dc933bbed35,bigdogga,34
2026-09-01T18:05:03Z,137,Athena Silver Ring,49,0x4f03ea409e546d9ab7eaa6c9b481bcb99c8547e5,coinpie,33
2026-09-01T18:05:03Z,137,Athena Silver Ring,50,0x83becb55eff583800cf1a9a2c03dd4b0fa4d7351,apix,33
2026-09-01T18:05:03Z,137,Athena Silver Ring,51,0xe9a0904b53c6e9d7285440142ea3f0c96b69fcfa,karabas666,32
2026-09-01T18:05:03Z,137,Athena Silver Ring,52,0xff6bddba3937f03b495b4efb304194d2cbc488ca,lizardmafia,31
2026-09-01T18:05:03Z,137,Athena Silver Ring,53,0x07484b5b823bb4ec3f1a7ae7eb5e3fffb7bbe09c,agema,31
2026-09-01T18:05:03Z,137,Athena Silver Ring,54,0x4ebc17059cfc143d86fb92ed707805d68142e3ec,ponziscam,30
2026-09-01T18:05:03Z,137,Athena Silver Ring,55,0xd4394678ec0e7501cb250bba925fa7d07197fd69,dithfucius,30
2026-09-01T18:05:03Z,137,Athena Silver Ring,56,0x5168a8f95a5bce4f4918884b2db51132d8f3bbf1,neveli,30
2026-09-01T18:05:03Z,137,Athena Silver Ring,57,0xd1c76125cb2751750ddb2afded780c6f5b7a3cbc,kace,30
2026-09-01T18:05:03Z,137,Athena Silver Ring,58,0x378f0bda88d7255f95afef6029799df500a6cc66,lamperouge,28
2026-09-01T18:05:03Z,137,Athena Silver Ring,59,0x381dd397e721c72ce321a1ebaf96ce04f4422ac0,suckmydirtydick,27
2026-09-01T18:05:03Z,137,Athena Silver Ring,60,0x5f018c6e9b3b0d9c23e144bc5b2f4d82fc9b3650,jjangbang,27
2026-09-01T18:05:03Z,137,Athena Silver Ring,61,0xfc32e5cfbea49a2f1d21936eec0a7722a6c2d4a7,tacolauncher,27
2026-09-01T18:05:03Z,137,Athena Silver Ring,62,0x161f91374506a85ed9063e90c4c217d8697d6471,proofofely,27
2026-09-01T18:05:03Z,137,Athena Silver Ring,63,0xf03b88d187431fd4486ee15cd17a1b75b107b9c2,freeroll4,27
2026-09-01T18:05:03Z,137,Athena Silver Ring,64,0xfb4f086ba201a8f32805eb82a431a1dacc3f08b2,obivan,27
2026-09-01T18:05:03Z,137,Athena Silver Ring,65,0x297b3eff8fccbbc35b111bd0a09b7a99a26ba965,ferentano,27
2026-09-01T18:05:03Z,137,Athena Silver Ring,66,0x92569bee8c8b9c1df1c283a0409fcc2b2fede157,phalanx,26
2026-09-01T18:05:03Z,137,Athena Silver Ring,67,0x9271e9969b98083d53bcf3c82ecf2a87b717500d,fefer,25
2026-09-01T18:05:03Z,137,Athena Silver Ring,68,0xef58ad6d6bcaf054da34948c88e7e91a052dc0fa,kraven,25
2026-09-01T18:05:03Z,137,Athena Silver Ring,69,0xdcf62adfc2193b3997947424583654689bcfd391,tekmeneth,25
2026-09-01T18:05:03Z,137,Athena Silver Ring,70,0x549300f79fb33ba2e77344e58b064ede194ef99a,okeydokey,25
2026-09-01T18:05:03Z,137,Athena Silver Ring,71,0x25fb85df6ac78c8b63e5e2b10e31fa36e72c2d38,bigpenis,25
2026-09-01T18:05:03Z,137,Athena Silver Ring,72,0x424188d8a6dc563a8a996a88c8317ba982e6c9e6,sdrnk,24
2026-09-01T18:05:03Z,137,Athena Silver Ring,73,0xff028938094ce190ffb53a2b98330896e5a64b4c,whocaresq,24
2026-09-01T18:05:03Z,137,Athena Silver Ring,74,0x5a1c08126a6e9cb6d492a61baa83111c1e16e2ef,shaggy8627,24
2026-09-01T18:05:03Z,137,Athena Silver Ring,75,0x13fe8fe08a0d824cd44b8d13f813891b6532f59e,morror,24
2026-09-01T18:05:03Z,137,Athena Silver Ring,76,0xa1da340729cff1782c83d5cfba586b4451c011ec,tozdelagaro,23
2026-09-01T18:05:03Z,137,Athena Silver Ring,77,0xd82311e0ddcff7cad1be090763d4f6d7ba1c290a,vims,23
2026-09-01T18:05:03Z,137,Athena Silver Ring,78,0x162a7c95e2e5a208748a6c024f0699e8eeb74dc4,wexovskiy,23
2026-09-01T18:05:03Z,137,Athena Silver Ring,79,0x95f3c63ee60f5efc58bc6672b1a12314d67a6881,pro_mint,23
2026-09-01T18:05:03Z,137,Athena Silver Ring,80,0x4ec977a8e80c4099a44f8ae53a48281448471342,terrestra,23
2026-09-01T18:05:03Z,137,Athena Silver Ring,81,0x80bc8e8581f8f5ee286696352a7f4ca69bbca05c,communityevo,23
2026-09-01T18:05:03Z,137,Athena Silver Ring,82,0xc415a02bba63fae3eafb9400d8cff3a157a3b93d,naruto,22
2026-09-01T18:05:03Z,137,Athena Silver Ring,83,0x0d1df94f0106ce5bd92138d43c8551cad530c169,vermo,22
2026-09-01T18:05:03Z,137,Athena Silver Ring,84,0x9a49c905c2cca8115d330572b494c6602aba6e1e,supportprime,22
2026-09-01T18:05:03Z,137,Athena Silver Ring,85,0x5f90cae78f02a95633e596c1841c6ef41fb431b2,pechou,22
2026-09-01T18:05:03Z,137,Athena Silver Ring,86,0xd15481578c11b4e5b8f241c412899a0bdd704408,wholistic,21
2026-09-01T18:05:03Z,137,Athena Silver Ring,87,0x999eba5d7ad0e1a53ea600c384356a288381d09e,dbmafia,21
2026-09-01T18:05:03Z,137,Athena Silver Ring,88,0xe6b6cbab6c586d64025ffaea1548f3f09dabe6c2,milkshake,21
2026-09-01T18:05:03Z,137,Athena Silver Ring,89,0xeebea836b281e2edef370c5f157944d66b31c800,addas11,21
2026-09-01T18:05:03Z,137,Athena Silver Ring,90,0x9ce44e274bce511788c6ac81eafdb71fe920d4ee,deanoxbt,21
2026-09-01T18:05:03Z,137,Athena Silver Ring,91,0xa134a3dfa4cb010873db8012d5b360d97ba80c28,winner,21
2026-09-01T18:05:03Z,137,Athena Silver Ring,92,0xbd27b0379726a5628487edbc63a648f48f0e2e60,berhelit,21
2026-09-01T18:05:03Z,137,Athena Silver Ring,93,0xf5c2430fafa3b3b0f30e6f6a25b0b003ae94a40d,trickey,21
2026-09-01T18:05:03Z,137,Athena Silver Ring,94,0xafe00172cf96544d610bf9b70d549a5e89b83f2d,hungryjay,20
2026-09-01T18:05:03Z,137,Athena Silver Ring,95,0x5847046390615895540cab8ac069d99051f92fed,wisetwo,20
2026-09-01T18:05:03Z,137,Athena Silver Ring,96,0x03274357ecf3f8680dfe3f004b1b1571c7326c6f,escobardio,20
2026-09-01T18:05:03Z,137,Athena Silver Ring,97,0xfbc69d3a79e76a4b003b5411200c8bd2fca8b57d,skaffatar,20
2026-09-01T18:05:03Z,137,Athena Silver Ring,98,0xdbb3f71bdb2d6ebb165cc143e2036339f75ef7e0,cap108,20
2026-09-01T18:05:03Z,137,Athena Silver Ring,99,0xdd3533b2e1fb04b538087b4e33a7107585f75a16,hypnotix,20
2026-09-01T18:05:03Z,137,Athena Silver Ring,100,0x01082d01888902fdad71578bf989d342b71151ec,lowbank,20
2026-09-01T18:05:03Z,138,Archon Silver Ring,1,0xd678b718f70389dbdd2d447df23333641e8f7480,yanik,450
2026-09-01T18:05:03Z,138,Archon Silver Ring,2,0x73a9ffdaaf53723f1d08403f613870cddd6e18fc,suspicious,434
2026-09-01T18:05:03Z,138,Archon Silver Ring,3,0x9dc70f5472a88f3eefa4d515a6b1ec94d9d30d13,sidlovskyy,414
2026-09-01T18:05:03Z,138,Archon Silver Ring,4,0xf00dfac3af2f5b38fe55d50ccf8ffa8c293ea161,dudendy,353
2026-09-01T18:05:03Z,138,Archon Silver Ring,5,0x2a2376e5e9981c19b15af64d2cdb57c9b94eb1f6,xiskool,223
2026-09-01T18:05:03Z,138,Archon Silver Ring,6,0x0c0a71e32e1954635e2dde143ed9e59fe471fb94,kryy,174
2026-09-01T18:05:03Z,138,Archon Silver Ring,7,0x4e16f03fafc94af2d0b79d2d15d3d54f7c9f04fa,recluseham,165
2026-09-01T18:05:03Z,138,Archon Silver Ring,8,0x95233e2ec170b4ba0e2208c1ec89f3b87f8b18c7,gambit,149
2026-09-01T18:05:03Z,138,Archon Silver Ring,9,0x0a42a67154221c44c9eae98eb7f9cbff2d269a0e,cassowary,113
2026-09-01T18:05:03Z,138,Archon Silver Ring,10,0x95f92440789e364f3a167069b899c84b02f92254,axion,112
2026-09-01T18:05:03Z,138,Archon Silver Ring,11,0x3eda210ff41e2b2d1658ca5ebe0b80a376c7e0f4,astarta,108
2026-09-01T18:05:03Z,138,Archon Silver Ring,12,0x2ab7adbf3685c74d2e300c9c0e676b1bf6027ac5,0xn00b,101
2026-09-01T18:05:03Z,138,Archon Silver Ring,13,0x0ee9318275c37f0e635bb7c8a455ade252cecf1f,georgysogood,100
2026-09-01T18:05:03Z,138,Archon Silver Ring,14,0x388d510f0f11ba0762e8c7212645ed873c17a204,otabart,97
2026-09-01T18:05:03Z,138,Archon Silver Ring,15,0xbdecab53bb16b74aa1a1715cc4b80db641eac9da,rxch,95
2026-09-01T18:05:03Z,138,Archon Silver Ring,16,0x161f91374506a85ed9063e90c4c217d8697d6471,proofofely,88
2026-09-01T18:05:03Z,138,Archon Silver Ring,17,0xb0d90d52c7389824d4b22c06bcdccd734e3162b7,ezsnipe,86
2026-09-01T18:05:03Z,138,Archon Silver Ring,18,0xb2042611b4987ba8be9efd6cc1165f09e7c694a8,joblessathena,83
2026-09-01T18:05:03Z,138,Archon Silver Ring,19,0x6a31fe60046a9da9867bccbe48378893906099f5,airmangataos,82
2026-09-01T18:05:03Z,138,Archon Silver Ring,20,0x469998f2fa8aaa2648fef6fc3902268f315195ef,mrgold,79
2026-09-01T18:05:03Z,138,Archon Silver Ring,21,0x23244cc893df1ff2916ee2e492b65bec74b2760c,bunyoo,79
2026-09-01T18:05:03Z,138,Archon Silver Ring,22,0xeed7c6b2af48249a040c9e5d59437670889c7e07,lilwassie,78
2026-09-01T18:05:03Z,138,Archon Silver Ring,23,0xce3bc9c7e6b1a4082f9853f6f796e604148b2583,classicj,71
2026-09-01T18:05:03Z,138,Archon Silver Ring,24,0x69c4cc0147fbc23965896fb18a1ccea92230ed1b,afropengu,68
2026-09-01T18:05:03Z,138,Archon Silver Ring,25,0xe4b1f5eb3da2195f8d41a052229a7eec3c4e6ed8,azoni,63
2026-09-01T18:05:03Z,138,Archon Silver Ring,26,0x9b3ef1d5b7472560cf6241949b2485e456aa37a0,bush1do,61
2026-09-01T18:05:03Z,138,Archon Silver Ring,27,0x36ef5b58dad1c055002c26c9c5a6787d09645edf,gibar,60
2026-09-01T18:05:03Z,138,Archon Silver Ring,28,0xd2bb5bcaaaa9d2d77a50598055397916780972ca,sinet,60
2026-09-01T18:05:03Z,138,Archon Silver Ring,29,0xac06dbd4f2b1b174dbb3b67449f0f4245f0f3bc3,spanish,58
2026-09-01T18:05:03Z,138,Archon Silver Ring,30,0x19342b9e3f123e373e24f1eea9bb5a1a935507fa,bigmommymilkers,56
2026-09-01T18:05:03Z,138,Archon Silver Ring,31,0x0b2291da8091128352c2464f1072cf4211144744,moritz,54
2026-09-01T18:05:03Z,138,Archon Silver Ring,32,0x90c1ed16e9b16db7d031f573d20bead430feb107,jablko,51
2026-09-01T18:05:03Z,138,Archon Silver Ring,33,0x7b924f8164ff2311680a0431f05e6bcde6a3f954,det0n,49
2026-09-01T18:05:03Z,138,Archon Silver Ring,34,0xbddef3e050261365464e40d086b91f5100b13108,thattonton,49
2026-09-01T18:05:03Z,138,Archon Silver Ring,35,0xb0f42c12dd7e28f0deafe74fdf603782c430f896,stellarhobbes,47
2026-09-01T18:05:03Z,138,Archon Silver Ring,36,0xb604a0af13954499cdc4100eeebcfaa28d6d3985,moonshine_,46
2026-09-01T18:05:03Z,138,Archon Silver Ring,37,0x7e6cb1e3f70e681c2f31d52adc2b1d09d6edf232,resuka,44
2026-09-01T18:05:03Z,138,Archon Silver Ring,38,0xef58ad6d6bcaf054da34948c88e7e91a052dc0fa,kraven,42
2026-09-01T18:05:03Z,138,Archon Silver Ring,39,0x55085ade6c1c39b64cd27099993c5dc933bbed35,bigdogga,41
2026-09-01T18:05:03Z,138,Archon Silver Ring,40,0xcf29253e7c1e908d4091c9be85522893c77f0fc8,ciri,40
2026-09-01T18:05:03Z,138,Archon Silver Ring,41,0x688410dbc8c331f5945eafc659ae721a447ae975,igloo,40
2026-09-01T18:05:03Z,138,Archon Silver Ring,42,0xbbdca17d69518306b61d26b54b5a6c61e6c0bba1,9stx6,39
2026-09-01T18:05:03Z,138,Archon Silver Ring,43,0x32cb224f344a9aa22c5d2e699f24d3928e6ca06f,d3r0,36
2026-09-01T18:05:03Z,138,Archon Silver Ring,44,0xa3103de676b55442b3c32884b1596b80d4d42cf2,loxik,33
2026-09-01T18:05:03Z,138,Archon Silver Ring,45,0x1114d62a0148f458040fbf2ddb945560398ca5f0,soma,33
2026-09-01T18:05:03Z,138,Archon Silver Ring,46,0xa65244b636a0a5d17e33db1a7d9b5b40fc8b6b8e,moustache,32
2026-09-01T18:05:03Z,138,Archon Silver Ring,47,0x53c5e9ffb362ec22fc172400bc6209819cb3a301,k1sel,32
2026-09-01T18:05:03Z,138,Archon Silver Ring,48,0xa8a956a5690cc81bb367da2c2f6f1796be2b3c30,scottco,32
2026-09-01T18:05:03Z,138,Archon Silver Ring,49,0x01082d01888902fdad71578bf989d342b71151ec,lowbank,32
2026-09-01T18:05:03Z,138,Archon Silver Ring,50,0x3d385f04852ae078d10e2a420f928f227f3e63f3,kellox,31
2026-09-01T18:05:03Z,138,Archon Silver Ring,51,0xe90a9bdb63e9ba04a7f3e95140ff803f2f377f5e,vova,31
2026-09-01T18:05:03Z,138,Archon Silver Ring,52,0x4ebc17059cfc143d86fb92ed707805d68142e3ec,ponziscam,30
2026-09-01T18:05:03Z,138,Archon Silver Ring,53,0xfc32e5cfbea49a2f1d21936eec0a7722a6c2d4a7,tacolauncher,30
2026-09-01T18:05:03Z,138,Archon Silver Ring,54,0x4f03ea409e546d9ab7eaa6c9b481bcb99c8547e5,coinpie,30
2026-09-01T18:05:03Z,138,Archon Silver Ring,55,0x9ce44e274bce511788c6ac81eafdb71fe920d4ee,deanoxbt,30
2026-09-01T18:05:03Z,138,Archon Silver Ring,56,0x8ccb0988036cf9d2ca7b24ed46a57cf25ce6f92d,chosta,30
2026-09-01T18:05:03Z,138,Archon Silver Ring,57,0xff6bddba3937f03b495b4efb304194d2cbc488ca,lizardmafia,30
2026-09-01T18:05:03Z,138,Archon Silver Ring,58,0x4c53b2e646a3e01c2b22497753b1560029b5166b,gusine,30
2026-09-01T18:05:03Z,138,Archon Silver Ring,59,0xd82311e0ddcff7cad1be090763d4f6d7ba1c290a,vims,29
2026-09-01T18:05:03Z,138,Archon Silver Ring,60,0x13fe8fe08a0d824cd44b8d13f813891b6532f59e,morror,29
2026-09-01T18:05:03Z,138,Archon Silver Ring,61,0xfa4f36238d8d0533ec8f8b5ec747a96ee1b053e0,frodo,28
2026-09-01T18:05:03Z,138,Archon Silver Ring,62,0x190e541e5b614eb6393f1f997a6092f48efecc4e,smo69,27
2026-09-01T18:05:03Z,138,Archon Silver Ring,63,0xfa22eafe991cd1166ee4b5ba8236e1eba9105a54,grimreaper,27
2026-09-01T18:05:03Z,138,Archon Silver Ring,64,0xeebea836b281e2edef370c5f157944d66b31c800,addas11,27
2026-09-01T18:05:03Z,138,Archon Silver Ring,65,0xfb8b5790a0fe64729cdf21263d5538b09921d336,method,27
2026-09-01T18:05:03Z,138,Archon Silver Ring,66,0x9271e9969b98083d53bcf3c82ecf2a87b717500d,fefer,26
2026-09-01T18:05:03Z,138,Archon Silver Ring,67,0x6f8b27fe779070967417cc02447b231b5c14b843,souvx,26
2026-09-01T18:05:03Z,138,Archon Silver Ring,68,0x25fb85df6ac78c8b63e5e2b10e31fa36e72c2d38,bigpenis,26
2026-09-01T18:05:03Z,138,Archon Silver Ring,69,0xfb3a7ef01adf1275dd190612752a218c4d74c551,turtlemafia,25
2026-09-01T18:05:03Z,138,Archon Silver Ring,70,0x9c991a85b090aae221ef8418e3ca29279bf2500a,migs,25
2026-09-01T18:05:03Z,138,Archon Silver Ring,71,0x40bfc8a6d3283958d3b70dc68049a78038a0f2e3,playaway,24
2026-09-01T18:05:03Z,138,Archon Silver Ring,72,0xd4394678ec0e7501cb250bba925fa7d07197fd69,dithfucius,24
2026-09-01T18:05:03Z,138,Archon Silver Ring,73,0xa96401339fd8a6bed6c22b96620e7ad29a04f1e9,lavr1k,24
2026-09-01T18:05:03Z,138,Archon Silver Ring,74,0x92569bee8c8b9c1df1c283a0409fcc2b2fede157,phalanx,24
2026-09-01T18:05:03Z,138,Archon Silver Ring,75,0x42fea3f88a8bc29309a55ba3ebaed3667a06248f,salaga_lida,24
2026-09-01T18:05:03Z,138,Archon Silver Ring,76,0xb7a4d02f0d2c634b2bb5d1c83df8b5539baa79e8,velynet,24
2026-09-01T18:05:03Z,138,Archon Silver Ring,77,0xfbc69d3a79e76a4b003b5411200c8bd2fca8b57d,skaffatar,24
2026-09-01T18:05:03Z,138,Archon Silver Ring,78,0x549300f79fb33ba2e77344e58b064ede194ef99a,okeydokey,24
2026-09-01T18:05:03Z,138,Archon Silver Ring,79,0x7528c1732168ace7027b18ec184d8cd6984f9eac,druid,24
2026-09-01T18:05:03Z,138,Archon Silver Ring,80,0xc34c29733dcf130f75090464ced47275d88e3419,basedcamp,23
2026-09-01T18:05:03Z,138,Archon Silver Ring,81,0xa134a3dfa4cb010873db8012d5b360d97ba80c28,winner,23
2026-09-01T18:05:03Z,138,Archon Silver Ring,82,0x844d58714aa3fed998f898cbce1b0ddc4550304f,jiren,22
2026-09-01T18:05:03Z,138,Archon Silver Ring,83,0x162a7c95e2e5a208748a6c024f0699e8eeb74dc4,wexovskiy,22
2026-09-01T18:05:03Z,138,Archon Silver Ring,84,0x663ac0e621bd9bbd47100768d3ce98f0e25a7b21,skoheels,22
2026-09-01T18:05:03Z,138,Archon Silver Ring,85,0x908c7c7f0266da791bae52b9ecac8c34ca73d9f4,mangas,22
2026-09-01T18:05:03Z,138,Archon Silver Ring,86,0x80bc8e8581f8f5ee286696352a7f4ca69bbca05c,communityevo,22
2026-09-01T18:05:03Z,138,Archon Silver Ring,87,0xc415a02bba63fae3eafb9400d8cff3a157a3b93d,naruto,21
2026-09-01T18:05:03Z,138,Archon Silver Ring,88,0x5d94f14bafdc6920e462abaa8285d680d4dfa069,tofu,21
2026-09-01T18:05:03Z,138,Archon Silver Ring,89,0x999eba5d7ad0e1a53ea600c384356a288381d09e,dbmafia,21
2026-09-01T18:05:03Z,138,Archon Silver Ring,90,0x88d62fbb7aa5d418b1886085dc949567500b569d,alebaner,21
2026-09-01T18:05:03Z,138,Archon Silver Ring,91,0x55a5144bf3ef42be03e893619f196b5e541beaea,artofbeing,21
2026-09-01T18:05:03Z,138,Archon Silver Ring,92,0xfb4f086ba201a8f32805eb82a431a1dacc3f08b2,obivan,21
2026-09-01T18:05:03Z,138,Archon Silver Ring,93,0x7ec307fa89a4ecc72139a4d169d5d8fcaeceb951,honeyrat,20
2026-09-01T18:05:03Z,138,Archon Silver Ring,94,0x130eab55f6941f66d4806532d9242cf969b4f036,frontdown,20
2026-09-01T18:05:03Z,138,Archon Silver Ring,95,0x5847046390615895540cab8ac069d99051f92fed,wisetwo,20
2026-09-01T18:05:03Z,138,Archon Silver Ring,96,0xb4c3602689229297d255974e90ce4954d9380104,bkbk,20
2026-09-01T18:05:03Z,138,Archon Silver Ring,97,0x319937150f931d5bda6b3679305453a8c45e55d0,tszunami,20
2026-09-01T18:05:03Z,138,Archon Silver Ring,98,0xa8f0e3e52e0515f5605fb0632532667e494e7ca6,michmich,20
2026-09-01T18:05:03Z,138,Archon Silver Ring,99,0x372e67f5511969b578292e1f73e4782d9a098271,dmitry123,19
2026-09-01T18:05:03Z,138,Archon Silver Ring,100,0xe510f33bf4792fcca24daa4ede08e4f228950a25,duub,19
2026-09-01T18:05:03Z,139,Foxglove Silver Ring,1,0xd678b718f70389dbdd2d447df23333641e8f7480,yanik,571
2026-09-01T18:05:03Z,139,Foxglove Silver Ring,2,0x9dc70f5472a88f3eefa4d515a6b1ec94d9d30d13,sidlovskyy,385
2026-09-01T18:05:03Z,139,Foxglove Silver Ring,3,0xf00dfac3af2f5b38fe55d50ccf8ffa8c293ea161,dudendy,368
2026-09-01T18:05:03Z,139,Foxglove Silver Ring,4,0x73a9ffdaaf53723f1d08403f613870cddd6e18fc,suspicious,366
2026-09-01T18:05:03Z,139,Foxglove Silver Ring,5,0x2a2376e5e9981c19b15af64d2cdb57c9b94eb1f6,xiskool,208
2026-09-01T18:05:03Z,139,Foxglove Silver Ring,6,0x95233e2ec170b4ba0e2208c1ec89f3b87f8b18c7,gambit,199
2026-09-01T18:05:03Z,139,Foxglove Silver Ring,7,0x90c1ed16e9b16db7d031f573d20bead430feb107,jablko,148
2026-09-01T18:05:03Z,139,Foxglove Silver Ring,8,0x0ee9318275c37f0e635bb7c8a455ade252cecf1f,georgysogood,131
2026-09-01T18:05:03Z,139,Foxglove Silver Ring,9,0x0b2291da8091128352c2464f1072cf4211144744,moritz,113
2026-09-01T18:05:03Z,139,Foxglove Silver Ring,10,0x3eda210ff41e2b2d1658ca5ebe0b80a376c7e0f4,astarta,112
2026-09-01T18:05:03Z,139,Foxglove Silver Ring,11,0x4e16f03fafc94af2d0b79d2d15d3d54f7c9f04fa,recluseham,105
2026-09-01T18:05:03Z,139,Foxglove Silver Ring,12,0x2ab7adbf3685c74d2e300c9c0e676b1bf6027ac5,0xn00b,105
2026-09-01T18:05:03Z,139,Foxglove Silver Ring,13,0xac06dbd4f2b1b174dbb3b67449f0f4245f0f3bc3,spanish,104
2026-09-01T18:05:03Z,139,Foxglove Silver Ring,14,0xd2bb5bcaaaa9d2d77a50598055397916780972ca,sinet,102
2026-09-01T18:05:03Z,139,Foxglove Silver Ring,15,0xbdecab53bb16b74aa1a1715cc4b80db641eac9da,rxch,95
2026-09-01T18:05:03Z,139,Foxglove Silver Ring,16,0x95f92440789e364f3a167069b899c84b02f92254,axion,86
2026-09-01T18:05:03Z,139,Foxglove Silver Ring,17,0xeed7c6b2af48249a040c9e5d59437670889c7e07,lilwassie,80
2026-09-01T18:05:03Z,139,Foxglove Silver Ring,18,0xce3bc9c7e6b1a4082f9853f6f796e604148b2583,classicj,76
2026-09-01T18:05:03Z,139,Foxglove Silver Ring,19,0xe4b1f5eb3da2195f8d41a052229a7eec3c4e6ed8,azoni,75
2026-09-01T18:05:03Z,139,Foxglove Silver Ring,20,0xa8a956a5690cc81bb367da2c2f6f1796be2b3c30,scottco,73
2026-09-01T18:05:03Z,139,Foxglove Silver Ring,21,0x69c4cc0147fbc23965896fb18a1ccea92230ed1b,afropengu,69
2026-09-01T18:05:03Z,139,Foxglove Silver Ring,22,0x6a31fe60046a9da9867bccbe48378893906099f5,airmangataos,65
2026-09-01T18:05:03Z,139,Foxglove Silver Ring,23,0x0c0a71e32e1954635e2dde143ed9e59fe471fb94,kryy,64
2026-09-01T18:05:03Z,139,Foxglove Silver Ring,24,0x388d510f0f11ba0762e8c7212645ed873c17a204,otabart,63
2026-09-01T18:05:03Z,139,Foxglove Silver Ring,25,0x9b3ef1d5b7472560cf6241949b2485e456aa37a0,bush1do,63
2026-09-01T18:05:03Z,139,Foxglove Silver Ring,26,0x23244cc893df1ff2916ee2e492b65bec74b2760c,bunyoo,63
2026-09-01T18:05:03Z,139,Foxglove Silver Ring,27,0x19342b9e3f123e373e24f1eea9bb5a1a935507fa,bigmommymilkers,57
2026-09-01T18:05:03Z,139,Foxglove Silver Ring,28,0x55085ade6c1c39b64cd27099993c5dc933bbed35,bigdogga,57
2026-09-01T18:05:03Z,139,Foxglove Silver Ring,29,0xb0f42c12dd7e28f0deafe74fdf603782c430f896,stellarhobbes,56
2026-09-01T18:05:03Z,139,Foxglove Silver Ring,30,0x161f91374506a85ed9063e90c4c217d8697d6471,proofofely,54
2026-09-01T18:05:03Z,139,Foxglove Silver Ring,31,0x3d385f04852ae078d10e2a420f928f227f3e63f3,kellox,53
2026-09-01T18:05:03Z,139,Foxglove Silver Ring,32,0x469998f2fa8aaa2648fef6fc3902268f315195ef,mrgold,53
2026-09-01T18:05:03Z,139,Foxglove Silver Ring,33,0xef58ad6d6bcaf054da34948c88e7e91a052dc0fa,kraven,52
2026-09-01T18:05:03Z,139,Foxglove Silver Ring,34,0x688410dbc8c331f5945eafc659ae721a447ae975,igloo,50
2026-09-01T18:05:03Z,139,Foxglove Silver Ring,35,0xb0d90d52c7389824d4b22c06bcdccd734e3162b7,ezsnipe,47
2026-09-01T18:05:03Z,139,Foxglove Silver Ring,36,0x32cb224f344a9aa22c5d2e699f24d3928e6ca06f,d3r0,46
2026-09-01T18:05:03Z,139,Foxglove Silver Ring,37,0x4f03ea409e546d9ab7eaa6c9b481bcb99c8547e5,coinpie,45
2026-09-01T18:05:03Z,139,Foxglove Silver Ring,38,0x7e6cb1e3f70e681c2f31d52adc2b1d09d6edf232,resuka,44
2026-09-01T18:05:03Z,139,Foxglove Silver Ring,39,0x0a42a67154221c44c9eae98eb7f9cbff2d269a0e,cassowary,43
2026-09-01T18:05:03Z,139,Foxglove Silver Ring,40,0x02764ae21333f5777b44cdded3a654a340176fff,bh3320,40
2026-09-01T18:05:03Z,139,Foxglove Silver Ring,41,0xe90a9bdb63e9ba04a7f3e95140ff803f2f377f5e,vova,40
2026-09-01T18:05:03Z,139,Foxglove Silver Ring,42,0x8298dfc90c0119379f265b4dad6e9f0e8359a80e,userbased,39
2026-09-01T18:05:03Z,139,Foxglove Silver Ring,43,0x7b924f8164ff2311680a0431f05e6bcde6a3f954,det0n,39
2026-09-01T18:05:03Z,139,Foxglove Silver Ring,44,0xbbdca17d69518306b61d26b54b5a6c61e6c0bba1,9stx6,39
2026-09-01T18:05:03Z,139,Foxglove Silver Ring,45,0x5168a8f95a5bce4f4918884b2db51132d8f3bbf1,neveli,39
2026-09-01T18:05:03Z,139,Foxglove Silver Ring,46,0xa134a3dfa4cb010873db8012d5b360d97ba80c28,winner,38
2026-09-01T18:05:03Z,139,Foxglove Silver Ring,47,0x663ac0e621bd9bbd47100768d3ce98f0e25a7b21,skoheels,36
2026-09-01T18:05:03Z,139,Foxglove Silver Ring,48,0xfb4f086ba201a8f32805eb82a431a1dacc3f08b2,obivan,35
2026-09-01T18:05:03Z,139,Foxglove Silver Ring,49,0xfa22eafe991cd1166ee4b5ba8236e1eba9105a54,grimreaper,34
2026-09-01T18:05:03Z,139,Foxglove Silver Ring,50,0x15c0c948d3ea9a67b05319f40871de7bf5003db3,przyborleonedw,33
2026-09-01T18:05:03Z,139,Foxglove Silver Ring,51,0x6d91474e416efdb1dd7a0ed68c8892c3b18b08a8,ylooz,33
2026-09-01T18:05:03Z,139,Foxglove Silver Ring,52,0xbddef3e050261365464e40d086b91f5100b13108,thattonton,32
2026-09-01T18:05:03Z,139,Foxglove Silver Ring,53,0xd82311e0ddcff7cad1be090763d4f6d7ba1c290a,vims,31
2026-09-01T18:05:03Z,139,Foxglove Silver Ring,54,0xfbfc822ee4989b2b4b9b18e4035ff72335cbb16e,jame7,31
2026-09-01T18:05:03Z,139,Foxglove Silver Ring,55,0xe6b6cbab6c586d64025ffaea1548f3f09dabe6c2,milkshake,31
2026-09-01T18:05:03Z,139,Foxglove Silver Ring,56,0x4a8e0f4bbadf070fdb2610dd2353ccbe22514554,rengokuk,31
2026-09-01T18:05:03Z,139,Foxglove Silver Ring,57,0x92f482f7b5009349ec3da50b193596b825335414,absgigachads,30
2026-09-01T18:05:03Z,139,Foxglove Silver Ring,58,0xcf29253e7c1e908d4091c9be85522893c77f0fc8,ciri,30
2026-09-01T18:05:03Z,139,Foxglove Silver Ring,59,0x4ebc17059cfc143d86fb92ed707805d68142e3ec,ponziscam,30
2026-09-01T18:05:03Z,139,Foxglove Silver Ring,60,0xfc32e5cfbea49a2f1d21936eec0a7722a6c2d4a7,tacolauncher,30
2026-09-01T18:05:03Z,139,Foxglove Silver Ring,61,0x88d62fbb7aa5d418b1886085dc949567500b569d,alebaner,30
2026-09-01T18:05:03Z,139,Foxglove Silver Ring,62,0xa96401339fd8a6bed6c22b96620e7ad29a04f1e9,lavr1k,30
2026-09-01T18:05:03Z,139,Foxglove Silver Ring,63,0xb29f073a9e2946d805714c9030b191ee6afed445,hitagi,30
2026-09-01T18:05:03Z,139,Foxglove Silver Ring,64,0x98c715b1a9d24727b59cae2119c747b896132647,sebax11,29
2026-09-01T18:05:03Z,139,Foxglove Silver Ring,65,0xa3103de676b55442b3c32884b1596b80d4d42cf2,loxik,29
2026-09-01T18:05:03Z,139,Foxglove Silver Ring,66,0xff6bddba3937f03b495b4efb304194d2cbc488ca,lizardmafia,29
2026-09-01T18:05:03Z,139,Foxglove Silver Ring,67,0xb2042611b4987ba8be9efd6cc1165f09e7c694a8,joblessathena,28
2026-09-01T18:05:03Z,139,Foxglove Silver Ring,68,0x25fb85df6ac78c8b63e5e2b10e31fa36e72c2d38,bigpenis,28
2026-09-01T18:05:03Z,139,Foxglove Silver Ring,69,0x381dd397e721c72ce321a1ebaf96ce04f4422ac0,suckmydirtydick,27
2026-09-01T18:05:03Z,139,Foxglove Silver Ring,70,0x0cc677b008149e08e468fe7da539e5dd24eb05dd,yashiw,27
2026-09-01T18:05:03Z,139,Foxglove Silver Ring,71,0xa1da340729cff1782c83d5cfba586b4451c011ec,tozdelagaro,27
2026-09-01T18:05:03Z,139,Foxglove Silver Ring,72,0xbbbfe4cc5c3924f19f6e36e66448b2e3a126b111,cryptologist,27
2026-09-01T18:05:03Z,139,Foxglove Silver Ring,73,0x13fe8fe08a0d824cd44b8d13f813891b6532f59e,morror,27
2026-09-01T18:05:03Z,139,Foxglove Silver Ring,74,0xd369f09014646bfc80d977a0daa62b5940b264b4,qqws,27
2026-09-01T18:05:03Z,139,Foxglove Silver Ring,75,0x7b2c23d8d3436cdd063b66529e5d8445834831eb,coreplay6,27
2026-09-01T18:05:03Z,139,Foxglove Silver Ring,76,0x92599bdd1ded8d462c58972f6c3badbb39cd06ba,trukreal,27
2026-09-01T18:05:03Z,139,Foxglove Silver Ring,77,0x297b3eff8fccbbc35b111bd0a09b7a99a26ba965,ferentano,27
2026-09-01T18:05:03Z,139,Foxglove Silver Ring,78,0x57b53296a33bc749d8451a47fa36edd698e4fee1,flaera,26
2026-09-01T18:05:03Z,139,Foxglove Silver Ring,79,0xd41d44c7a6c48b4854fce7af3a276dbd3b85d937,clock,26
2026-09-01T18:05:03Z,139,Foxglove Silver Ring,80,0xc34c29733dcf130f75090464ced47275d88e3419,basedcamp,25
2026-09-01T18:05:03Z,139,Foxglove Silver Ring,81,0xc415a02bba63fae3eafb9400d8cff3a157a3b93d,naruto,25
2026-09-01T18:05:03Z,139,Foxglove Silver Ring,82,0xafe00172cf96544d610bf9b70d549a5e89b83f2d,hungryjay,25
2026-09-01T18:05:03Z,139,Foxglove Silver Ring,83,0xc3ae9ac69d672368539413235938277ce19fc270,bollin,25
2026-09-01T18:05:03Z,139,Foxglove Silver Ring,84,0x130eab55f6941f66d4806532d9242cf969b4f036,frontdown,25
2026-09-01T18:05:03Z,139,Foxglove Silver Ring,85,0xac851e69e6ff9805632a09c74e6b3e436f3156ac,yoda378,25
2026-09-01T18:05:03Z,139,Foxglove Silver Ring,86,0x07484b5b823bb4ec3f1a7ae7eb5e3fffb7bbe09c,agema,25
2026-09-01T18:05:03Z,139,Foxglove Silver Ring,87,0x5bb347443887e595820f74f028e837c3766f5923,0xitero,25
2026-09-01T18:05:03Z,139,Foxglove Silver Ring,88,0xcd74ad8e56d74e7a88a5eaa5a3571f82ee9a3176,bangmachine,23
2026-09-01T18:05:03Z,139,Foxglove Silver Ring,89,0x378f0bda88d7255f95afef6029799df500a6cc66,lamperouge,23
2026-09-01T18:05:03Z,139,Foxglove Silver Ring,90,0x92569bee8c8b9c1df1c283a0409fcc2b2fede157,phalanx,23
2026-09-01T18:05:03Z,139,Foxglove Silver Ring,91,0xfbc69d3a79e76a4b003b5411200c8bd2fca8b57d,skaffatar,23
2026-09-01T18:05:03Z,139,Foxglove Silver Ring,92,0x83becb55eff583800cf1a9a2c03dd4b0fa4d7351,apix,23
2026-09-01T18:05:03Z,139,Foxglove Silver Ring,93,0x01082d01888902fdad71578bf989d342b71151ec,lowbank,23
2026-09-01T18:05:03Z,139,Foxglove Silver Ring,94,0xeff6c4dcd2b79f502d5d7cb6e6daf70f2536daef,syta,23
2026-09-01T18:05:03Z,139,Foxglove Silver Ring,95,0xfb8b5790a0fe64729cdf21263d5538b09921d336,method,23
2026-09-01T18:05:03Z,139,Foxglove Silver Ring,96,0xdb927fb9f66907b2a957b3d0d440110c3a999069,arbitrum,22
2026-09-01T18:05:03Z,139,Foxglove Silver Ring,97,0xe614c47b2b04e2a7a6d660844ffc965d6b86d2f6,gem4ik,22
2026-09-01T18:05:03Z,139,Foxglove Silver Ring,98,0x1114d62a0148f458040fbf2ddb945560398ca5f0,soma,22
2026-09-01T18:05:03Z,139,Foxglove Silver Ring,99,0x29186806bb803be9c9adc182efea0ba8aa09abda,lylythabeast6,22
2026-09-01T18:05:03Z,139,Foxglove Silver Ring,100,0xd1c76125cb2751750ddb2afded780c6f5b7a3cbc,kace,22
2026-09-01T18:05:03Z,140,Summoner Silver Ring,1,0xd678b718f70389dbdd2d447df23333641e8f7480,yanik,642
2026-09-01T18:05:03Z,140,Summoner Silver Ring,2,0x9dc70f5472a88f3eefa4d515a6b1ec94d9d30d13,sidlovskyy,406
2026-09-01T18:05:03Z,140,Summoner Silver Ring,3,0xf00dfac3af2f5b38fe55d50ccf8ffa8c293ea161,dudendy,374
2026-09-01T18:05:03Z,140,Summoner Silver Ring,4,0x73a9ffdaaf53723f1d08403f613870cddd6e18fc,suspicious,336
2026-09-01T18:05:03Z,140,Summoner Silver Ring,5,0x4e16f03fafc94af2d0b79d2d15d3d54f7c9f04fa,recluseham,187
2026-09-01T18:05:03Z,140,Summoner Silver Ring,6,0xac06dbd4f2b1b174dbb3b67449f0f4245f0f3bc3,spanish,164
2026-09-01T18:05:03Z,140,Summoner Silver Ring,7,0x0c0a71e32e1954635e2dde143ed9e59fe471fb94,kryy,156
2026-09-01T18:05:03Z,140,Summoner Silver Ring,8,0x2a2376e5e9981c19b15af64d2cdb57c9b94eb1f6,xiskool,155
2026-09-01T18:05:03Z,140,Summoner Silver Ring,9,0x95233e2ec170b4ba0e2208c1ec89f3b87f8b18c7,gambit,145
2026-09-01T18:05:03Z,140,Summoner Silver Ring,10,0x2ab7adbf3685c74d2e300c9c0e676b1bf6027ac5,0xn00b,126
2026-09-01T18:05:03Z,140,Summoner Silver Ring,11,0x0ee9318275c37f0e635bb7c8a455ade252cecf1f,georgysogood,100
2026-09-01T18:05:03Z,140,Summoner Silver Ring,12,0xbdecab53bb16b74aa1a1715cc4b80db641eac9da,rxch,95
2026-09-01T18:05:03Z,140,Summoner Silver Ring,13,0x02764ae21333f5777b44cdded3a654a340176fff,bh3320,93
2026-09-01T18:05:03Z,140,Summoner Silver Ring,14,0x95f92440789e364f3a167069b899c84b02f92254,axion,91
2026-09-01T18:05:03Z,140,Summoner Silver Ring,15,0xce3bc9c7e6b1a4082f9853f6f796e604148b2583,classicj,90
2026-09-01T18:05:03Z,140,Summoner Silver Ring,16,0x0a42a67154221c44c9eae98eb7f9cbff2d269a0e,cassowary,85
2026-09-01T18:05:03Z,140,Summoner Silver Ring,17,0x388d510f0f11ba0762e8c7212645ed873c17a204,otabart,83
2026-09-01T18:05:03Z,140,Summoner Silver Ring,18,0x69c4cc0147fbc23965896fb18a1ccea92230ed1b,afropengu,81
2026-09-01T18:05:03Z,140,Summoner Silver Ring,19,0xd2bb5bcaaaa9d2d77a50598055397916780972ca,sinet,81
2026-09-01T18:05:03Z,140,Summoner Silver Ring,20,0x0b2291da8091128352c2464f1072cf4211144744,moritz,80
2026-09-01T18:05:03Z,140,Summoner Silver Ring,21,0x3eda210ff41e2b2d1658ca5ebe0b80a376c7e0f4,astarta,78
2026-09-01T18:05:03Z,140,Summoner Silver Ring,22,0xb2042611b4987ba8be9efd6cc1165f09e7c694a8,joblessathena,75
2026-09-01T18:05:03Z,140,Summoner Silver Ring,23,0x6a31fe60046a9da9867bccbe48378893906099f5,airmangataos,73
2026-09-01T18:05:03Z,140,Summoner Silver Ring,24,0xe90a9bdb63e9ba04a7f3e95140ff803f2f377f5e,vova,69
2026-09-01T18:05:03Z,140,Summoner Silver Ring,25,0x688410dbc8c331f5945eafc659ae721a447ae975,igloo,68
2026-09-01T18:05:03Z,140,Summoner Silver Ring,26,0xeed7c6b2af48249a040c9e5d59437670889c7e07,lilwassie,66
2026-09-01T18:05:03Z,140,Summoner Silver Ring,27,0x9b3ef1d5b7472560cf6241949b2485e456aa37a0,bush1do,60
2026-09-01T18:05:03Z,140,Summoner Silver Ring,28,0xbddef3e050261365464e40d086b91f5100b13108,thattonton,60
2026-09-01T18:05:03Z,140,Summoner Silver Ring,29,0x469998f2fa8aaa2648fef6fc3902268f315195ef,mrgold,59
2026-09-01T18:05:03Z,140,Summoner Silver Ring,30,0x23244cc893df1ff2916ee2e492b65bec74b2760c,bunyoo,59
2026-09-01T18:05:03Z,140,Summoner Silver Ring,31,0x3d385f04852ae078d10e2a420f928f227f3e63f3,kellox,56
2026-09-01T18:05:03Z,140,Summoner Silver Ring,32,0x3c49ca3eda0ce8413f9c433f04322827714c23c3,dmisky,56
2026-09-01T18:05:03Z,140,Summoner Silver Ring,33,0x90c1ed16e9b16db7d031f573d20bead430feb107,jablko,53
2026-09-01T18:05:03Z,140,Summoner Silver Ring,34,0x8ccb0988036cf9d2ca7b24ed46a57cf25ce6f92d,chosta,53
2026-09-01T18:05:03Z,140,Summoner Silver Ring,35,0x19342b9e3f123e373e24f1eea9bb5a1a935507fa,bigmommymilkers,52
2026-09-01T18:05:03Z,140,Summoner Silver Ring,36,0x55085ade6c1c39b64cd27099993c5dc933bbed35,bigdogga,50
2026-09-01T18:05:03Z,140,Summoner Silver Ring,37,0xa8a956a5690cc81bb367da2c2f6f1796be2b3c30,scottco,48
2026-09-01T18:05:03Z,140,Summoner Silver Ring,38,0x7e6cb1e3f70e681c2f31d52adc2b1d09d6edf232,resuka,44
2026-09-01T18:05:03Z,140,Summoner Silver Ring,39,0x4f03ea409e546d9ab7eaa6c9b481bcb99c8547e5,coinpie,42
2026-09-01T18:05:03Z,140,Summoner Silver Ring,40,0x2700043667f8f02edda9fd599c54ff6de0c257a7,kalikula,41
2026-09-01T18:05:03Z,140,Summoner Silver Ring,41,0x17e327bb2fdb1a17d9a369e3dd985406ec3824ca,gracieabrams,40
2026-09-01T18:05:03Z,140,Summoner Silver Ring,42,0x9c991a85b090aae221ef8418e3ca29279bf2500a,migs,40
2026-09-01T18:05:03Z,140,Summoner Silver Ring,43,0x5c71dc613419169afb7715038d41dde06ca4f9ab,hidrxxx,39
2026-09-01T18:05:03Z,140,Summoner Silver Ring,44,0xe4b1f5eb3da2195f8d41a052229a7eec3c4e6ed8,azoni,39
2026-09-01T18:05:03Z,140,Summoner Silver Ring,45,0xa036d0393a2c8073e6bb63170086e7dbeb1d04b1,okdk,39
2026-09-01T18:05:03Z,140,Summoner Silver Ring,46,0x13fe8fe08a0d824cd44b8d13f813891b6532f59e,morror,38
2026-09-01T18:05:03Z,140,Summoner Silver Ring,47,0xff6bddba3937f03b495b4efb304194d2cbc488ca,lizardmafia,38
2026-09-01T18:05:03Z,140,Summoner Silver Ring,48,0x9a49c905c2cca8115d330572b494c6602aba6e1e,supportprime,38
2026-09-01T18:05:03Z,140,Summoner Silver Ring,49,0xafe00172cf96544d610bf9b70d549a5e89b83f2d,hungryjay,35
2026-09-01T18:05:03Z,140,Summoner Silver Ring,50,0xfb4f086ba201a8f32805eb82a431a1dacc3f08b2,obivan,35
2026-09-01T18:05:03Z,140,Summoner Silver Ring,51,0xb0f42c12dd7e28f0deafe74fdf603782c430f896,stellarhobbes,34
2026-09-01T18:05:03Z,140,Summoner Silver Ring,52,0xc3ae9ac69d672368539413235938277ce19fc270,bollin,34
2026-09-01T18:05:03Z,140,Summoner Silver Ring,53,0xbbdca17d69518306b61d26b54b5a6c61e6c0bba1,9stx6,34
2026-09-01T18:05:03Z,140,Summoner Silver Ring,54,0xa134a3dfa4cb010873db8012d5b360d97ba80c28,winner,31
2026-09-01T18:05:03Z,140,Summoner Silver Ring,55,0x549300f79fb33ba2e77344e58b064ede194ef99a,okeydokey,31
2026-09-01T18:05:03Z,140,Summoner Silver Ring,56,0x4ebc17059cfc143d86fb92ed707805d68142e3ec,ponziscam,30
2026-09-01T18:05:03Z,140,Summoner Silver Ring,57,0x6f8b27fe779070967417cc02447b231b5c14b843,souvx,30
2026-09-01T18:05:03Z,140,Summoner Silver Ring,58,0xb4c3602689229297d255974e90ce4954d9380104,bkbk,30
2026-09-01T18:05:03Z,140,Summoner Silver Ring,59,0xfa22eafe991cd1166ee4b5ba8236e1eba9105a54,grimreaper,30
2026-09-01T18:05:03Z,140,Summoner Silver Ring,60,0x1114d62a0148f458040fbf2ddb945560398ca5f0,soma,30
2026-09-01T18:05:03Z,140,Summoner Silver Ring,61,0xb29f073a9e2946d805714c9030b191ee6afed445,hitagi,29
2026-09-01T18:05:03Z,140,Summoner Silver Ring,62,0x999eba5d7ad0e1a53ea600c384356a288381d09e,dbmafia,28
2026-09-01T18:05:03Z,140,Summoner Silver Ring,63,0x32cb224f344a9aa22c5d2e699f24d3928e6ca06f,d3r0,28
2026-09-01T18:05:03Z,140,Summoner Silver Ring,64,0x60ce92f21269cd871a7910e28f0c59a82c05388a,sinon,27
2026-09-01T18:05:03Z,140,Summoner Silver Ring,65,0x22241868ad341e77e2bc9142816000f43641e280,zoro,27
2026-09-01T18:05:03Z,140,Summoner Silver Ring,66,0xe614c47b2b04e2a7a6d660844ffc965d6b86d2f6,gem4ik,27
2026-09-01T18:05:03Z,140,Summoner Silver Ring,67,0x5168a8f95a5bce4f4918884b2db51132d8f3bbf1,neveli,27
2026-09-01T18:05:03Z,140,Summoner Silver Ring,68,0x4c53b2e646a3e01c2b22497753b1560029b5166b,gusine,27
2026-09-01T18:05:03Z,140,Summoner Silver Ring,69,0x130eab55f6941f66d4806532d9242cf969b4f036,frontdown,26
2026-09-01T18:05:03Z,140,Summoner Silver Ring,70,0x161f91374506a85ed9063e90c4c217d8697d6471,proofofely,26
2026-09-01T18:05:03Z,140,Summoner Silver Ring,71,0x844d58714aa3fed998f898cbce1b0ddc4550304f,jiren,26
2026-09-01T18:05:03Z,140,Summoner Silver Ring,72,0xfbfc822ee4989b2b4b9b18e4035ff72335cbb16e,jame7,25
2026-09-01T18:05:03Z,140,Summoner Silver Ring,73,0xb7a4d02f0d2c634b2bb5d1c83df8b5539baa79e8,velynet,25
2026-09-01T18:05:03Z,140,Summoner Silver Ring,74,0x25fb85df6ac78c8b63e5e2b10e31fa36e72c2d38,bigpenis,25
2026-09-01T18:05:03Z,140,Summoner Silver Ring,75,0x8c86b43762e80f15a483dba543a31cd96e48e456,n00b,24
2026-09-01T18:05:03Z,140,Summoner Silver Ring,76,0xfc32e5cfbea49a2f1d21936eec0a7722a6c2d4a7,tacolauncher,24
2026-09-01T18:05:03Z,140,Summoner Silver Ring,77,0xe510f33bf4792fcca24daa4ede08e4f228950a25,duub,24
2026-09-01T18:05:03Z,140,Summoner Silver Ring,78,0x15c0c948d3ea9a67b05319f40871de7bf5003db3,przyborleonedw,24
2026-09-01T18:05:03Z,140,Summoner Silver Ring,79,0x9ce44e274bce511788c6ac81eafdb71fe920d4ee,deanoxbt,24
2026-09-01T18:05:03Z,140,Summoner Silver Ring,80,0x663ac0e621bd9bbd47100768d3ce98f0e25a7b21,skoheels,24
2026-09-01T18:05:03Z,140,Summoner Silver Ring,81,0xeff6c4dcd2b79f502d5d7cb6e6daf70f2536daef,syta,24
2026-09-01T18:05:03Z,140,Summoner Silver Ring,82,0x7528c1732168ace7027b18ec184d8cd6984f9eac,druid,24
2026-09-01T18:05:03Z,140,Summoner Silver Ring,83,0xb0d90d52c7389824d4b22c06bcdccd734e3162b7,ezsnipe,23
2026-09-01T18:05:03Z,140,Summoner Silver Ring,84,0x83becb55eff583800cf1a9a2c03dd4b0fa4d7351,apix,23
2026-09-01T18:05:03Z,140,Summoner Silver Ring,85,0xf4e5fe848287a6be3c9b19bc735f16c1a3d799f3,ericargent,22
2026-09-01T18:05:03Z,140,Summoner Silver Ring,86,0xdcf62adfc2193b3997947424583654689bcfd391,tekmeneth,22
2026-09-01T18:05:03Z,140,Summoner Silver Ring,87,0x07484b5b823bb4ec3f1a7ae7eb5e3fffb7bbe09c,agema,22
2026-09-01T18:05:03Z,140,Summoner Silver Ring,88,0x908c7c7f0266da791bae52b9ecac8c34ca73d9f4,mangas,22
2026-09-01T18:05:03Z,140,Summoner Silver Ring,89,0x0faebef50879f4488e75ea7d2b122794f5473d1f,noobnopls,21
2026-09-01T18:05:03Z,140,Summoner Silver Ring,90,0x9271e9969b98083d53bcf3c82ecf2a87b717500d,fefer,21
2026-09-01T18:05:03Z,140,Summoner Silver Ring,91,0x33973ffb41add93b49227241566d3e5fc9ad904b,schemedream,21
2026-09-01T18:05:03Z,140,Summoner Silver Ring,92,0xe5ec5ac7505d5fe893a58e0f2d4bb597d07f439d,bell_kraner,21
2026-09-01T18:05:03Z,140,Summoner Silver Ring,93,0x2b23160efeecef48d78175e9dc8c5a7b16a42fce,luter,21
2026-09-01T18:05:03Z,140,Summoner Silver Ring,94,0xfb8b5790a0fe64729cdf21263d5538b09921d336,method,21
2026-09-01T18:05:03Z,140,Summoner Silver Ring,95,0xcf29253e7c1e908d4091c9be85522893c77f0fc8,ciri,20
2026-09-01T18:05:03Z,140,Summoner Silver Ring,96,0xd82311e0ddcff7cad1be090763d4f6d7ba1c290a,vims,20
2026-09-01T18:05:03Z,140,Summoner Silver Ring,97,0x92569bee8c8b9c1df1c283a0409fcc2b2fede157,phalanx,20
2026-09-01T18:05:03Z,140,Summoner Silver Ring,98,0x0c66182a8e638475b0b14150a33b2f1a787e4d27,lazymasta,20
2026-09-01T18:05:03Z,140,Summoner Silver Ring,99,0x36ef5b58dad1c055002c26c9c5a6787d09645edf,gibar,20
2026-09-01T18:05:03Z,140,Summoner Silver Ring,100,0xc415a02bba63fae3eafb9400d8cff3a157a3b93d,naruto,19
2026-09-01T18:05:03Z,243,Golden Archon Ring,1,0x69c4cc0147fbc23965896fb18a1ccea92230ed1b,afropengu,279
2026-09-01T18:05:03Z,243,Golden Archon Ring,2,0xd678b718f70389dbdd2d447df23333641e8f7480,yanik,147
2026-09-01T18:05:03Z,243,Golden Archon Ring,3,0x73a9ffdaaf53723f1d08403f613870cddd6e18fc,suspicious,126
2026-09-01T18:05:03Z,243,Golden Archon Ring,4,0x90c1ed16e9b16db7d031f573d20bead430feb107,jablko,88
2026-09-01T18:05:03Z,243,Golden Archon Ring,5,0x0ee9318275c37f0e635bb7c8a455ade252cecf1f,georgysogood,68
2026-09-01T18:05:03Z,243,Golden Archon Ring,6,0x2a2376e5e9981c19b15af64d2cdb57c9b94eb1f6,xiskool,63
2026-09-01T18:05:03Z,243,Golden Archon Ring,7,0xfd0cb86676ba86e3033f1d6d333b342880f336df,677willwin,58
2026-09-01T18:05:03Z,243,Golden Archon Ring,8,0xeed7c6b2af48249a040c9e5d59437670889c7e07,lilwassie,58
2026-09-01T18:05:03Z,243,Golden Archon Ring,9,0xac06dbd4f2b1b174dbb3b67449f0f4245f0f3bc3,spanish,57
2026-09-01T18:05:03Z,243,Golden Archon Ring,10,0x19342b9e3f123e373e24f1eea9bb5a1a935507fa,bigmommymilkers,56
2026-09-01T18:05:03Z,243,Golden Archon Ring,11,0xbdecab53bb16b74aa1a1715cc4b80db641eac9da,rxch,54
2026-09-01T18:05:03Z,243,Golden Archon Ring,12,0x02764ae21333f5777b44cdded3a654a340176fff,bh3320,52
2026-09-01T18:05:03Z,243,Golden Archon Ring,13,0x9dc70f5472a88f3eefa4d515a6b1ec94d9d30d13,sidlovskyy,48
2026-09-01T18:05:03Z,243,Golden Archon Ring,14,0x0a42a67154221c44c9eae98eb7f9cbff2d269a0e,cassowary,42
2026-09-01T18:05:03Z,243,Golden Archon Ring,15,0x4f03ea409e546d9ab7eaa6c9b481bcb99c8547e5,coinpie,37
2026-09-01T18:05:03Z,243,Golden Archon Ring,16,0x0357294131b3d5b23c84dfa8e38d7e54358f8ba8,kaiken888,36
2026-09-01T18:05:03Z,243,Golden Archon Ring,17,0x388d510f0f11ba0762e8c7212645ed873c17a204,otabart,34
2026-09-01T18:05:03Z,243,Golden Archon Ring,18,0x7b937e99c1458a485a035a0f06b9d8bf5f842a05,lameak,32
2026-09-01T18:05:03Z,243,Golden Archon Ring,19,0x3629d88069124258ef6bb99c9080d064f42e7206,grumpy,27
2026-09-01T18:05:03Z,243,Golden Archon Ring,20,0xbbbfe4cc5c3924f19f6e36e66448b2e3a126b111,cryptologist,26
2026-09-01T18:05:03Z,243,Golden Archon Ring,21,0x95233e2ec170b4ba0e2208c1ec89f3b87f8b18c7,gambit,25
2026-09-01T18:05:03Z,243,Golden Archon Ring,22,0x8ccb0988036cf9d2ca7b24ed46a57cf25ce6f92d,chosta,24
2026-09-01T18:05:03Z,243,Golden Archon Ring,23,0x5d94f14bafdc6920e462abaa8285d680d4dfa069,tofu,22
2026-09-01T18:05:03Z,243,Golden Archon Ring,24,0x688410dbc8c331f5945eafc659ae721a447ae975,igloo,22
2026-09-01T18:05:03Z,243,Golden Archon Ring,25,0xf00dfac3af2f5b38fe55d50ccf8ffa8c293ea161,dudendy,20
2026-09-01T18:05:03Z,243,Golden Archon Ring,26,0xbcbcccae5efd1dab247e6428e9e20a9fda8c5abd,oneindigheid,19
2026-09-01T18:05:03Z,243,Golden Archon Ring,27,0x7b761e4389daf5581708bfe1a26b5d45cc279f2f,gordongrowth,19
2026-09-01T18:05:03Z,243,Golden Archon Ring,28,0xf3143c8e4469a271fa2be6d8775ca2b3bdccf4e2,rmty,16
2026-09-01T18:05:03Z,243,Golden Archon Ring,29,0x92569bee8c8b9c1df1c283a0409fcc2b2fede157,phalanx,15
2026-09-01T18:05:03Z,243,Golden Archon Ring,30,0x381dd397e721c72ce321a1ebaf96ce04f4422ac0,suckmydirtydick,14
2026-09-01T18:05:03Z,243,Golden Archon Ring,31,0x33973ffb41add93b49227241566d3e5fc9ad904b,schemedream,14
2026-09-01T18:05:03Z,243,Golden Archon Ring,32,0x5ab272231e653c2265bdfae58310021bca37152e,tufbeast,13
2026-09-01T18:05:03Z,243,Golden Archon Ring,33,0x319d278581e5e5a49ef80e795fe81225d9a15200,icedcoffee,12
2026-09-01T18:05:03Z,243,Golden Archon Ring,34,0xeb16cc074e0d3a6c87c0c45a6eced5ef92424b31,wiseadmiral,12
2026-09-01T18:05:03Z,243,Golden Archon Ring,35,0x3d385f04852ae078d10e2a420f928f227f3e63f3,kellox,11
2026-09-01T18:05:03Z,243,Golden Archon Ring,36,0xc3ae9ac69d672368539413235938277ce19fc270,bollin,11
2026-09-01T18:05:03Z,243,Golden Archon Ring,37,0x18db144b2f18b025c1f7ee1d86b422fe864ba477,royven,11
2026-09-01T18:05:03Z,243,Golden Archon Ring,38,0x99278037b2150c577ef1038ceca08db8684bba95,0xfuture,10
2026-09-01T18:05:03Z,243,Golden Archon Ring,39,0xd1c76125cb2751750ddb2afded780c6f5b7a3cbc,kace,9
2026-09-01T18:05:03Z,243,Golden Archon Ring,40,0xafe00172cf96544d610bf9b70d549a5e89b83f2d,hungryjay,8
2026-09-01T18:05:03Z,243,Golden Archon Ring,41,0xb0d90d52c7389824d4b22c06bcdccd734e3162b7,ezsnipe,8
2026-09-01T18:05:03Z,243,Golden Archon Ring,42,0x9c991a85b090aae221ef8418e3ca29279bf2500a,migs,8
2026-09-01T18:05:03Z,243,Golden Archon Ring,43,0x4366b9a2417631b2647a8d67608638d973fade33,epicser,7
2026-09-01T18:05:03Z,243,Golden Archon Ring,44,0xce3bc9c7e6b1a4082f9853f6f796e604148b2583,classicj,7
2026-09-01T18:05:03Z,243,Golden Archon Ring,45,0x4ec977a8e80c4099a44f8ae53a48281448471342,terrestra,7
2026-09-01T18:05:03Z,243,Golden Archon Ring,46,0xf3eaf60c6be58eb9853e71219801c06ad8969f0e,relicguy,7
2026-09-01T18:05:03Z,243,Golden Archon Ring,47,0x0fec947904065bf920e97aae5042ef1e31268e76,matcha,6
2026-09-01T18:05:03Z,243,Golden Archon Ring,48,0xd15481578c11b4e5b8f241c412899a0bdd704408,wholistic,6
2026-09-01T18:05:03Z,243,Golden Archon Ring,49,0xf343348aef03fea785a6a55f1db870c94f6afb4f,billybob,6
2026-09-01T18:05:03Z,243,Golden Archon Ring,50,0xc577c2f43ffba49d965a8c153f330ba3daad3b73,snake,6
2026-09-01T18:05:03Z,243,Golden Archon Ring,51,0x67369c3e524d370daebc36d9ab3320fafc71eead,roblox,6
2026-09-01T18:05:03Z,243,Golden Archon Ring,52,0x60928ba6d7bdc6459244155fc3f350a116cdf424,mildcapital,6
2026-09-01T18:05:03Z,243,Golden Archon Ring,53,0x6479013c37f56cecc6e77fcfece208645324f5cb,lightning,6
2026-09-01T18:05:03Z,243,Golden Archon Ring,54,0x1a5fd36d4b15dd6b5f6eba46c42b1fa697fa4f3a,melbo,5
2026-09-01T18:05:03Z,243,Golden Archon Ring,55,0x0b2291da8091128352c2464f1072cf4211144744,moritz,5
2026-09-01T18:05:03Z,243,Golden Archon Ring,56,0x3eda210ff41e2b2d1658ca5ebe0b80a376c7e0f4,astarta,5
2026-09-01T18:05:03Z,243,Golden Archon Ring,57,0x9b3ef1d5b7472560cf6241949b2485e456aa37a0,bush1do,5
2026-09-01T18:05:03Z,243,Golden Archon Ring,58,0x161f91374506a85ed9063e90c4c217d8697d6471,proofofely,5
2026-09-01T18:05:03Z,243,Golden Archon Ring,59,0x844d58714aa3fed998f898cbce1b0ddc4550304f,jiren,5
2026-09-01T18:05:03Z,243,Golden Archon Ring,60,0xca73ac7782813b76ba0962babf3c083407dd3e15,aruun,5
2026-09-01T18:05:03Z,243,Golden Archon Ring,61,0xe90a9bdb63e9ba04a7f3e95140ff803f2f377f5e,vova,5
2026-09-01T18:05:03Z,243,Golden Archon Ring,62,0xe9b489ff145ac7d8eca36c3b5c29e1be7f2281b9,laggin,5
2026-09-01T18:05:03Z,243,Golden Archon Ring,63,0x867a70d280830fc91f5441449ef37dfa403924a8,eydrian,5
2026-09-01T18:05:03Z,243,Golden Archon Ring,64,0xef58ad6d6bcaf054da34948c88e7e91a052dc0fa,kraven,4
2026-09-01T18:05:03Z,243,Golden Archon Ring,65,0xfff195795e606cbfa76e1c72c7ed6731df91d83d,pan1c,4
2026-09-01T18:05:03Z,243,Golden Archon Ring,66,0x8c86b43762e80f15a483dba543a31cd96e48e456,n00b,4
2026-09-01T18:05:03Z,243,Golden Archon Ring,67,0xf1555fc668883d57b7146c50bbb8777ca85ef929,pudgy7590,4
2026-09-01T18:05:03Z,243,Golden Archon Ring,68,0x9e3eddb26f9ce62782e544f2a5366c4e2296bce2,og_ayri,4
2026-09-01T18:05:03Z,243,Golden Archon Ring,69,0x89ca1ffe78d575447514790ea0b141c7c44d9332,tice,4
2026-09-01T18:05:03Z,243,Golden Archon Ring,70,0x1114d62a0148f458040fbf2ddb945560398ca5f0,soma,4
2026-09-01T18:05:03Z,243,Golden Archon Ring,71,0x1494b3e636c533ffd78d467de090102595244d06,anduron,4
2026-09-01T18:05:03Z,243,Golden Archon Ring,72,0x8a39e43d0aac1b7bedc81f8100e3603323092f0d,kfay34,4
2026-09-01T18:05:03Z,243,Golden Archon Ring,73,0x562ffbc839b608e35646e9de40591b5145bcc6f5,aizcalibur,3
2026-09-01T18:05:03Z,243,Golden Archon Ring,74,0xb703799d9f485852c9394a8b2cdb39f5590fd65f,gaijin,3
2026-09-01T18:05:03Z,243,Golden Archon Ring,75,0x4ebc17059cfc143d86fb92ed707805d68142e3ec,ponziscam,3
2026-09-01T18:05:03Z,243,Golden Archon Ring,76,0x22b1b83ed37b2f6e73d11c5ab4603b64edc7aafc,genius,3
2026-09-01T18:05:03Z,243,Golden Archon Ring,77,0x0649976f6dd8a2589af8790076f2c08909dd9337,debora,3
2026-09-01T18:05:03Z,243,Golden Archon Ring,78,0x0d1df94f0106ce5bd92138d43c8551cad530c169,vermo,3
2026-09-01T18:05:03Z,243,Golden Archon Ring,79,0xdbd4749050752504d9017484f82a75dff9592cd1,tron,3
2026-09-01T18:05:03Z,243,Golden Archon Ring,80,0x7a10d45c461e81e24796f9c83b584756876d24d7,stakeoor,3
2026-09-01T18:05:03Z,243,Golden Archon Ring,81,0xd241569d27278c7dc650aa6808356f21589b7b27,ziirup,3
2026-09-01T18:05:03Z,243,Golden Archon Ring,82,0xe910db7af916d287b3d3117abcb5fa9e0932a1c9,knyaz,3
2026-09-01T18:05:03Z,243,Golden Archon Ring,83,0xebec21ad1ebcfae69f96b7ca96839e5594fbadd1,therec,2
2026-09-01T18:05:03Z,243,Golden Archon Ring,84,0xe4c92dfd2b82ff488ee4e0744e78959f8cc2c24c,jonh94,2
2026-09-01T18:05:03Z,243,Golden Archon Ring,85,0x5c4eccb4a3a7082a75c01c7608ea35f4350630a6,sedicol,2
2026-09-01T18:05:03Z,243,Golden Archon Ring,86,0xea04f13937031d59bf466c9c79d70a9c41a79a4a,sandsman,2
2026-09-01T18:05:03Z,243,Golden Archon Ring,87,0x36d5de1a88210bfc655dedf66b08b0d96c615d39,kuntosan,2
2026-09-01T18:05:03Z,243,Golden Archon Ring,88,0x551d5bcbc8f2df0d3ce3b6e8f1e58fe27a68eb7a,kudrry,2
2026-09-01T18:05:03Z,243,Golden Archon Ring,89,0x94692aeb630122b221b2950c2fef4f4f4a5fdf78,rubiks,2
2026-09-01T18:05:03Z,243,Golden Archon Ring,90,0x08a2d01e6e306911ea7032077cf0bf924a1092ea,lemz,2
2026-09-01T18:05:03Z,243,Golden Archon Ring,91,0x8ed20f071287100fafca51c94b5d6d0d8340aef9,joseprust,2
2026-09-01T18:05:03Z,243,Golden Archon Ring,92,0xeb91cfe8979567c1f9e30bd7de9f2968b7e706f7,5324r2df,2
2026-09-01T18:05:03Z,243,Golden Archon Ring,93,0x2c685f23808bc7b6adda1fd7b6949c5e2db97eb0,bubba,2
2026-09-01T18:05:03Z,243,Golden Archon Ring,94,0x7174f8e3a3a2b777911dd6be31d92631a5052ab0,0xkingyo,2
2026-09-01T18:05:03Z,243,Golden Archon Ring,95,0xf3823ea2adaea672583ce9d84c979021f9ed9da4,iamroot,2
2026-09-01T18:05:03Z,243,Golden Archon Ring,96,0x2364ba6f0d907507a9e669033d9dad99b227cc01,weather,2
2026-09-01T18:05:03Z,243,Golden Archon Ring,97,0x32129ebc0288e2c4e8d109164a968992395f8548,cb11,2
2026-09-01T18:05:03Z,243,Golden Archon Ring,98,0x549300f79fb33ba2e77344e58b064ede194ef99a,okeydokey,2
2026-09-01T18:05:03Z,243,Golden Archon Ring,99,0xa8a956a5690cc81bb367da2c2f6f1796be2b3c30,scottco,2
2026-09-01T18:05:03Z,243,Golden Archon Ring,100,0x92599bdd1ded8d462c58972f6c3badbb39cd06ba,trukreal,2
2026-09-01T18:05:03Z,244,Golden Athena Ring,1,0x69c4cc0147fbc23965896fb18a1ccea92230ed1b,afropengu,422
2026-09-01T18:05:03Z,244,Golden Athena Ring,2,0x73a9ffdaaf53723f1d08403f613870cddd6e18fc,suspicious,123
2026-09-01T18:05:03Z,244,Golden Athena Ring,3,0xf00dfac3af2f5b38fe55d50ccf8ffa8c293ea161,dudendy,74
2026-09-01T18:05:03Z,244,Golden Athena Ring,4,0x2a2376e5e9981c19b15af64d2cdb57c9b94eb1f6,xiskool,67
2026-09-01T18:05:03Z,244,Golden Athena Ring,5,0x0ee9318275c37f0e635bb7c8a455ade252cecf1f,georgysogood,65
2026-09-01T18:05:03Z,244,Golden Athena Ring,6,0x19342b9e3f123e373e24f1eea9bb5a1a935507fa,bigmommymilkers,63
2026-09-01T18:05:03Z,244,Golden Athena Ring,7,0xeed7c6b2af48249a040c9e5d59437670889c7e07,lilwassie,55
2026-09-01T18:05:03Z,244,Golden Athena Ring,8,0xc3ae9ac69d672368539413235938277ce19fc270,bollin,52
2026-09-01T18:05:03Z,244,Golden Athena Ring,9,0x9dc70f5472a88f3eefa4d515a6b1ec94d9d30d13,sidlovskyy,51
2026-09-01T18:05:03Z,244,Golden Athena Ring,10,0xbdecab53bb16b74aa1a1715cc4b80db641eac9da,rxch,50
2026-09-01T18:05:03Z,244,Golden Athena Ring,11,0xac06dbd4f2b1b174dbb3b67449f0f4245f0f3bc3,spanish,47
2026-09-01T18:05:03Z,244,Golden Athena Ring,12,0xbcbcccae5efd1dab247e6428e9e20a9fda8c5abd,oneindigheid,44
2026-09-01T18:05:03Z,244,Golden Athena Ring,13,0x0357294131b3d5b23c84dfa8e38d7e54358f8ba8,kaiken888,43
2026-09-01T18:05:03Z,244,Golden Athena Ring,14,0x3629d88069124258ef6bb99c9080d064f42e7206,grumpy,39
2026-09-01T18:05:03Z,244,Golden Athena Ring,15,0x5d94f14bafdc6920e462abaa8285d680d4dfa069,tofu,36
2026-09-01T18:05:03Z,244,Golden Athena Ring,16,0x90c1ed16e9b16db7d031f573d20bead430feb107,jablko,36
2026-09-01T18:05:03Z,244,Golden Athena Ring,17,0x0a42a67154221c44c9eae98eb7f9cbff2d269a0e,cassowary,36
2026-09-01T18:05:03Z,244,Golden Athena Ring,18,0x688410dbc8c331f5945eafc659ae721a447ae975,igloo,35
2026-09-01T18:05:03Z,244,Golden Athena Ring,19,0xfd0cb86676ba86e3033f1d6d333b342880f336df,677willwin,34
2026-09-01T18:05:03Z,244,Golden Athena Ring,20,0x02764ae21333f5777b44cdded3a654a340176fff,bh3320,30
2026-09-01T18:05:03Z,244,Golden Athena Ring,21,0xeff6c4dcd2b79f502d5d7cb6e6daf70f2536daef,syta,30
2026-09-01T18:05:03Z,244,Golden Athena Ring,22,0xbbbfe4cc5c3924f19f6e36e66448b2e3a126b111,cryptologist,26
2026-09-01T18:05:03Z,244,Golden Athena Ring,23,0x7b761e4389daf5581708bfe1a26b5d45cc279f2f,gordongrowth,26
2026-09-01T18:05:03Z,244,Golden Athena Ring,24,0x388d510f0f11ba0762e8c7212645ed873c17a204,otabart,24
2026-09-01T18:05:03Z,244,Golden Athena Ring,25,0x7b937e99c1458a485a035a0f06b9d8bf5f842a05,lameak,24
2026-09-01T18:05:03Z,244,Golden Athena Ring,26,0x8ccb0988036cf9d2ca7b24ed46a57cf25ce6f92d,chosta,23
2026-09-01T18:05:03Z,244,Golden Athena Ring,27,0xd678b718f70389dbdd2d447df23333641e8f7480,yanik,22
2026-09-01T18:05:03Z,244,Golden Athena Ring,28,0x4f03ea409e546d9ab7eaa6c9b481bcb99c8547e5,coinpie,21
2026-09-01T18:05:03Z,244,Golden Athena Ring,29,0x381dd397e721c72ce321a1ebaf96ce04f4422ac0,suckmydirtydick,19
2026-09-01T18:05:03Z,244,Golden Athena Ring,30,0x18db144b2f18b025c1f7ee1d86b422fe864ba477,royven,16
2026-09-01T18:05:03Z,244,Golden Athena Ring,31,0xb0d90d52c7389824d4b22c06bcdccd734e3162b7,ezsnipe,16
2026-09-01T18:05:03Z,244,Golden Athena Ring,32,0x95233e2ec170b4ba0e2208c1ec89f3b87f8b18c7,gambit,16
2026-09-01T18:05:03Z,244,Golden Athena Ring,33,0x9c991a85b090aae221ef8418e3ca29279bf2500a,migs,16
2026-09-01T18:05:03Z,244,Golden Athena Ring,34,0x4366b9a2417631b2647a8d67608638d973fade33,epicser,16
2026-09-01T18:05:03Z,244,Golden Athena Ring,35,0x1a5fd36d4b15dd6b5f6eba46c42b1fa697fa4f3a,melbo,15
2026-09-01T18:05:03Z,244,Golden Athena Ring,36,0x33973ffb41add93b49227241566d3e5fc9ad904b,schemedream,15
2026-09-01T18:05:03Z,244,Golden Athena Ring,37,0x92569bee8c8b9c1df1c283a0409fcc2b2fede157,phalanx,15
2026-09-01T18:05:03Z,244,Golden Athena Ring,38,0xafe00172cf96544d610bf9b70d549a5e89b83f2d,hungryjay,14
2026-09-01T18:05:03Z,244,Golden Athena Ring,39,0xeb16cc074e0d3a6c87c0c45a6eced5ef92424b31,wiseadmiral,13
2026-09-01T18:05:03Z,244,Golden Athena Ring,40,0x319d278581e5e5a49ef80e795fe81225d9a15200,icedcoffee,12
2026-09-01T18:05:03Z,244,Golden Athena Ring,41,0xc577c2f43ffba49d965a8c153f330ba3daad3b73,snake,12
2026-09-01T18:05:03Z,244,Golden Athena Ring,42,0x161f91374506a85ed9063e90c4c217d8697d6471,proofofely,11
2026-09-01T18:05:03Z,244,Golden Athena Ring,43,0xce3bc9c7e6b1a4082f9853f6f796e604148b2583,classicj,10
2026-09-01T18:05:03Z,244,Golden Athena Ring,44,0xe90a9bdb63e9ba04a7f3e95140ff803f2f377f5e,vova,10
2026-09-01T18:05:03Z,244,Golden Athena Ring,45,0x3d385f04852ae078d10e2a420f928f227f3e63f3,kellox,9
2026-09-01T18:05:03Z,244,Golden Athena Ring,46,0x4ec977a8e80c4099a44f8ae53a48281448471342,terrestra,9
2026-09-01T18:05:03Z,244,Golden Athena Ring,47,0x0fec947904065bf920e97aae5042ef1e31268e76,matcha,8
2026-09-01T18:05:03Z,244,Golden Athena Ring,48,0xef58ad6d6bcaf054da34948c88e7e91a052dc0fa,kraven,8
2026-09-01T18:05:03Z,244,Golden Athena Ring,49,0x2dad623c8e23645751d0671adb4a02b246285515,fragi,8
2026-09-01T18:05:03Z,244,Golden Athena Ring,50,0x5ab272231e653c2265bdfae58310021bca37152e,tufbeast,8
2026-09-01T18:05:03Z,244,Golden Athena Ring,51,0xe9b489ff145ac7d8eca36c3b5c29e1be7f2281b9,laggin,8
2026-09-01T18:05:03Z,244,Golden Athena Ring,52,0xf3eaf60c6be58eb9853e71219801c06ad8969f0e,relicguy,8
2026-09-01T18:05:03Z,244,Golden Athena Ring,53,0x23244cc893df1ff2916ee2e492b65bec74b2760c,bunyoo,7
2026-09-01T18:05:03Z,244,Golden Athena Ring,54,0xb703799d9f485852c9394a8b2cdb39f5590fd65f,gaijin,6
2026-09-01T18:05:03Z,244,Golden Athena Ring,55,0x67369c3e524d370daebc36d9ab3320fafc71eead,roblox,6
2026-09-01T18:05:03Z,244,Golden Athena Ring,56,0x08f4fc19fdee64babf4bda2b0b6e30d3b8683025,aponroflon,6
2026-09-01T18:05:03Z,244,Golden Athena Ring,57,0xd1c76125cb2751750ddb2afded780c6f5b7a3cbc,kace,6
2026-09-01T18:05:03Z,244,Golden Athena Ring,58,0x7174f8e3a3a2b777911dd6be31d92631a5052ab0,0xkingyo,5
2026-09-01T18:05:03Z,244,Golden Athena Ring,59,0x844d58714aa3fed998f898cbce1b0ddc4550304f,jiren,5
2026-09-01T18:05:03Z,244,Golden Athena Ring,60,0x5c4eccb4a3a7082a75c01c7608ea35f4350630a6,sedicol,4
2026-09-01T18:05:03Z,244,Golden Athena Ring,61,0xea04f13937031d59bf466c9c79d70a9c41a79a4a,sandsman,4
2026-09-01T18:05:03Z,244,Golden Athena Ring,62,0xfff195795e606cbfa76e1c72c7ed6731df91d83d,pan1c,4
2026-09-01T18:05:03Z,244,Golden Athena Ring,63,0x8c86b43762e80f15a483dba543a31cd96e48e456,n00b,4
2026-09-01T18:05:03Z,244,Golden Athena Ring,64,0x0b2291da8091128352c2464f1072cf4211144744,moritz,4
2026-09-01T18:05:03Z,244,Golden Athena Ring,65,0x2c685f23808bc7b6adda1fd7b6949c5e2db97eb0,bubba,4
2026-09-01T18:05:03Z,244,Golden Athena Ring,66,0x9e3eddb26f9ce62782e544f2a5366c4e2296bce2,og_ayri,4
2026-09-01T18:05:03Z,244,Golden Athena Ring,67,0x89ca1ffe78d575447514790ea0b141c7c44d9332,tice,4
2026-09-01T18:05:03Z,244,Golden Athena Ring,68,0xf3823ea2adaea672583ce9d84c979021f9ed9da4,iamroot,4
2026-09-01T18:05:03Z,244,Golden Athena Ring,69,0xca73ac7782813b76ba0962babf3c083407dd3e15,aruun,4
2026-09-01T18:05:03Z,244,Golden Athena Ring,70,0x55085ade6c1c39b64cd27099993c5dc933bbed35,bigdogga,4
2026-09-01T18:05:03Z,244,Golden Athena Ring,71,0xe4b1f5eb3da2195f8d41a052229a7eec3c4e6ed8,azoni,4
2026-09-01T18:05:03Z,244,Golden Athena Ring,72,0x633a05cc1ee8deb99caa0f6f143c1662796beed0,volo,3
2026-09-01T18:05:03Z,244,Golden Athena Ring,73,0xc1e6ace238f76e7ee3295063fedf6dfd97e176fd,leighjam,3
2026-09-01T18:05:03Z,244,Golden Athena Ring,74,0x4ebc17059cfc143d86fb92ed707805d68142e3ec,ponziscam,3
2026-09-01T18:05:03Z,244,Golden Athena Ring,75,0xd15481578c11b4e5b8f241c412899a0bdd704408,wholistic,3
2026-09-01T18:05:03Z,244,Golden Athena Ring,76,0x99278037b2150c577ef1038ceca08db8684bba95,0xfuture,3
2026-09-01T18:05:03Z,244,Golden Athena Ring,77,0x758c43e2325e9926d1d5633c132151a62e5f50cf,monkey215,3
2026-09-01T18:05:03Z,244,Golden Athena Ring,78,0xf3143c8e4469a271fa2be6d8775ca2b3bdccf4e2,rmty,3
2026-09-01T18:05:03Z,244,Golden Athena Ring,79,0x3eda210ff41e2b2d1658ca5ebe0b80a376c7e0f4,astarta,3
2026-09-01T18:05:03Z,244,Golden Athena Ring,80,0xf343348aef03fea785a6a55f1db870c94f6afb4f,billybob,3
2026-09-01T18:05:03Z,244,Golden Athena Ring,81,0x9b3ef1d5b7472560cf6241949b2485e456aa37a0,bush1do,3
2026-09-01T18:05:03Z,244,Golden Athena Ring,82,0x404965a95046bd5967692745a83231c1137e66e2,adfsjadjkjfsaj,3
2026-09-01T18:05:03Z,244,Golden Athena Ring,83,0xfbfc822ee4989b2b4b9b18e4035ff72335cbb16e,jame7,3
2026-09-01T18:05:03Z,244,Golden Athena Ring,84,0x50f3f45b06c27f5d6b6d85b54f66327d272a25bd,emr2006,3
2026-09-01T18:05:03Z,244,Golden Athena Ring,85,0x49826f26fd526c52c7b18d0f2866b6e158328eec,lilvibe,3
2026-09-01T18:05:03Z,244,Golden Athena Ring,86,0x4114d3fa8a699361525340800abe77b875eae626,realenjoy,3
2026-09-01T18:05:03Z,244,Golden Athena Ring,87,0xe910db7af916d287b3d3117abcb5fa9e0932a1c9,knyaz,3
2026-09-01T18:05:03Z,244,Golden Athena Ring,88,0x867a70d280830fc91f5441449ef37dfa403924a8,eydrian,3
2026-09-01T18:05:03Z,244,Golden Athena Ring,89,0x3e32f9cffb3feb7aef785fd95eba13a1ab5a6c0e,perez,2
2026-09-01T18:05:03Z,244,Golden Athena Ring,90,0x562ffbc839b608e35646e9de40591b5145bcc6f5,aizcalibur,2
2026-09-01T18:05:03Z,244,Golden Athena Ring,91,0xe4c92dfd2b82ff488ee4e0744e78959f8cc2c24c,jonh94,2
2026-09-01T18:05:03Z,244,Golden Athena Ring,92,0xd9233b0c7017055eb9cca10a95b214ac89fe905a,soroka,2
2026-09-01T18:05:03Z,244,Golden Athena Ring,93,0x56f4c6d5c5c41519a4823e3dae22167dd4544fce,behelit,2
2026-09-01T18:05:03Z,244,Golden Athena Ring,94,0x36d5de1a88210bfc655dedf66b08b0d96c615d39,kuntosan,2
2026-09-01T18:05:03Z,244,Golden Athena Ring,95,0x551d5bcbc8f2df0d3ce3b6e8f1e58fe27a68eb7a,kudrry,2
2026-09-01T18:05:03Z,244,Golden Athena Ring,96,0xf4f63d615772dd0a214a04aef7dacce9b7e1d28c,fizzy,2
2026-09-01T18:05:03Z,244,Golden Athena Ring,97,0x0649976f6dd8a2589af8790076f2c08909dd9337,debora,2
2026-09-01T18:05:03Z,244,Golden Athena Ring,98,0x397432e390b1916284b47ea19904c0f31e8241bf,umame,2
2026-09-01T18:05:03Z,244,Golden Athena Ring,99,0x0d1df94f0106ce5bd92138d43c8551cad530c169,vermo,2
2026-09-01T18:05:03Z,244,Golden Athena Ring,100,0xe1b2620511e4a989ec1c7ea80ac75555eae12828,soroky,2
2026-09-01T18:05:03Z,245,Golden Chobo Ring,1,0x69c4cc0147fbc23965896fb18a1ccea92230ed1b,afropengu,316
2026-09-01T18:05:03Z,245,Golden Chobo Ring,2,0x73a9ffdaaf53723f1d08403f613870cddd6e18fc,suspicious,152
2026-09-01T18:05:03Z,245,Golden Chobo Ring,3,0xd678b718f70389dbdd2d447df23333641e8f7480,yanik,128
2026-09-01T18:05:03Z,245,Golden Chobo Ring,4,0xeed7c6b2af48249a040c9e5d59437670889c7e07,lilwassie,110
2026-09-01T18:05:03Z,245,Golden Chobo Ring,5,0x0ee9318275c37f0e635bb7c8a455ade252cecf1f,georgysogood,70
2026-09-01T18:05:03Z,245,Golden Chobo Ring,6,0xbdecab53bb16b74aa1a1715cc4b80db641eac9da,rxch,70
2026-09-01T18:05:03Z,245,Golden Chobo Ring,7,0xf00dfac3af2f5b38fe55d50ccf8ffa8c293ea161,dudendy,65
2026-09-01T18:05:03Z,245,Golden Chobo Ring,8,0x02764ae21333f5777b44cdded3a654a340176fff,bh3320,65
2026-09-01T18:05:03Z,245,Golden Chobo Ring,9,0x19342b9e3f123e373e24f1eea9bb5a1a935507fa,bigmommymilkers,62
2026-09-01T18:05:03Z,245,Golden Chobo Ring,10,0x9dc70f5472a88f3eefa4d515a6b1ec94d9d30d13,sidlovskyy,58
2026-09-01T18:05:03Z,245,Golden Chobo Ring,11,0x2a2376e5e9981c19b15af64d2cdb57c9b94eb1f6,xiskool,57
2026-09-01T18:05:03Z,245,Golden Chobo Ring,12,0xac06dbd4f2b1b174dbb3b67449f0f4245f0f3bc3,spanish,55
2026-09-01T18:05:03Z,245,Golden Chobo Ring,13,0xfd0cb86676ba86e3033f1d6d333b342880f336df,677willwin,47
2026-09-01T18:05:03Z,245,Golden Chobo Ring,14,0xbcbcccae5efd1dab247e6428e9e20a9fda8c5abd,oneindigheid,45
2026-09-01T18:05:03Z,245,Golden Chobo Ring,15,0x3629d88069124258ef6bb99c9080d064f42e7206,grumpy,41
2026-09-01T18:05:03Z,245,Golden Chobo Ring,16,0x0357294131b3d5b23c84dfa8e38d7e54358f8ba8,kaiken888,39
2026-09-01T18:05:03Z,245,Golden Chobo Ring,17,0xbbbfe4cc5c3924f19f6e36e66448b2e3a126b111,cryptologist,35
2026-09-01T18:05:03Z,245,Golden Chobo Ring,18,0xafe00172cf96544d610bf9b70d549a5e89b83f2d,hungryjay,31
2026-09-01T18:05:03Z,245,Golden Chobo Ring,19,0x5d94f14bafdc6920e462abaa8285d680d4dfa069,tofu,29
2026-09-01T18:05:03Z,245,Golden Chobo Ring,20,0x0a42a67154221c44c9eae98eb7f9cbff2d269a0e,cassowary,29
2026-09-01T18:05:03Z,245,Golden Chobo Ring,21,0x388d510f0f11ba0762e8c7212645ed873c17a204,otabart,27
2026-09-01T18:05:03Z,245,Golden Chobo Ring,22,0x90c1ed16e9b16db7d031f573d20bead430feb107,jablko,26
2026-09-01T18:05:03Z,245,Golden Chobo Ring,23,0x7b937e99c1458a485a035a0f06b9d8bf5f842a05,lameak,23
2026-09-01T18:05:03Z,245,Golden Chobo Ring,24,0x7b761e4389daf5581708bfe1a26b5d45cc279f2f,gordongrowth,22
2026-09-01T18:05:03Z,245,Golden Chobo Ring,25,0xf3143c8e4469a271fa2be6d8775ca2b3bdccf4e2,rmty,19
2026-09-01T18:05:03Z,245,Golden Chobo Ring,26,0x4f03ea409e546d9ab7eaa6c9b481bcb99c8547e5,coinpie,19
2026-09-01T18:05:03Z,245,Golden Chobo Ring,27,0x8ccb0988036cf9d2ca7b24ed46a57cf25ce6f92d,chosta,16
2026-09-01T18:05:03Z,245,Golden Chobo Ring,28,0x33973ffb41add93b49227241566d3e5fc9ad904b,schemedream,15
2026-09-01T18:05:03Z,245,Golden Chobo Ring,29,0x18db144b2f18b025c1f7ee1d86b422fe864ba477,royven,15
2026-09-01T18:05:03Z,245,Golden Chobo Ring,30,0x92569bee8c8b9c1df1c283a0409fcc2b2fede157,phalanx,15
2026-09-01T18:05:03Z,245,Golden Chobo Ring,31,0xb703799d9f485852c9394a8b2cdb39f5590fd65f,gaijin,14
2026-09-01T18:05:03Z,245,Golden Chobo Ring,32,0xc577c2f43ffba49d965a8c153f330ba3daad3b73,snake,14
2026-09-01T18:05:03Z,245,Golden Chobo Ring,33,0xeb16cc074e0d3a6c87c0c45a6eced5ef92424b31,wiseadmiral,14
2026-09-01T18:05:03Z,245,Golden Chobo Ring,34,0x688410dbc8c331f5945eafc659ae721a447ae975,igloo,13
2026-09-01T18:05:03Z,245,Golden Chobo Ring,35,0x9c991a85b090aae221ef8418e3ca29279bf2500a,migs,13
2026-09-01T18:05:03Z,245,Golden Chobo Ring,36,0x319d278581e5e5a49ef80e795fe81225d9a15200,icedcoffee,12
2026-09-01T18:05:03Z,245,Golden Chobo Ring,37,0xfbfc822ee4989b2b4b9b18e4035ff72335cbb16e,jame7,12
2026-09-01T18:05:03Z,245,Golden Chobo Ring,38,0xf343348aef03fea785a6a55f1db870c94f6afb4f,billybob,11
2026-09-01T18:05:03Z,245,Golden Chobo Ring,39,0x95233e2ec170b4ba0e2208c1ec89f3b87f8b18c7,gambit,11
2026-09-01T18:05:03Z,245,Golden Chobo Ring,40,0xce3bc9c7e6b1a4082f9853f6f796e604148b2583,classicj,11
2026-09-01T18:05:03Z,245,Golden Chobo Ring,41,0x381dd397e721c72ce321a1ebaf96ce04f4422ac0,suckmydirtydick,10
2026-09-01T18:05:03Z,245,Golden Chobo Ring,42,0xd1c76125cb2751750ddb2afded780c6f5b7a3cbc,kace,10
2026-09-01T18:05:03Z,245,Golden Chobo Ring,43,0x8c86b43762e80f15a483dba543a31cd96e48e456,n00b,9
2026-09-01T18:05:03Z,245,Golden Chobo Ring,44,0x1114d62a0148f458040fbf2ddb945560398ca5f0,soma,9
2026-09-01T18:05:03Z,245,Golden Chobo Ring,45,0xb0d90d52c7389824d4b22c06bcdccd734e3162b7,ezsnipe,8
2026-09-01T18:05:03Z,245,Golden Chobo Ring,46,0x5ab272231e653c2265bdfae58310021bca37152e,tufbeast,8
2026-09-01T18:05:03Z,245,Golden Chobo Ring,47,0x4ec977a8e80c4099a44f8ae53a48281448471342,terrestra,8
2026-09-01T18:05:03Z,245,Golden Chobo Ring,48,0x6479013c37f56cecc6e77fcfece208645324f5cb,lightning,8
2026-09-01T18:05:03Z,245,Golden Chobo Ring,49,0x3d385f04852ae078d10e2a420f928f227f3e63f3,kellox,7
2026-09-01T18:05:03Z,245,Golden Chobo Ring,50,0x0d1df94f0106ce5bd92138d43c8551cad530c169,vermo,7
2026-09-01T18:05:03Z,245,Golden Chobo Ring,51,0x161f91374506a85ed9063e90c4c217d8697d6471,proofofely,7
2026-09-01T18:05:03Z,245,Golden Chobo Ring,52,0x67369c3e524d370daebc36d9ab3320fafc71eead,roblox,7
2026-09-01T18:05:03Z,245,Golden Chobo Ring,53,0x4114d3fa8a699361525340800abe77b875eae626,realenjoy,7
2026-09-01T18:05:03Z,245,Golden Chobo Ring,54,0x55085ade6c1c39b64cd27099993c5dc933bbed35,bigdogga,7
2026-09-01T18:05:03Z,245,Golden Chobo Ring,55,0x5d45eb4cb2f45b339b4821e2963fb4ae5e9ccc5e,freewilly,7
2026-09-01T18:05:03Z,245,Golden Chobo Ring,56,0xf3eaf60c6be58eb9853e71219801c06ad8969f0e,relicguy,7
2026-09-01T18:05:03Z,245,Golden Chobo Ring,57,0x1a5fd36d4b15dd6b5f6eba46c42b1fa697fa4f3a,melbo,6
2026-09-01T18:05:03Z,245,Golden Chobo Ring,58,0xd15481578c11b4e5b8f241c412899a0bdd704408,wholistic,6
2026-09-01T18:05:03Z,245,Golden Chobo Ring,59,0x90bef28cbd710d4acea9efe1ae8457eeda8c65ec,snggamer,5
2026-09-01T18:05:03Z,245,Golden Chobo Ring,60,0xfff195795e606cbfa76e1c72c7ed6731df91d83d,pan1c,5
2026-09-01T18:05:03Z,245,Golden Chobo Ring,61,0x0b2291da8091128352c2464f1072cf4211144744,moritz,5
2026-09-01T18:05:03Z,245,Golden Chobo Ring,62,0x853038c8b98818ee8cb91d8355454c18909e343b,doge,5
2026-09-01T18:05:03Z,245,Golden Chobo Ring,63,0x4366b9a2417631b2647a8d67608638d973fade33,epicser,5
2026-09-01T18:05:03Z,245,Golden Chobo Ring,64,0x92599bdd1ded8d462c58972f6c3badbb39cd06ba,trukreal,5
2026-09-01T18:05:03Z,245,Golden Chobo Ring,65,0xe90a9bdb63e9ba04a7f3e95140ff803f2f377f5e,vova,5
2026-09-01T18:05:03Z,245,Golden Chobo Ring,66,0xd2bb5bcaaaa9d2d77a50598055397916780972ca,sinet,5
2026-09-01T18:05:03Z,245,Golden Chobo Ring,67,0xef58ad6d6bcaf054da34948c88e7e91a052dc0fa,kraven,4
2026-09-01T18:05:03Z,245,Golden Chobo Ring,68,0x2c685f23808bc7b6adda1fd7b6949c5e2db97eb0,bubba,4
2026-09-01T18:05:03Z,245,Golden Chobo Ring,69,0x89ca1ffe78d575447514790ea0b141c7c44d9332,tice,4
2026-09-01T18:05:03Z,245,Golden Chobo Ring,70,0x4ebc17059cfc143d86fb92ed707805d68142e3ec,ponziscam,3
2026-09-01T18:05:03Z,245,Golden Chobo Ring,71,0xea04f13937031d59bf466c9c79d70a9c41a79a4a,sandsman,3
2026-09-01T18:05:03Z,245,Golden Chobo Ring,72,0xeb91cfe8979567c1f9e30bd7de9f2968b7e706f7,5324r2df,3
2026-09-01T18:05:03Z,245,Golden Chobo Ring,73,0x77b56d73521061c92ce7bf006dc77587fa7368c2,beizan,3
2026-09-01T18:05:03Z,245,Golden Chobo Ring,74,0x7174f8e3a3a2b777911dd6be31d92631a5052ab0,0xkingyo,3
2026-09-01T18:05:03Z,245,Golden Chobo Ring,75,0x2d13b12254a7da18b5634c54f74fd73cdd504777,wiseone,3
2026-09-01T18:05:03Z,245,Golden Chobo Ring,76,0x2fab84cc0f5e48d45670ddc3c0e757afafd9a624,visonnie,3
2026-09-01T18:05:03Z,245,Golden Chobo Ring,77,0x19aeb827a7a7a37b156f23bfe6c55a66ed4905eb,barry,3
2026-09-01T18:05:03Z,245,Golden Chobo Ring,78,0x844d58714aa3fed998f898cbce1b0ddc4550304f,jiren,3
2026-09-01T18:05:03Z,245,Golden Chobo Ring,79,0xd41d44c7a6c48b4854fce7af3a276dbd3b85d937,clock,3
2026-09-01T18:05:03Z,245,Golden Chobo Ring,80,0x49826f26fd526c52c7b18d0f2866b6e158328eec,lilvibe,3
2026-09-01T18:05:03Z,245,Golden Chobo Ring,81,0xbe8d1277e96dc6f1c1d560df4468f23690a331ed,perced,3
2026-09-01T18:05:03Z,245,Golden Chobo Ring,82,0xe4eada38870bffd32235e266e6589699d2420ec5,birka,3
2026-09-01T18:05:03Z,245,Golden Chobo Ring,83,0xca73ac7782813b76ba0962babf3c083407dd3e15,aruun,3
2026-09-01T18:05:03Z,245,Golden Chobo Ring,84,0xe9b489ff145ac7d8eca36c3b5c29e1be7f2281b9,laggin,3
2026-09-01T18:05:03Z,245,Golden Chobo Ring,85,0x8a39e43d0aac1b7bedc81f8100e3603323092f0d,kfay34,3
2026-09-01T18:05:03Z,245,Golden Chobo Ring,86,0xb7f14262c79d2a1e334e93b2509864d4de8ecc76,lazybone,2
2026-09-01T18:05:03Z,245,Golden Chobo Ring,87,0x0fec947904065bf920e97aae5042ef1e31268e76,matcha,2
2026-09-01T18:05:03Z,245,Golden Chobo Ring,88,0xebec21ad1ebcfae69f96b7ca96839e5594fbadd1,therec,2
2026-09-01T18:05:03Z,245,Golden Chobo Ring,89,0xe4c92dfd2b82ff488ee4e0744e78959f8cc2c24c,jonh94,2
2026-09-01T18:05:03Z,245,Golden Chobo Ring,90,0x56f4c6d5c5c41519a4823e3dae22167dd4544fce,behelit,2
2026-09-01T18:05:03Z,245,Golden Chobo Ring,91,0xc3ae9ac69d672368539413235938277ce19fc270,bollin,2
2026-09-01T18:05:03Z,245,Golden Chobo Ring,92,0x99278037b2150c577ef1038ceca08db8684bba95,0xfuture,2
2026-09-01T18:05:03Z,245,Golden Chobo Ring,93,0x0649976f6dd8a2589af8790076f2c08909dd9337,debora,2
2026-09-01T18:05:03Z,245,Golden Chobo Ring,94,0x8ed20f071287100fafca51c94b5d6d0d8340aef9,joseprust,2
2026-09-01T18:05:03Z,245,Golden Chobo Ring,95,0x0dcc95379341d2158cbb13963f317aa4510a5c80,yummytheartist,2
2026-09-01T18:05:03Z,245,Golden Chobo Ring,96,0xb18568332f8409a54111f883487f560f3071963e,tweekusha,2
2026-09-01T18:05:03Z,245,Golden Chobo Ring,97,0x3eda210ff41e2b2d1658ca5ebe0b80a376c7e0f4,astarta,2
2026-09-01T18:05:03Z,245,Golden Chobo Ring,98,0x469998f2fa8aaa2648fef6fc3902268f315195ef,mrgold,2
2026-09-01T18:05:03Z,245,Golden Chobo Ring,99,0x23244cc893df1ff2916ee2e492b65bec74b2760c,bunyoo,2
2026-09-01T18:05:03Z,245,Golden Chobo Ring,100,0x53c5e9ffb362ec22fc172400bc6209819cb3a301,k1sel,2
2026-09-01T18:05:03Z,246,Golden Crusader Ring,1,0x69c4cc0147fbc23965896fb18a1ccea92230ed1b,afropengu,297
2026-09-01T18:05:03Z,246,Golden Crusader Ring,2,0x73a9ffdaaf53723f1d08403f613870cddd6e18fc,suspicious,119
2026-09-01T18:05:03Z,246,Golden Crusader Ring,3,0xbdecab53bb16b74aa1a1715cc4b80db641eac9da,rxch,111
2026-09-01T18:05:03Z,246,Golden Crusader Ring,4,0x0ee9318275c37f0e635bb7c8a455ade252cecf1f,georgysogood,61
2026-09-01T18:05:03Z,246,Golden Crusader Ring,5,0x2a2376e5e9981c19b15af64d2cdb57c9b94eb1f6,xiskool,60
2026-09-01T18:05:03Z,246,Golden Crusader Ring,6,0xeed7c6b2af48249a040c9e5d59437670889c7e07,lilwassie,58
2026-09-01T18:05:03Z,246,Golden Crusader Ring,7,0xac06dbd4f2b1b174dbb3b67449f0f4245f0f3bc3,spanish,58
2026-09-01T18:05:03Z,246,Golden Crusader Ring,8,0x19342b9e3f123e373e24f1eea9bb5a1a935507fa,bigmommymilkers,58
2026-09-01T18:05:03Z,246,Golden Crusader Ring,9,0x90c1ed16e9b16db7d031f573d20bead430feb107,jablko,57
2026-09-01T18:05:03Z,246,Golden Crusader Ring,10,0xeff6c4dcd2b79f502d5d7cb6e6daf70f2536daef,syta,49
2026-09-01T18:05:03Z,246,Golden Crusader Ring,11,0x02764ae21333f5777b44cdded3a654a340176fff,bh3320,43
2026-09-01T18:05:03Z,246,Golden Crusader Ring,12,0x388d510f0f11ba0762e8c7212645ed873c17a204,otabart,42
2026-09-01T18:05:03Z,246,Golden Crusader Ring,13,0x9dc70f5472a88f3eefa4d515a6b1ec94d9d30d13,sidlovskyy,40
2026-09-01T18:05:03Z,246,Golden Crusader Ring,14,0x0a42a67154221c44c9eae98eb7f9cbff2d269a0e,cassowary,36
2026-09-01T18:05:03Z,246,Golden Crusader Ring,15,0x3629d88069124258ef6bb99c9080d064f42e7206,grumpy,33
2026-09-01T18:05:03Z,246,Golden Crusader Ring,16,0x8ccb0988036cf9d2ca7b24ed46a57cf25ce6f92d,chosta,33
2026-09-01T18:05:03Z,246,Golden Crusader Ring,17,0xbbbfe4cc5c3924f19f6e36e66448b2e3a126b111,cryptologist,32
2026-09-01T18:05:03Z,246,Golden Crusader Ring,18,0x0357294131b3d5b23c84dfa8e38d7e54358f8ba8,kaiken888,32
2026-09-01T18:05:03Z,246,Golden Crusader Ring,19,0xf00dfac3af2f5b38fe55d50ccf8ffa8c293ea161,dudendy,31
2026-09-01T18:05:03Z,246,Golden Crusader Ring,20,0xfd0cb86676ba86e3033f1d6d333b342880f336df,677willwin,31
2026-09-01T18:05:03Z,246,Golden Crusader Ring,21,0xd678b718f70389dbdd2d447df23333641e8f7480,yanik,31
2026-09-01T18:05:03Z,246,Golden Crusader Ring,22,0x7b937e99c1458a485a035a0f06b9d8bf5f842a05,lameak,30
2026-09-01T18:05:03Z,246,Golden Crusader Ring,23,0x4f03ea409e546d9ab7eaa6c9b481bcb99c8547e5,coinpie,28
2026-09-01T18:05:03Z,246,Golden Crusader Ring,24,0x7b761e4389daf5581708bfe1a26b5d45cc279f2f,gordongrowth,26
2026-09-01T18:05:03Z,246,Golden Crusader Ring,25,0x5d94f14bafdc6920e462abaa8285d680d4dfa069,tofu,23
2026-09-01T18:05:03Z,246,Golden Crusader Ring,26,0x688410dbc8c331f5945eafc659ae721a447ae975,igloo,20
2026-09-01T18:05:03Z,246,Golden Crusader Ring,27,0x99278037b2150c577ef1038ceca08db8684bba95,0xfuture,18
2026-09-01T18:05:03Z,246,Golden Crusader Ring,28,0x5ab272231e653c2265bdfae58310021bca37152e,tufbeast,18
2026-09-01T18:05:03Z,246,Golden Crusader Ring,29,0xafe00172cf96544d610bf9b70d549a5e89b83f2d,hungryjay,17
2026-09-01T18:05:03Z,246,Golden Crusader Ring,30,0x95233e2ec170b4ba0e2208c1ec89f3b87f8b18c7,gambit,17
2026-09-01T18:05:03Z,246,Golden Crusader Ring,31,0xf3143c8e4469a271fa2be6d8775ca2b3bdccf4e2,rmty,15
2026-09-01T18:05:03Z,246,Golden Crusader Ring,32,0x92569bee8c8b9c1df1c283a0409fcc2b2fede157,phalanx,15
2026-09-01T18:05:03Z,246,Golden Crusader Ring,33,0x33973ffb41add93b49227241566d3e5fc9ad904b,schemedream,14
2026-09-01T18:05:03Z,246,Golden Crusader Ring,34,0x4366b9a2417631b2647a8d67608638d973fade33,epicser,14
2026-09-01T18:05:03Z,246,Golden Crusader Ring,35,0xeb16cc074e0d3a6c87c0c45a6eced5ef92424b31,wiseadmiral,12
2026-09-01T18:05:03Z,246,Golden Crusader Ring,36,0xf343348aef03fea785a6a55f1db870c94f6afb4f,billybob,11
2026-09-01T18:05:03Z,246,Golden Crusader Ring,37,0xe90a9bdb63e9ba04a7f3e95140ff803f2f377f5e,vova,10
2026-09-01T18:05:03Z,246,Golden Crusader Ring,38,0x67369c3e524d370daebc36d9ab3320fafc71eead,roblox,9
2026-09-01T18:05:03Z,246,Golden Crusader Ring,39,0x9c991a85b090aae221ef8418e3ca29279bf2500a,migs,9
2026-09-01T18:05:03Z,246,Golden Crusader Ring,40,0xbcbcccae5efd1dab247e6428e9e20a9fda8c5abd,oneindigheid,8
2026-09-01T18:05:03Z,246,Golden Crusader Ring,41,0xb703799d9f485852c9394a8b2cdb39f5590fd65f,gaijin,8
2026-09-01T18:05:03Z,246,Golden Crusader Ring,42,0xd15481578c11b4e5b8f241c412899a0bdd704408,wholistic,8
2026-09-01T18:05:03Z,246,Golden Crusader Ring,43,0xc577c2f43ffba49d965a8c153f330ba3daad3b73,snake,8
2026-09-01T18:05:03Z,246,Golden Crusader Ring,44,0x4ec977a8e80c4099a44f8ae53a48281448471342,terrestra,8
2026-09-01T18:05:03Z,246,Golden Crusader Ring,45,0x23244cc893df1ff2916ee2e492b65bec74b2760c,bunyoo,7
2026-09-01T18:05:03Z,246,Golden Crusader Ring,46,0x844d58714aa3fed998f898cbce1b0ddc4550304f,jiren,7
2026-09-01T18:05:03Z,246,Golden Crusader Ring,47,0x1114d62a0148f458040fbf2ddb945560398ca5f0,soma,7
2026-09-01T18:05:03Z,246,Golden Crusader Ring,48,0xd1c76125cb2751750ddb2afded780c6f5b7a3cbc,kace,7
2026-09-01T18:05:03Z,246,Golden Crusader Ring,49,0x867a70d280830fc91f5441449ef37dfa403924a8,eydrian,7
2026-09-01T18:05:03Z,246,Golden Crusader Ring,50,0x18db144b2f18b025c1f7ee1d86b422fe864ba477,royven,6
2026-09-01T18:05:03Z,246,Golden Crusader Ring,51,0x3c49ca3eda0ce8413f9c433f04322827714c23c3,dmisky,6
2026-09-01T18:05:03Z,246,Golden Crusader Ring,52,0x3d385f04852ae078d10e2a420f928f227f3e63f3,kellox,5
2026-09-01T18:05:03Z,246,Golden Crusader Ring,53,0xef58ad6d6bcaf054da34948c88e7e91a052dc0fa,kraven,5
2026-09-01T18:05:03Z,246,Golden Crusader Ring,54,0xc3ae9ac69d672368539413235938277ce19fc270,bollin,5
2026-09-01T18:05:03Z,246,Golden Crusader Ring,55,0x0649976f6dd8a2589af8790076f2c08909dd9337,debora,5
2026-09-01T18:05:03Z,246,Golden Crusader Ring,56,0x3eda210ff41e2b2d1658ca5ebe0b80a376c7e0f4,astarta,5
2026-09-01T18:05:03Z,246,Golden Crusader Ring,57,0x7174f8e3a3a2b777911dd6be31d92631a5052ab0,0xkingyo,5
2026-09-01T18:05:03Z,246,Golden Crusader Ring,58,0xce3bc9c7e6b1a4082f9853f6f796e604148b2583,classicj,5
2026-09-01T18:05:03Z,246,Golden Crusader Ring,59,0xf3eaf60c6be58eb9853e71219801c06ad8969f0e,relicguy,5
2026-09-01T18:05:03Z,246,Golden Crusader Ring,60,0x381dd397e721c72ce321a1ebaf96ce04f4422ac0,suckmydirtydick,4
2026-09-01T18:05:03Z,246,Golden Crusader Ring,61,0x0fec947904065bf920e97aae5042ef1e31268e76,matcha,4
2026-09-01T18:05:03Z,246,Golden Crusader Ring,62,0x89ca1ffe78d575447514790ea0b141c7c44d9332,tice,4
2026-09-01T18:05:03Z,246,Golden Crusader Ring,63,0xb0d90d52c7389824d4b22c06bcdccd734e3162b7,ezsnipe,4
2026-09-01T18:05:03Z,246,Golden Crusader Ring,64,0x7a10d45c461e81e24796f9c83b584756876d24d7,stakeoor,4
2026-09-01T18:05:03Z,246,Golden Crusader Ring,65,0x1494b3e636c533ffd78d467de090102595244d06,anduron,4
2026-09-01T18:05:03Z,246,Golden Crusader Ring,66,0x8a39e43d0aac1b7bedc81f8100e3603323092f0d,kfay34,4
2026-09-01T18:05:03Z,246,Golden Crusader Ring,67,0x6479013c37f56cecc6e77fcfece208645324f5cb,lightning,4
2026-09-01T18:05:03Z,246,Golden Crusader Ring,68,0xebec21ad1ebcfae69f96b7ca96839e5594fbadd1,therec,3
2026-09-01T18:05:03Z,246,Golden Crusader Ring,69,0x6e15784a00ceb7dde2a9801f9eb19d6186447d4d,dpuck,3
2026-09-01T18:05:03Z,246,Golden Crusader Ring,70,0x4ebc17059cfc143d86fb92ed707805d68142e3ec,ponziscam,3
2026-09-01T18:05:03Z,246,Golden Crusader Ring,71,0xea04f13937031d59bf466c9c79d70a9c41a79a4a,sandsman,3
2026-09-01T18:05:03Z,246,Golden Crusader Ring,72,0xfff195795e606cbfa76e1c72c7ed6731df91d83d,pan1c,3
2026-09-01T18:05:03Z,246,Golden Crusader Ring,73,0x319d278581e5e5a49ef80e795fe81225d9a15200,icedcoffee,3
2026-09-01T18:05:03Z,246,Golden Crusader Ring,74,0x0d1df94f0106ce5bd92138d43c8551cad530c169,vermo,3
2026-09-01T18:05:03Z,246,Golden Crusader Ring,75,0xe1b2620511e4a989ec1c7ea80ac75555eae12828,soroky,3
2026-09-01T18:05:03Z,246,Golden Crusader Ring,76,0x161f91374506a85ed9063e90c4c217d8697d6471,proofofely,3
2026-09-01T18:05:03Z,246,Golden Crusader Ring,77,0x469998f2fa8aaa2648fef6fc3902268f315195ef,mrgold,3
2026-09-01T18:05:03Z,246,Golden Crusader Ring,78,0x9e3eddb26f9ce62782e544f2a5366c4e2296bce2,og_ayri,3
2026-09-01T18:05:03Z,246,Golden Crusader Ring,79,0xe0bcefccc4d8012e295b761235987ebb2370755d,2357y,3
2026-09-01T18:05:03Z,246,Golden Crusader Ring,80,0x48ee44d5ebc1018e633eb35248e3e45f80517b88,torubtc,3
2026-09-01T18:05:03Z,246,Golden Crusader Ring,81,0xd241569d27278c7dc650aa6808356f21589b7b27,ziirup,3
2026-09-01T18:05:03Z,246,Golden Crusader Ring,82,0x163a31cf31e1b687bbc5f1bcb11c1cbe4c2c5a79,xfun,3
2026-09-01T18:05:03Z,246,Golden Crusader Ring,83,0x55085ade6c1c39b64cd27099993c5dc933bbed35,bigdogga,3
2026-09-01T18:05:03Z,246,Golden Crusader Ring,84,0xd67eb6b6254b48acd89ea84b5d51afc68b7378c1,lancelot,2
2026-09-01T18:05:03Z,246,Golden Crusader Ring,85,0xf0591506ee91c25dbe35c44dc760c462c5d53079,impact,2
2026-09-01T18:05:03Z,246,Golden Crusader Ring,86,0x562ffbc839b608e35646e9de40591b5145bcc6f5,aizcalibur,2
2026-09-01T18:05:03Z,246,Golden Crusader Ring,87,0xe4c92dfd2b82ff488ee4e0744e78959f8cc2c24c,jonh94,2
2026-09-01T18:05:03Z,246,Golden Crusader Ring,88,0xd9233b0c7017055eb9cca10a95b214ac89fe905a,soroka,2
2026-09-01T18:05:03Z,246,Golden Crusader Ring,89,0x1a5fd36d4b15dd6b5f6eba46c42b1fa697fa4f3a,melbo,2
2026-09-01T18:05:03Z,246,Golden Crusader Ring,90,0xd82311e0ddcff7cad1be090763d4f6d7ba1c290a,vims,2
2026-09-01T18:05:03Z,246,Golden Crusader Ring,91,0x9b3ef1d5b7472560cf6241949b2485e456aa37a0,bush1do,2
2026-09-01T18:05:03Z,246,Golden Crusader Ring,92,0xdbd4749050752504d9017484f82a75dff9592cd1,tron,2
2026-09-01T18:05:03Z,246,Golden Crusader Ring,93,0xf3823ea2adaea672583ce9d84c979021f9ed9da4,iamroot,2
2026-09-01T18:05:03Z,246,Golden Crusader Ring,94,0x2fab84cc0f5e48d45670ddc3c0e757afafd9a624,visonnie,2
2026-09-01T18:05:03Z,246,Golden Crusader Ring,95,0x50f3f45b06c27f5d6b6d85b54f66327d272a25bd,emr2006,2
2026-09-01T18:05:03Z,246,Golden Crusader Ring,96,0x09c96dae4254764a02a211f6203dc9489a572602,favorburn,2
2026-09-01T18:05:03Z,246,Golden Crusader Ring,97,0x885d6144d9960e5c19c91527b86c541befe37451,stakb,2
2026-09-01T18:05:03Z,246,Golden Crusader Ring,98,0x319cd6df9e13e715e411607139172d8f4d4b56c7,balou,2
2026-09-01T18:05:03Z,246,Golden Crusader Ring,99,0x30d786a24f0a1296db15db36a7cb410c86f46901,jannikfades,2
2026-09-01T18:05:03Z,246,Golden Crusader Ring,100,0x4114d3fa8a699361525340800abe77b875eae626,realenjoy,2
2026-09-01T18:05:03Z,247,Golden Foxglove Ring,1,0x69c4cc0147fbc23965896fb18a1ccea92230ed1b,afropengu,319
2026-09-01T18:05:03Z,247,Golden Foxglove Ring,2,0x73a9ffdaaf53723f1d08403f613870cddd6e18fc,suspicious,138
2026-09-01T18:05:03Z,247,Golden Foxglove Ring,3,0xd678b718f70389dbdd2d447df23333641e8f7480,yanik,109
2026-09-01T18:05:03Z,247,Golden Foxglove Ring,4,0x02764ae21333f5777b44cdded3a654a340176fff,bh3320,71
2026-09-01T18:05:03Z,247,Golden Foxglove Ring,5,0xeed7c6b2af48249a040c9e5d59437670889c7e07,lilwassie,69
2026-09-01T18:05:03Z,247,Golden Foxglove Ring,6,0xac06dbd4f2b1b174dbb3b67449f0f4245f0f3bc3,spanish,63
2026-09-01T18:05:03Z,247,Golden Foxglove Ring,7,0x2a2376e5e9981c19b15af64d2cdb57c9b94eb1f6,xiskool,58
2026-09-01T18:05:03Z,247,Golden Foxglove Ring,8,0x0ee9318275c37f0e635bb7c8a455ade252cecf1f,georgysogood,57
2026-09-01T18:05:03Z,247,Golden Foxglove Ring,9,0x19342b9e3f123e373e24f1eea9bb5a1a935507fa,bigmommymilkers,53
2026-09-01T18:05:03Z,247,Golden Foxglove Ring,10,0xbdecab53bb16b74aa1a1715cc4b80db641eac9da,rxch,50
2026-09-01T18:05:03Z,247,Golden Foxglove Ring,11,0x9dc70f5472a88f3eefa4d515a6b1ec94d9d30d13,sidlovskyy,49
2026-09-01T18:05:03Z,247,Golden Foxglove Ring,12,0x90c1ed16e9b16db7d031f573d20bead430feb107,jablko,42
2026-09-01T18:05:03Z,247,Golden Foxglove Ring,13,0xd2bb5bcaaaa9d2d77a50598055397916780972ca,sinet,40
2026-09-01T18:05:03Z,247,Golden Foxglove Ring,14,0x0357294131b3d5b23c84dfa8e38d7e54358f8ba8,kaiken888,37
2026-09-01T18:05:03Z,247,Golden Foxglove Ring,15,0xfd0cb86676ba86e3033f1d6d333b342880f336df,677willwin,34
2026-09-01T18:05:03Z,247,Golden Foxglove Ring,16,0x8ccb0988036cf9d2ca7b24ed46a57cf25ce6f92d,chosta,34
2026-09-01T18:05:03Z,247,Golden Foxglove Ring,17,0xafe00172cf96544d610bf9b70d549a5e89b83f2d,hungryjay,33
2026-09-01T18:05:03Z,247,Golden Foxglove Ring,18,0xf00dfac3af2f5b38fe55d50ccf8ffa8c293ea161,dudendy,32
2026-09-01T18:05:03Z,247,Golden Foxglove Ring,19,0x388d510f0f11ba0762e8c7212645ed873c17a204,otabart,31
2026-09-01T18:05:03Z,247,Golden Foxglove Ring,20,0x3629d88069124258ef6bb99c9080d064f42e7206,grumpy,31
2026-09-01T18:05:03Z,247,Golden Foxglove Ring,21,0x4f03ea409e546d9ab7eaa6c9b481bcb99c8547e5,coinpie,29
2026-09-01T18:05:03Z,247,Golden Foxglove Ring,22,0xbcbcccae5efd1dab247e6428e9e20a9fda8c5abd,oneindigheid,28
2026-09-01T18:05:03Z,247,Golden Foxglove Ring,23,0x7b937e99c1458a485a035a0f06b9d8bf5f842a05,lameak,27
2026-09-01T18:05:03Z,247,Golden Foxglove Ring,24,0x0a42a67154221c44c9eae98eb7f9cbff2d269a0e,cassowary,25
2026-09-01T18:05:03Z,247,Golden Foxglove Ring,25,0x688410dbc8c331f5945eafc659ae721a447ae975,igloo,22
2026-09-01T18:05:03Z,247,Golden Foxglove Ring,26,0x7b761e4389daf5581708bfe1a26b5d45cc279f2f,gordongrowth,20
2026-09-01T18:05:03Z,247,Golden Foxglove Ring,27,0xeff6c4dcd2b79f502d5d7cb6e6daf70f2536daef,syta,19
2026-09-01T18:05:03Z,247,Golden Foxglove Ring,28,0x33973ffb41add93b49227241566d3e5fc9ad904b,schemedream,17
2026-09-01T18:05:03Z,247,Golden Foxglove Ring,29,0xbbbfe4cc5c3924f19f6e36e66448b2e3a126b111,cryptologist,16
2026-09-01T18:05:03Z,247,Golden Foxglove Ring,30,0x5d94f14bafdc6920e462abaa8285d680d4dfa069,tofu,15
2026-09-01T18:05:03Z,247,Golden Foxglove Ring,31,0x92569bee8c8b9c1df1c283a0409fcc2b2fede157,phalanx,15
2026-09-01T18:05:03Z,247,Golden Foxglove Ring,32,0x381dd397e721c72ce321a1ebaf96ce04f4422ac0,suckmydirtydick,14
2026-09-01T18:05:03Z,247,Golden Foxglove Ring,33,0x18db144b2f18b025c1f7ee1d86b422fe864ba477,royven,14
2026-09-01T18:05:03Z,247,Golden Foxglove Ring,34,0xf343348aef03fea785a6a55f1db870c94f6afb4f,billybob,13
2026-09-01T18:05:03Z,247,Golden Foxglove Ring,35,0x319d278581e5e5a49ef80e795fe81225d9a15200,icedcoffee,12
2026-09-01T18:05:03Z,247,Golden Foxglove Ring,36,0xfbfc822ee4989b2b4b9b18e4035ff72335cbb16e,jame7,12
2026-09-01T18:05:03Z,247,Golden Foxglove Ring,37,0x95233e2ec170b4ba0e2208c1ec89f3b87f8b18c7,gambit,11
2026-09-01T18:05:03Z,247,Golden Foxglove Ring,38,0x9c991a85b090aae221ef8418e3ca29279bf2500a,migs,11
2026-09-01T18:05:03Z,247,Golden Foxglove Ring,39,0x1a5fd36d4b15dd6b5f6eba46c42b1fa697fa4f3a,melbo,10
2026-09-01T18:05:03Z,247,Golden Foxglove Ring,40,0x4366b9a2417631b2647a8d67608638d973fade33,epicser,10
2026-09-01T18:05:03Z,247,Golden Foxglove Ring,41,0xce3bc9c7e6b1a4082f9853f6f796e604148b2583,classicj,10
2026-09-01T18:05:03Z,247,Golden Foxglove Ring,42,0xe90a9bdb63e9ba04a7f3e95140ff803f2f377f5e,vova,10
2026-09-01T18:05:03Z,247,Golden Foxglove Ring,43,0xc577c2f43ffba49d965a8c153f330ba3daad3b73,snake,9
2026-09-01T18:05:03Z,247,Golden Foxglove Ring,44,0x319cd6df9e13e715e411607139172d8f4d4b56c7,balou,9
2026-09-01T18:05:03Z,247,Golden Foxglove Ring,45,0xeb16cc074e0d3a6c87c0c45a6eced5ef92424b31,wiseadmiral,9
2026-09-01T18:05:03Z,247,Golden Foxglove Ring,46,0x5c4eccb4a3a7082a75c01c7608ea35f4350630a6,sedicol,7
2026-09-01T18:05:03Z,247,Golden Foxglove Ring,47,0x4f8c2395f105d29dae90531f36c7d1d14e22acb9,phangu,7
2026-09-01T18:05:03Z,247,Golden Foxglove Ring,48,0x5ab272231e653c2265bdfae58310021bca37152e,tufbeast,7
2026-09-01T18:05:03Z,247,Golden Foxglove Ring,49,0xf3eaf60c6be58eb9853e71219801c06ad8969f0e,relicguy,7
2026-09-01T18:05:03Z,247,Golden Foxglove Ring,50,0x4ebc17059cfc143d86fb92ed707805d68142e3ec,ponziscam,6
2026-09-01T18:05:03Z,247,Golden Foxglove Ring,51,0x99278037b2150c577ef1038ceca08db8684bba95,0xfuture,6
2026-09-01T18:05:03Z,247,Golden Foxglove Ring,52,0x23244cc893df1ff2916ee2e492b65bec74b2760c,bunyoo,6
2026-09-01T18:05:03Z,247,Golden Foxglove Ring,53,0x67369c3e524d370daebc36d9ab3320fafc71eead,roblox,6
2026-09-01T18:05:03Z,247,Golden Foxglove Ring,54,0x49826f26fd526c52c7b18d0f2866b6e158328eec,lilvibe,6
2026-09-01T18:05:03Z,247,Golden Foxglove Ring,55,0x3c49ca3eda0ce8413f9c433f04322827714c23c3,dmisky,6
2026-09-01T18:05:03Z,247,Golden Foxglove Ring,56,0xd1c76125cb2751750ddb2afded780c6f5b7a3cbc,kace,6
2026-09-01T18:05:03Z,247,Golden Foxglove Ring,57,0x4ec977a8e80c4099a44f8ae53a48281448471342,terrestra,6
2026-09-01T18:05:03Z,247,Golden Foxglove Ring,58,0xd15481578c11b4e5b8f241c412899a0bdd704408,wholistic,5
2026-09-01T18:05:03Z,247,Golden Foxglove Ring,59,0xfff195795e606cbfa76e1c72c7ed6731df91d83d,pan1c,5
2026-09-01T18:05:03Z,247,Golden Foxglove Ring,60,0x8c86b43762e80f15a483dba543a31cd96e48e456,n00b,5
2026-09-01T18:05:03Z,247,Golden Foxglove Ring,61,0x6479013c37f56cecc6e77fcfece208645324f5cb,lightning,5
2026-09-01T18:05:03Z,247,Golden Foxglove Ring,62,0xaed39522670a5d146eb57289cc05b043bbeb0c19,lazyiv,4
2026-09-01T18:05:03Z,247,Golden Foxglove Ring,63,0x3d385f04852ae078d10e2a420f928f227f3e63f3,kellox,4
2026-09-01T18:05:03Z,247,Golden Foxglove Ring,64,0xb0f42c12dd7e28f0deafe74fdf603782c430f896,stellarhobbes,4
2026-09-01T18:05:03Z,247,Golden Foxglove Ring,65,0xef58ad6d6bcaf054da34948c88e7e91a052dc0fa,kraven,4
2026-09-01T18:05:03Z,247,Golden Foxglove Ring,66,0x0b2291da8091128352c2464f1072cf4211144744,moritz,4
2026-09-01T18:05:03Z,247,Golden Foxglove Ring,67,0xb0d90d52c7389824d4b22c06bcdccd734e3162b7,ezsnipe,4
2026-09-01T18:05:03Z,247,Golden Foxglove Ring,68,0x844d58714aa3fed998f898cbce1b0ddc4550304f,jiren,4
2026-09-01T18:05:03Z,247,Golden Foxglove Ring,69,0x4114d3fa8a699361525340800abe77b875eae626,realenjoy,4
2026-09-01T18:05:03Z,247,Golden Foxglove Ring,70,0x8a39e43d0aac1b7bedc81f8100e3603323092f0d,kfay34,4
2026-09-01T18:05:03Z,247,Golden Foxglove Ring,71,0x0fec947904065bf920e97aae5042ef1e31268e76,matcha,3
2026-09-01T18:05:03Z,247,Golden Foxglove Ring,72,0x2b22930f9a2258d9ba2d0796b393089ee5086435,garnisho,3
2026-09-01T18:05:03Z,247,Golden Foxglove Ring,73,0xea04f13937031d59bf466c9c79d70a9c41a79a4a,sandsman,3
2026-09-01T18:05:03Z,247,Golden Foxglove Ring,74,0x790824745300127af8763badd4dba6f84358b548,pablosky48,3
2026-09-01T18:05:03Z,247,Golden Foxglove Ring,75,0xb18568332f8409a54111f883487f560f3071963e,tweekusha,3
2026-09-01T18:05:03Z,247,Golden Foxglove Ring,76,0x9b3ef1d5b7472560cf6241949b2485e456aa37a0,bush1do,3
2026-09-01T18:05:03Z,247,Golden Foxglove Ring,77,0x2dad623c8e23645751d0671adb4a02b246285515,fragi,3
2026-09-01T18:05:03Z,247,Golden Foxglove Ring,78,0x9e3eddb26f9ce62782e544f2a5366c4e2296bce2,og_ayri,3
2026-09-01T18:05:03Z,247,Golden Foxglove Ring,79,0x89ca1ffe78d575447514790ea0b141c7c44d9332,tice,3
2026-09-01T18:05:03Z,247,Golden Foxglove Ring,80,0x1c436ae0b01bba8295be93afa4154bd0435aba46,kenzaii,3
2026-09-01T18:05:03Z,247,Golden Foxglove Ring,81,0xa8a956a5690cc81bb367da2c2f6f1796be2b3c30,scottco,3
2026-09-01T18:05:03Z,247,Golden Foxglove Ring,82,0x30d786a24f0a1296db15db36a7cb410c86f46901,jannikfades,3
2026-09-01T18:05:03Z,247,Golden Foxglove Ring,83,0x4c53b2e646a3e01c2b22497753b1560029b5166b,gusine,3
2026-09-01T18:05:03Z,247,Golden Foxglove Ring,84,0xe9b489ff145ac7d8eca36c3b5c29e1be7f2281b9,laggin,3
2026-09-01T18:05:03Z,247,Golden Foxglove Ring,85,0xebec21ad1ebcfae69f96b7ca96839e5594fbadd1,therec,2
2026-09-01T18:05:03Z,247,Golden Foxglove Ring,86,0xe4c92dfd2b82ff488ee4e0744e78959f8cc2c24c,jonh94,2
2026-09-01T18:05:03Z,247,Golden Foxglove Ring,87,0xb703799d9f485852c9394a8b2cdb39f5590fd65f,gaijin,2
2026-09-01T18:05:03Z,247,Golden Foxglove Ring,88,0x40bfc8a6d3283958d3b70dc68049a78038a0f2e3,playaway,2
2026-09-01T18:05:03Z,247,Golden Foxglove Ring,89,0x56f4c6d5c5c41519a4823e3dae22167dd4544fce,behelit,2
2026-09-01T18:05:03Z,247,Golden Foxglove Ring,90,0x36d5de1a88210bfc655dedf66b08b0d96c615d39,kuntosan,2
2026-09-01T18:05:03Z,247,Golden Foxglove Ring,91,0xc3ae9ac69d672368539413235938277ce19fc270,bollin,2
2026-09-01T18:05:03Z,247,Golden Foxglove Ring,92,0xdb927fb9f66907b2a957b3d0d440110c3a999069,arbitrum,2
2026-09-01T18:05:03Z,247,Golden Foxglove Ring,93,0x3eda210ff41e2b2d1658ca5ebe0b80a376c7e0f4,astarta,2
2026-09-01T18:05:03Z,247,Golden Foxglove Ring,94,0x8d3b30483efaf6db004e22260ddc9d7d19f1067a,anonymized,2
2026-09-01T18:05:03Z,247,Golden Foxglove Ring,95,0x2c685f23808bc7b6adda1fd7b6949c5e2db97eb0,bubba,2
2026-09-01T18:05:03Z,247,Golden Foxglove Ring,96,0xc9f27e68912aae40bb60c17b5634b3e74bbb16ab,minebuu,2
2026-09-01T18:05:03Z,247,Golden Foxglove Ring,97,0x2fab84cc0f5e48d45670ddc3c0e757afafd9a624,visonnie,2
2026-09-01T18:05:03Z,247,Golden Foxglove Ring,98,0xd41d44c7a6c48b4854fce7af3a276dbd3b85d937,clock,2
2026-09-01T18:05:03Z,247,Golden Foxglove Ring,99,0x885d6144d9960e5c19c91527b86c541befe37451,stakb,2
2026-09-01T18:05:03Z,247,Golden Foxglove Ring,100,0x1114d62a0148f458040fbf2ddb945560398ca5f0,soma,2
2026-09-01T18:05:03Z,248,Golden Overseer Ring,1,0x69c4cc0147fbc23965896fb18a1ccea92230ed1b,afropengu,381
2026-09-01T18:05:03Z,248,Golden Overseer Ring,2,0x73a9ffdaaf53723f1d08403f613870cddd6e18fc,suspicious,149
2026-09-01T18:05:03Z,248,Golden Overseer Ring,3,0xd678b718f70389dbdd2d447df23333641e8f7480,yanik,125
2026-09-01T18:05:03Z,248,Golden Overseer Ring,4,0xbdecab53bb16b74aa1a1715cc4b80db641eac9da,rxch,108
2026-09-01T18:05:03Z,248,Golden Overseer Ring,5,0xeed7c6b2af48249a040c9e5d59437670889c7e07,lilwassie,73
2026-09-01T18:05:03Z,248,Golden Overseer Ring,6,0x0ee9318275c37f0e635bb7c8a455ade252cecf1f,georgysogood,66
2026-09-01T18:05:03Z,248,Golden Overseer Ring,7,0x2a2376e5e9981c19b15af64d2cdb57c9b94eb1f6,xiskool,58
2026-09-01T18:05:03Z,248,Golden Overseer Ring,8,0xac06dbd4f2b1b174dbb3b67449f0f4245f0f3bc3,spanish,56
2026-09-01T18:05:03Z,248,Golden Overseer Ring,9,0x19342b9e3f123e373e24f1eea9bb5a1a935507fa,bigmommymilkers,55
2026-09-01T18:05:03Z,248,Golden Overseer Ring,10,0x02764ae21333f5777b44cdded3a654a340176fff,bh3320,51
2026-09-01T18:05:03Z,248,Golden Overseer Ring,11,0xfd0cb86676ba86e3033f1d6d333b342880f336df,677willwin,50
2026-09-01T18:05:03Z,248,Golden Overseer Ring,12,0xafe00172cf96544d610bf9b70d549a5e89b83f2d,hungryjay,48
2026-09-01T18:05:03Z,248,Golden Overseer Ring,13,0x9dc70f5472a88f3eefa4d515a6b1ec94d9d30d13,sidlovskyy,42
2026-09-01T18:05:03Z,248,Golden Overseer Ring,14,0x388d510f0f11ba0762e8c7212645ed873c17a204,otabart,40
2026-09-01T18:05:03Z,248,Golden Overseer Ring,15,0x3629d88069124258ef6bb99c9080d064f42e7206,grumpy,39
2026-09-01T18:05:03Z,248,Golden Overseer Ring,16,0x5d94f14bafdc6920e462abaa8285d680d4dfa069,tofu,37
2026-09-01T18:05:03Z,248,Golden Overseer Ring,17,0x90c1ed16e9b16db7d031f573d20bead430feb107,jablko,37
2026-09-01T18:05:03Z,248,Golden Overseer Ring,18,0x688410dbc8c331f5945eafc659ae721a447ae975,igloo,36
2026-09-01T18:05:03Z,248,Golden Overseer Ring,19,0x0357294131b3d5b23c84dfa8e38d7e54358f8ba8,kaiken888,35
2026-09-01T18:05:03Z,248,Golden Overseer Ring,20,0xf00dfac3af2f5b38fe55d50ccf8ffa8c293ea161,dudendy,30
2026-09-01T18:05:03Z,248,Golden Overseer Ring,21,0x7b937e99c1458a485a035a0f06b9d8bf5f842a05,lameak,30
2026-09-01T18:05:03Z,248,Golden Overseer Ring,22,0x0a42a67154221c44c9eae98eb7f9cbff2d269a0e,cassowary,27
2026-09-01T18:05:03Z,248,Golden Overseer Ring,23,0x4f03ea409e546d9ab7eaa6c9b481bcb99c8547e5,coinpie,26
2026-09-01T18:05:03Z,248,Golden Overseer Ring,24,0xeff6c4dcd2b79f502d5d7cb6e6daf70f2536daef,syta,26
2026-09-01T18:05:03Z,248,Golden Overseer Ring,25,0x8ccb0988036cf9d2ca7b24ed46a57cf25ce6f92d,chosta,23
2026-09-01T18:05:03Z,248,Golden Overseer Ring,26,0xbcbcccae5efd1dab247e6428e9e20a9fda8c5abd,oneindigheid,19
2026-09-01T18:05:03Z,248,Golden Overseer Ring,27,0xf3143c8e4469a271fa2be6d8775ca2b3bdccf4e2,rmty,17
2026-09-01T18:05:03Z,248,Golden Overseer Ring,28,0x7b761e4389daf5581708bfe1a26b5d45cc279f2f,gordongrowth,17
2026-09-01T18:05:03Z,248,Golden Overseer Ring,29,0x33973ffb41add93b49227241566d3e5fc9ad904b,schemedream,16
2026-09-01T18:05:03Z,248,Golden Overseer Ring,30,0x92569bee8c8b9c1df1c283a0409fcc2b2fede157,phalanx,15
2026-09-01T18:05:03Z,248,Golden Overseer Ring,31,0xbbbfe4cc5c3924f19f6e36e66448b2e3a126b111,cryptologist,15
2026-09-01T18:05:03Z,248,Golden Overseer Ring,32,0xf343348aef03fea785a6a55f1db870c94f6afb4f,billybob,13
2026-09-01T18:05:03Z,248,Golden Overseer Ring,33,0x5ab272231e653c2265bdfae58310021bca37152e,tufbeast,13
2026-09-01T18:05:03Z,248,Golden Overseer Ring,34,0x319d278581e5e5a49ef80e795fe81225d9a15200,icedcoffee,12
2026-09-01T18:05:03Z,248,Golden Overseer Ring,35,0xd1c76125cb2751750ddb2afded780c6f5b7a3cbc,kace,12
2026-09-01T18:05:03Z,248,Golden Overseer Ring,36,0x1a5fd36d4b15dd6b5f6eba46c42b1fa697fa4f3a,melbo,11
2026-09-01T18:05:03Z,248,Golden Overseer Ring,37,0xe9b489ff145ac7d8eca36c3b5c29e1be7f2281b9,laggin,11
2026-09-01T18:05:03Z,248,Golden Overseer Ring,38,0x381dd397e721c72ce321a1ebaf96ce04f4422ac0,suckmydirtydick,10
2026-09-01T18:05:03Z,248,Golden Overseer Ring,39,0x844d58714aa3fed998f898cbce1b0ddc4550304f,jiren,10
2026-09-01T18:05:03Z,248,Golden Overseer Ring,40,0xce3bc9c7e6b1a4082f9853f6f796e604148b2583,classicj,10
2026-09-01T18:05:03Z,248,Golden Overseer Ring,41,0x9c991a85b090aae221ef8418e3ca29279bf2500a,migs,9
2026-09-01T18:05:03Z,248,Golden Overseer Ring,42,0xeb16cc074e0d3a6c87c0c45a6eced5ef92424b31,wiseadmiral,9
2026-09-01T18:05:03Z,248,Golden Overseer Ring,43,0x4ec977a8e80c4099a44f8ae53a48281448471342,terrestra,9
2026-09-01T18:05:03Z,248,Golden Overseer Ring,44,0x8045784a3a7209a24eb09a5a2bc4f9e6fb67782b,kangboksoon,8
2026-09-01T18:05:03Z,248,Golden Overseer Ring,45,0x18db144b2f18b025c1f7ee1d86b422fe864ba477,royven,8
2026-09-01T18:05:03Z,248,Golden Overseer Ring,46,0x67369c3e524d370daebc36d9ab3320fafc71eead,roblox,8
2026-09-01T18:05:03Z,248,Golden Overseer Ring,47,0x6479013c37f56cecc6e77fcfece208645324f5cb,lightning,8
2026-09-01T18:05:03Z,248,Golden Overseer Ring,48,0x3d385f04852ae078d10e2a420f928f227f3e63f3,kellox,7
2026-09-01T18:05:03Z,248,Golden Overseer Ring,49,0xfbfc822ee4989b2b4b9b18e4035ff72335cbb16e,jame7,7
2026-09-01T18:05:03Z,248,Golden Overseer Ring,50,0xff74d06f2a47b772e6f5a61962b103b33e342881,coclette55,7
2026-09-01T18:05:03Z,248,Golden Overseer Ring,51,0x95233e2ec170b4ba0e2208c1ec89f3b87f8b18c7,gambit,7
2026-09-01T18:05:03Z,248,Golden Overseer Ring,52,0x3c49ca3eda0ce8413f9c433f04322827714c23c3,dmisky,7
2026-09-01T18:05:03Z,248,Golden Overseer Ring,53,0xeb63e215113d77f39699d53b20284e73c3d1bb5a,qianw,6
2026-09-01T18:05:03Z,248,Golden Overseer Ring,54,0x99278037b2150c577ef1038ceca08db8684bba95,0xfuture,6
2026-09-01T18:05:03Z,248,Golden Overseer Ring,55,0xfff195795e606cbfa76e1c72c7ed6731df91d83d,pan1c,6
2026-09-01T18:05:03Z,248,Golden Overseer Ring,56,0x8c86b43762e80f15a483dba543a31cd96e48e456,n00b,6
2026-09-01T18:05:03Z,248,Golden Overseer Ring,57,0x758c43e2325e9926d1d5633c132151a62e5f50cf,monkey215,6
2026-09-01T18:05:03Z,248,Golden Overseer Ring,58,0xc577c2f43ffba49d965a8c153f330ba3daad3b73,snake,6
2026-09-01T18:05:03Z,248,Golden Overseer Ring,59,0xf3eaf60c6be58eb9853e71219801c06ad8969f0e,relicguy,6
2026-09-01T18:05:03Z,248,Golden Overseer Ring,60,0xef58ad6d6bcaf054da34948c88e7e91a052dc0fa,kraven,5
2026-09-01T18:05:03Z,248,Golden Overseer Ring,61,0xc3ae9ac69d672368539413235938277ce19fc270,bollin,5
2026-09-01T18:05:03Z,248,Golden Overseer Ring,62,0x0649976f6dd8a2589af8790076f2c08909dd9337,debora,5
2026-09-01T18:05:03Z,248,Golden Overseer Ring,63,0x86ed45a7aa5b0c3e9405dbbc3209f1747c074b39,okeyerokey,5
2026-09-01T18:05:03Z,248,Golden Overseer Ring,64,0xb0d90d52c7389824d4b22c06bcdccd734e3162b7,ezsnipe,5
2026-09-01T18:05:03Z,248,Golden Overseer Ring,65,0x885d6144d9960e5c19c91527b86c541befe37451,stakb,5
2026-09-01T18:05:03Z,248,Golden Overseer Ring,66,0xe90a9bdb63e9ba04a7f3e95140ff803f2f377f5e,vova,5
2026-09-01T18:05:03Z,248,Golden Overseer Ring,67,0x0fec947904065bf920e97aae5042ef1e31268e76,matcha,4
2026-09-01T18:05:03Z,248,Golden Overseer Ring,68,0x562ffbc839b608e35646e9de40591b5145bcc6f5,aizcalibur,4
2026-09-01T18:05:03Z,248,Golden Overseer Ring,69,0xd15481578c11b4e5b8f241c412899a0bdd704408,wholistic,4
2026-09-01T18:05:03Z,248,Golden Overseer Ring,70,0x9b3ef1d5b7472560cf6241949b2485e456aa37a0,bush1do,4
2026-09-01T18:05:03Z,248,Golden Overseer Ring,71,0x161f91374506a85ed9063e90c4c217d8697d6471,proofofely,4
2026-09-01T18:05:03Z,248,Golden Overseer Ring,72,0x89ca1ffe78d575447514790ea0b141c7c44d9332,tice,4
2026-09-01T18:05:03Z,248,Golden Overseer Ring,73,0x1114d62a0148f458040fbf2ddb945560398ca5f0,soma,4
2026-09-01T18:05:03Z,248,Golden Overseer Ring,74,0x30d786a24f0a1296db15db36a7cb410c86f46901,jannikfades,4
2026-09-01T18:05:03Z,248,Golden Overseer Ring,75,0xe4b1f5eb3da2195f8d41a052229a7eec3c4e6ed8,azoni,4
2026-09-01T18:05:03Z,248,Golden Overseer Ring,76,0x4ebc17059cfc143d86fb92ed707805d68142e3ec,ponziscam,3
2026-09-01T18:05:03Z,248,Golden Overseer Ring,77,0xea04f13937031d59bf466c9c79d70a9c41a79a4a,sandsman,3
2026-09-01T18:05:03Z,248,Golden Overseer Ring,78,0x0d1df94f0106ce5bd92138d43c8551cad530c169,vermo,3
2026-09-01T18:05:03Z,248,Golden Overseer Ring,79,0xb18568332f8409a54111f883487f560f3071963e,tweekusha,3
2026-09-01T18:05:03Z,248,Golden Overseer Ring,80,0x0b2291da8091128352c2464f1072cf4211144744,moritz,3
2026-09-01T18:05:03Z,248,Golden Overseer Ring,81,0x3eda210ff41e2b2d1658ca5ebe0b80a376c7e0f4,astarta,3
2026-09-01T18:05:03Z,248,Golden Overseer Ring,82,0x4f8c2395f105d29dae90531f36c7d1d14e22acb9,phangu,3
2026-09-01T18:05:03Z,248,Golden Overseer Ring,83,0x23244cc893df1ff2916ee2e492b65bec74b2760c,bunyoo,3
2026-09-01T18:05:03Z,248,Golden Overseer Ring,84,0x2dad623c8e23645751d0671adb4a02b246285515,fragi,3
2026-09-01T18:05:03Z,248,Golden Overseer Ring,85,0x92599bdd1ded8d462c58972f6c3badbb39cd06ba,trukreal,3
2026-09-01T18:05:03Z,248,Golden Overseer Ring,86,0xb2042611b4987ba8be9efd6cc1165f09e7c694a8,joblessathena,3
2026-09-01T18:05:03Z,248,Golden Overseer Ring,87,0x8a39e43d0aac1b7bedc81f8100e3603323092f0d,kfay34,3
2026-09-01T18:05:03Z,248,Golden Overseer Ring,88,0xd5e897b2618c9da1d02ea9c0a286eb591e5bf64b,monkeylord,2
2026-09-01T18:05:03Z,248,Golden Overseer Ring,89,0x2d7600b629c724e48b625702f70e12d21c3c4c2e,laurens,2
2026-09-01T18:05:03Z,248,Golden Overseer Ring,90,0x2ab7adbf3685c74d2e300c9c0e676b1bf6027ac5,0xn00b,2
2026-09-01T18:05:03Z,248,Golden Overseer Ring,91,0xebec21ad1ebcfae69f96b7ca96839e5594fbadd1,therec,2
2026-09-01T18:05:03Z,248,Golden Overseer Ring,92,0xe4c92dfd2b82ff488ee4e0744e78959f8cc2c24c,jonh94,2
2026-09-01T18:05:03Z,248,Golden Overseer Ring,93,0x36d5de1a88210bfc655dedf66b08b0d96c615d39,kuntosan,2
2026-09-01T18:05:03Z,248,Golden Overseer Ring,94,0x551d5bcbc8f2df0d3ce3b6e8f1e58fe27a68eb7a,kudrry,2
2026-09-01T18:05:03Z,248,Golden Overseer Ring,95,0x2cfafb04f72fac80b58edef683d31ac6a6f50446,moneyman,2
2026-09-01T18:05:03Z,248,Golden Overseer Ring,96,0x2d13b12254a7da18b5634c54f74fd73cdd504777,wiseone,2
2026-09-01T18:05:03Z,248,Golden Overseer Ring,97,0x9e3eddb26f9ce62782e544f2a5366c4e2296bce2,og_ayri,2
2026-09-01T18:05:03Z,248,Golden Overseer Ring,98,0xe6b6cbab6c586d64025ffaea1548f3f09dabe6c2,milkshake,2
2026-09-01T18:05:03Z,248,Golden Overseer Ring,99,0x50f3f45b06c27f5d6b6d85b54f66327d272a25bd,emr2006,2
2026-09-01T18:05:03Z,248,Golden Overseer Ring,100,0xd241569d27278c7dc650aa6808356f21589b7b27,ziirup,2
2026-09-01T18:05:03Z,249,Golden Summoner Ring,1,0x69c4cc0147fbc23965896fb18a1ccea92230ed1b,afropengu,272
2026-09-01T18:05:03Z,249,Golden Summoner Ring,2,0x73a9ffdaaf53723f1d08403f613870cddd6e18fc,suspicious,155
2026-09-01T18:05:03Z,249,Golden Summoner Ring,3,0xd678b718f70389dbdd2d447df23333641e8f7480,yanik,151
2026-09-01T18:05:03Z,249,Golden Summoner Ring,4,0xeed7c6b2af48249a040c9e5d59437670889c7e07,lilwassie,79
2026-09-01T18:05:03Z,249,Golden Summoner Ring,5,0x19342b9e3f123e373e24f1eea9bb5a1a935507fa,bigmommymilkers,72
2026-09-01T18:05:03Z,249,Golden Summoner Ring,6,0xac06dbd4f2b1b174dbb3b67449f0f4245f0f3bc3,spanish,63
2026-09-01T18:05:03Z,249,Golden Summoner Ring,7,0xf00dfac3af2f5b38fe55d50ccf8ffa8c293ea161,dudendy,57
2026-09-01T18:05:03Z,249,Golden Summoner Ring,8,0xbcbcccae5efd1dab247e6428e9e20a9fda8c5abd,oneindigheid,56
2026-09-01T18:05:03Z,249,Golden Summoner Ring,9,0x02764ae21333f5777b44cdded3a654a340176fff,bh3320,56
2026-09-01T18:05:03Z,249,Golden Summoner Ring,10,0x2a2376e5e9981c19b15af64d2cdb57c9b94eb1f6,xiskool,55
2026-09-01T18:05:03Z,249,Golden Summoner Ring,11,0x9dc70f5472a88f3eefa4d515a6b1ec94d9d30d13,sidlovskyy,55
2026-09-01T18:05:03Z,249,Golden Summoner Ring,12,0xbdecab53bb16b74aa1a1715cc4b80db641eac9da,rxch,50
2026-09-01T18:05:03Z,249,Golden Summoner Ring,13,0x0ee9318275c37f0e635bb7c8a455ade252cecf1f,georgysogood,49
2026-09-01T18:05:03Z,249,Golden Summoner Ring,14,0x3629d88069124258ef6bb99c9080d064f42e7206,grumpy,44
2026-09-01T18:05:03Z,249,Golden Summoner Ring,15,0x4f03ea409e546d9ab7eaa6c9b481bcb99c8547e5,coinpie,43
2026-09-01T18:05:03Z,249,Golden Summoner Ring,16,0xfd0cb86676ba86e3033f1d6d333b342880f336df,677willwin,42
2026-09-01T18:05:03Z,249,Golden Summoner Ring,17,0x90c1ed16e9b16db7d031f573d20bead430feb107,jablko,40
2026-09-01T18:05:03Z,249,Golden Summoner Ring,18,0x0357294131b3d5b23c84dfa8e38d7e54358f8ba8,kaiken888,39
2026-09-01T18:05:03Z,249,Golden Summoner Ring,19,0x388d510f0f11ba0762e8c7212645ed873c17a204,otabart,37
2026-09-01T18:05:03Z,249,Golden Summoner Ring,20,0x0a42a67154221c44c9eae98eb7f9cbff2d269a0e,cassowary,27
2026-09-01T18:05:03Z,249,Golden Summoner Ring,21,0x8ccb0988036cf9d2ca7b24ed46a57cf25ce6f92d,chosta,26
2026-09-01T18:05:03Z,249,Golden Summoner Ring,22,0x5d94f14bafdc6920e462abaa8285d680d4dfa069,tofu,23
2026-09-01T18:05:03Z,249,Golden Summoner Ring,23,0xbbbfe4cc5c3924f19f6e36e66448b2e3a126b111,cryptologist,23
2026-09-01T18:05:03Z,249,Golden Summoner Ring,24,0x688410dbc8c331f5945eafc659ae721a447ae975,igloo,22
2026-09-01T18:05:03Z,249,Golden Summoner Ring,25,0x33973ffb41add93b49227241566d3e5fc9ad904b,schemedream,18
2026-09-01T18:05:03Z,249,Golden Summoner Ring,26,0x7b761e4389daf5581708bfe1a26b5d45cc279f2f,gordongrowth,18
2026-09-01T18:05:03Z,249,Golden Summoner Ring,27,0x9c991a85b090aae221ef8418e3ca29279bf2500a,migs,18
2026-09-01T18:05:03Z,249,Golden Summoner Ring,28,0xafe00172cf96544d610bf9b70d549a5e89b83f2d,hungryjay,17
2026-09-01T18:05:03Z,249,Golden Summoner Ring,29,0x7b937e99c1458a485a035a0f06b9d8bf5f842a05,lameak,17
2026-09-01T18:05:03Z,249,Golden Summoner Ring,30,0xeff6c4dcd2b79f502d5d7cb6e6daf70f2536daef,syta,17
2026-09-01T18:05:03Z,249,Golden Summoner Ring,31,0x5ab272231e653c2265bdfae58310021bca37152e,tufbeast,16
2026-09-01T18:05:03Z,249,Golden Summoner Ring,32,0xfbfc822ee4989b2b4b9b18e4035ff72335cbb16e,jame7,15
2026-09-01T18:05:03Z,249,Golden Summoner Ring,33,0x92569bee8c8b9c1df1c283a0409fcc2b2fede157,phalanx,14
2026-09-01T18:05:03Z,249,Golden Summoner Ring,34,0x3d385f04852ae078d10e2a420f928f227f3e63f3,kellox,12
2026-09-01T18:05:03Z,249,Golden Summoner Ring,35,0x319d278581e5e5a49ef80e795fe81225d9a15200,icedcoffee,12
2026-09-01T18:05:03Z,249,Golden Summoner Ring,36,0xb703799d9f485852c9394a8b2cdb39f5590fd65f,gaijin,11
2026-09-01T18:05:03Z,249,Golden Summoner Ring,37,0x18db144b2f18b025c1f7ee1d86b422fe864ba477,royven,11
2026-09-01T18:05:03Z,249,Golden Summoner Ring,38,0xeb16cc074e0d3a6c87c0c45a6eced5ef92424b31,wiseadmiral,11
2026-09-01T18:05:03Z,249,Golden Summoner Ring,39,0xd2bb5bcaaaa9d2d77a50598055397916780972ca,sinet,11
2026-09-01T18:05:03Z,249,Golden Summoner Ring,40,0xf3143c8e4469a271fa2be6d8775ca2b3bdccf4e2,rmty,9
2026-09-01T18:05:03Z,249,Golden Summoner Ring,41,0x86ed45a7aa5b0c3e9405dbbc3209f1747c074b39,okeyerokey,9
2026-09-01T18:05:03Z,249,Golden Summoner Ring,42,0x8045784a3a7209a24eb09a5a2bc4f9e6fb67782b,kangboksoon,8
2026-09-01T18:05:03Z,249,Golden Summoner Ring,43,0x4366b9a2417631b2647a8d67608638d973fade33,epicser,8
2026-09-01T18:05:03Z,249,Golden Summoner Ring,44,0xce3bc9c7e6b1a4082f9853f6f796e604148b2583,classicj,8
2026-09-01T18:05:03Z,249,Golden Summoner Ring,45,0xf3eaf60c6be58eb9853e71219801c06ad8969f0e,relicguy,8
2026-09-01T18:05:03Z,249,Golden Summoner Ring,46,0xd15481578c11b4e5b8f241c412899a0bdd704408,wholistic,7
2026-09-01T18:05:03Z,249,Golden Summoner Ring,47,0x99278037b2150c577ef1038ceca08db8684bba95,0xfuture,7
2026-09-01T18:05:03Z,249,Golden Summoner Ring,48,0x3eda210ff41e2b2d1658ca5ebe0b80a376c7e0f4,astarta,7
2026-09-01T18:05:03Z,249,Golden Summoner Ring,49,0x161f91374506a85ed9063e90c4c217d8697d6471,proofofely,7
2026-09-01T18:05:03Z,249,Golden Summoner Ring,50,0xb0d90d52c7389824d4b22c06bcdccd734e3162b7,ezsnipe,7
2026-09-01T18:05:03Z,249,Golden Summoner Ring,51,0x867a70d280830fc91f5441449ef37dfa403924a8,eydrian,7
2026-09-01T18:05:03Z,249,Golden Summoner Ring,52,0x381dd397e721c72ce321a1ebaf96ce04f4422ac0,suckmydirtydick,6
2026-09-01T18:05:03Z,249,Golden Summoner Ring,53,0x1a5fd36d4b15dd6b5f6eba46c42b1fa697fa4f3a,melbo,6
2026-09-01T18:05:03Z,249,Golden Summoner Ring,54,0xf343348aef03fea785a6a55f1db870c94f6afb4f,billybob,6
2026-09-01T18:05:03Z,249,Golden Summoner Ring,55,0xc577c2f43ffba49d965a8c153f330ba3daad3b73,snake,6
2026-09-01T18:05:03Z,249,Golden Summoner Ring,56,0x67369c3e524d370daebc36d9ab3320fafc71eead,roblox,6
2026-09-01T18:05:03Z,249,Golden Summoner Ring,57,0x08f4fc19fdee64babf4bda2b0b6e30d3b8683025,aponroflon,6
2026-09-01T18:05:03Z,249,Golden Summoner Ring,58,0x95233e2ec170b4ba0e2208c1ec89f3b87f8b18c7,gambit,6
2026-09-01T18:05:03Z,249,Golden Summoner Ring,59,0xd1c76125cb2751750ddb2afded780c6f5b7a3cbc,kace,6
2026-09-01T18:05:03Z,249,Golden Summoner Ring,60,0x6479013c37f56cecc6e77fcfece208645324f5cb,lightning,6
2026-09-01T18:05:03Z,249,Golden Summoner Ring,61,0xef58ad6d6bcaf054da34948c88e7e91a052dc0fa,kraven,5
2026-09-01T18:05:03Z,249,Golden Summoner Ring,62,0x23244cc893df1ff2916ee2e492b65bec74b2760c,bunyoo,5
2026-09-01T18:05:03Z,249,Golden Summoner Ring,63,0x77b56d73521061c92ce7bf006dc77587fa7368c2,beizan,5
2026-09-01T18:05:03Z,249,Golden Summoner Ring,64,0x2dad623c8e23645751d0671adb4a02b246285515,fragi,5
2026-09-01T18:05:03Z,249,Golden Summoner Ring,65,0xc9f27e68912aae40bb60c17b5634b3e74bbb16ab,minebuu,5
2026-09-01T18:05:03Z,249,Golden Summoner Ring,66,0xf6182bb74c82ddeaf96c43cc60eccfb070bc0b57,cryptogrit,5
2026-09-01T18:05:03Z,249,Golden Summoner Ring,67,0x1114d62a0148f458040fbf2ddb945560398ca5f0,soma,5
2026-09-01T18:05:03Z,249,Golden Summoner Ring,68,0xe90a9bdb63e9ba04a7f3e95140ff803f2f377f5e,vova,5
2026-09-01T18:05:03Z,249,Golden Summoner Ring,69,0xc3ae9ac69d672368539413235938277ce19fc270,bollin,4
2026-09-01T18:05:03Z,249,Golden Summoner Ring,70,0x8c86b43762e80f15a483dba543a31cd96e48e456,n00b,4
2026-09-01T18:05:03Z,249,Golden Summoner Ring,71,0x0d1df94f0106ce5bd92138d43c8551cad530c169,vermo,4
2026-09-01T18:05:03Z,249,Golden Summoner Ring,72,0xdbd4749050752504d9017484f82a75dff9592cd1,tron,4
2026-09-01T18:05:03Z,249,Golden Summoner Ring,73,0x7174f8e3a3a2b777911dd6be31d92631a5052ab0,0xkingyo,4
2026-09-01T18:05:03Z,249,Golden Summoner Ring,74,0x89ca1ffe78d575447514790ea0b141c7c44d9332,tice,4
2026-09-01T18:05:03Z,249,Golden Summoner Ring,75,0x49826f26fd526c52c7b18d0f2866b6e158328eec,lilvibe,4
2026-09-01T18:05:03Z,249,Golden Summoner Ring,76,0x0fec947904065bf920e97aae5042ef1e31268e76,matcha,3
2026-09-01T18:05:03Z,249,Golden Summoner Ring,77,0x4ebc17059cfc143d86fb92ed707805d68142e3ec,ponziscam,3
2026-09-01T18:05:03Z,249,Golden Summoner Ring,78,0x5c4eccb4a3a7082a75c01c7608ea35f4350630a6,sedicol,3
2026-09-01T18:05:03Z,249,Golden Summoner Ring,79,0xfff195795e606cbfa76e1c72c7ed6731df91d83d,pan1c,3
2026-09-01T18:05:03Z,249,Golden Summoner Ring,80,0x0649976f6dd8a2589af8790076f2c08909dd9337,debora,3
2026-09-01T18:05:03Z,249,Golden Summoner Ring,81,0x0b2291da8091128352c2464f1072cf4211144744,moritz,3
2026-09-01T18:05:03Z,249,Golden Summoner Ring,82,0x2d13b12254a7da18b5634c54f74fd73cdd504777,wiseone,3
2026-09-01T18:05:03Z,249,Golden Summoner Ring,83,0x9e3eddb26f9ce62782e544f2a5366c4e2296bce2,og_ayri,3
2026-09-01T18:05:03Z,249,Golden Summoner Ring,84,0x598da7a9442f75387c0b3495656f000120ff0eea,demon87,3
2026-09-01T18:05:03Z,249,Golden Summoner Ring,85,0x844d58714aa3fed998f898cbce1b0ddc4550304f,jiren,3
2026-09-01T18:05:03Z,249,Golden Summoner Ring,86,0xd241569d27278c7dc650aa6808356f21589b7b27,ziirup,3
2026-09-01T18:05:03Z,249,Golden Summoner Ring,87,0xdff0b31e34a4c0282ac3db35466e091b43c3053e,becks,3
2026-09-01T18:05:03Z,249,Golden Summoner Ring,88,0xd5e897b2618c9da1d02ea9c0a286eb591e5bf64b,monkeylord,2
2026-09-01T18:05:03Z,249,Golden Summoner Ring,89,0x2d893c9f463c94593bc12b65273c5b9f9aa4a113,cubbix,2
2026-09-01T18:05:03Z,249,Golden Summoner Ring,90,0x562ffbc839b608e35646e9de40591b5145bcc6f5,aizcalibur,2
2026-09-01T18:05:03Z,249,Golden Summoner Ring,91,0xe4c92dfd2b82ff488ee4e0744e78959f8cc2c24c,jonh94,2
2026-09-01T18:05:03Z,249,Golden Summoner Ring,92,0xd9233b0c7017055eb9cca10a95b214ac89fe905a,soroka,2
2026-09-01T18:05:03Z,249,Golden Summoner Ring,93,0x7a94e1c024600556a31ef90ceb5357231c4f5f2e,twoseven5,2
2026-09-01T18:05:03Z,249,Golden Summoner Ring,94,0x11fafc463c9a9d5cfc54441e501f93b93a205fe7,alinasser,2
2026-09-01T18:05:03Z,249,Golden Summoner Ring,95,0xea04f13937031d59bf466c9c79d70a9c41a79a4a,sandsman,2
2026-09-01T18:05:03Z,249,Golden Summoner Ring,96,0xb70d8072d659492c3848bfe7e286b625621b4877,albaniaman,2
2026-09-01T18:05:03Z,249,Golden Summoner Ring,97,0x08a2d01e6e306911ea7032077cf0bf924a1092ea,lemz,2
2026-09-01T18:05:03Z,249,Golden Summoner Ring,98,0x9b3ef1d5b7472560cf6241949b2485e456aa37a0,bush1do,2
2026-09-01T18:05:03Z,249,Golden Summoner Ring,99,0x469998f2fa8aaa2648fef6fc3902268f315195ef,mrgold,2
2026-09-01T18:05:03Z,249,Golden Summoner Ring,100,0x16e76988594556819213eb2056a45a563debaf95,dirty,2
